hour,t(sec),kWh,State,kWOut,kWIn,kvarOut,DCkW,kWTotalLosses,kWInvLosses,kWIdlingLosses,kWChDchLosses,"kWh Chng",InvEff,InverterON,Vref,"Vavg (DRC)","VV Oper","VW Oper","DRC Oper","VV_DRC Oper","WP Oper","WV Oper",kWDesired,"kW VW Limit","Limit kWOut Function","kVA Exceeded","Grid voltage",di/dt,it,"it History","Rated VDC","Avg duty cycle","Target (Amps)","Series L","Max. Amps (phase)"
1, 0.00000, 5.83362, -1, 0, 1.55469, 1.5478, -1.55469, 0.0777347, 0, 0, 0.0777347, -3.50017, 1, 1, 9999, 9999, 9999, 9999, 9999, 9999, 9999, 9999, -1.55469, 9999, 2.3335, 0, 0, 0, 0, 0, 8000, 0, 0, 0, 0
2, 0.00000, 7.31059, -1, 0, 1.03089, 1.5478, -1.03089, 0.0515447, 0, 0, 0.0515447, 1.47696, 1, 1, 9999, 9999, 9999, 9999, 9999, 9999, 9999, 9999, -1.03089, 9999, 2.3335, 0, 0, 0, 0, 0, 8000, 0, 0, 0, 0
3, 0.00000, 8.28993, 1, 2.33343, 0, 1.5478, 2.33343, 0.122812, 0, 0, 0.122812, 0.979349, 1, 1, 9999, 9999, 9999, 9999, 9999, 9999, 9999, 9999, 2.3335, 9999, 2.3335, 1, 0, 0, 0, 0, 8000, 0, 0, 0, 0
