hour,t(sec),kWh,State,kWOut,kWIn,kvarOut,DCkW,kWTotalLosses,kWInvLosses,kWIdlingLosses,kWChDchLosses,"kWh Chng",InvEff,InverterON,Vref,"Vavg (DRC)","VV Oper","VW Oper","DRC Oper","VV_DRC Oper","WP Oper","WV Oper",kWDesired,"kW VW Limit","Limit kWOut Function","kVA Exceeded","Grid voltage",di/dt,it,"it History","Rated VDC","Avg duty cycle","Target (Amps)","Series L","Max. Amps (phase)"
1, 0.00000, 11.6637, -1, 0, 3.71556, 3.0947, -3.71556, 0.185778, 0, 0, 0.185778, -6.99825, 1, 1, 9999, 9999, 9999, 9999, 9999, 9999, 9999, 9999, -3.71556, 9999, 4.6655, 0, 0, 0, 0, 0, 8000, 0, 0, 0, 0
2, 0.00000, 15.1935, -1, 0, 2.6689, 3.0947, -2.6689, 0.133445, 0, 0, 0.133445, 3.52978, 1, 1, 9999, 9999, 9999, 9999, 9999, 9999, 9999, 9999, -2.6689, 9999, 4.6655, 0, 0, 0, 0, 0, 8000, 0, 0, 0, 0
3, 0.00000, 17.729, 1, 4.6655, 0, 3.0947, 4.6655, 0.245553, 0, 0, 0.245553, 2.53545, 1, 1, 9999, 9999, 9999, 9999, 9999, 9999, 9999, 9999, 4.6655, 9999, 4.6655, 1, 0, 0, 0, 0, 8000, 0, 0, 0, 0
4, 0.00000, 12.8179, 1, 4.66545, 0, 3.09445, 4.66545, 0.24555, 0, 0, 0.24555, -4.91105, 1, 1, 9999, 9999, 9999, 9999, 9999, 9999, 9999, 9999, 4.6656, 9999, 4.6655, 1, 0, 0, 0, 0, 8000, 0, 0, 0, 0
5, 0.00000, 7.90693, -1, 0, 3.95476, 3.0947, -3.95476, 0.197738, 0, 0, 0.197738, -4.911, 1, 1, 9999, 9999, 9999, 9999, 9999, 9999, 9999, 9999, -3.95476, 9999, 4.6655, 0, 0, 0, 0, 0, 8000, 0, 0, 0, 0
