hour,t(sec),kWh,State,kWOut,kWIn,kvarOut,DCkW,kWTotalLosses,kWInvLosses,kWIdlingLosses,kWChDchLosses,"kWh Chng",InvEff,InverterON,Vref,"Vavg (DRC)","VV Oper","VW Oper","DRC Oper","VV_DRC Oper","WP Oper","WV Oper",kWDesired,"kW VW Limit","Limit kWOut Function","kVA Exceeded","Grid voltage",di/dt,it,"it History","Rated VDC","Avg duty cycle","Target (Amps)","Series L","Max. Amps (phase)"
1, 0.00000, 11.6637, -1, 0, 2.87782, -3.0947, -2.87782, 0.143891, 0, 0, 0.143891, -6.99825, 1, 1, 9999, 9999, 9999, 9999, 9999, 9999, 9999, 9999, -2.87782, 9999, 4.6655, 0, 0, 0, 0, 0, 8000, 0, 0, 0, 0
2, 0.00000, 14.3977, -1, 0, 3.50659, -3.0947, -3.50659, 0.17533, 0, 0, 0.17533, 2.73393, 1, 1, 9999, 9999, 9999, 9999, 9999, 9999, 9999, 9999, -3.50659, 9999, 4.6655, 0, 0, 0, 0, 0, 8000, 0, 0, 0, 0
3, 0.00000, 17.7289, 1, 4.6655, 0, -3.0947, 4.6655, 0.245553, 0, 0, 0.245553, 3.33126, 1, 1, 9999, 9999, 9999, 9999, 9999, 9999, 9999, 9999, 4.6655, 9999, 4.6655, 1, 0, 0, 0, 0, 8000, 0, 0, 0, 0
4, 0.00000, 12.8179, 1, 4.66518, 0, -3.09489, 4.66518, 0.245536, 0, 0, 0.245536, -4.91105, 1, 1, 9999, 9999, 9999, 9999, 9999, 9999, 9999, 9999, 4.6656, 9999, 4.6655, 1, 0, 0, 0, 0, 8000, 0, 0, 0, 0
5, 0.00000, 7.90717, -1, 0, 3.95476, -3.0947, -3.95476, 0.197738, 0, 0, 0.197738, -4.91072, 1, 1, 9999, 9999, 9999, 9999, 9999, 9999, 9999, 9999, -3.95476, 9999, 4.6655, 0, 0, 0, 0, 0, 8000, 0, 0, 0, 0
