hour,t(sec),kWh,State,kWOut,kWIn,kvarOut,DCkW,kWTotalLosses,kWInvLosses,kWIdlingLosses,kWChDchLosses,"kWh Chng",InvEff,InverterON,Vref,"Vavg (DRC)","VV Oper","VW Oper","DRC Oper","VV_DRC Oper","WP Oper","WV Oper",kWDesired,"kW VW Limit","Limit kWOut Function","kVA Exceeded","Grid voltage",di/dt,it,"it History","Rated VDC","Avg duty cycle","Target (Amps)","Series L","Max. Amps (phase)"
1, 0.00000, 71.4613, -1, 0, 23.7489, -18.9609, -23.7489, 1.18744, 0, 0, 1.18744, -42.8768, 1, 1, 9999, 9999, 9999, 9999, 9999, 9999, 9999, 9999, -23.7489, 9999, 28.5845, 0, 0, 0, 0, 0, 8000, 0, 0, 0, 0
2, 0.00000, 94.0227, -1, 0, 15.3667, -18.9608, -15.3667, 0.768337, 0, 0, 0.768337, 22.5614, 1, 1, 9999, 9999, 9999, 9999, 9999, 9999, 9999, 9999, -15.3667, 9999, 28.5845, 0, 0, 0, 0, 0, 8000, 0, 0, 0, 0
3, 0.00000, 108.621, 1, 28.5845, 0, -18.9608, 28.5845, 1.50445, 0, 0, 1.50445, 14.5984, 1, 1, 9999, 9999, 9999, 9999, 9999, 9999, 9999, 9999, 28.5845, 9999, 28.5845, 1, 0, 0, 0, 0, 8000, 0, 0, 0, 0
4, 0.00000, 78.5321, 1, 28.5825, 0, -18.9618, 28.5825, 1.50434, 0, 0, 1.50434, -30.0889, 1, 1, 9999, 9999, 9999, 9999, 9999, 9999, 9999, 9999, 28.5846, 9999, 28.5845, 1, 0, 0, 0, 0, 8000, 0, 0, 0, 0
5, 0.00000, 48.4453, -1, 0, 24.2297, -18.9608, -24.2297, 1.21148, 0, 0, 1.21148, -30.0868, 1, 1, 9999, 9999, 9999, 9999, 9999, 9999, 9999, 9999, -24.2297, 9999, 28.5845, 0, 0, 0, 0, 0, 8000, 0, 0, 0, 0
