hour,t(sec),kWh,State,kWOut,kWIn,kvarOut,DCkW,kWTotalLosses,kWInvLosses,kWIdlingLosses,kWChDchLosses,"kWh Chng",InvEff,InverterON,Vref,"Vavg (DRC)","VV Oper","VW Oper","DRC Oper","VV_DRC Oper","WP Oper","WV Oper",kWDesired,"kW VW Limit","Limit kWOut Function","kVA Exceeded","Grid voltage",di/dt,it,"it History","Rated VDC","Avg duty cycle","Target (Amps)","Series L","Max. Amps (phase)"
1, 0.00000, 5.83362, -1, 0, 2.08967, 1.5478, -2.08967, 0.104484, 0, 0, 0.104484, -3.50017, 1, 1, 9999, 9999, 9999, 9999, 9999, 9999, 9999, 9999, -2.08967, 9999, 2.3335, 0, 0, 0, 0, 0, 8000, 0, 0, 0, 0
2, 0.00000, 7.81881, -1, 0, 1.10361, 1.5478, -1.10361, 0.0551803, 0, 0, 0.0551803, 1.98519, 1, 1, 9999, 9999, 9999, 9999, 9999, 9999, 9999, 9999, -1.10361, 9999, 2.3335, 0, 0, 0, 0, 0, 8000, 0, 0, 0, 0
3, 0.00000, 8.86724, 1, 2.33343, 0, 1.5478, 2.33343, 0.122812, 0, 0, 0.122812, 1.04843, 1, 1, 9999, 9999, 9999, 9999, 9999, 9999, 9999, 9999, 2.3335, 9999, 2.3335, 1, 0, 0, 0, 0, 8000, 0, 0, 0, 0
4, 0.00000, 6.411, 1, 2.33342, 0, 1.54773, 2.33342, 0.122811, 0, 0, 0.122811, -2.45624, 1, 1, 9999, 9999, 9999, 9999, 9999, 9999, 9999, 9999, 2.3335, 9999, 2.3335, 1, 0, 0, 0, 0, 8000, 0, 0, 0, 0
5, 0.00000, 3.95477, -1, 0, 1.97806, 1.5478, -1.97806, 0.0989031, 0, 0, 0.0989031, -2.45623, 1, 1, 9999, 9999, 9999, 9999, 9999, 9999, 9999, 9999, -1.97806, 9999, 2.3335, 0, 0, 0, 0, 0, 8000, 0, 0, 0, 0
