hour,t(sec),kWh,State,kWOut,kWIn,kvarOut,DCkW,kWTotalLosses,kWInvLosses,kWIdlingLosses,kWChDchLosses,"kWh Chng",InvEff,InverterON,Vref,"Vavg (DRC)","VV Oper","VW Oper","DRC Oper","VV_DRC Oper","WP Oper","WV Oper",kWDesired,"kW VW Limit","Limit kWOut Function","kVA Exceeded","Grid voltage",di/dt,it,"it History","Rated VDC","Avg duty cycle","Target (Amps)","Series L","Max. Amps (phase)"
1, 0.00000, 11.6637, -1, 0, 3.94025, 3.0947, -3.94025, 0.197012, 0, 0, 0.197012, -6.99825, 1, 1, 9999, 9999, 9999, 9999, 9999, 9999, 9999, 9999, -3.94025, 9999, 4.6655, 0, 0, 0, 0, 0, 8000, 0, 0, 0, 0
2, 0.00000, 15.407, -1, 0, 2.44421, 3.0947, -2.44421, 0.12221, 0, 0, 0.12221, 3.74324, 1, 1, 9999, 9999, 9999, 9999, 9999, 9999, 9999, 9999, -2.44421, 9999, 4.6655, 0, 0, 0, 0, 0, 8000, 0, 0, 0, 0
3, 0.00000, 17.729, 1, 4.6655, 0, 3.0947, 4.6655, 0.245553, 0, 0, 0.245553, 2.322, 1, 1, 9999, 9999, 9999, 9999, 9999, 9999, 9999, 9999, 4.6655, 9999, 4.6655, 1, 0, 0, 0, 0, 8000, 0, 0, 0, 0
4, 0.00000, 12.8179, 1, 4.66549, 0, 3.09464, 4.66549, 0.245552, 0, 0, 0.245552, -4.91105, 1, 1, 9999, 9999, 9999, 9999, 9999, 9999, 9999, 9999, 4.6656, 9999, 4.6655, 1, 0, 0, 0, 0, 8000, 0, 0, 0, 0
5, 0.00000, 7.90689, -1, 0, 3.95476, 3.0947, -3.95476, 0.197738, 0, 0, 0.197738, -4.91104, 1, 1, 9999, 9999, 9999, 9999, 9999, 9999, 9999, 9999, -3.95476, 9999, 4.6655, 0, 0, 0, 0, 0, 8000, 0, 0, 0, 0
