hour,t(sec),kWh,State,kWOut,kWIn,kvarOut,DCkW,kWTotalLosses,kWInvLosses,kWIdlingLosses,kWChDchLosses,"kWh Chng",InvEff,InverterON,Vref,"Vavg (DRC)","VV Oper","VW Oper","DRC Oper","VV_DRC Oper","WP Oper","WV Oper",kWDesired,"kW VW Limit","Limit kWOut Function","kVA Exceeded","Grid voltage",di/dt,it,"it History","Rated VDC","Avg duty cycle","Target (Amps)","Series L","Max. Amps (phase)"
1, 0.00000, 11.6637, -1, 0, 4.66588, 3.09449, -4.66588, 0.233294, 0, 0, 0.233294, -6.99825, 1, 1, 9999, 9999, 9999, 9999, 9999, 9999, 9999, 9999, -4.6655, 9999, 4.6655, 1, 0, 0, 0, 0, 8000, 0, 0, 0, 0
2, 0.00000, 16.0963, 1, 1.77495, 0, 3.09468, 1.77495, 0.0934183, 0, 0, 0.0934183, 4.43259, 1, 1, 9999, 9999, 9999, 9999, 9999, 9999, 9999, 9999, 1.77494, 9999, 4.6655, 0, 0, 0, 0, 0, 8000, 0, 0, 0, 0
3, 0.00000, 14.228, 1, 4.6655, 0, 3.09465, 4.6655, 0.245553, 0, 0, 0.245553, -1.86837, 1, 1, 9999, 9999, 9999, 9999, 9999, 9999, 9999, 9999, 4.6655, 9999, 4.6655, 1, 0, 0, 0, 0, 8000, 0, 0, 0, 0
4, 0.00000, 9.31691, 1, 1.9807, 0, 3.09488, 1.9807, 0.104247, 0, 0, 0.104247, -4.91106, 1, 1, 9999, 9999, 9999, 9999, 9999, 9999, 9999, 9999, 1.98078, 9999, 4.6655, 0, 0, 0, 0, 0, 8000, 0, 0, 0, 0
5, 0.00000, 7.23197, 1, 1.98068, 0, 3.09486, 1.98068, 0.104246, 0, 0, 0.104246, -2.08495, 1, 1, 9999, 9999, 9999, 9999, 9999, 9999, 9999, 9999, -4.6655, 9999, 4.6655, 0, 0, 0, 0, 0, 8000, 0, 0, 0, 0
