hour,t(sec),kWh,State,kWOut,kWIn,kvarOut,DCkW,kWTotalLosses,kWInvLosses,kWIdlingLosses,kWChDchLosses,"kWh Chng",InvEff,InverterON,Vref,"Vavg (DRC)","VV Oper","VW Oper","DRC Oper","VV_DRC Oper","WP Oper","WV Oper",kWDesired,"kW VW Limit","Limit kWOut Function","kVA Exceeded","Grid voltage",di/dt,it,"it History","Rated VDC","Avg duty cycle","Target (Amps)","Series L","Max. Amps (phase)"
1, 0.00000, 5.83362, -1, 0, 0.000134515, -1.54778, -0.000134515, 6.72577E-6, 0, 0, 6.72577E-6, -3.50017, 1, 1, 9999, 9999, 9999, 9999, 9999, 9999, 9999, 9999, -1.00023E-16, 9999, 2.3335, 0, 0, 0, 0, 0, 8000, 0, 0, 0, 0
2, 0.00000, 5.83375, 1, 0.000321397, 0, -1.54784, 0.000321397, 0.0000169156, 0, 0, 0.0000169156, 0.00012779, 1, 1, 9999, 9999, 9999, 9999, 9999, 9999, 9999, 9999, 7.49123E-17, 9999, 2.3335, 0, 0, 0, 0, 0, 8000, 0, 0, 0, 0
3, 0.00000, 5.83341, -1, 0, 0.000263161, -1.54775, -0.000263161, 0.0000131581, 0, 0, 0.0000131581, -0.000338313, 1, 1, 9999, 9999, 9999, 9999, 9999, 9999, 9999, 9999, -1.26515E-16, 9999, 2.3335, 0, 0, 0, 0, 0, 8000, 0, 0, 0, 0
4, 0.00000, 5.83366, -1, 0, 0.0000270702, -1.54779, -0.0000270702, 1.35351E-6, 0, 0, 1.35351E-6, 0.000250003, 1, 1, 9999, 9999, 9999, 9999, 9999, 9999, 9999, 9999, -7.59741E-17, 9999, 2.3335, 0, 0, 0, 0, 0, 8000, 0, 0, 0, 0
5, 0.00000, 5.83369, -1, 0, 0.000276203, -1.54782, -0.000276203, 0.0000138101, 0, 0, 0.0000138101, 0.0000257166, 1, 1, 9999, 9999, 9999, 9999, 9999, 9999, 9999, 9999, -2.393E-17, 9999, 2.3335, 0, 0, 0, 0, 0, 8000, 0, 0, 0, 0
