hour,t(sec),kWh,State,kWOut,kWIn,kvarOut,DCkW,kWTotalLosses,kWInvLosses,kWIdlingLosses,kWChDchLosses,"kWh Chng",InvEff,InverterON,Vref,"Vavg (DRC)","VV Oper","VW Oper","DRC Oper","VV_DRC Oper","WP Oper","WV Oper",kWDesired,"kW VW Limit","Limit kWOut Function","kVA Exceeded","Grid voltage",di/dt,it,"it History","Rated VDC","Avg duty cycle","Target (Amps)","Series L","Max. Amps (phase)"
1, 0.00000, 11.6637, 1, 8.51693E-8, 0, 3.0947, 8.51693E-8, 4.48259E-9, 0, 0, 4.48259E-9, -6.99825, 1, 1, 9999, 9999, 9999, 9999, 9999, 9999, 9999, 9999, 1.3166E-24, 9999, 4.6655, 0, 0, 0, 0, 0, 8000, 0, 0, 0, 0
2, 0.00000, 11.6637, 0, 0, 2.31146E-7, 3.0947, -2.31146E-7, 2.31146E-7, 0, 2.31146E-7, 0, -8.96518E-8, 1, 1, 9999, 9999, 9999, 9999, 9999, 9999, 9999, 9999, 0, 9999, 4.6655, 0, 0, 0, 0, 0, 8000, 0, 0, 0, 0
3, 0.00000, 11.6637, 0, 0, 2.83897E-7, 3.0947, -2.83897E-7, 2.83897E-7, 0, 2.83897E-7, 0, 0, 1, 1, 9999, 9999, 9999, 9999, 9999, 9999, 9999, 9999, 0, 9999, 4.6655, 0, 0, 0, 0, 0, 8000, 0, 0, 0, 0
4, 0.00000, 11.6637, -1, 0, 2.85426E-7, 3.0947, -2.85426E-7, 1.42713E-8, 0, 0, 1.42713E-8, 0, 1, 1, 9999, 9999, 9999, 9999, 9999, 9999, 9999, 9999, -1.64729E-24, 9999, 4.6655, 0, 0, 0, 0, 0, 8000, 0, 0, 0, 0
5, 0.00000, 11.6638, 1, 3.23239E-7, 0, 3.0947, 3.23239E-7, 1.70126E-8, 0, 0, 1.70126E-8, 2.71155E-7, 1, 1, 9999, 9999, 9999, 9999, 9999, 9999, 9999, 9999, 2.22003E-18, 9999, 4.6655, 0, 0, 0, 0, 0, 8000, 0, 0, 0, 0
6, 0.00000, 11.6637, -1, 0, 2.49939E-7, 3.0947, -2.49939E-7, 1.2497E-8, 0, 0, 1.2497E-8, -3.40252E-7, 1, 1, 9999, 9999, 9999, 9999, 9999, 9999, 9999, 9999, -1.14575E-24, 9999, 4.6655, 0, 0, 0, 0, 0, 8000, 0, 0, 0, 0
7, 0.00000, 11.6637, -1, 0, 2.82684E-7, 3.0947, -2.82684E-7, 1.41342E-8, 0, 0, 1.41342E-8, 2.37442E-7, 1, 1, 9999, 9999, 9999, 9999, 9999, 9999, 9999, 9999, -9.7481E-25, 9999, 4.6655, 0, 0, 0, 0, 0, 8000, 0, 0, 0, 0
8, 0.00000, 11.6638, 1, 2.94501E-7, 0, 3.0947, 2.94501E-7, 1.55001E-8, 0, 0, 1.55001E-8, 2.6855E-7, 1, 1, 9999, 9999, 9999, 9999, 9999, 9999, 9999, 9999, 4.55362E-25, 9999, 4.6655, 0, 0, 0, 0, 0, 8000, 0, 0, 0, 0
