hour,t(sec),kWh,State,kWOut,kWIn,kvarOut,DCkW,kWTotalLosses,kWInvLosses,kWIdlingLosses,kWChDchLosses,"kWh Chng",InvEff,InverterON,Vref,"Vavg (DRC)","VV Oper","VW Oper","DRC Oper","VV_DRC Oper","WP Oper","WV Oper",kWDesired,"kW VW Limit","Limit kWOut Function","kVA Exceeded","Grid voltage",di/dt,it,"it History","Rated VDC","Avg duty cycle","Target (Amps)","Series L","Max. Amps (phase)"
1, 0.00000, 11.6637, -1, 0, 4.66588, 3.09449, -4.66588, 0.233294, 0, 0, 0.233294, -6.99825, 1, 1, 9999, 9999, 9999, 9999, 9999, 9999, 9999, 9999, -4.6655, 9999, 4.6655, 1, 0, 0, 0, 0, 8000, 0, 0, 0, 0
2, 0.00000, 16.0963, 1, 1.38637, 0, 3.09447, 1.38637, 0.072967, 0, 0, 0.072967, 4.43259, 1, 1, 9999, 9999, 9999, 9999, 9999, 9999, 9999, 9999, 1.38626, 9999, 4.6655, 0, 0, 0, 0, 0, 8000, 0, 0, 0, 0
3, 0.00000, 14.637, 1, 4.66549, 0, 3.09467, 4.66549, 0.245552, 0, 0, 0.245552, -1.45934, 1, 1, 9999, 9999, 9999, 9999, 9999, 9999, 9999, 9999, 4.6655, 9999, 4.6655, 1, 0, 0, 0, 0, 8000, 0, 0, 0, 0
4, 0.00000, 9.72596, 1, 2.36937, 0, 3.09496, 2.36937, 0.124703, 0, 0, 0.124703, -4.91104, 1, 1, 9999, 9999, 9999, 9999, 9999, 9999, 9999, 9999, 2.36947, 9999, 4.6655, 0, 0, 0, 0, 0, 8000, 0, 0, 0, 0
5, 0.00000, 7.23189, 1, 2.36939, 0, 3.09484, 2.36939, 0.124705, 0, 0, 0.124705, -2.49407, 1, 1, 9999, 9999, 9999, 9999, 9999, 9999, 9999, 9999, -4.6655, 9999, 4.6655, 0, 0, 0, 0, 0, 8000, 0, 0, 0, 0
