hour,t(sec),kWh,State,kWOut,kWIn,kvarOut,DCkW,kWTotalLosses,kWInvLosses,kWIdlingLosses,kWChDchLosses,"kWh Chng",InvEff,InverterON,Vref,"Vavg (DRC)","VV Oper","VW Oper","DRC Oper","VV_DRC Oper","WP Oper","WV Oper",kWDesired,"kW VW Limit","Limit kWOut Function","kVA Exceeded","Grid voltage",di/dt,it,"it History","Rated VDC","Avg duty cycle","Target (Amps)","Series L","Max. Amps (phase)"
1, 0.00000, 5.83362, -1, 0, 2.3332, -1.54823, -2.3332, 0.11666, 0, 0, 0.11666, -3.50017, 1, 1, 9999, 9999, 9999, 9999, 9999, 9999, 9999, 9999, -2.3335, 9999, 2.3335, 1, 0, 0, 0, 0, 8000, 0, 0, 0, 0
2, 0.00000, 8.05017, 1, 0.62933, 0, -1.54782, 0.62933, 0.0331226, 0, 0, 0.0331226, 2.21654, 1, 1, 9999, 9999, 9999, 9999, 9999, 9999, 9999, 9999, 0.629555, 9999, 2.3335, 0, 0, 0, 0, 0, 8000, 0, 0, 0, 0
3, 0.00000, 7.38771, 1, 2.3334, 0, -1.54781, 2.3334, 0.122811, 0, 0, 0.122811, -0.662453, 1, 1, 9999, 9999, 9999, 9999, 9999, 9999, 9999, 9999, 2.3335, 9999, 2.3335, 1, 0, 0, 0, 0, 8000, 0, 0, 0, 0
4, 0.00000, 4.9315, 1, 1.24922, 0, -1.54765, 1.24922, 0.0657484, 0, 0, 0.0657484, -2.45621, 1, 1, 9999, 9999, 9999, 9999, 9999, 9999, 9999, 9999, 1.24891, 9999, 2.3335, 0, 0, 0, 0, 0, 8000, 0, 0, 0, 0
5, 0.00000, 3.61653, 1, 1.24908, 0, -1.54768, 1.24908, 0.0657412, 0, 0, 0.0657412, -1.31497, 1, 1, 9999, 9999, 9999, 9999, 9999, 9999, 9999, 9999, -2.3335, 9999, 2.3335, 0, 0, 0, 0, 0, 8000, 0, 0, 0, 0
