hour,t(sec),kWh,State,kWOut,kWIn,kvarOut,DCkW,kWTotalLosses,kWInvLosses,kWIdlingLosses,kWChDchLosses,"kWh Chng",InvEff,InverterON,Vref,"Vavg (DRC)","VV Oper","VW Oper","DRC Oper","VV_DRC Oper","WP Oper","WV Oper",kWDesired,"kW VW Limit","Limit kWOut Function","kVA Exceeded","Grid voltage",di/dt,it,"it History","Rated VDC","Avg duty cycle","Target (Amps)","Series L","Max. Amps (phase)"
1, 0.00000, 5.83362, 1, 0.0000322724, 0, -1.5478, 0.0000322724, 1.69855E-6, 0, 0, 1.69855E-6, -3.50017, 1, 1, 9999, 9999, 9999, 9999, 9999, 9999, 9999, 9999, 3.08535E-18, 9999, 2.3335, 0, 0, 0, 0, 0, 8000, 0, 0, 0, 0
2, 0.00000, 5.83359, 1, 0.0000142877, 0, -1.54781, 0.0000142877, 7.51986E-7, 0, 0, 7.51986E-7, -0.0000339709, 1, 1, 9999, 9999, 9999, 9999, 9999, 9999, 9999, 9999, 2.50361E-18, 9999, 2.3335, 0, 0, 0, 0, 0, 8000, 0, 0, 0, 0
3, 0.00000, 5.83358, 1, 0.000203809, 0, -1.54774, 0.000203809, 0.0000107268, 0, 0, 0.0000107268, -0.0000150397, 1, 1, 9999, 9999, 9999, 9999, 9999, 9999, 9999, 9999, 1.6667E-16, 9999, 2.3335, 0, 0, 0, 0, 0, 8000, 0, 0, 0, 0
