hour,t(sec),kWh,State,kWOut,kWIn,kvarOut,DCkW,kWTotalLosses,kWInvLosses,kWIdlingLosses,kWChDchLosses,"kWh Chng",InvEff,InverterON,Vref,"Vavg (DRC)","VV Oper","VW Oper","DRC Oper","VV_DRC Oper","WP Oper","WV Oper",kWDesired,"kW VW Limit","Limit kWOut Function","kVA Exceeded","Grid voltage",di/dt,it,"it History","Rated VDC","Avg duty cycle","Target (Amps)","Series L","Max. Amps (phase)"
1, 0.00000, 11.6637, -1, 0, 4.6658, 3.09453, -4.6658, 0.23329, 0, 0, 0.23329, -6.99825, 1, 1, 9999, 9999, 9999, 9999, 9999, 9999, 9999, 9999, -4.6655, 9999, 4.6655, 1, 0, 0, 0, 0, 8000, 0, 0, 0, 0
2, 0.00000, 16.0963, 0, 0, 0.0000955751, 3.09463, -0.0000955751, 0.0000955751, 0, 0.0000955751, 0, 4.43251, 1, 1, 9999, 9999, 9999, 9999, 9999, 9999, 9999, 9999, 0, 9999, 4.6655, 0, 0, 0, 0, 0, 8000, 0, 0, 0, 0
3, 0.00000, 16.0963, 0, 0, 0.000192098, 3.09459, -0.000192098, 0.000192098, 0, 0.000192098, 0, 0, 1, 1, 9999, 9999, 9999, 9999, 9999, 9999, 9999, 9999, 0, 9999, 4.6655, 0, 0, 0, 0, 0, 8000, 0, 0, 0, 0
4, 0.00000, 16.0963, 1, 0.000294589, 0, 3.09484, 0.000294589, 0.0000155047, 0, 0, 0.0000155047, 0, 1, 1, 9999, 9999, 9999, 9999, 9999, 9999, 9999, 9999, 3.28106E-17, 9999, 4.6655, 0, 0, 0, 0, 0, 8000, 0, 0, 0, 0
5, 0.00000, 16.096, 1, 1.06021, 0, 3.09443, 1.06021, 0.0558004, 0, 0, 0.0558004, -0.000310094, 1, 1, 9999, 9999, 9999, 9999, 9999, 9999, 9999, 9999, 1.06, 9999, 4.6655, 0, 0, 0, 0, 0, 8000, 0, 0, 0, 0
6, 0.00000, 14.9799, 1, 1.86686, 0, 3.09468, 1.86686, 0.0982557, 0, 0, 0.0982557, -1.11601, 1, 1, 9999, 9999, 9999, 9999, 9999, 9999, 9999, 9999, 1.86685, 9999, 4.6655, 0, 0, 0, 0, 0, 8000, 0, 0, 0, 0
7, 0.00000, 13.0148, -1, 0, 0.000229103, 3.09483, -0.000229103, 0.0000114552, 0, 0, 0.0000114552, -1.96511, 1, 1, 9999, 9999, 9999, 9999, 9999, 9999, 9999, 9999, -3.18542E-17, 9999, 4.6655, 0, 0, 0, 0, 0, 8000, 0, 0, 0, 0
8, 0.00000, 13.015, -1, 0, 0.000156625, 3.09461, -0.000156625, 7.83124E-6, 0, 0, 7.83124E-6, 0.000217648, 1, 1, 9999, 9999, 9999, 9999, 9999, 9999, 9999, 9999, -1.2009E-17, 9999, 4.6655, 0, 0, 0, 0, 0, 8000, 0, 0, 0, 0
9, 0.00000, 13.0152, 1, 1.28377, 0, 3.09459, 1.28377, 0.067567, 0, 0, 0.067567, 0.000148794, 1, 1, 9999, 9999, 9999, 9999, 9999, 9999, 9999, 9999, 1.28371, 9999, 4.6655, 0, 0, 0, 0, 0, 8000, 0, 0, 0, 0
