hour,t(sec),kWh,State,kWOut,kWIn,kvarOut,DCkW,kWTotalLosses,kWInvLosses,kWIdlingLosses,kWChDchLosses,"kWh Chng",InvEff,InverterON,Vref,"Vavg (DRC)","VV Oper","VW Oper","DRC Oper","VV_DRC Oper","WP Oper","WV Oper",kWDesired,"kW VW Limit","Limit kWOut Function","kVA Exceeded","Grid voltage",di/dt,it,"it History","Rated VDC","Avg duty cycle","Target (Amps)","Series L","Max. Amps (phase)"
1, 0.00000, 11.6637, -1, 0, 8.25152E-8, 3.0947, -8.25152E-8, 4.12576E-9, 0, 0, 4.12576E-9, -6.99825, 1, 1, 9999, 9999, 9999, 9999, 9999, 9999, 9999, 9999, -3.4827E-17, 9999, 4.6655, 0, 0, 0, 0, 0, 8000, 0, 0, 0, 0
2, 0.00000, 11.6637, -1, 0, 2.08379E-7, 3.0947, -2.08379E-7, 1.0419E-8, 0, 0, 1.0419E-8, 7.83895E-8, 1, 1, 9999, 9999, 9999, 9999, 9999, 9999, 9999, 9999, -3.01256E-16, 9999, 4.6655, 0, 0, 0, 0, 0, 8000, 0, 0, 0, 0
3, 0.00000, 11.6638, 1, 2.51406E-7, 0, 3.0947, 2.51406E-7, 1.32319E-8, 0, 0, 1.32319E-8, 1.9796E-7, 1, 1, 9999, 9999, 9999, 9999, 9999, 9999, 9999, 9999, 1.12975E-17, 9999, 4.6655, 0, 0, 0, 0, 0, 8000, 0, 0, 0, 0
4, 0.00000, 11.6637, 1, 2.50598E-7, 0, 3.0947, 2.50598E-7, 1.31894E-8, 0, 0, 1.31894E-8, -2.64638E-7, 1, 1, 9999, 9999, 9999, 9999, 9999, 9999, 9999, 9999, 4.15547E-18, 9999, 4.6655, 0, 0, 0, 0, 0, 8000, 0, 0, 0, 0
5, 0.00000, 11.6637, 1, 2.87005E-7, 0, 3.0947, 2.87005E-7, 1.51056E-8, 0, 0, 1.51056E-8, -2.63788E-7, 1, 1, 9999, 9999, 9999, 9999, 9999, 9999, 9999, 9999, 8.04286E-16, 9999, 4.6655, 0, 0, 0, 0, 0, 8000, 0, 0, 0, 0
6, 0.00000, 11.6637, 1, 2.18634E-7, 0, 3.0947, 2.18634E-7, 1.15071E-8, 0, 0, 1.15071E-8, -3.02111E-7, 1, 1, 9999, 9999, 9999, 9999, 9999, 9999, 9999, 9999, 1.74401E-16, 9999, 4.6655, 0, 0, 0, 0, 0, 8000, 0, 0, 0, 0
7, 0.00000, 11.6637, -1, 0, 2.52454E-7, 3.0947, -2.52454E-7, 1.26227E-8, 0, 0, 1.26227E-8, -2.30141E-7, 1, 1, 9999, 9999, 9999, 9999, 9999, 9999, 9999, 9999, -6.85315E-17, 9999, 4.6655, 0, 0, 0, 0, 0, 8000, 0, 0, 0, 0
8, 0.00000, 11.6637, -1, 0, 2.65465E-7, 3.0947, -2.65465E-7, 1.32733E-8, 0, 0, 1.32733E-8, 2.39831E-7, 1, 1, 9999, 9999, 9999, 9999, 9999, 9999, 9999, 9999, -1.08995E-16, 9999, 4.6655, 0, 0, 0, 0, 0, 8000, 0, 0, 0, 0
