hour,t(sec),kWh,State,kWOut,kWIn,kvarOut,DCkW,kWTotalLosses,kWInvLosses,kWIdlingLosses,kWChDchLosses,"kWh Chng",InvEff,InverterON,Vref,"Vavg (DRC)","VV Oper","VW Oper","DRC Oper","VV_DRC Oper","WP Oper","WV Oper",kWDesired,"kW VW Limit","Limit kWOut Function","kVA Exceeded","Grid voltage",di/dt,it,"it History","Rated VDC","Avg duty cycle","Target (Amps)","Series L","Max. Amps (phase)"
1, 0.00000, 11.6637, -1, 0, 0.000543277, -3.09472, -0.000543277, 0.0000271638, 0, 0, 0.0000271638, -6.99825, 1, 1, 9999, 9999, 9999, 9999, 9999, 9999, 9999, 9999, -2.83886E-16, 9999, 4.6655, 0, 0, 0, 0, 0, 8000, 0, 0, 0, 0
2, 0.00000, 11.6643, 1, 0.000244203, 0, -3.09465, 0.000244203, 0.0000128528, 0, 0, 0.0000128528, 0.000516113, 1, 1, 9999, 9999, 9999, 9999, 9999, 9999, 9999, 9999, 6.38474E-17, 9999, 4.6655, 0, 0, 0, 0, 0, 8000, 0, 0, 0, 0
3, 0.00000, 11.664, -1, 0, 0.00011096, -3.09471, -0.00011096, 5.54801E-6, 0, 0, 5.54801E-6, -0.000257056, 1, 1, 9999, 9999, 9999, 9999, 9999, 9999, 9999, 9999, -1.2895E-17, 9999, 4.6655, 0, 0, 0, 0, 0, 8000, 0, 0, 0, 0
4, 0.00000, 11.6641, -1, 0, 0.000532627, -3.09463, -0.000532627, 0.0000266313, 0, 0, 0.0000266313, 0.000105412, 1, 1, 9999, 9999, 9999, 9999, 9999, 9999, 9999, 9999, -4.90204E-17, 9999, 4.6655, 0, 0, 0, 0, 0, 8000, 0, 0, 0, 0
5, 0.00000, 11.6646, -1, 0, 0.00034388, -3.0947, -0.00034388, 0.000017194, 0, 0, 0.000017194, 0.000505996, 1, 1, 9999, 9999, 9999, 9999, 9999, 9999, 9999, 9999, -2.97356E-17, 9999, 4.6655, 0, 0, 0, 0, 0, 8000, 0, 0, 0, 0
6, 0.00000, 11.6649, 1, 0.000401641, 0, -3.09466, 0.000401641, 0.000021139, 0, 0, 0.000021139, 0.000326686, 1, 1, 9999, 9999, 9999, 9999, 9999, 9999, 9999, 9999, 2.08357E-17, 9999, 4.6655, 0, 0, 0, 0, 0, 8000, 0, 0, 0, 0
7, 0.00000, 11.6645, 1, 0.000523203, 0, -3.09473, 0.000523203, 0.000027537, 0, 0, 0.000027537, -0.00042278, 1, 1, 9999, 9999, 9999, 9999, 9999, 9999, 9999, 9999, 4.81526E-17, 9999, 4.6655, 0, 0, 0, 0, 0, 8000, 0, 0, 0, 0
8, 0.00000, 11.664, 1, 0.0000829902, 0, -3.0947, 0.0000829902, 4.36791E-6, 0, 0, 4.36791E-6, -0.00055074, 1, 1, 9999, 9999, 9999, 9999, 9999, 9999, 9999, 9999, 2.85342E-17, 9999, 4.6655, 0, 0, 0, 0, 0, 8000, 0, 0, 0, 0
