hour,t(sec),kWh,State,kWOut,kWIn,kvarOut,DCkW,kWTotalLosses,kWInvLosses,kWIdlingLosses,kWChDchLosses,"kWh Chng",InvEff,InverterON,Vref,"Vavg (DRC)","VV Oper","VW Oper","DRC Oper","VV_DRC Oper","WP Oper","WV Oper",kWDesired,"kW VW Limit","Limit kWOut Function","kVA Exceeded","Grid voltage",di/dt,it,"it History","Rated VDC","Avg duty cycle","Target (Amps)","Series L","Max. Amps (phase)"
1, 0.00000, 5.83362, -1, 0, 0.000232048, -1.54784, -0.000232048, 0.0000116024, 0, 0, 0.0000116024, -3.50017, 1, 1, 9999, 9999, 9999, 9999, 9999, 9999, 9999, 9999, -1.61145E-16, 9999, 2.3335, 0, 0, 0, 0, 0, 8000, 0, 0, 0, 0
2, 0.00000, 5.83385, -1, 0, 0.000107941, 1.54776, -0.000107941, 5.39707E-6, 0, 0, 5.39707E-6, 0.000220445, 1, 1, 9999, 9999, 9999, 9999, 9999, 9999, 9999, 9999, -5.64147E-17, 9999, 2.3335, 0, 0, 0, 0, 0, 8000, 0, 0, 0, 0
3, 0.00000, 5.83395, 1, 0.0000468997, 0, 1.54781, 0.0000468997, 2.46841E-6, 0, 0, 2.46841E-6, 0.000102544, 1, 1, 9999, 9999, 9999, 9999, 9999, 9999, 9999, 9999, 6.65048E-17, 9999, 2.3335, 0, 0, 0, 0, 0, 8000, 0, 0, 0, 0
4, 0.00000, 5.8339, -1, 0, 0.000226764, 1.54773, -0.000226764, 0.0000113382, 0, 0, 0.0000113382, -0.0000493681, 1, 1, 9999, 9999, 9999, 9999, 9999, 9999, 9999, 9999, -9.65556E-17, 9999, 2.3335, 0, 0, 0, 0, 0, 8000, 0, 0, 0, 0
5, 0.00000, 5.83411, 1, 0.000144152, 0, 1.54782, 0.000144152, 7.58693E-6, 0, 0, 7.58693E-6, 0.000215426, 1, 1, 9999, 9999, 9999, 9999, 9999, 9999, 9999, 9999, 2.65692E-17, 9999, 2.3335, 0, 0, 0, 0, 0, 8000, 0, 0, 0, 0
6, 0.00000, 5.83396, -1, 0, 0.000173041, 1.54776, -0.000173041, 8.65206E-6, 0, 0, 8.65206E-6, -0.000151738, 1, 1, 9999, 9999, 9999, 9999, 9999, 9999, 9999, 9999, -1.51939E-17, 9999, 2.3335, 0, 0, 0, 0, 0, 8000, 0, 0, 0, 0
7, 0.00000, 5.83413, -1, 0, 0.000226687, 1.54784, -0.000226687, 0.0000113343, 0, 0, 0.0000113343, 0.000164389, 1, 1, 9999, 9999, 9999, 9999, 9999, 9999, 9999, 9999, -3.84724E-17, 9999, 2.3335, 0, 0, 0, 0, 0, 8000, 0, 0, 0, 0
8, 0.00000, 5.83434, 1, 0.00003577, 0, 1.54779, 0.00003577, 1.88263E-6, 0, 0, 1.88263E-6, 0.000215352, 1, 1, 9999, 9999, 9999, 9999, 9999, 9999, 9999, 9999, 2.58202E-17, 9999, 2.3335, 0, 0, 0, 0, 0, 8000, 0, 0, 0, 0
