hour,t(sec),kWh,State,kWOut,kWIn,kvarOut,DCkW,kWTotalLosses,kWInvLosses,kWIdlingLosses,kWChDchLosses,"kWh Chng",InvEff,InverterON,Vref,"Vavg (DRC)","VV Oper","VW Oper","DRC Oper","VV_DRC Oper","WP Oper","WV Oper",kWDesired,"kW VW Limit","Limit kWOut Function","kVA Exceeded","Grid voltage",di/dt,it,"it History","Rated VDC","Avg duty cycle","Target (Amps)","Series L","Max. Amps (phase)"
1, 0.00000, 5.83362, 1, 4.18836E-8, 0, 1.5478, 4.18836E-8, 2.2044E-9, 0, 0, 2.2044E-9, -3.50017, 1, 1, 9999, 9999, 9999, 9999, 9999, 9999, 9999, 9999, 1.09042E-24, 9999, 2.3335, 0, 0, 0, 0, 0, 8000, 0, 0, 0, 0
2, 0.00000, 5.83362, 0, 0, 1.09528E-7, 1.5478, -1.09528E-7, 1.09528E-7, 0, 1.09528E-7, 0, -4.4088E-8, 1, 1, 9999, 9999, 9999, 9999, 9999, 9999, 9999, 9999, 0, 9999, 2.3335, 0, 0, 0, 0, 0, 8000, 0, 0, 0, 0
3, 0.00000, 5.83362, 1, 1.34472E-7, 0, 1.5478, 1.34472E-7, 7.07745E-9, 0, 0, 7.07745E-9, 0, 1, 1, 9999, 9999, 9999, 9999, 9999, 9999, 9999, 9999, 2.97871E-24, 9999, 2.3335, 0, 0, 0, 0, 0, 8000, 0, 0, 0, 0
4, 0.00000, 5.83362, 1, 1.34802E-7, 0, 1.5478, 1.34802E-7, 7.09483E-9, 0, 0, 7.09483E-9, -1.41549E-7, 1, 1, 9999, 9999, 9999, 9999, 9999, 9999, 9999, 9999, 1.13599E-24, 9999, 2.3335, 0, 0, 0, 0, 0, 8000, 0, 0, 0, 0
5, 0.00000, 5.83362, 1, 1.53449E-7, 0, 1.5478, 1.53449E-7, 8.07628E-9, 0, 0, 8.07628E-9, -1.41897E-7, 1, 1, 9999, 9999, 9999, 9999, 9999, 9999, 9999, 9999, 6.78138E-19, 9999, 2.3335, 0, 0, 0, 0, 0, 8000, 0, 0, 0, 0
6, 0.00000, 5.83362, 0, 0, 1.17988E-7, 1.5478, -1.17988E-7, 1.17988E-7, 0, 1.17988E-7, 0, -1.61526E-7, 1, 1, 9999, 9999, 9999, 9999, 9999, 9999, 9999, 9999, 0, 9999, 2.3335, 0, 0, 0, 0, 0, 8000, 0, 0, 0, 0
7, 0.00000, 5.83362, 1, 1.33556E-7, 0, 1.5478, 1.33556E-7, 7.02927E-9, 0, 0, 7.02927E-9, 0, 1, 1, 9999, 9999, 9999, 9999, 9999, 9999, 9999, 9999, 8.38847E-26, 9999, 2.3335, 0, 0, 0, 0, 0, 8000, 0, 0, 0, 0
8, 0.00000, 5.83362, -1, 0, 1.39926E-7, 1.5478, -1.39926E-7, 6.99631E-9, 0, 0, 6.99631E-9, -1.40585E-7, 1, 1, 9999, 9999, 9999, 9999, 9999, 9999, 9999, 9999, -4.2521E-25, 9999, 2.3335, 0, 0, 0, 0, 0, 8000, 0, 0, 0, 0
