hour,t(sec),kWh,State,kWOut,kWIn,kvarOut,DCkW,kWTotalLosses,kWInvLosses,kWIdlingLosses,kWChDchLosses,"kWh Chng",InvEff,InverterON,Vref,"Vavg (DRC)","VV Oper","VW Oper","DRC Oper","VV_DRC Oper","WP Oper","WV Oper",kWDesired,"kW VW Limit","Limit kWOut Function","kVA Exceeded","Grid voltage",di/dt,it,"it History","Rated VDC","Avg duty cycle","Target (Amps)","Series L","Max. Amps (phase)"
1, 0.00000, 5.83362, -1, 0, 2.22131, 1.5488, -2.22131, 0.111065, 0, 0, 0.111065, -3.50017, 1, 1, 9999, 9999, 9999, 9999, 9999, 9999, 9999, 9999, -2.22131, 9999, 2.3335, 0, 0, 0, 0, 0, 8000, 0, 0, 0, 0
2, 0.00000, 7.94387, 1, 0.735333, 0, 1.5488, 0.735333, 0.0387017, 0, 0, 0.0387017, 2.11024, 1, 1, 9999, 9999, 9999, 9999, 9999, 9999, 9999, 9999, 0.735333, 9999, 2.3335, 0, 0, 0, 0, 0, 8000, 0, 0, 0, 0
3, 0.00000, 7.16983, 1, 2.33276, 0, 1.5488, 2.33276, 0.122777, 0, 0, 0.122777, -0.774034, 1, 1, 9999, 9999, 9999, 9999, 9999, 9999, 9999, 9999, 2.33443, 9999, 2.3335, 1, 0, 0, 0, 0, 8000, 0, 0, 0, 0
4, 0.00000, 4.71429, 1, 0.986184, 0, 1.5488, 0.986184, 0.0519044, 0, 0, 0.0519044, -2.45554, 1, 1, 9999, 9999, 9999, 9999, 9999, 9999, 9999, 9999, 0.986184, 9999, 2.3335, 0, 0, 0, 0, 0, 8000, 0, 0, 0, 0
5, 0.00000, 3.6762, -1, 0, 2.27236, 1.5488, -2.27236, 0.113618, 0, 0, 0.113618, -1.03809, 1, 1, 9999, 9999, 9999, 9999, 9999, 9999, 9999, 9999, -2.27236, 9999, 2.3335, 0, 0, 0, 0, 0, 8000, 0, 0, 0, 0
