hour,t(sec),kWh,State,kWOut,kWIn,kvarOut,DCkW,kWTotalLosses,kWInvLosses,kWIdlingLosses,kWChDchLosses,"kWh Chng",InvEff,InverterON,Vref,"Vavg (DRC)","VV Oper","VW Oper","DRC Oper","VV_DRC Oper","WP Oper","WV Oper",kWDesired,"kW VW Limit","Limit kWOut Function","kVA Exceeded","Grid voltage",di/dt,it,"it History","Rated VDC","Avg duty cycle","Target (Amps)","Series L","Max. Amps (phase)"
1, 0.00000, 11.6637, -1, 0, 4.56033, 3.09549, -4.56033, 0.228017, 0, 0, 0.228017, -6.99825, 1, 1, 9999, 9999, 9999, 9999, 9999, 9999, 9999, 9999, -4.55992, 9999, 4.6655, 0, 0, 0, 0, 0, 8000, 0, 0, 0, 0
2, 0.00000, 15.9961, 1, 0.000144593, 0, 3.0956, 0.000144593, 7.61014E-6, 0, 0, 7.61014E-6, 4.33232, 1, 1, 9999, 9999, 9999, 9999, 9999, 9999, 9999, 9999, 2.57279E-16, 9999, 4.6655, 0, 0, 0, 0, 0, 8000, 0, 0, 0, 0
3, 0.00000, 15.9959, -1, 0, 0.000187303, 3.09559, -0.000187303, 9.36516E-6, 0, 0, 9.36516E-6, -0.000152203, 1, 1, 9999, 9999, 9999, 9999, 9999, 9999, 9999, 9999, -6.66653E-16, 9999, 4.6655, 0, 0, 0, 0, 0, 8000, 0, 0, 0, 0
4, 0.00000, 15.9961, 1, 0.075615, 0, 3.09575, 0.075615, 0.00397974, 0, 0, 0.00397974, 0.000177938, 1, 1, 9999, 9999, 9999, 9999, 9999, 9999, 9999, 9999, 0.0757631, 9999, 4.6655, 0, 0, 0, 0, 0, 8000, 0, 0, 0, 0
5, 0.00000, 15.9165, 1, 0.230231, 0, 3.09553, 0.230231, 0.0121174, 0, 0, 0.0121174, -0.0795947, 1, 1, 9999, 9999, 9999, 9999, 9999, 9999, 9999, 9999, 0.230009, 9999, 4.6655, 0, 0, 0, 0, 0, 8000, 0, 0, 0, 0
6, 0.00000, 15.6741, 1, 3.14014, 0, 3.09579, 3.14014, 0.16527, 0, 0, 0.16527, -0.242349, 1, 1, 9999, 9999, 9999, 9999, 9999, 9999, 9999, 9999, 3.14016, 9999, 4.6655, 0, 0, 0, 0, 0, 8000, 0, 0, 0, 0
7, 0.00000, 12.3687, 1, 0.000355732, 0, 3.09593, 0.000355732, 0.0000187227, 0, 0, 0.0000187227, -3.30541, 1, 1, 9999, 9999, 9999, 9999, 9999, 9999, 9999, 9999, 1.45064E-16, 9999, 4.6655, 0, 0, 0, 0, 0, 8000, 0, 0, 0, 0
8, 0.00000, 12.3684, 1, 0.0482609, 0, 3.09546, 0.0482609, 0.00254005, 0, 0, 0.00254005, -0.000374455, 1, 1, 9999, 9999, 9999, 9999, 9999, 9999, 9999, 9999, 0.0479613, 9999, 4.6655, 0, 0, 0, 0, 0, 8000, 0, 0, 0, 0
9, 0.00000, 12.3176, 1, 0.622341, 0, 3.09464, 0.622341, 0.0327548, 0, 0, 0.0327548, -0.0508009, 1, 1, 9999, 9999, 9999, 9999, 9999, 9999, 9999, 9999, 0.622284, 9999, 4.6655, 0, 0, 0, 0, 0, 8000, 0, 0, 0, 0
