hour,t(sec),kWh,State,kWOut,kWIn,kvarOut,DCkW,kWTotalLosses,kWInvLosses,kWIdlingLosses,kWChDchLosses,"kWh Chng",InvEff,InverterON,Vref,"Vavg (DRC)","VV Oper","VW Oper","DRC Oper","VV_DRC Oper","WP Oper","WV Oper",kWDesired,"kW VW Limit","Limit kWOut Function","kVA Exceeded","Grid voltage",di/dt,it,"it History","Rated VDC","Avg duty cycle","Target (Amps)","Series L","Max. Amps (phase)"
1, 0.00000, 5.83362, 1, 0.00013261, 0, 1.54776, 0.00013261, 6.97947E-6, 0, 0, 6.97947E-6, -3.50017, 1, 1, 9999, 9999, 9999, 9999, 9999, 9999, 9999, 9999, 1.00238E-18, 9999, 2.3335, 0, 0, 0, 0, 0, 8000, 0, 0, 0, 0
2, 0.00000, 5.83349, 1, 0.479682, 0, 1.54774, 0.479682, 0.0252464, 0, 0, 0.0252464, -0.000139589, 1, 1, 9999, 9999, 9999, 9999, 9999, 9999, 9999, 9999, 0.479628, 9999, 2.3335, 0, 0, 0, 0, 0, 8000, 0, 0, 0, 0
3, 0.00000, 5.32856, 1, 1.00952, 0, 1.54779, 1.00952, 0.0531328, 0, 0, 0.0531328, -0.504929, 1, 1, 9999, 9999, 9999, 9999, 9999, 9999, 9999, 9999, 1.00952, 9999, 2.3335, 0, 0, 0, 0, 0, 8000, 0, 0, 0, 0
4, 0.00000, 4.2659, 1, 1.39271, 0, 1.54783, 1.39271, 0.0733008, 0, 0, 0.0733008, -1.06266, 1, 1, 9999, 9999, 9999, 9999, 9999, 9999, 9999, 9999, 1.39273, 9999, 2.3335, 0, 0, 0, 0, 0, 8000, 0, 0, 0, 0
5, 0.00000, 2.80014, 0, 0, 0.0000384709, 1.54778, -0.0000384709, 0.0000384709, 0, 0.0000384709, 0, -1.46576, 1, 1, 9999, 9999, 9999, 9999, 9999, 9999, 9999, 9999, 1.81679E-16, 9999, 2.3335, 0, 0, 0, 0, 0, 8000, 0, 0, 0, 0
