hour,t(sec),kWh,State,kWOut,kWIn,kvarOut,DCkW,kWTotalLosses,kWInvLosses,kWIdlingLosses,kWChDchLosses,"kWh Chng",InvEff,InverterON,Vref,"Vavg (DRC)","VV Oper","VW Oper","DRC Oper","VV_DRC Oper","WP Oper","WV Oper",kWDesired,"kW VW Limit","Limit kWOut Function","kVA Exceeded","Grid voltage",di/dt,it,"it History","Rated VDC","Avg duty cycle","Target (Amps)","Series L","Max. Amps (phase)"
1, 0.00000, 11.6637, -1, 0, 0.778765, -1.10446, -0.778765, 0.0389382, 0, 0, 0.0389382, -6.99825, 1, 1, 9999, 9999, 9999, 9999, 9999, 9999, 9999, 9999, -0.778905, 9999, 4.6655, 0, 0, 0, 0, 0, 8000, 0, 0, 0, 0
2, 0.00000, 12.4036, -1, 0, 0.000280218, 3.09462, -0.000280218, 0.0000140109, 0, 0, 0.0000140109, 0.739826, 1, 1, 9999, 9999, 9999, 9999, 9999, 9999, 9999, 9999, -3.17669E-17, 9999, 4.6655, 0, 0, 0, 0, 0, 8000, 0, 0, 0, 0
3, 0.00000, 12.4038, -1, 0, 0.000424326, 3.09456, -0.000424326, 0.0000212163, 0, 0, 0.0000212163, 0.000266208, 1, 1, 9999, 9999, 9999, 9999, 9999, 9999, 9999, 9999, -2.5392E-16, 9999, 4.6655, 0, 0, 0, 0, 0, 8000, 0, 0, 0, 0
4, 0.00000, 12.4042, 1, 0.000575076, 0, 3.09477, 0.000575076, 0.0000302672, 0, 0, 0.0000302672, 0.00040311, 1, 1, 9999, 9999, 9999, 9999, 9999, 9999, 9999, 9999, 0.000959647, 9999, 4.6655, 0, 0, 0, 0, 0, 8000, 0, 0, 0, 0
5, 0.00000, 12.4036, 1, 0.243039, 0, 3.09445, 0.243039, 0.0127915, 0, 0, 0.0127915, -0.000605343, 1, 1, 9999, 9999, 9999, 9999, 9999, 9999, 9999, 9999, 0.242536, 9999, 4.6655, 0, 0, 0, 0, 0, 8000, 0, 0, 0, 0
6, 0.00000, 12.1478, 1, 0.413717, 0, 3.09476, 0.413717, 0.0217746, 0, 0, 0.0217746, -0.25583, 1, 1, 9999, 9999, 9999, 9999, 9999, 9999, 9999, 9999, 0.413839, 9999, 4.6655, 0, 0, 0, 0, 0, 8000, 0, 0, 0, 0
7, 0.00000, 11.7123, -1, 0, 0.000744529, 3.09494, -0.000744529, 0.0000372265, 0, 0, 0.0000372265, -0.435492, 1, 1, 9999, 9999, 9999, 9999, 9999, 9999, 9999, 9999, -4.59594E-16, 9999, 4.6655, 0, 0, 0, 0, 0, 8000, 0, 0, 0, 0
8, 0.00000, 11.713, -1, 0, 0.000624006, 3.09444, -0.000624006, 0.0000312003, 0, 0, 0.0000312003, 0.000707303, 1, 1, 9999, 9999, 9999, 9999, 9999, 9999, 9999, 9999, -3.40549E-16, 9999, 4.6655, 0, 0, 0, 0, 0, 8000, 0, 0, 0, 0
9, 0.00000, 11.7136, 1, 0.0465269, 0, 3.09473, 0.0465269, 0.00244879, 0, 0, 0.00244879, 0.000592806, 1, 1, 9999, 9999, 9999, 9999, 9999, 9999, 9999, 9999, 0.0463783, 9999, 4.6655, 0, 0, 0, 0, 0, 8000, 0, 0, 0, 0
