hour,t(sec),kWh,State,kWOut,kWIn,kvarOut,DCkW,kWTotalLosses,kWInvLosses,kWIdlingLosses,kWChDchLosses,"kWh Chng",InvEff,InverterON,Vref,"Vavg (DRC)","VV Oper","VW Oper","DRC Oper","VV_DRC Oper","WP Oper","WV Oper",kWDesired,"kW VW Limit","Limit kWOut Function","kVA Exceeded","Grid voltage",di/dt,it,"it History","Rated VDC","Avg duty cycle","Target (Amps)","Series L","Max. Amps (phase)"
1, 0.00000, 11.6637, -1, 0, 0.0000596116, 3.09472, -0.0000596116, 2.98058E-6, 0, 0, 2.98058E-6, -6.99825, 1, 1, 9999, 9999, 9999, 9999, 9999, 9999, 9999, 9999, -7.14848E-18, 9999, 4.6655, 0, 0, 0, 0, 0, 8000, 0, 0, 0, 0
2, 0.00000, 11.6638, -1, 0, 0.0000231502, 3.09471, -0.0000231502, 1.15751E-6, 0, 0, 1.15751E-6, 0.000056631, 1, 1, 9999, 9999, 9999, 9999, 9999, 9999, 9999, 9999, -9.76069E-19, 9999, 4.6655, 0, 0, 0, 0, 0, 8000, 0, 0, 0, 0
3, 0.00000, 11.6638, 1, 0.000355513, 0, 3.09451, 0.000355513, 0.0000187112, 0, 0, 0.0000187112, 0.0000219926, 1, 1, 9999, 9999, 9999, 9999, 9999, 9999, 9999, 9999, 1.28922E-17, 9999, 4.6655, 0, 0, 0, 0, 0, 8000, 0, 0, 0, 0
