hour,t(sec),kWh,State,kWOut,kWIn,kvarOut,DCkW,kWTotalLosses,kWInvLosses,kWIdlingLosses,kWChDchLosses,"kWh Chng",InvEff,InverterON,Vref,"Vavg (DRC)","VV Oper","VW Oper","DRC Oper","VV_DRC Oper","WP Oper","WV Oper",kWDesired,"kW VW Limit","Limit kWOut Function","kVA Exceeded","Grid voltage",di/dt,it,"it History","Rated VDC","Avg duty cycle","Target (Amps)","Series L","Max. Amps (phase)"
1, 0.00000, 11.6637, -1, 0, 0.000114221, 3.09464, -0.000114221, 5.71103E-6, 0, 0, 5.71103E-6, -6.99825, 1, 1, 9999, 9999, 9999, 9999, 9999, 9999, 9999, 9999, -2.41356E-18, 9999, 4.6655, 0, 0, 0, 0, 0, 8000, 0, 0, 0, 0
2, 0.00000, 11.6639, 1, 0.239891, 0, 3.0946, 0.239891, 0.0126258, 0, 0, 0.0126258, 0.00010851, 1, 1, 9999, 9999, 9999, 9999, 9999, 9999, 9999, 9999, 0.239811, 9999, 4.6655, 0, 0, 0, 0, 0, 8000, 0, 0, 0, 0
3, 0.00000, 11.4113, 1, 1.80798, 0, 3.09468, 1.80798, 0.0951567, 0, 0, 0.0951567, -0.252517, 1, 1, 9999, 9999, 9999, 9999, 9999, 9999, 9999, 9999, 1.80797, 9999, 4.6655, 0, 0, 0, 0, 0, 8000, 0, 0, 0, 0
4, 0.00000, 9.50821, 1, 2.76841, 0, 3.09474, 2.76841, 0.145706, 0, 0, 0.145706, -1.90313, 1, 1, 9999, 9999, 9999, 9999, 9999, 9999, 9999, 9999, 2.76841, 9999, 4.6655, 0, 0, 0, 0, 0, 8000, 0, 0, 0, 0
5, 0.00000, 6.59409, 1, 0.945728, 0, 3.09465, 0.945728, 0.0497752, 0, 0, 0.0497752, -2.91412, 1, 1, 9999, 9999, 9999, 9999, 9999, 9999, 9999, 9999, 0.945697, 9999, 4.6655, 0, 0, 0, 0, 0, 8000, 0, 0, 0, 0
