hour,t(sec),kWh,State,kWOut,kWIn,kvarOut,DCkW,kWTotalLosses,kWInvLosses,kWIdlingLosses,kWChDchLosses,"kWh Chng",InvEff,InverterON,Vref,"Vavg (DRC)","VV Oper","VW Oper","DRC Oper","VV_DRC Oper","WP Oper","WV Oper",kWDesired,"kW VW Limit","Limit kWOut Function","kVA Exceeded","Grid voltage",di/dt,it,"it History","Rated VDC","Avg duty cycle","Target (Amps)","Series L","Max. Amps (phase)"
1, 0.00000, 11.6637, -1, 0, 2.6113, 2.1515, -2.6113, 0.130565, 0, 0, 0.130565, -6.99825, 1, 1, 9999, 9999, 9999, 9999, 9999, 9999, 9999, 9999, -2.61086, 9999, 4.6655, 0, 0, 0, 0, 0, 8000, 0, 0, 0, 0
2, 0.00000, 14.1445, 0, 0, 0.000354585, 3.09453, -0.000354585, 0.000354585, 0, 0.000354585, 0, 2.48073, 1, 1, 9999, 9999, 9999, 9999, 9999, 9999, 9999, 9999, 0, 9999, 4.6655, 0, 0, 0, 0, 0, 8000, 0, 0, 0, 0
3, 0.00000, 14.1445, 1, 4.66549, 0, 3.09465, 4.66549, 0.245552, 0, 0, 0.245552, 0, 1, 1, 9999, 9999, 9999, 9999, 9999, 9999, 9999, 9999, 4.6655, 9999, 4.6655, 1, 0, 0, 0, 0, 8000, 0, 0, 0, 0
4, 0.00000, 9.23344, -1, 0, 0.000461562, 3.09489, -0.000461562, 0.0000230781, 0, 0, 0.0000230781, -4.91104, 1, 1, 9999, 9999, 9999, 9999, 9999, 9999, 9999, 9999, -1.75092E-18, 9999, 4.6655, 0, 0, 0, 0, 0, 8000, 0, 0, 0, 0
5, 0.00000, 9.23388, -1, 0, 2.55896, 2.15461, -2.55896, 0.127948, 0, 0, 0.127948, 0.000438484, 1, 1, 9999, 9999, 9999, 9999, 9999, 9999, 9999, 9999, -2.5587, 9999, 4.6655, 0, 0, 0, 0, 0, 8000, 0, 0, 0, 0
