hour,t(sec),kWh,State,kWOut,kWIn,kvarOut,DCkW,kWTotalLosses,kWInvLosses,kWIdlingLosses,kWChDchLosses,"kWh Chng",InvEff,InverterON,Vref,"Vavg (DRC)","VV Oper","VW Oper","DRC Oper","VV_DRC Oper","WP Oper","WV Oper",kWDesired,"kW VW Limit","Limit kWOut Function","kVA Exceeded","Grid voltage",di/dt,it,"it History","Rated VDC","Avg duty cycle","Target (Amps)","Series L","Max. Amps (phase)"
1, 0.00000, 5.83362, -1, 0, 1.29311, 1.54767, -1.29311, 0.0646554, 0, 0, 0.0646554, -3.50017, 1, 1, 9999, 9999, 9999, 9999, 9999, 9999, 9999, 9999, -1.29281, 9999, 2.3335, 0, 0, 0, 0, 0, 8000, 0, 0, 0, 0
2, 0.00000, 7.06208, 1, 2.33342, 0, 1.54775, 2.33342, 0.122811, 0, 0, 0.122811, 1.22845, 1, 1, 9999, 9999, 9999, 9999, 9999, 9999, 9999, 9999, 2.3335, 9999, 2.3335, 1, 0, 0, 0, 0, 8000, 0, 0, 0, 0
3, 0.00000, 4.60585, 1, 2.33343, 0, 1.54768, 2.33343, 0.122812, 0, 0, 0.122812, -2.45623, 1, 1, 9999, 9999, 9999, 9999, 9999, 9999, 9999, 9999, -1.29281, 9999, 2.3335, 1, 0, 0, 0, 0, 8000, 0, 0, 0, 0
