hour,t(sec),kWh,State,kWOut,kWIn,kvarOut,DCkW,kWTotalLosses,kWInvLosses,kWIdlingLosses,kWChDchLosses,"kWh Chng",InvEff,InverterON,Vref,"Vavg (DRC)","VV Oper","VW Oper","DRC Oper","VV_DRC Oper","WP Oper","WV Oper",kWDesired,"kW VW Limit","Limit kWOut Function","kVA Exceeded","Grid voltage",di/dt,it,"it History","Rated VDC","Avg duty cycle","Target (Amps)","Series L","Max. Amps (phase)"
1, 0.00000, 5.83362, -1, 0, 2.33276, -1.5488, -2.33276, 0.116638, 0, 0, 0.116638, -3.50017, 1, 1, 9999, 9999, 9999, 9999, 9999, 9999, 9999, 9999, -2.33443, 9999, 2.3335, 1, 0, 0, 0, 0, 8000, 0, 0, 0, 0
2, 0.00000, 8.04975, 1, 0.939677, 0, -1.5478, 0.939677, 0.0494567, 0, 0, 0.0494567, 2.21612, 1, 1, 9999, 9999, 9999, 9999, 9999, 9999, 9999, 9999, 0.939677, 9999, 2.3335, 0, 0, 0, 0, 0, 8000, 0, 0, 0, 0
3, 0.00000, 7.06062, 1, 2.3335, 0, -1.2924, 2.3335, 0.122816, 0, 0, 0.122816, -0.989133, 1, 1, 9999, 9999, 9999, 9999, 9999, 9999, 9999, 9999, 2.33443, 9999, 2.3335, 0, 0, 0, 0, 0, 8000, 0, 0, 0, 0
4, 0.00000, 4.6043, 1, 0.940097, 0, -1.5488, 0.940097, 0.0494788, 0, 0, 0.0494788, -2.45632, 1, 1, 9999, 9999, 9999, 9999, 9999, 9999, 9999, 9999, 0.940097, 9999, 2.3335, 0, 0, 0, 0, 0, 8000, 0, 0, 0, 0
5, 0.00000, 3.61472, -1, 0, 2.33343, -1.5478, -2.33343, 0.116671, 0, 0, 0.116671, -0.989575, 1, 1, 9999, 9999, 9999, 9999, 9999, 9999, 9999, 9999, -2.3344, 9999, 2.3335, 1, 0, 0, 0, 0, 8000, 0, 0, 0, 0
