hour,t(sec),kWh,State,kWOut,kWIn,kvarOut,DCkW,kWTotalLosses,kWInvLosses,kWIdlingLosses,kWChDchLosses,"kWh Chng",InvEff,InverterON,Vref,"Vavg (DRC)","VV Oper","VW Oper","DRC Oper","VV_DRC Oper","WP Oper","WV Oper",kWDesired,"kW VW Limit","Limit kWOut Function","kVA Exceeded","Grid voltage",di/dt,it,"it History","Rated VDC","Avg duty cycle","Target (Amps)","Series L","Max. Amps (phase)"
1, 0.00000, 5.83362, -1, 0, 1.8199, 1.54759, -1.8199, 0.0909949, 0, 0, 0.0909949, -3.50017, 1, 1, 9999, 9999, 9999, 9999, 9999, 9999, 9999, 9999, -1.81957, 9999, 2.3335, 0, 0, 0, 0, 0, 8000, 0, 0, 0, 0
2, 0.00000, 7.56253, 1, 0.394091, 0, 1.54778, 0.394091, 0.0207416, 0, 0, 0.0207416, 1.7289, 1, 1, 9999, 9999, 9999, 9999, 9999, 9999, 9999, 9999, 0.394081, 9999, 2.3335, 0, 0, 0, 0, 0, 8000, 0, 0, 0, 0
3, 0.00000, 7.14769, 1, 2.33344, 0, 1.54773, 2.33344, 0.122812, 0, 0, 0.122812, -0.414833, 1, 1, 9999, 9999, 9999, 9999, 9999, 9999, 9999, 9999, 2.3335, 9999, 2.3335, 1, 0, 0, 0, 0, 8000, 0, 0, 0, 0
4, 0.00000, 4.69145, 1, 0.564394, 0, 1.54795, 0.564394, 0.0297049, 0, 0, 0.0297049, -2.45625, 1, 1, 9999, 9999, 9999, 9999, 9999, 9999, 9999, 9999, 0.564544, 9999, 2.3335, 0, 0, 0, 0, 0, 8000, 0, 0, 0, 0
5, 0.00000, 4.09735, -1, 0, 1.82845, 1.54763, -1.82845, 0.0914227, 0, 0, 0.0914227, -0.594099, 1, 1, 9999, 9999, 9999, 9999, 9999, 9999, 9999, 9999, -1.8282, 9999, 2.3335, 0, 0, 0, 0, 0, 8000, 0, 0, 0, 0
