hour,t(sec),kWh,State,kWOut,kWIn,kvarOut,DCkW,kWTotalLosses,kWInvLosses,kWIdlingLosses,kWChDchLosses,"kWh Chng",InvEff,InverterON,Vref,"Vavg (DRC)","VV Oper","VW Oper","DRC Oper","VV_DRC Oper","WP Oper","WV Oper",kWDesired,"kW VW Limit","Limit kWOut Function","kVA Exceeded","Grid voltage",di/dt,it,"it History","Rated VDC","Avg duty cycle","Target (Amps)","Series L","Max. Amps (phase)"
1, 0.00000, 11.6637, -1, 0, 0.00022233, 3.0948, -0.00022233, 0.0000111165, 0, 0, 0.0000111165, -6.99825, 1, 1, 9999, 9999, 9999, 9999, 9999, 9999, 9999, 9999, -7.89029E-17, 9999, 4.6655, 0, 0, 0, 0, 0, 8000, 0, 0, 0, 0
2, 0.00000, 11.664, 1, 0.000121037, 0, 3.0946, 0.000121037, 6.37036E-6, 0, 0, 6.37036E-6, 0.000211213, 1, 1, 9999, 9999, 9999, 9999, 9999, 9999, 9999, 9999, 1.09107E-17, 9999, 4.6655, 0, 0, 0, 0, 0, 8000, 0, 0, 0, 0
3, 0.00000, 11.6638, -1, 0, 0.0000542714, 3.09474, -0.0000542714, 2.71357E-6, 0, 0, 2.71357E-6, -0.000127407, 1, 1, 9999, 9999, 9999, 9999, 9999, 9999, 9999, 9999, -3.15649E-17, 9999, 4.6655, 0, 0, 0, 0, 0, 8000, 0, 0, 0, 0
4, 0.00000, 11.6639, -1, 0, 0.000194947, 3.0946, -0.000194947, 9.74735E-6, 0, 0, 9.74735E-6, 0.0000515578, 1, 1, 9999, 9999, 9999, 9999, 9999, 9999, 9999, 9999, -6.51071E-18, 9999, 4.6655, 0, 0, 0, 0, 0, 8000, 0, 0, 0, 0
5, 0.00000, 11.6641, 1, 0.000108218, 0, 3.09473, 0.000108218, 5.69566E-6, 0, 0, 5.69566E-6, 0.0001852, 1, 1, 9999, 9999, 9999, 9999, 9999, 9999, 9999, 9999, 2.46026E-16, 9999, 4.6655, 0, 0, 0, 0, 0, 8000, 0, 0, 0, 0
6, 0.00000, 11.664, -1, 0, 0.000126416, 3.09466, -0.000126416, 6.3208E-6, 0, 0, 6.3208E-6, -0.000113913, 1, 1, 9999, 9999, 9999, 9999, 9999, 9999, 9999, 9999, -1.41803E-17, 9999, 4.6655, 0, 0, 0, 0, 0, 8000, 0, 0, 0, 0
7, 0.00000, 11.6641, 1, 0.00018016, 0, 3.09477, 0.00018016, 9.4821E-6, 0, 0, 9.4821E-6, 0.000120095, 1, 1, 9999, 9999, 9999, 9999, 9999, 9999, 9999, 9999, 1.75852E-17, 9999, 4.6655, 0, 0, 0, 0, 0, 8000, 0, 0, 0, 0
8, 0.00000, 11.6639, -1, 0, 0.000019461, 3.0947, -0.000019461, 9.73051E-7, 0, 0, 9.73051E-7, -0.000189642, 1, 1, 9999, 9999, 9999, 9999, 9999, 9999, 9999, 9999, -1.29566E-17, 9999, 4.6655, 0, 0, 0, 0, 0, 8000, 0, 0, 0, 0
