hour,t(sec),kWh,State,kWOut,kWIn,kvarOut,DCkW,kWTotalLosses,kWInvLosses,kWIdlingLosses,kWChDchLosses,"kWh Chng",InvEff,InverterON,Vref,"Vavg (DRC)","VV Oper","VW Oper","DRC Oper","VV_DRC Oper","WP Oper","WV Oper",kWDesired,"kW VW Limit","Limit kWOut Function","kVA Exceeded","Grid voltage",di/dt,it,"it History","Rated VDC","Avg duty cycle","Target (Amps)","Series L","Max. Amps (phase)"
1, 0.00000, 11.6637, -1, 0, 0.724682, 1.27975, -0.724682, 0.0362341, 0, 0, 0.0362341, -6.99825, 1, 1, 9999, 9999, 9999, 9999, 9999, 9999, 9999, 9999, -0.724505, 9999, 4.6655, 0, 0, 0, 0, 0, 8000, 0, 0, 0, 0
2, 0.00000, 12.3522, 0, 0, 0.000138068, 2.26715, -0.000138068, 0.000138068, 0, 0.000138068, 0, 0.688448, 1, 1, 9999, 9999, 9999, 9999, 9999, 9999, 9999, 9999, 0, 9999, 4.6655, 0, 0, 0, 0, 0, 8000, 0, 0, 0, 0
3, 0.00000, 12.3522, 1, 0.000451792, 0, 3.09452, 0.000451792, 0.0000237786, 0, 0, 0.0000237786, 0, 1, 1, 9999, 9999, 9999, 9999, 9999, 9999, 9999, 9999, 6.52097E-18, 9999, 4.6655, 0, 0, 0, 0, 0, 8000, 0, 0, 0, 0
4, 0.00000, 12.3517, -1, 0, 0.000739548, 3.09491, -0.000739548, 0.0000369774, 0, 0, 0.0000369774, -0.000475571, 1, 1, 9999, 9999, 9999, 9999, 9999, 9999, 9999, 9999, -3.32851E-18, 9999, 4.6655, 0, 0, 0, 0, 0, 8000, 0, 0, 0, 0
5, 0.00000, 12.3524, 1, 0.0872002, 0, 3.09441, 0.0872002, 0.00458949, 0, 0, 0.00458949, 0.000702571, 1, 1, 9999, 9999, 9999, 9999, 9999, 9999, 9999, 9999, 0.0865917, 9999, 4.6655, 0, 0, 0, 0, 0, 8000, 0, 0, 0, 0
6, 0.00000, 12.2606, 1, 0.379592, 0, 3.09468, 0.379592, 0.0199785, 0, 0, 0.0199785, -0.0917897, 1, 1, 9999, 9999, 9999, 9999, 9999, 9999, 9999, 9999, 0.379566, 9999, 4.6655, 0, 0, 0, 0, 0, 8000, 0, 0, 0, 0
7, 0.00000, 11.8611, 0, 0, 0.000519871, 3.09488, -0.000519871, 0.000519871, 0, 0.000519871, 0, -0.39957, 1, 1, 9999, 9999, 9999, 9999, 9999, 9999, 9999, 9999, 0, 9999, 4.6655, 0, 0, 0, 0, 0, 8000, 0, 0, 0, 0
8, 0.00000, 11.8611, 1, 0.000372849, 0, 3.09454, 0.000372849, 0.0000196237, 0, 0, 0.0000196237, 0, 1, 1, 9999, 9999, 9999, 9999, 9999, 9999, 9999, 9999, 8.90317E-18, 9999, 4.6655, 0, 0, 0, 0, 0, 8000, 0, 0, 0, 0
9, 0.00000, 11.8607, 1, 0.187902, 0, 3.0946, 0.187902, 0.00988958, 0, 0, 0.00988958, -0.000392473, 1, 1, 9999, 9999, 9999, 9999, 9999, 9999, 9999, 9999, 0.187721, 9999, 4.6655, 0, 0, 0, 0, 0, 8000, 0, 0, 0, 0
