hour,t(sec),kWh,State,kWOut,kWIn,kvarOut,DCkW,kWTotalLosses,kWInvLosses,kWIdlingLosses,kWChDchLosses,"kWh Chng",InvEff,InverterON,Vref,"Vavg (DRC)","VV Oper","VW Oper","DRC Oper","VV_DRC Oper","WP Oper","WV Oper",kWDesired,"kW VW Limit","Limit kWOut Function","kVA Exceeded","Grid voltage",di/dt,it,"it History","Rated VDC","Avg duty cycle","Target (Amps)","Series L","Max. Amps (phase)"
1, 0.00000, 11.6637, -1, 0, 2.58135, -3.09519, -2.58135, 0.129068, 0, 0, 0.129068, -6.99825, 1, 1, 9999, 9999, 9999, 9999, 9999, 9999, 9999, 9999, -2.58184, 9999, 4.6655, 0, 0, 0, 0, 0, 8000, 0, 0, 0, 0
2, 0.00000, 14.116, 0, 0, 0.0000271501, -3.09468, -0.0000271501, 0.0000271501, 0, 0.0000271501, 0, 2.45229, 1, 1, 9999, 9999, 9999, 9999, 9999, 9999, 9999, 9999, 0, 9999, 4.6655, 0, 0, 0, 0, 0, 8000, 0, 0, 0, 0
3, 0.00000, 14.116, 1, 4.6654, 0, -3.09479, 4.6654, 0.245547, 0, 0, 0.245547, 0, 1, 1, 9999, 9999, 9999, 9999, 9999, 9999, 9999, 9999, 4.6655, 9999, 4.6655, 1, 0, 0, 0, 0, 8000, 0, 0, 0, 0
4, 0.00000, 9.20509, 1, 0.000394282, 0, -3.0948, 0.000394282, 0.0000207517, 0, 0, 0.0000207517, -4.91094, 1, 1, 9999, 9999, 9999, 9999, 9999, 9999, 9999, 9999, 5.59114E-18, 9999, 4.6655, 0, 0, 0, 0, 0, 8000, 0, 0, 0, 0
5, 0.00000, 9.20468, -1, 0, 2.58727, -3.09507, -2.58727, 0.129363, 0, 0, 0.129363, -0.000415033, 1, 1, 9999, 9999, 9999, 9999, 9999, 9999, 9999, 9999, -2.58767, 9999, 4.6655, 0, 0, 0, 0, 0, 8000, 0, 0, 0, 0
