hour,t(sec),kWh,State,kWOut,kWIn,kvarOut,DCkW,kWTotalLosses,kWInvLosses,kWIdlingLosses,kWChDchLosses,"kWh Chng",InvEff,InverterON,Vref,"Vavg (DRC)","VV Oper","VW Oper","DRC Oper","VV_DRC Oper","WP Oper","WV Oper",kWDesired,"kW VW Limit","Limit kWOut Function","kVA Exceeded","Grid voltage",di/dt,it,"it History","Rated VDC","Avg duty cycle","Target (Amps)","Series L","Max. Amps (phase)"
1, 0.00000, 5.83362, -1, 0, 1.31346, -1.5478, -1.31346, 0.0656729, 0, 0, 0.0656729, -3.50017, 1, 1, 9999, 9999, 9999, 9999, 9999, 9999, 9999, 9999, -1.31346, 9999, 2.3335, 0, 0, 0, 0, 0, 8000, 0, 0, 0, 0
2, 0.00000, 7.08141, -1, 0, 3.93067E-7, -1.5478, -3.93067E-7, 1.96533E-8, 0, 0, 1.96533E-8, 1.24778, 1, 1, 9999, 9999, 9999, 9999, 9999, 9999, 9999, 9999, -9.47821E-18, 9999, 2.3335, 0, 0, 0, 0, 0, 8000, 0, 0, 0, 0
3, 0.00000, 7.08141, 1, 2.33343, 0, -1.5478, 2.33343, 0.122812, 0, 0, 0.122812, 3.73413E-7, 1, 1, 9999, 9999, 9999, 9999, 9999, 9999, 9999, 9999, 2.3335, 9999, 2.3335, 1, 0, 0, 0, 0, 8000, 0, 0, 0, 0
4, 0.00000, 4.62517, -1, 0, 3.76179E-7, -1.5478, -3.76179E-7, 1.88089E-8, 0, 0, 1.88089E-8, -2.45624, 1, 1, 9999, 9999, 9999, 9999, 9999, 9999, 9999, 9999, -9.24673E-20, 9999, 2.3335, 0, 0, 0, 0, 0, 8000, 0, 0, 0, 0
5, 0.00000, 4.62517, -1, 0, 1.27215, -1.5478, -1.27215, 0.0636077, 0, 0, 0.0636077, 3.5737E-7, 1, 1, 9999, 9999, 9999, 9999, 9999, 9999, 9999, 9999, -1.27215, 9999, 2.3335, 0, 0, 0, 0, 0, 8000, 0, 0, 0, 0
