hour,t(sec),kWh,State,kWOut,kWIn,kvarOut,DCkW,kWTotalLosses,kWInvLosses,kWIdlingLosses,kWChDchLosses,"kWh Chng",InvEff,InverterON,Vref,"Vavg (DRC)","VV Oper","VW Oper","DRC Oper","VV_DRC Oper","WP Oper","WV Oper",kWDesired,"kW VW Limit","Limit kWOut Function","kVA Exceeded","Grid voltage",di/dt,it,"it History","Rated VDC","Avg duty cycle","Target (Amps)","Series L","Max. Amps (phase)"
1, 0.00000, 5.83362, -1, 0, 0.185805, 1.54883, -0.185805, 0.00929026, 0, 0, 0.00929026, -3.50017, 1, 1, 9999, 9999, 9999, 9999, 9999, 9999, 9999, 9999, -0.185555, 9999, 2.3335, 0, 0, 0, 0, 0, 8000, 0, 0, 0, 0
2, 0.00000, 6.01014, 1, 0.000141612, 0, 1.54875, 0.000141612, 7.45324E-6, 0, 0, 7.45324E-6, 0.176515, 1, 1, 9999, 9999, 9999, 9999, 9999, 9999, 9999, 9999, 2.58598E-16, 9999, 2.3335, 0, 0, 0, 0, 0, 8000, 0, 0, 0, 0
3, 0.00000, 6.00999, -1, 0, 0.000214834, 1.54873, -0.000214834, 0.0000107417, 0, 0, 0.0000107417, -0.000149065, 1, 1, 9999, 9999, 9999, 9999, 9999, 9999, 9999, 9999, -1.47781E-16, 9999, 2.3335, 0, 0, 0, 0, 0, 8000, 0, 0, 0, 0
4, 0.00000, 6.01019, 1, 0.000763975, 0, 1.54884, 0.000763975, 0.0000402092, 0, 0, 0.0000402092, 0.000204092, 1, 1, 9999, 9999, 9999, 9999, 9999, 9999, 9999, 9999, 0.000959675, 9999, 2.3335, 0, 0, 0, 0, 0, 8000, 0, 0, 0, 0
5, 0.00000, 6.00939, 1, 0.0832061, 0, 1.54867, 0.0832061, 0.00437927, 0, 0, 0.00437927, -0.000804184, 1, 1, 9999, 9999, 9999, 9999, 9999, 9999, 9999, 9999, 0.0829466, 9999, 2.3335, 0, 0, 0, 0, 0, 8000, 0, 0, 0, 0
6, 0.00000, 5.92181, 1, 0.0777677, 0, 1.54883, 0.0777677, 0.00409303, 0, 0, 0.00409303, -0.0875854, 1, 1, 9999, 9999, 9999, 9999, 9999, 9999, 9999, 9999, 0.0778316, 9999, 2.3335, 0, 0, 0, 0, 0, 8000, 0, 0, 0, 0
7, 0.00000, 5.83994, 1, 0.000371924, 0, 1.54893, 0.000371924, 0.0000195749, 0, 0, 0.0000195749, -0.0818607, 1, 1, 9999, 9999, 9999, 9999, 9999, 9999, 9999, 9999, 3.76977E-16, 9999, 2.3335, 0, 0, 0, 0, 0, 8000, 0, 0, 0, 0
8, 0.00000, 5.83955, 1, 0.000312887, 0, 1.54866, 0.000312887, 0.0000164677, 0, 0, 0.0000164677, -0.000391499, 1, 1, 9999, 9999, 9999, 9999, 9999, 9999, 9999, 9999, 2.34353E-16, 9999, 2.3335, 0, 0, 0, 0, 0, 8000, 0, 0, 0, 0
9, 0.00000, 5.83922, 1, 0.00645528, 0, 1.54777, 0.00645528, 0.000339751, 0, 0, 0.000339751, -0.000329355, 1, 1, 9999, 9999, 9999, 9999, 9999, 9999, 9999, 9999, 0.00637932, 9999, 2.3335, 0, 0, 0, 0, 0, 8000, 0, 0, 0, 0
