hour,t(sec),kWh,State,kWOut,kWIn,kvarOut,DCkW,kWTotalLosses,kWInvLosses,kWIdlingLosses,kWChDchLosses,"kWh Chng",InvEff,InverterON,Vref,"Vavg (DRC)","VV Oper","VW Oper","DRC Oper","VV_DRC Oper","WP Oper","WV Oper",kWDesired,"kW VW Limit","Limit kWOut Function","kVA Exceeded","Grid voltage",di/dt,it,"it History","Rated VDC","Avg duty cycle","Target (Amps)","Series L","Max. Amps (phase)"
1, 0.00000, 11.6637, -1, 0, 4.6656, 3.09463, -4.6656, 0.23328, 0, 0, 0.23328, -6.99825, 1, 1, 9999, 9999, 9999, 9999, 9999, 9999, 9999, 9999, -4.6655, 9999, 4.6655, 1, 0, 0, 0, 0, 8000, 0, 0, 0, 0
2, 0.00000, 16.0961, 1, 1.02943, 0, 3.09465, 1.02943, 0.0541807, 0, 0, 0.0541807, 4.43232, 1, 1, 9999, 9999, 9999, 9999, 9999, 9999, 9999, 9999, 1.0294, 9999, 4.6655, 0, 0, 0, 0, 0, 8000, 0, 0, 0, 0
3, 0.00000, 15.0125, 1, 4.6655, 0, 3.09469, 4.6655, 0.245553, 0, 0, 0.245553, -1.08361, 1, 1, 9999, 9999, 9999, 9999, 9999, 9999, 9999, 9999, 4.6655, 9999, 4.6655, 1, 0, 0, 0, 0, 8000, 0, 0, 0, 0
4, 0.00000, 10.1014, 1, 2.7263, 0, 3.09478, 2.7263, 0.14349, 0, 0, 0.14349, -4.91105, 1, 1, 9999, 9999, 9999, 9999, 9999, 9999, 9999, 9999, 2.72633, 9999, 4.6655, 0, 0, 0, 0, 0, 8000, 0, 0, 0, 0
5, 0.00000, 7.23162, 1, 2.72631, 0, 3.09474, 2.72631, 0.14349, 0, 0, 0.14349, -2.86979, 1, 1, 9999, 9999, 9999, 9999, 9999, 9999, 9999, 9999, -4.6655, 9999, 4.6655, 0, 0, 0, 0, 0, 8000, 0, 0, 0, 0
