hour,t(sec),kWh,State,kWOut,kWIn,kvarOut,DCkW,kWTotalLosses,kWInvLosses,kWIdlingLosses,kWChDchLosses,"kWh Chng",InvEff,InverterON,Vref,"Vavg (DRC)","VV Oper","VW Oper","DRC Oper","VV_DRC Oper","WP Oper","WV Oper",kWDesired,"kW VW Limit","Limit kWOut Function","kVA Exceeded","Grid voltage",di/dt,it,"it History","Rated VDC","Avg duty cycle","Target (Amps)","Series L","Max. Amps (phase)"
1, 0.00000, 5.83362, 0, 0, 0.000228027, -1.54783, -0.000228027, 0.000228027, 0, 0.000228027, 0, -3.50017, 1, 1, 9999, 9999, 9999, 9999, 9999, 9999, 9999, 9999, 0, 9999, 2.3335, 0, 0, 0, 0, 0, 8000, 0, 0, 0, 0
2, 0.00000, 5.83362, -1, 0, 0.000210758, -1.54776, -0.000210758, 0.0000105379, 0, 0, 0.0000105379, 0, 1, 1, 9999, 9999, 9999, 9999, 9999, 9999, 9999, 9999, -2.10794E-18, 9999, 2.3335, 0, 0, 0, 0, 0, 8000, 0, 0, 0, 0
3, 0.00000, 5.83383, 1, 0.00020049, 0, -1.54775, 0.00020049, 0.0000105521, 0, 0, 0.0000105521, 0.00020022, 1, 1, 9999, 9999, 9999, 9999, 9999, 9999, 9999, 9999, 1.62006E-16, 9999, 2.3335, 0, 0, 0, 0, 0, 8000, 0, 0, 0, 0
