hour,t(sec),kWh,State,kWOut,kWIn,kvarOut,DCkW,kWTotalLosses,kWInvLosses,kWIdlingLosses,kWChDchLosses,"kWh Chng",InvEff,InverterON,Vref,"Vavg (DRC)","VV Oper","VW Oper","DRC Oper","VV_DRC Oper","WP Oper","WV Oper",kWDesired,"kW VW Limit","Limit kWOut Function","kVA Exceeded","Grid voltage",di/dt,it,"it History","Rated VDC","Avg duty cycle","Target (Amps)","Series L","Max. Amps (phase)"
1, 0.00000, 71.4613, -1, 0, 0.00307277, -18.9612, -0.00307277, 0.000153639, 0, 0, 0.000153639, -42.8768, 1, 1, 9999, 9999, 9999, 9999, 9999, 9999, 9999, 9999, -2.18646E-15, 9999, 28.5845, 0, 0, 0, 0, 0, 8000, 0, 0, 0, 0
2, 0.00000, 71.4642, -1, 0, 0.00141849, -18.9604, -0.00141849, 0.0000709246, 0, 0, 0.0000709246, 0.00291914, 1, 1, 9999, 9999, 9999, 9999, 9999, 9999, 9999, 9999, -9.71301E-18, 9999, 28.5845, 0, 0, 0, 0, 0, 8000, 0, 0, 0, 0
3, 0.00000, 71.4655, -1, 0, 0.0006218, -18.9609, -0.0006218, 0.00003109, 0, 0, 0.00003109, 0.00134757, 1, 1, 9999, 9999, 9999, 9999, 9999, 9999, 9999, 9999, -1.34947E-17, 9999, 28.5845, 0, 0, 0, 0, 0, 8000, 0, 0, 0, 0
4, 0.00000, 71.4661, 1, 0.00299392, 0, -18.9601, 0.00299392, 0.000157575, 0, 0, 0.000157575, 0.00059071, 1, 1, 9999, 9999, 9999, 9999, 9999, 9999, 9999, 9999, 2.4577E-17, 9999, 28.5845, 0, 0, 0, 0, 0, 8000, 0, 0, 0, 0
5, 0.00000, 71.463, -1, 0, 0.00193497, -18.961, -0.00193497, 0.0000967484, 0, 0, 0.0000967484, -0.00315149, 1, 1, 9999, 9999, 9999, 9999, 9999, 9999, 9999, 9999, -3.13172E-17, 9999, 28.5845, 0, 0, 0, 0, 0, 8000, 0, 0, 0, 0
6, 0.00000, 71.4648, 1, 0.00229845, 0, -18.9604, 0.00229845, 0.000120971, 0, 0, 0.000120971, 0.00183822, 1, 1, 9999, 9999, 9999, 9999, 9999, 9999, 9999, 9999, 5.97559E-17, 9999, 28.5845, 0, 0, 0, 0, 0, 8000, 0, 0, 0, 0
7, 0.00000, 71.4624, -1, 0, 0.00302148, -18.9612, -0.00302148, 0.000151074, 0, 0, 0.000151074, -0.00241942, 1, 1, 9999, 9999, 9999, 9999, 9999, 9999, 9999, 9999, -3.28979E-17, 9999, 28.5845, 0, 0, 0, 0, 0, 8000, 0, 0, 0, 0
8, 0.00000, 71.4652, -1, 0, 0.000479025, -18.9607, -0.000479025, 0.0000239513, 0, 0, 0.0000239513, 0.00287041, 1, 1, 9999, 9999, 9999, 9999, 9999, 9999, 9999, 9999, -4.51492E-17, 9999, 28.5845, 0, 0, 0, 0, 0, 8000, 0, 0, 0, 0
