hour,t(sec),kWh,State,kWOut,kWIn,kvarOut,DCkW,kWTotalLosses,kWInvLosses,kWIdlingLosses,kWChDchLosses,"kWh Chng",InvEff,InverterON,Vref,"Vavg (DRC)","VV Oper","VW Oper","DRC Oper","VV_DRC Oper","WP Oper","WV Oper",kWDesired,"kW VW Limit","Limit kWOut Function","kVA Exceeded","Grid voltage",di/dt,it,"it History","Rated VDC","Avg duty cycle","Target (Amps)","Series L","Max. Amps (phase)"
1, 0.00000, 5.83362, -1, 0, 1.81957, 1.5478, -1.81957, 0.0909785, 0, 0, 0.0909785, -3.50017, 1, 1, 9999, 9999, 9999, 9999, 9999, 9999, 9999, 9999, -1.81957, 9999, 2.3335, 0, 0, 0, 0, 0, 8000, 0, 0, 0, 0
2, 0.00000, 7.56222, 1, 0.394082, 0, 1.5478, 0.394082, 0.0207411, 0, 0, 0.0207411, 1.72859, 1, 1, 9999, 9999, 9999, 9999, 9999, 9999, 9999, 9999, 0.394081, 9999, 2.3335, 0, 0, 0, 0, 0, 8000, 0, 0, 0, 0
3, 0.00000, 7.14739, 1, 2.33343, 0, 1.5478, 2.33343, 0.122812, 0, 0, 0.122812, -0.414823, 1, 1, 9999, 9999, 9999, 9999, 9999, 9999, 9999, 9999, 2.3335, 9999, 2.3335, 1, 0, 0, 0, 0, 8000, 0, 0, 0, 0
4, 0.00000, 4.69116, 1, 0.564544, 0, 1.5478, 0.564544, 0.0297128, 0, 0, 0.0297128, -2.45624, 1, 1, 9999, 9999, 9999, 9999, 9999, 9999, 9999, 9999, 0.564544, 9999, 2.3335, 0, 0, 0, 0, 0, 8000, 0, 0, 0, 0
5, 0.00000, 4.0969, -1, 0, 1.8282, 1.5478, -1.8282, 0.0914102, 0, 0, 0.0914102, -0.594257, 1, 1, 9999, 9999, 9999, 9999, 9999, 9999, 9999, 9999, -1.8282, 9999, 2.3335, 0, 0, 0, 0, 0, 8000, 0, 0, 0, 0
