hour,t(sec),kWh,State,kWOut,kWIn,kvarOut,DCkW,kWTotalLosses,kWInvLosses,kWIdlingLosses,kWChDchLosses,"kWh Chng",InvEff,InverterON,Vref,"Vavg (DRC)","VV Oper","VW Oper","DRC Oper","VV_DRC Oper","WP Oper","WV Oper",kWDesired,"kW VW Limit","Limit kWOut Function","kVA Exceeded","Grid voltage",di/dt,it,"it History","Rated VDC","Avg duty cycle","Target (Amps)","Series L","Max. Amps (phase)"
1, 0.00000, 71.4613, -1, 0, 15.8364, -18.9608, -15.8364, 0.791819, 0, 0, 0.791819, -42.8768, 1, 1, 9999, 9999, 9999, 9999, 9999, 9999, 9999, 9999, -15.8364, 9999, 28.5845, 0, 0, 0, 0, 0, 8000, 0, 0, 0, 0
2, 0.00000, 86.5058, 1, 28.5845, 0, 18.9608, 28.5845, 1.50445, 0, 0, 1.50445, 15.0446, 1, 1, 9999, 9999, 9999, 9999, 9999, 9999, 9999, 9999, 28.5845, 9999, 28.5845, 1, 0, 0, 0, 0, 8000, 0, 0, 0, 0
3, 0.00000, 56.4169, -1, 0, 15.8362, -18.9608, -15.8362, 0.79181, 0, 0, 0.79181, -30.0889, 1, 1, 9999, 9999, 9999, 9999, 9999, 9999, 9999, 9999, -15.8362, 9999, 28.5845, 0, 0, 0, 0, 0, 8000, 0, 0, 0, 0
