hour,t(sec),kWh,State,kWOut,kWIn,kvarOut,DCkW,kWTotalLosses,kWInvLosses,kWIdlingLosses,kWChDchLosses,"kWh Chng",InvEff,InverterON,Vref,"Vavg (DRC)","VV Oper","VW Oper","DRC Oper","VV_DRC Oper","WP Oper","WV Oper",kWDesired,"kW VW Limit","Limit kWOut Function","kVA Exceeded","Grid voltage",di/dt,it,"it History","Rated VDC","Avg duty cycle","Target (Amps)","Series L","Max. Amps (phase)"
1, 0.00000, 5.83362, -1, 0, 0.00024656, 1.54786, -0.00024656, 0.000012328, 0, 0, 0.000012328, -3.50017, 1, 1, 9999, 9999, 9999, 9999, 9999, 9999, 9999, 9999, -4.63153E-17, 9999, 2.3335, 0, 0, 0, 0, 0, 8000, 0, 0, 0, 0
2, 0.00000, 5.83386, -1, 0, 0.000113744, 1.54776, -0.000113744, 5.68722E-6, 0, 0, 5.68722E-6, 0.000234232, 1, 1, 9999, 9999, 9999, 9999, 9999, 9999, 9999, 9999, -1.07551E-17, 9999, 2.3335, 0, 0, 0, 0, 0, 8000, 0, 0, 0, 0
3, 0.00000, 5.83397, -1, 0, 0.0000491734, 1.54782, -0.0000491734, 2.45867E-6, 0, 0, 2.45867E-6, 0.000108057, 1, 1, 9999, 9999, 9999, 9999, 9999, 9999, 9999, 9999, -1.65788E-17, 9999, 2.3335, 0, 0, 0, 0, 0, 8000, 0, 0, 0, 0
4, 0.00000, 5.83401, -1, 0, 0.000241263, 1.54771, -0.000241263, 0.0000120632, 0, 0, 0.0000120632, 0.0000467147, 1, 1, 9999, 9999, 9999, 9999, 9999, 9999, 9999, 9999, -4.05936E-17, 9999, 2.3335, 0, 0, 0, 0, 0, 8000, 0, 0, 0, 0
5, 0.00000, 5.83424, 1, 0.000148967, 0, 1.54783, 0.000148967, 7.84034E-6, 0, 0, 7.84034E-6, 0.0002292, 1, 1, 9999, 9999, 9999, 9999, 9999, 9999, 9999, 9999, 8.80826E-17, 9999, 2.3335, 0, 0, 0, 0, 0, 8000, 0, 0, 0, 0
6, 0.00000, 5.83409, -1, 0, 0.000182597, 1.54775, -0.000182597, 9.12983E-6, 0, 0, 9.12983E-6, -0.000156807, 1, 1, 9999, 9999, 9999, 9999, 9999, 9999, 9999, 9999, -7.00493E-17, 9999, 2.3335, 0, 0, 0, 0, 0, 8000, 0, 0, 0, 0
7, 0.00000, 5.83426, 1, 0.000235138, 0, 1.54786, 0.000235138, 0.0000123757, 0, 0, 0.0000123757, 0.000173467, 1, 1, 9999, 9999, 9999, 9999, 9999, 9999, 9999, 9999, 8.54014E-18, 9999, 2.3335, 0, 0, 0, 0, 0, 8000, 0, 0, 0, 0
8, 0.00000, 5.83401, 1, 0.0000374692, 0, 1.54779, 0.0000374692, 1.97207E-6, 0, 0, 1.97207E-6, -0.000247514, 1, 1, 9999, 9999, 9999, 9999, 9999, 9999, 9999, 9999, 6.03116E-17, 9999, 2.3335, 0, 0, 0, 0, 0, 8000, 0, 0, 0, 0
