hour,t(sec),kWh,State,kWOut,kWIn,kvarOut,DCkW,kWTotalLosses,kWInvLosses,kWIdlingLosses,kWChDchLosses,"kWh Chng",InvEff,InverterON,Vref,"Vavg (DRC)","VV Oper","VW Oper","DRC Oper","VV_DRC Oper","WP Oper","WV Oper",kWDesired,"kW VW Limit","Limit kWOut Function","kVA Exceeded","Grid voltage",di/dt,it,"it History","Rated VDC","Avg duty cycle","Target (Amps)","Series L","Max. Amps (phase)"
1, 0.00000, 5.83362, 1, 0.301375, 0, -1.54779, 0.301375, 0.0158618, 0, 0, 0.0158618, -3.50017, 1, 1, 9999, 9999, 9999, 9999, 9999, 9999, 9999, 9999, 0.301628, 9999, 2.3335, 0, 0, 0, 0, 0, 8000, 0, 0, 0, 0
2, 0.00000, 5.51639, 1, 0.976204, 0, -1.54779, 0.976204, 0.0513792, 0, 0, 0.0513792, -0.317237, 1, 1, 9999, 9999, 9999, 9999, 9999, 9999, 9999, 9999, 0.976173, 9999, 2.3335, 0, 0, 0, 0, 0, 8000, 0, 0, 0, 0
3, 0.00000, 4.4888, 1, 1.6041, 0, -1.54778, 1.6041, 0.0844264, 0, 0, 0.0844264, -1.02758, 1, 1, 9999, 9999, 9999, 9999, 9999, 9999, 9999, 9999, 1.60407, 9999, 2.3335, 0, 0, 0, 0, 0, 8000, 0, 0, 0, 0
