hour,t(sec),kWh,State,kWOut,kWIn,kvarOut,DCkW,kWTotalLosses,kWInvLosses,kWIdlingLosses,kWChDchLosses,"kWh Chng",InvEff,InverterON,Vref,"Vavg (DRC)","VV Oper","VW Oper","DRC Oper","VV_DRC Oper","WP Oper","WV Oper",kWDesired,"kW VW Limit","Limit kWOut Function","kVA Exceeded","Grid voltage",di/dt,it,"it History","Rated VDC","Avg duty cycle","Target (Amps)","Series L","Max. Amps (phase)"
1, 0.00000, 11.6637, 1, 0.0000307488, 0, 3.09468, 0.0000307488, 1.61836E-6, 0, 0, 1.61836E-6, -6.99825, 1, 1, 9999, 9999, 9999, 9999, 9999, 9999, 9999, 9999, 1.88412E-16, 9999, 4.6655, 0, 0, 0, 0, 0, 8000, 0, 0, 0, 0
2, 0.00000, 11.6637, -1, 0, 0.0000737702, 3.09473, -0.0000737702, 3.68851E-6, 0, 0, 3.68851E-6, -0.0000323671, 1, 1, 9999, 9999, 9999, 9999, 9999, 9999, 9999, 9999, -3.15542E-16, 9999, 4.6655, 0, 0, 0, 0, 0, 8000, 0, 0, 0, 0
3, 0.00000, 11.6638, 1, 0.0000584382, 0, 3.09467, 0.0000584382, 3.0757E-6, 0, 0, 3.0757E-6, 0.0000700817, 1, 1, 9999, 9999, 9999, 9999, 9999, 9999, 9999, 9999, 1.22829E-16, 9999, 4.6655, 0, 0, 0, 0, 0, 8000, 0, 0, 0, 0
4, 0.00000, 11.6637, -1, 0, 7.91574E-6, 3.09469, -7.91574E-6, 3.95787E-7, 0, 0, 3.95787E-7, -0.0000615139, 1, 1, 9999, 9999, 9999, 9999, 9999, 9999, 9999, 9999, -1.04475E-15, 9999, 4.6655, 0, 0, 0, 0, 0, 8000, 0, 0, 0, 0
5, 0.00000, 11.6637, 1, 0.0000593316, 0, 3.09472, 0.0000593316, 3.12272E-6, 0, 0, 3.12272E-6, 7.51995E-6, 1, 1, 9999, 9999, 9999, 9999, 9999, 9999, 9999, 9999, 3.35505E-17, 9999, 4.6655, 0, 0, 0, 0, 0, 8000, 0, 0, 0, 0
