hour,t(sec),kWh,State,kWOut,kWIn,kvarOut,DCkW,kWTotalLosses,kWInvLosses,kWIdlingLosses,kWChDchLosses,"kWh Chng",InvEff,InverterON,Vref,"Vavg (DRC)","VV Oper","VW Oper","DRC Oper","VV_DRC Oper","WP Oper","WV Oper",kWDesired,"kW VW Limit","Limit kWOut Function","kVA Exceeded","Grid voltage",di/dt,it,"it History","Rated VDC","Avg duty cycle","Target (Amps)","Series L","Max. Amps (phase)"
1, 0.00000, 11.6637, 1, 0.000260835, 0, -3.09466, 0.000260835, 0.0000137282, 0, 0, 0.0000137282, -6.99825, 1, 1, 9999, 9999, 9999, 9999, 9999, 9999, 9999, 9999, 6.75658E-17, 9999, 4.6655, 0, 0, 0, 0, 0, 8000, 0, 0, 0, 0
2, 0.00000, 11.6635, -1, 0, 0.00064156, -3.09477, -0.00064156, 0.000032078, 0, 0, 0.000032078, -0.000274563, 1, 1, 9999, 9999, 9999, 9999, 9999, 9999, 9999, 9999, -2.33882E-17, 9999, 4.6655, 0, 0, 0, 0, 0, 8000, 0, 0, 0, 0
3, 0.00000, 11.6641, 1, 0.000507882, 0, -3.09461, 0.000507882, 0.0000267306, 0, 0, 0.0000267306, 0.000609482, 1, 1, 9999, 9999, 9999, 9999, 9999, 9999, 9999, 9999, 3.4227E-17, 9999, 4.6655, 0, 0, 0, 0, 0, 8000, 0, 0, 0, 0
4, 0.00000, 11.6636, 1, 0.0000523447, 0, -3.09468, 0.0000523447, 2.75498E-6, 0, 0, 2.75498E-6, -0.000534613, 1, 1, 9999, 9999, 9999, 9999, 9999, 9999, 9999, 9999, 5.22209E-16, 9999, 4.6655, 0, 0, 0, 0, 0, 8000, 0, 0, 0, 0
5, 0.00000, 11.6635, 1, 0.000532607, 0, -3.09474, 0.000532607, 0.0000280319, 0, 0, 0.0000280319, -0.0000550997, 1, 1, 9999, 9999, 9999, 9999, 9999, 9999, 9999, 9999, 1.08398E-16, 9999, 4.6655, 0, 0, 0, 0, 0, 8000, 0, 0, 0, 0
