hour,t(sec),kWh,State,kWOut,kWIn,kvarOut,DCkW,kWTotalLosses,kWInvLosses,kWIdlingLosses,kWChDchLosses,"kWh Chng",InvEff,InverterON,Vref,"Vavg (DRC)","VV Oper","VW Oper","DRC Oper","VV_DRC Oper","WP Oper","WV Oper",kWDesired,"kW VW Limit","Limit kWOut Function","kVA Exceeded","Grid voltage",di/dt,it,"it History","Rated VDC","Avg duty cycle","Target (Amps)","Series L","Max. Amps (phase)"
1, 0.00000, 5.83362, 1, 0.24723, 0, -1.54776, 0.24723, 0.0130121, 0, 0, 0.0130121, -3.50017, 1, 1, 9999, 9999, 9999, 9999, 9999, 9999, 9999, 9999, 0.247374, 9999, 2.3335, 0, 0, 0, 0, 0, 8000, 0, 0, 0, 0
2, 0.00000, 5.57338, 1, 1.07599, 0, -1.5478, 1.07599, 0.0566309, 0, 0, 0.0566309, -0.260242, 1, 1, 9999, 9999, 9999, 9999, 9999, 9999, 9999, 9999, 1.076, 9999, 2.3335, 0, 0, 0, 0, 0, 8000, 0, 0, 0, 0
3, 0.00000, 4.44076, 1, 1.55849, 0, -1.5478, 1.55849, 0.0820259, 0, 0, 0.0820259, -1.13262, 1, 1, 9999, 9999, 9999, 9999, 9999, 9999, 9999, 9999, 1.55847, 9999, 2.3335, 0, 0, 0, 0, 0, 8000, 0, 0, 0, 0
