hour,t(sec),kWh,State,kWOut,kWIn,kvarOut,DCkW,kWTotalLosses,kWInvLosses,kWIdlingLosses,kWChDchLosses,"kWh Chng",InvEff,InverterON,Vref,"Vavg (DRC)","VV Oper","VW Oper","DRC Oper","VV_DRC Oper","WP Oper","WV Oper",kWDesired,"kW VW Limit","Limit kWOut Function","kVA Exceeded","Grid voltage",di/dt,it,"it History","Rated VDC","Avg duty cycle","Target (Amps)","Series L","Max. Amps (phase)"
1, 0.00000, 11.6637, 1, 0.000412821, 0, -3.09473, 0.000412821, 0.0000217274, 0, 0, 0.0000217274, -6.99825, 1, 1, 9999, 9999, 9999, 9999, 9999, 9999, 9999, 9999, 1.72176E-18, 9999, 4.6655, 0, 0, 0, 0, 0, 8000, 0, 0, 0, 0
2, 0.00000, 11.6633, 0, 0, 0.000207247, -3.09466, -0.000207247, 0.000207247, 0, 0.000207247, 0, -0.000434548, 1, 1, 9999, 9999, 9999, 9999, 9999, 9999, 9999, 9999, 0, 9999, 4.6655, 0, 0, 0, 0, 0, 8000, 0, 0, 0, 0
3, 0.00000, 11.6633, 0, 0, 0.000514292, -3.09461, -0.000514292, 0.000514292, 0, 0.000514292, 0, 0, 1, 1, 9999, 9999, 9999, 9999, 9999, 9999, 9999, 9999, 0, 9999, 4.6655, 0, 0, 0, 0, 0, 8000, 0, 0, 0, 0
4, 0.00000, 11.6633, -1, 0, 0.000827352, -3.09478, -0.000827352, 0.0000413676, 0, 0, 0.0000413676, 0, 1, 1, 9999, 9999, 9999, 9999, 9999, 9999, 9999, 9999, -1.09579E-19, 9999, 4.6655, 0, 0, 0, 0, 0, 8000, 0, 0, 0, 0
5, 0.00000, 11.6641, -1, 0, 0.000703193, -3.09454, -0.000703193, 0.0000351596, 0, 0, 0.0000351596, 0.000785984, 1, 1, 9999, 9999, 9999, 9999, 9999, 9999, 9999, 9999, -1.56383E-18, 9999, 4.6655, 0, 0, 0, 0, 0, 8000, 0, 0, 0, 0
6, 0.00000, 11.6648, -1, 0, 0.0000301694, -3.09469, -0.0000301694, 1.50847E-6, 0, 0, 1.50847E-6, 0.000668033, 1, 1, 9999, 9999, 9999, 9999, 9999, 9999, 9999, 9999, -1.15037E-18, 9999, 4.6655, 0, 0, 0, 0, 0, 8000, 0, 0, 0, 0
7, 0.00000, 11.6648, 0, 0, 0.000582202, -3.09479, -0.000582202, 0.000582202, 0, 0.000582202, 0, 0.0000286609, 1, 1, 9999, 9999, 9999, 9999, 9999, 9999, 9999, 9999, 0, 9999, 4.6655, 0, 0, 0, 0, 0, 8000, 0, 0, 0, 0
8, 0.00000, 11.6648, -1, 0, 0.000427271, -3.09462, -0.000427271, 0.0000213635, 0, 0, 0.0000213635, 0, 1, 1, 9999, 9999, 9999, 9999, 9999, 9999, 9999, 9999, -4.32581E-18, 9999, 4.6655, 0, 0, 0, 0, 0, 8000, 0, 0, 0, 0
9, 0.00000, 11.6652, 1, 0.000208178, 0, -3.09464, 0.000208178, 0.0000109567, 0, 0, 0.0000109567, 0.000405907, 1, 1, 9999, 9999, 9999, 9999, 9999, 9999, 9999, 9999, 2.8069E-18, 9999, 4.6655, 0, 0, 0, 0, 0, 8000, 0, 0, 0, 0
