hour,t(sec),kWh,State,kWOut,kWIn,kvarOut,DCkW,kWTotalLosses,kWInvLosses,kWIdlingLosses,kWChDchLosses,"kWh Chng",InvEff,InverterON,Vref,"Vavg (DRC)","VV Oper","VW Oper","DRC Oper","VV_DRC Oper","WP Oper","WV Oper",kWDesired,"kW VW Limit","Limit kWOut Function","kVA Exceeded","Grid voltage",di/dt,it,"it History","Rated VDC","Avg duty cycle","Target (Amps)","Series L","Max. Amps (phase)"
1, 0.00000, 11.6637, 1, 0.553185, 0, -3.0947, 0.553185, 0.029115, 0, 0, 0.029115, -6.99825, 1, 1, 9999, 9999, 9999, 9999, 9999, 9999, 9999, 9999, 0.553515, 9999, 4.6655, 0, 0, 0, 0, 0, 8000, 0, 0, 0, 0
2, 0.00000, 11.0815, 1, 0.799077, 0, -3.09462, 0.799077, 0.0420567, 0, 0, 0.0420567, -0.5823, 1, 1, 9999, 9999, 9999, 9999, 9999, 9999, 9999, 9999, 0.798594, 9999, 4.6655, 0, 0, 0, 0, 0, 8000, 0, 0, 0, 0
3, 0.00000, 10.2403, 1, 0.802993, 0, -3.09472, 0.802993, 0.0422628, 0, 0, 0.0422628, -0.841134, 1, 1, 9999, 9999, 9999, 9999, 9999, 9999, 9999, 9999, 0.803586, 9999, 4.6655, 0, 0, 0, 0, 0, 8000, 0, 0, 0, 0
4, 0.00000, 9.39506, 1, 0.592322, 0, -3.09471, 0.592322, 0.0311748, 0, 0, 0.0311748, -0.845256, 1, 1, 9999, 9999, 9999, 9999, 9999, 9999, 9999, 9999, 0.592285, 9999, 4.6655, 0, 0, 0, 0, 0, 8000, 0, 0, 0, 0
5, 0.00000, 8.77156, 1, 0.062641, 0, -3.09477, 0.062641, 0.00329689, 0, 0, 0.00329689, -0.623497, 1, 1, 9999, 9999, 9999, 9999, 9999, 9999, 9999, 9999, 0.0620651, 9999, 4.6655, 0, 0, 0, 0, 0, 8000, 0, 0, 0, 0
