hour,t(sec),kWh,State,kWOut,kWIn,kvarOut,DCkW,kWTotalLosses,kWInvLosses,kWIdlingLosses,kWChDchLosses,"kWh Chng",InvEff,InverterON,Vref,"Vavg (DRC)","VV Oper","VW Oper","DRC Oper","VV_DRC Oper","WP Oper","WV Oper",kWDesired,"kW VW Limit","Limit kWOut Function","kVA Exceeded","Grid voltage",di/dt,it,"it History","Rated VDC","Avg duty cycle","Target (Amps)","Series L","Max. Amps (phase)"
1, 0.00000, 11.6637, -1, 0, 2.58429, -3.09519, -2.58429, 0.129214, 0, 0, 0.129214, -6.99825, 1, 1, 9999, 9999, 9999, 9999, 9999, 9999, 9999, 9999, -2.58478, 9999, 4.6655, 0, 0, 0, 0, 0, 8000, 0, 0, 0, 0
2, 0.00000, 14.1188, 1, 4.66541, 0, -3.09473, 4.66541, 0.245548, 0, 0, 0.245548, 2.45508, 1, 1, 9999, 9999, 9999, 9999, 9999, 9999, 9999, 9999, 4.6655, 9999, 4.6655, 1, 0, 0, 0, 0, 8000, 0, 0, 0, 0
3, 0.00000, 9.20786, 1, 4.66531, 0, -3.09483, 4.66531, 0.245543, 0, 0, 0.245543, -4.91096, 1, 1, 9999, 9999, 9999, 9999, 9999, 9999, 9999, 9999, -2.58478, 9999, 4.6655, 1, 0, 0, 0, 0, 8000, 0, 0, 0, 0
