hour,t(sec),kWh,State,kWOut,kWIn,kvarOut,DCkW,kWTotalLosses,kWInvLosses,kWIdlingLosses,kWChDchLosses,"kWh Chng",InvEff,InverterON,Vref,"Vavg (DRC)","VV Oper","VW Oper","DRC Oper","VV_DRC Oper","WP Oper","WV Oper",kWDesired,"kW VW Limit","Limit kWOut Function","kVA Exceeded","Grid voltage",di/dt,it,"it History","Rated VDC","Avg duty cycle","Target (Amps)","Series L","Max. Amps (phase)"
1, 0.00000, 11.6637, -1, 0, 0.000110015, 3.09465, -0.000110015, 5.50076E-6, 0, 0, 5.50076E-6, -6.99825, 1, 1, 9999, 9999, 9999, 9999, 9999, 9999, 9999, 9999, -1.01722E-19, 9999, 4.6655, 0, 0, 0, 0, 0, 8000, 0, 0, 0, 0
2, 0.00000, 11.6639, 1, 1.14324, 0, 3.0946, 1.14324, 0.0601703, 0, 0, 0.0601703, 0.000104514, 1, 1, 9999, 9999, 9999, 9999, 9999, 9999, 9999, 9999, 1.14319, 9999, 4.6655, 0, 0, 0, 0, 0, 8000, 0, 0, 0, 0
3, 0.00000, 10.4604, 1, 1.52189, 0, 3.09468, 1.52189, 0.0800995, 0, 0, 0.0800995, -1.20341, 1, 1, 9999, 9999, 9999, 9999, 9999, 9999, 9999, 9999, 1.52189, 9999, 4.6655, 0, 0, 0, 0, 0, 8000, 0, 0, 0, 0
4, 0.00000, 8.85846, 1, 1.79635, 0, 3.09473, 1.79635, 0.0945446, 0, 0, 0.0945446, -1.60199, 1, 1, 9999, 9999, 9999, 9999, 9999, 9999, 9999, 9999, 1.79636, 9999, 4.6655, 0, 0, 0, 0, 0, 8000, 0, 0, 0, 0
5, 0.00000, 6.96757, 1, 1.30049, 0, 3.09465, 1.30049, 0.0684467, 0, 0, 0.0684467, -1.89089, 1, 1, 9999, 9999, 9999, 9999, 9999, 9999, 9999, 9999, 1.30046, 9999, 4.6655, 0, 0, 0, 0, 0, 8000, 0, 0, 0, 0
