hour,t(sec),kWh,State,kWOut,kWIn,kvarOut,DCkW,kWTotalLosses,kWInvLosses,kWIdlingLosses,kWChDchLosses,"kWh Chng",InvEff,InverterON,Vref,"Vavg (DRC)","VV Oper","VW Oper","DRC Oper","VV_DRC Oper","WP Oper","WV Oper",kWDesired,"kW VW Limit","Limit kWOut Function","kVA Exceeded","Grid voltage",di/dt,it,"it History","Rated VDC","Avg duty cycle","Target (Amps)","Series L","Max. Amps (phase)"
1, 0.00000, 5.83362, 1, 0.834933, 0, 1.54759, 0.834933, 0.0439439, 0, 0, 0.0439439, -3.50017, 1, 1, 9999, 9999, 9999, 9999, 9999, 9999, 9999, 9999, 0.834786, 9999, 2.3335, 0, 0, 0, 0, 0, 8000, 0, 0, 0, 0
2, 0.00000, 4.95475, 1, 0.989923, 0, 1.54779, 0.989923, 0.0521012, 0, 0, 0.0521012, -0.878877, 1, 1, 9999, 9999, 9999, 9999, 9999, 9999, 9999, 9999, 0.989917, 9999, 2.3335, 0, 0, 0, 0, 0, 8000, 0, 0, 0, 0
3, 0.00000, 3.91272, 1, 1.05716, 0, 1.54782, 1.05716, 0.05564, 0, 0, 0.05564, -1.04202, 1, 1, 9999, 9999, 9999, 9999, 9999, 9999, 9999, 9999, 1.05717, 9999, 2.3335, 0, 0, 0, 0, 0, 8000, 0, 0, 0, 0
