hour,t(sec),kWh,State,kWOut,kWIn,kvarOut,DCkW,kWTotalLosses,kWInvLosses,kWIdlingLosses,kWChDchLosses,"kWh Chng",InvEff,InverterON,Vref,"Vavg (DRC)","VV Oper","VW Oper","DRC Oper","VV_DRC Oper","WP Oper","WV Oper",kWDesired,"kW VW Limit","Limit kWOut Function","kVA Exceeded","Grid voltage",di/dt,it,"it History","Rated VDC","Avg duty cycle","Target (Amps)","Series L","Max. Amps (phase)"
1, 0.00000, 5.83362, 1, 0.819711, 0, 1.54759, 0.819711, 0.0431427, 0, 0, 0.0431427, -3.50017, 1, 1, 9999, 9999, 9999, 9999, 9999, 9999, 9999, 9999, 0.819549, 9999, 2.3335, 0, 0, 0, 0, 0, 8000, 0, 0, 0, 0
2, 0.00000, 4.97077, 1, 0.978444, 0, 1.54783, 0.978444, 0.051497, 0, 0, 0.051497, -0.862854, 1, 1, 9999, 9999, 9999, 9999, 9999, 9999, 9999, 9999, 0.97846, 9999, 2.3335, 0, 0, 0, 0, 0, 8000, 0, 0, 0, 0
3, 0.00000, 3.94083, 1, 1.08387, 0, 1.54782, 1.08387, 0.057046, 0, 0, 0.057046, -1.02994, 1, 1, 9999, 9999, 9999, 9999, 9999, 9999, 9999, 9999, 1.08389, 9999, 2.3335, 0, 0, 0, 0, 0, 8000, 0, 0, 0, 0
