hour,t(sec),kWh,State,kWOut,kWIn,kvarOut,DCkW,kWTotalLosses,kWInvLosses,kWIdlingLosses,kWChDchLosses,"kWh Chng",InvEff,InverterON,Vref,"Vavg (DRC)","VV Oper","VW Oper","DRC Oper","VV_DRC Oper","WP Oper","WV Oper",kWDesired,"kW VW Limit","Limit kWOut Function","kVA Exceeded","Grid voltage",di/dt,it,"it History","Rated VDC","Avg duty cycle","Target (Amps)","Series L","Max. Amps (phase)"
1, 0.00000, 5.83362, -1, 0, 2.33354, 1.54773, -2.33354, 0.116677, 0, 0, 0.116677, -3.50017, 1, 1, 9999, 9999, 9999, 9999, 9999, 9999, 9999, 9999, -2.3335, 9999, 2.3335, 1, 0, 0, 0, 0, 8000, 0, 0, 0, 0
2, 0.00000, 8.05049, 1, 0.880244, 0, 1.54779, 0.880244, 0.0463286, 0, 0, 0.0463286, 2.21686, 1, 1, 9999, 9999, 9999, 9999, 9999, 9999, 9999, 9999, 0.880243, 9999, 2.3335, 0, 0, 0, 0, 0, 8000, 0, 0, 0, 0
3, 0.00000, 7.12392, 1, 2.33343, 0, 1.54778, 2.33343, 0.122812, 0, 0, 0.122812, -0.926573, 1, 1, 9999, 9999, 9999, 9999, 9999, 9999, 9999, 9999, 2.3335, 9999, 2.3335, 1, 0, 0, 0, 0, 8000, 0, 0, 0, 0
4, 0.00000, 4.66768, 1, 0.998193, 0, 1.54786, 0.998193, 0.0525365, 0, 0, 0.0525365, -2.45624, 1, 1, 9999, 9999, 9999, 9999, 9999, 9999, 9999, 9999, 0.998225, 9999, 2.3335, 0, 0, 0, 0, 0, 8000, 0, 0, 0, 0
5, 0.00000, 3.61695, 1, 0.998185, 0, 1.54785, 0.998185, 0.052536, 0, 0, 0.052536, -1.05073, 1, 1, 9999, 9999, 9999, 9999, 9999, 9999, 9999, 9999, -2.3335, 9999, 2.3335, 0, 0, 0, 0, 0, 8000, 0, 0, 0, 0
