hour,t(sec),kWh,State,kWOut,kWIn,kvarOut,DCkW,kWTotalLosses,kWInvLosses,kWIdlingLosses,kWChDchLosses,"kWh Chng",InvEff,InverterON,Vref,"Vavg (DRC)","VV Oper","VW Oper","DRC Oper","VV_DRC Oper","WP Oper","WV Oper",kWDesired,"kW VW Limit","Limit kWOut Function","kVA Exceeded","Grid voltage",di/dt,it,"it History","Rated VDC","Avg duty cycle","Target (Amps)","Series L","Max. Amps (phase)"
1, 0.00000, 11.6637, 1, 0.000172822, 0, 3.09479, 0.000172822, 9.09588E-6, 0, 0, 9.09588E-6, -6.99825, 1, 1, 9999, 9999, 9999, 9999, 9999, 9999, 9999, 9999, 5.35926E-20, 9999, 4.6655, 0, 0, 0, 0, 0, 8000, 0, 0, 0, 0
2, 0.00000, 11.6636, 1, 0.000164669, 0, 3.09459, 0.000164669, 8.66677E-6, 0, 0, 8.66677E-6, -0.000181918, 1, 1, 9999, 9999, 9999, 9999, 9999, 9999, 9999, 9999, 1.82547E-21, 9999, 4.6655, 0, 0, 0, 0, 0, 8000, 0, 0, 0, 0
3, 0.00000, 11.6634, -1, 0, 0.000143959, 3.09461, -0.000143959, 7.19795E-6, 0, 0, 7.19795E-6, -0.000173335, 1, 1, 9999, 9999, 9999, 9999, 9999, 9999, 9999, 9999, -3.43357E-37, 9999, 4.6655, 0, 0, 0, 0, 0, 8000, 0, 0, 0, 0
