hour,t(sec),kWh,State,kWOut,kWIn,kvarOut,DCkW,kWTotalLosses,kWInvLosses,kWIdlingLosses,kWChDchLosses,"kWh Chng",InvEff,InverterON,Vref,"Vavg (DRC)","VV Oper","VW Oper","DRC Oper","VV_DRC Oper","WP Oper","WV Oper",kWDesired,"kW VW Limit","Limit kWOut Function","kVA Exceeded","Grid voltage",di/dt,it,"it History","Rated VDC","Avg duty cycle","Target (Amps)","Series L","Max. Amps (phase)"
1, 0.00000, 11.6637, -1, 0, 0.000288952, 3.09459, -0.000288952, 0.0000144476, 0, 0, 0.0000144476, -6.99825, 1, 1, 9999, 9999, 9999, 9999, 9999, 9999, 9999, 9999, -1.20174E-18, 9999, 4.6655, 0, 0, 0, 0, 0, 8000, 0, 0, 0, 0
2, 0.00000, 11.664, 1, 0.310117, 0, 3.09485, 0.310117, 0.0163219, 0, 0, 0.0163219, 0.000274504, 1, 1, 9999, 9999, 9999, 9999, 9999, 9999, 9999, 9999, 0.310522, 9999, 4.6655, 0, 0, 0, 0, 0, 8000, 0, 0, 0, 0
3, 0.00000, 11.3376, 1, 0.652548, 0, 3.09437, 0.652548, 0.0343447, 0, 0, 0.0343447, -0.326439, 1, 1, 9999, 9999, 9999, 9999, 9999, 9999, 9999, 9999, 0.652097, 9999, 4.6655, 0, 0, 0, 0, 0, 8000, 0, 0, 0, 0
4, 0.00000, 10.6507, 1, 0.886419, 0, 3.09473, 0.886419, 0.0466536, 0, 0, 0.0466536, -0.686893, 1, 1, 9999, 9999, 9999, 9999, 9999, 9999, 9999, 9999, 0.886445, 9999, 4.6655, 0, 0, 0, 0, 0, 8000, 0, 0, 0, 0
5, 0.00000, 9.71762, 1, 0.417976, 0, 3.09494, 0.417976, 0.0219988, 0, 0, 0.0219988, -0.933072, 1, 1, 9999, 9999, 9999, 9999, 9999, 9999, 9999, 9999, 0.418463, 9999, 4.6655, 0, 0, 0, 0, 0, 8000, 0, 0, 0, 0
