hour,t(sec),kWh,State,kWOut,kWIn,kvarOut,DCkW,kWTotalLosses,kWInvLosses,kWIdlingLosses,kWChDchLosses,"kWh Chng",InvEff,InverterON,Vref,"Vavg (DRC)","VV Oper","VW Oper","DRC Oper","VV_DRC Oper","WP Oper","WV Oper",kWDesired,"kW VW Limit","Limit kWOut Function","kVA Exceeded","Grid voltage",di/dt,it,"it History","Rated VDC","Avg duty cycle","Target (Amps)","Series L","Max. Amps (phase)"
1, 0.00000, 11.6637, -1, 0, 2.58126, 2.1543, -2.58126, 0.129063, 0, 0, 0.129063, -6.99825, 1, 1, 9999, 9999, 9999, 9999, 9999, 9999, 9999, 9999, -2.58081, 9999, 4.6655, 0, 0, 0, 0, 0, 8000, 0, 0, 0, 0
2, 0.00000, 14.1159, 1, 0.0000255653, 0, 3.09468, 0.0000255653, 1.34554E-6, 0, 0, 1.34554E-6, 2.45219, 1, 1, 9999, 9999, 9999, 9999, 9999, 9999, 9999, 9999, 1.32398E-18, 9999, 4.6655, 0, 0, 0, 0, 0, 8000, 0, 0, 0, 0
3, 0.00000, 14.1159, 1, 4.66552, 0, 3.09457, 4.66552, 0.245554, 0, 0, 0.245554, -0.0000269109, 1, 1, 9999, 9999, 9999, 9999, 9999, 9999, 9999, 9999, 4.6655, 9999, 4.6655, 1, 0, 0, 0, 0, 8000, 0, 0, 0, 0
4, 0.00000, 9.20484, -1, 0, 0.000362489, 3.09486, -0.000362489, 0.0000181245, 0, 0, 0.0000181245, -4.91108, 1, 1, 9999, 9999, 9999, 9999, 9999, 9999, 9999, 9999, -7.05284E-35, 9999, 4.6655, 0, 0, 0, 0, 0, 8000, 0, 0, 0, 0
5, 0.00000, 9.20518, -1, 0, 2.58903, 2.15535, -2.58903, 0.129452, 0, 0, 0.129452, 0.000344365, 1, 1, 9999, 9999, 9999, 9999, 9999, 9999, 9999, 9999, -2.5887, 9999, 4.6655, 0, 0, 0, 0, 0, 8000, 0, 0, 0, 0
