hour,t(sec),kWh,State,kWOut,kWIn,kvarOut,DCkW,kWTotalLosses,kWInvLosses,kWIdlingLosses,kWChDchLosses,"kWh Chng",InvEff,InverterON,Vref,"Vavg (DRC)","VV Oper","VW Oper","DRC Oper","VV_DRC Oper","WP Oper","WV Oper",kWDesired,"kW VW Limit","Limit kWOut Function","kVA Exceeded","Grid voltage",di/dt,it,"it History","Rated VDC","Avg duty cycle","Target (Amps)","Series L","Max. Amps (phase)"
1, 0.00000, 5.83362, 1, 0.000164945, 0, -1.54777, 0.000164945, 8.6813E-6, 0, 0, 8.6813E-6, -3.50017, 1, 1, 9999, 9999, 9999, 9999, 9999, 9999, 9999, 9999, 3.23306E-19, 9999, 2.3335, 0, 0, 0, 0, 0, 8000, 0, 0, 0, 0
2, 0.00000, 5.83345, -1, 0, 0.000245998, -1.54782, -0.000245998, 0.0000122999, 0, 0, 0.0000122999, -0.000173626, 1, 1, 9999, 9999, 9999, 9999, 9999, 9999, 9999, 9999, -3.44891E-20, 9999, 2.3335, 0, 0, 0, 0, 0, 8000, 0, 0, 0, 0
3, 0.00000, 5.83368, 1, 0.957687, 0, -1.54791, 0.957687, 0.0504046, 0, 0, 0.0504046, 0.000233698, 1, 1, 9999, 9999, 9999, 9999, 9999, 9999, 9999, 9999, 0.958018, 9999, 2.3335, 0, 0, 0, 0, 0, 8000, 0, 0, 0, 0
4, 0.00000, 4.82559, 1, 1.53689, 0, -1.54779, 1.53689, 0.080889, 0, 0, 0.080889, -1.00809, 1, 1, 9999, 9999, 9999, 9999, 9999, 9999, 9999, 9999, 1.53687, 9999, 2.3335, 0, 0, 0, 0, 0, 8000, 0, 0, 0, 0
5, 0.00000, 3.20781, 1, 0.377798, 0, -1.54777, 0.377798, 0.0198841, 0, 0, 0.0198841, -1.61778, 1, 1, 9999, 9999, 9999, 9999, 9999, 9999, 9999, 9999, 0.37749, 9999, 2.3335, 0, 0, 0, 0, 0, 8000, 0, 0, 0, 0
