hour,t(sec),kWh,State,kWOut,kWIn,kvarOut,DCkW,kWTotalLosses,kWInvLosses,kWIdlingLosses,kWChDchLosses,"kWh Chng",InvEff,InverterON,Vref,"Vavg (DRC)","VV Oper","VW Oper","DRC Oper","VV_DRC Oper","WP Oper","WV Oper",kWDesired,"kW VW Limit","Limit kWOut Function","kVA Exceeded","Grid voltage",di/dt,it,"it History","Rated VDC","Avg duty cycle","Target (Amps)","Series L","Max. Amps (phase)"
1, 0.00000, 5.83362, 1, 0.000119481, 0, 1.54775, 0.000119481, 6.28848E-6, 0, 0, 6.28848E-6, -3.50017, 1, 1, 9999, 9999, 9999, 9999, 9999, 9999, 9999, 9999, 1.99825E-17, 9999, 2.3335, 0, 0, 0, 0, 0, 8000, 0, 0, 0, 0
2, 0.00000, 5.8335, -1, 0, 0.000289305, 1.54789, -0.000289305, 0.0000144653, 0, 0, 0.0000144653, -0.00012577, 1, 1, 9999, 9999, 9999, 9999, 9999, 9999, 9999, 9999, -1.20721E-16, 9999, 2.3335, 0, 0, 0, 0, 0, 8000, 0, 0, 0, 0
3, 0.00000, 5.83377, 1, 0.000232778, 0, 1.54771, 0.000232778, 0.0000122515, 0, 0, 0.0000122515, 0.00027484, 1, 1, 9999, 9999, 9999, 9999, 9999, 9999, 9999, 9999, 1.91921E-16, 9999, 2.3335, 0, 0, 0, 0, 0, 8000, 0, 0, 0, 0
4, 0.00000, 5.83353, -1, 0, 0.0000231171, 1.54779, -0.0000231171, 1.15585E-6, 0, 0, 1.15585E-6, -0.000245029, 1, 1, 9999, 9999, 9999, 9999, 9999, 9999, 9999, 9999, -7.81629E-17, 9999, 2.3335, 0, 0, 0, 0, 0, 8000, 0, 0, 0, 0
5, 0.00000, 5.83355, -1, 0, 0.000244122, 1.54787, -0.000244122, 0.0000122061, 0, 0, 0.0000122061, 0.0000219612, 1, 1, 9999, 9999, 9999, 9999, 9999, 9999, 9999, 9999, -2.97661E-17, 9999, 2.3335, 0, 0, 0, 0, 0, 8000, 0, 0, 0, 0
