hour,t(sec),kWh,State,kWOut,kWIn,kvarOut,DCkW,kWTotalLosses,kWInvLosses,kWIdlingLosses,kWChDchLosses,"kWh Chng",InvEff,InverterON,Vref,"Vavg (DRC)","VV Oper","VW Oper","DRC Oper","VV_DRC Oper","WP Oper","WV Oper",kWDesired,"kW VW Limit","Limit kWOut Function","kVA Exceeded","Grid voltage",di/dt,it,"it History","Rated VDC","Avg duty cycle","Target (Amps)","Series L","Max. Amps (phase)"
1, 0.00000, 5.83362, -1, 0, 0.392971, 1.54783, -0.392971, 0.0196485, 0, 0, 0.0196485, -3.50017, 1, 1, 9999, 9999, 9999, 9999, 9999, 9999, 9999, 9999, -0.392868, 9999, 2.3335, 0, 0, 0, 0, 0, 8000, 0, 0, 0, 0
2, 0.00000, 6.20695, 0, 0, 0.0000510786, 1.54776, -0.0000510786, 0.0000510786, 0, 0.0000510786, 0, 0.373322, 1, 1, 9999, 9999, 9999, 9999, 9999, 9999, 9999, 9999, 0, 9999, 2.3335, 0, 0, 0, 0, 0, 8000, 0, 0, 0, 0
3, 0.00000, 6.20695, 0, 0, 0.000099469, 1.54774, -0.000099469, 0.000099469, 0, 0.000099469, 0, 0, 1, 1, 9999, 9999, 9999, 9999, 9999, 9999, 9999, 9999, 0, 9999, 2.3335, 0, 0, 0, 0, 0, 8000, 0, 0, 0, 0
4, 0.00000, 6.20695, -1, 0, 0.000152699, 1.54788, -0.000152699, 7.63494E-6, 0, 0, 7.63494E-6, 0, 1, 1, 9999, 9999, 9999, 9999, 9999, 9999, 9999, 9999, -6.41059E-17, 9999, 2.3335, 0, 0, 0, 0, 0, 8000, 0, 0, 0, 0
5, 0.00000, 6.20709, 1, 0.000139776, 0, 1.5477, 0.000139776, 7.35663E-6, 0, 0, 7.35663E-6, 0.000145064, 1, 1, 9999, 9999, 9999, 9999, 9999, 9999, 9999, 9999, 3.55415E-18, 9999, 2.3335, 0, 0, 0, 0, 0, 8000, 0, 0, 0, 0
6, 0.00000, 6.20695, 1, 0.35458, 0, 1.54779, 0.35458, 0.0186621, 0, 0, 0.0186621, -0.000147133, 1, 1, 9999, 9999, 9999, 9999, 9999, 9999, 9999, 9999, 0.354575, 9999, 2.3335, 0, 0, 0, 0, 0, 8000, 0, 0, 0, 0
7, 0.00000, 5.8337, -1, 0, 0.000118937, 1.54787, -0.000118937, 5.94687E-6, 0, 0, 5.94687E-6, -0.373243, 1, 1, 9999, 9999, 9999, 9999, 9999, 9999, 9999, 9999, -1.30499E-16, 9999, 2.3335, 0, 0, 0, 0, 0, 8000, 0, 0, 0, 0
8, 0.00000, 5.83382, -1, 0, 0.0000809007, 1.54775, -0.0000809007, 4.04503E-6, 0, 0, 4.04503E-6, 0.000112991, 1, 1, 9999, 9999, 9999, 9999, 9999, 9999, 9999, 9999, -1.13935E-16, 9999, 2.3335, 0, 0, 0, 0, 0, 8000, 0, 0, 0, 0
9, 0.00000, 5.83389, -1, 0, 0.0000470502, 1.54776, -0.0000470502, 2.35251E-6, 0, 0, 2.35251E-6, 0.0000768557, 1, 1, 9999, 9999, 9999, 9999, 9999, 9999, 9999, 9999, -9.48988E-18, 9999, 2.3335, 0, 0, 0, 0, 0, 8000, 0, 0, 0, 0
