hour,t(sec),kWh,State,kWOut,kWIn,kvarOut,DCkW,kWTotalLosses,kWInvLosses,kWIdlingLosses,kWChDchLosses,"kWh Chng",InvEff,InverterON,Vref,"Vavg (DRC)","VV Oper","VW Oper","DRC Oper","VV_DRC Oper","WP Oper","WV Oper",kWDesired,"kW VW Limit","Limit kWOut Function","kVA Exceeded","Grid voltage",di/dt,it,"it History","Rated VDC","Avg duty cycle","Target (Amps)","Series L","Max. Amps (phase)"
1, 0.00000, 11.6637, -1, 0, 0.000383506, -3.09471, -0.000383506, 0.0000191753, 0, 0, 0.0000191753, -6.99825, 1, 1, 9999, 9999, 9999, 9999, 9999, 9999, 9999, 9999, -1.19325E-16, 9999, 4.6655, 0, 0, 0, 0, 0, 8000, 0, 0, 0, 0
2, 0.00000, 11.6641, 1, 0.000651431, 0, -3.09458, 0.000651431, 0.0000342858, 0, 0, 0.0000342858, 0.00036433, 1, 1, 9999, 9999, 9999, 9999, 9999, 9999, 9999, 9999, 1.50462E-33, 9999, 4.6655, 0, 0, 0, 0, 0, 8000, 0, 0, 0, 0
3, 0.00000, 11.6634, -1, 0, 0.00080249, -3.09478, -0.00080249, 0.0000401245, 0, 0, 0.0000401245, -0.000685717, 1, 1, 9999, 9999, 9999, 9999, 9999, 9999, 9999, 9999, -3.76156E-34, 9999, 4.6655, 0, 0, 0, 0, 0, 8000, 0, 0, 0, 0
4, 0.00000, 11.6642, -1, 0, 0.000489028, -3.09462, -0.000489028, 0.0000244514, 0, 0, 0.0000244514, 0.000762366, 1, 1, 9999, 9999, 9999, 9999, 9999, 9999, 9999, 9999, -8.40537E-18, 9999, 4.6655, 0, 0, 0, 0, 0, 8000, 0, 0, 0, 0
5, 0.00000, 11.6647, -1, 0, 0.000520074, -3.09476, -0.000520074, 0.0000260037, 0, 0, 0.0000260037, 0.000464576, 1, 1, 9999, 9999, 9999, 9999, 9999, 9999, 9999, 9999, -4.87405E-18, 9999, 4.6655, 0, 0, 0, 0, 0, 8000, 0, 0, 0, 0
6, 0.00000, 11.6651, 1, 0.000609197, 0, -3.09457, 0.000609197, 0.000032063, 0, 0, 0.000032063, 0.00049407, 1, 1, 9999, 9999, 9999, 9999, 9999, 9999, 9999, 9999, 7.52312E-34, 9999, 4.6655, 0, 0, 0, 0, 0, 8000, 0, 0, 0, 0
7, 0.00000, 11.6645, 1, 0.000530797, 0, -3.09476, 0.000530797, 0.0000279367, 0, 0, 0.0000279367, -0.00064126, 1, 1, 9999, 9999, 9999, 9999, 9999, 9999, 9999, 9999, 4.17021E-18, 9999, 4.6655, 0, 0, 0, 0, 0, 8000, 0, 0, 0, 0
8, 0.00000, 11.6639, -1, 0, 0.000169453, -3.09466, -0.000169453, 8.47265E-6, 0, 0, 8.47265E-6, -0.000558734, 1, 1, 9999, 9999, 9999, 9999, 9999, 9999, 9999, 9999, -1.33438E-17, 9999, 4.6655, 0, 0, 0, 0, 0, 8000, 0, 0, 0, 0
