hour,t(sec),kWh,State,kWOut,kWIn,kvarOut,DCkW,kWTotalLosses,kWInvLosses,kWIdlingLosses,kWChDchLosses,"kWh Chng",InvEff,InverterON,Vref,"Vavg (DRC)","VV Oper","VW Oper","DRC Oper","VV_DRC Oper","WP Oper","WV Oper",kWDesired,"kW VW Limit","Limit kWOut Function","kVA Exceeded","Grid voltage",di/dt,it,"it History","Rated VDC","Avg duty cycle","Target (Amps)","Series L","Max. Amps (phase)"
1, 0.00000, 11.6637, 1, 1.58408, 0, 3.0943, 1.58408, 0.0833725, 0, 0, 0.0833725, -6.99825, 1, 1, 9999, 9999, 9999, 9999, 9999, 9999, 9999, 9999, 1.58375, 9999, 4.6655, 0, 0, 0, 0, 0, 8000, 0, 0, 0, 0
2, 0.00000, 9.9963, 1, 1.9236, 0, 3.09475, 1.9236, 0.101242, 0, 0, 0.101242, -1.66745, 1, 1, 9999, 9999, 9999, 9999, 9999, 9999, 9999, 9999, 1.92363, 9999, 4.6655, 0, 0, 0, 0, 0, 8000, 0, 0, 0, 0
3, 0.00000, 7.97146, 1, 2.25444, 0, 3.09475, 2.25444, 0.118655, 0, 0, 0.118655, -2.02484, 1, 1, 9999, 9999, 9999, 9999, 9999, 9999, 9999, 9999, 2.25446, 9999, 4.6655, 0, 0, 0, 0, 0, 8000, 0, 0, 0, 0
