hour,t(sec),kWh,State,kWOut,kWIn,kvarOut,DCkW,kWTotalLosses,kWInvLosses,kWIdlingLosses,kWChDchLosses,"kWh Chng",InvEff,InverterON,Vref,"Vavg (DRC)","VV Oper","VW Oper","DRC Oper","VV_DRC Oper","WP Oper","WV Oper",kWDesired,"kW VW Limit","Limit kWOut Function","kVA Exceeded","Grid voltage",di/dt,it,"it History","Rated VDC","Avg duty cycle","Target (Amps)","Series L","Max. Amps (phase)"
1, 0.00000, 5.83362, 1, 0.000162186, 0, -1.54783, 0.000162186, 8.53611E-6, 0, 0, 8.53611E-6, -3.50017, 1, 1, 9999, 9999, 9999, 9999, 9999, 9999, 9999, 9999, 4.03322E-18, 9999, 2.3335, 0, 0, 0, 0, 0, 8000, 0, 0, 0, 0
2, 0.00000, 5.83345, 0, 0, 0.000281734, -1.5477, -0.000281734, 0.000281734, 0, 0.000281734, 0, -0.000170722, 1, 1, 9999, 9999, 9999, 9999, 9999, 9999, 9999, 9999, 0, 9999, 2.3335, 0, 0, 0, 0, 0, 8000, 0, 0, 0, 0
3, 0.00000, 5.83345, 1, 0.000340112, 0, -1.54788, 0.000340112, 0.0000179006, 0, 0, 0.0000179006, 0, 1, 1, 9999, 9999, 9999, 9999, 9999, 9999, 9999, 9999, 1.69351E-18, 9999, 2.3335, 0, 0, 0, 0, 0, 8000, 0, 0, 0, 0
4, 0.00000, 5.8331, -1, 0, 0.000207344, -1.54773, -0.000207344, 0.0000103672, 0, 0, 0.0000103672, -0.000358012, 1, 1, 9999, 9999, 9999, 9999, 9999, 9999, 9999, 9999, -1.34151E-17, 9999, 2.3335, 0, 0, 0, 0, 0, 8000, 0, 0, 0, 0
5, 0.00000, 5.83329, 1, 0.00022092, 0, -1.54786, 0.00022092, 0.0000116274, 0, 0, 0.0000116274, 0.000196977, 1, 1, 9999, 9999, 9999, 9999, 9999, 9999, 9999, 9999, 6.80169E-18, 9999, 2.3335, 0, 0, 0, 0, 0, 8000, 0, 0, 0, 0
6, 0.00000, 5.83306, -1, 0, 0.000265228, -1.5477, -0.000265228, 0.0000132614, 0, 0, 0.0000132614, -0.000232547, 1, 1, 9999, 9999, 9999, 9999, 9999, 9999, 9999, 9999, -2.2203E-18, 9999, 2.3335, 0, 0, 0, 0, 0, 8000, 0, 0, 0, 0
7, 0.00000, 5.83331, 1, 0.000229928, 0, -1.54786, 0.000229928, 0.0000121015, 0, 0, 0.0000121015, 0.000251966, 1, 1, 9999, 9999, 9999, 9999, 9999, 9999, 9999, 9999, 1.31642E-17, 9999, 2.3335, 0, 0, 0, 0, 0, 8000, 0, 0, 0, 0
8, 0.00000, 5.83307, 0, 0, 0.000072916, -1.54777, -0.000072916, 0.000072916, 0, 0.000072916, 0, -0.000242029, 1, 1, 9999, 9999, 9999, 9999, 9999, 9999, 9999, 9999, 0, 9999, 2.3335, 0, 0, 0, 0, 0, 8000, 0, 0, 0, 0
