hour,t(sec),kWh,State,kWOut,kWIn,kvarOut,DCkW,kWTotalLosses,kWInvLosses,kWIdlingLosses,kWChDchLosses,"kWh Chng",InvEff,InverterON,Vref,"Vavg (DRC)","VV Oper","VW Oper","DRC Oper","VV_DRC Oper","WP Oper","WV Oper",kWDesired,"kW VW Limit","Limit kWOut Function","kVA Exceeded","Grid voltage",di/dt,it,"it History","Rated VDC","Avg duty cycle","Target (Amps)","Series L","Max. Amps (phase)"
1, 0.00000, 5.83362, -1, 0, 2.33323, -1.54813, -2.33323, 0.116662, 0, 0, 0.116662, -3.50017, 1, 1, 9999, 9999, 9999, 9999, 9999, 9999, 9999, 9999, -2.3335, 9999, 2.3335, 1, 0, 0, 0, 0, 8000, 0, 0, 0, 0
2, 0.00000, 8.0502, 1, 0.000106125, 0, -1.54778, 0.000106125, 5.58551E-6, 0, 0, 5.58551E-6, 2.21657, 1, 1, 9999, 9999, 9999, 9999, 9999, 9999, 9999, 9999, 9.12119E-19, 9999, 2.3335, 0, 0, 0, 0, 0, 8000, 0, 0, 0, 0
3, 0.00000, 8.05009, 1, 0.000261992, 0, -1.54775, 0.000261992, 0.000013789, 0, 0, 0.000013789, -0.00011171, 1, 1, 9999, 9999, 9999, 9999, 9999, 9999, 9999, 9999, 3.46571E-18, 9999, 2.3335, 0, 0, 0, 0, 0, 8000, 0, 0, 0, 0
4, 0.00000, 8.04981, 0, 0, 0.000417807, -1.54785, -0.000417807, 0.000417807, 0, 0.000417807, 0, -0.000275781, 1, 1, 9999, 9999, 9999, 9999, 9999, 9999, 9999, 9999, 0, 9999, 2.3335, 0, 0, 0, 0, 0, 8000, 0, 0, 0, 0
5, 0.00000, 8.04981, 1, 0.475769, 0, -1.54783, 0.475769, 0.0250405, 0, 0, 0.0250405, 0, 1, 1, 9999, 9999, 9999, 9999, 9999, 9999, 9999, 9999, 0.476151, 9999, 2.3335, 0, 0, 0, 0, 0, 8000, 0, 0, 0, 0
6, 0.00000, 7.549, 1, 1.07806, 0, -1.5478, 1.07806, 0.0567399, 0, 0, 0.0567399, -0.50081, 1, 1, 9999, 9999, 9999, 9999, 9999, 9999, 9999, 9999, 1.07808, 9999, 2.3335, 0, 0, 0, 0, 0, 8000, 0, 0, 0, 0
7, 0.00000, 6.4142, 1, 0.000297533, 0, -1.54785, 0.000297533, 0.0000156596, 0, 0, 0.0000156596, -1.1348, 1, 1, 9999, 9999, 9999, 9999, 9999, 9999, 9999, 9999, 6.90063E-18, 9999, 2.3335, 0, 0, 0, 0, 0, 8000, 0, 0, 0, 0
8, 0.00000, 6.41389, 0, 0, 0.000216972, -1.54776, -0.000216972, 0.000216972, 0, 0.000216972, 0, -0.000313193, 1, 1, 9999, 9999, 9999, 9999, 9999, 9999, 9999, 9999, 0, 9999, 2.3335, 0, 0, 0, 0, 0, 8000, 0, 0, 0, 0
9, 0.00000, 6.41389, 1, 0.551638, 0, -1.54781, 0.551638, 0.0290336, 0, 0, 0.0290336, 0, 1, 1, 9999, 9999, 9999, 9999, 9999, 9999, 9999, 9999, 0.551756, 9999, 2.3335, 0, 0, 0, 0, 0, 8000, 0, 0, 0, 0
