hour,t(sec),kWh,State,kWOut,kWIn,kvarOut,DCkW,kWTotalLosses,kWInvLosses,kWIdlingLosses,kWChDchLosses,"kWh Chng",InvEff,InverterON,Vref,"Vavg (DRC)","VV Oper","VW Oper","DRC Oper","VV_DRC Oper","WP Oper","WV Oper",kWDesired,"kW VW Limit","Limit kWOut Function","kVA Exceeded","Grid voltage",di/dt,it,"it History","Rated VDC","Avg duty cycle","Target (Amps)","Series L","Max. Amps (phase)"
1, 0.00000, 5.83362, -1, 0, 1.8209, -1.54812, -1.8209, 0.0910452, 0, 0, 0.0910452, -3.50017, 1, 1, 9999, 9999, 9999, 9999, 9999, 9999, 9999, 9999, -1.82106, 9999, 2.3335, 0, 0, 0, 0, 0, 8000, 0, 0, 0, 0
2, 0.00000, 7.56348, 1, 0.000170776, 0, -1.54772, 0.000170776, 8.98818E-6, 0, 0, 8.98818E-6, 1.72986, 1, 1, 9999, 9999, 9999, 9999, 9999, 9999, 9999, 9999, 4.31604E-18, 9999, 2.3335, 0, 0, 0, 0, 0, 8000, 0, 0, 0, 0
3, 0.00000, 7.5633, 1, 2.3334, 0, -1.54781, 2.3334, 0.122811, 0, 0, 0.122811, -0.000179764, 1, 1, 9999, 9999, 9999, 9999, 9999, 9999, 9999, 9999, 2.3335, 9999, 2.3335, 1, 0, 0, 0, 0, 8000, 0, 0, 0, 0
4, 0.00000, 5.10709, -1, 0, 0.000219372, -1.54788, -0.000219372, 0.0000109686, 0, 0, 0.0000109686, -2.45621, 1, 1, 9999, 9999, 9999, 9999, 9999, 9999, 9999, 9999, -5.02286E-18, 9999, 2.3335, 0, 0, 0, 0, 0, 8000, 0, 0, 0, 0
5, 0.00000, 5.1073, -1, 0, 0.764426, -1.5479, -0.764426, 0.0382213, 0, 0, 0.0382213, 0.000208403, 1, 1, 9999, 9999, 9999, 9999, 9999, 9999, 9999, 9999, -0.764548, 9999, 2.3335, 0, 0, 0, 0, 0, 8000, 0, 0, 0, 0
