hour,t(sec),kWh,State,kWOut,kWIn,kvarOut,DCkW,kWTotalLosses,kWInvLosses,kWIdlingLosses,kWChDchLosses,"kWh Chng",InvEff,InverterON,Vref,"Vavg (DRC)","VV Oper","VW Oper","DRC Oper","VV_DRC Oper","WP Oper","WV Oper",kWDesired,"kW VW Limit","Limit kWOut Function","kVA Exceeded","Grid voltage",di/dt,it,"it History","Rated VDC","Avg duty cycle","Target (Amps)","Series L","Max. Amps (phase)"
1, 0.00000, 11.6637, 1, 1.55658, 0, 3.09447, 1.55658, 0.0819254, 0, 0, 0.0819254, -6.99825, 1, 1, 9999, 9999, 9999, 9999, 9999, 9999, 9999, 9999, 1.55646, 9999, 4.6655, 0, 0, 0, 0, 0, 8000, 0, 0, 0, 0
2, 0.00000, 10.0252, 1, 1.9539, 0, 3.09473, 1.9539, 0.102837, 0, 0, 0.102837, -1.63851, 1, 1, 9999, 9999, 9999, 9999, 9999, 9999, 9999, 9999, 1.95391, 9999, 4.6655, 0, 0, 0, 0, 0, 8000, 0, 0, 0, 0
3, 0.00000, 7.96851, 1, 2.25152, 0, 3.09473, 2.25152, 0.118501, 0, 0, 0.118501, -2.05674, 1, 1, 9999, 9999, 9999, 9999, 9999, 9999, 9999, 9999, 2.25152, 9999, 4.6655, 0, 0, 0, 0, 0, 8000, 0, 0, 0, 0
