hour,t(sec),kWh,State,kWOut,kWIn,kvarOut,DCkW,kWTotalLosses,kWInvLosses,kWIdlingLosses,kWChDchLosses,"kWh Chng",InvEff,InverterON,Vref,"Vavg (DRC)","VV Oper","VW Oper","DRC Oper","VV_DRC Oper","WP Oper","WV Oper",kWDesired,"kW VW Limit","Limit kWOut Function","kVA Exceeded","Grid voltage",di/dt,it,"it History","Rated VDC","Avg duty cycle","Target (Amps)","Series L","Max. Amps (phase)"
1, 0.00000, 5.83362, -1, 0, 1.84505, 1.54759, -1.84505, 0.0922525, 0, 0, 0.0922525, -3.50017, 1, 1, 9999, 9999, 9999, 9999, 9999, 9999, 9999, 9999, -1.84473, 9999, 2.3335, 0, 0, 0, 0, 0, 8000, 0, 0, 0, 0
2, 0.00000, 7.58642, 0, 0, 0.00018041, 1.54771, -0.00018041, 0.00018041, 0, 0.00018041, 0, 1.7528, 1, 1, 9999, 9999, 9999, 9999, 9999, 9999, 9999, 9999, 0, 9999, 2.3335, 0, 0, 0, 0, 0, 8000, 0, 0, 0, 0
3, 0.00000, 7.58642, 1, 2.33342, 0, 1.54777, 2.33342, 0.122812, 0, 0, 0.122812, 0, 1, 1, 9999, 9999, 9999, 9999, 9999, 9999, 9999, 9999, 2.3335, 9999, 2.3335, 1, 0, 0, 0, 0, 8000, 0, 0, 0, 0
4, 0.00000, 5.13019, 1, 0.546194, 0, 1.54798, 0.546194, 0.0287471, 0, 0, 0.0287471, -2.45623, 1, 1, 9999, 9999, 9999, 9999, 9999, 9999, 9999, 9999, 0.546389, 9999, 2.3335, 0, 0, 0, 0, 0, 8000, 0, 0, 0, 0
5, 0.00000, 4.55525, -1, 0, 1.34647, 1.54771, -1.34647, 0.0673235, 0, 0, 0.0673235, -0.574941, 1, 1, 9999, 9999, 9999, 9999, 9999, 9999, 9999, 9999, -1.34629, 9999, 2.3335, 0, 0, 0, 0, 0, 8000, 0, 0, 0, 0
