hour,t(sec),kWh,State,kWOut,kWIn,kvarOut,DCkW,kWTotalLosses,kWInvLosses,kWIdlingLosses,kWChDchLosses,"kWh Chng",InvEff,InverterON,Vref,"Vavg (DRC)","VV Oper","VW Oper","DRC Oper","VV_DRC Oper","WP Oper","WV Oper",kWDesired,"kW VW Limit","Limit kWOut Function","kVA Exceeded","Grid voltage",di/dt,it,"it History","Rated VDC","Avg duty cycle","Target (Amps)","Series L","Max. Amps (phase)"
1, 0.00000, 11.6637, 1, 0.889104, 0, 3.09453, 0.889104, 0.0467949, 0, 0, 0.0467949, -6.99825, 1, 1, 9999, 9999, 9999, 9999, 9999, 9999, 9999, 9999, 0.888964, 9999, 4.6655, 0, 0, 0, 0, 0, 8000, 0, 0, 0, 0
2, 0.00000, 10.7279, 1, 2.12089, 0, 3.09467, 2.12089, 0.111626, 0, 0, 0.111626, -0.935899, 1, 1, 9999, 9999, 9999, 9999, 9999, 9999, 9999, 9999, 2.12089, 9999, 4.6655, 0, 0, 0, 0, 0, 8000, 0, 0, 0, 0
3, 0.00000, 8.49533, 1, 2.75203, 0, 3.09473, 2.75203, 0.144844, 0, 0, 0.144844, -2.23252, 1, 1, 9999, 9999, 9999, 9999, 9999, 9999, 9999, 9999, 2.75204, 9999, 4.6655, 0, 0, 0, 0, 0, 8000, 0, 0, 0, 0
