hour,t(sec),kWh,State,kWOut,kWIn,kvarOut,DCkW,kWTotalLosses,kWInvLosses,kWIdlingLosses,kWChDchLosses,"kWh Chng",InvEff,InverterON,Vref,"Vavg (DRC)","VV Oper","VW Oper","DRC Oper","VV_DRC Oper","WP Oper","WV Oper",kWDesired,"kW VW Limit","Limit kWOut Function","kVA Exceeded","Grid voltage",di/dt,it,"it History","Rated VDC","Avg duty cycle","Target (Amps)","Series L","Max. Amps (phase)"
1, 0.00000, 5.83362, 1, 1.04262E-7, 0, 1.5478, 1.04262E-7, 5.48749E-9, 0, 0, 5.48749E-9, -3.50017, 1, 1, 9999, 9999, 9999, 9999, 9999, 9999, 9999, 9999, 5.35865E-17, 9999, 2.3335, 0, 0, 0, 0, 0, 8000, 0, 0, 0, 0
2, 0.00000, 5.83362, 1, 1.88382E-7, 0, 1.5478, 1.88382E-7, 9.91483E-9, 0, 0, 9.91483E-9, -1.0975E-7, 1, 1, 9999, 9999, 9999, 9999, 9999, 9999, 9999, 9999, 3.3257E-17, 9999, 2.3335, 0, 0, 0, 0, 0, 8000, 0, 0, 0, 0
3, 0.00000, 5.83362, 1, 2.32455E-7, 0, 1.5478, 2.32455E-7, 1.22345E-8, 0, 0, 1.22345E-8, -1.98297E-7, 1, 1, 9999, 9999, 9999, 9999, 9999, 9999, 9999, 9999, 3.07859E-17, 9999, 2.3335, 0, 0, 0, 0, 0, 8000, 0, 0, 0, 0
4, 0.00000, 5.83362, -1, 0, 2.36238E-7, 1.5478, -2.36238E-7, 1.18119E-8, 0, 0, 1.18119E-8, -2.4469E-7, 1, 1, 9999, 9999, 9999, 9999, 9999, 9999, 9999, 9999, -3.13529E-17, 9999, 2.3335, 0, 0, 0, 0, 0, 8000, 0, 0, 0, 0
5, 0.00000, 5.83362, 1, 2.673E-7, 0, 1.5478, 2.673E-7, 1.40684E-8, 0, 0, 1.40684E-8, 2.24426E-7, 1, 1, 9999, 9999, 9999, 9999, 9999, 9999, 9999, 9999, 2.59649E-16, 9999, 2.3335, 0, 0, 0, 0, 0, 8000, 0, 0, 0, 0
6, 0.00000, 5.83362, -1, 0, 2.05685E-7, 1.5478, -2.05685E-7, 1.02843E-8, 0, 0, 1.02843E-8, -2.81369E-7, 1, 1, 9999, 9999, 9999, 9999, 9999, 9999, 9999, 9999, -6.58117E-17, 9999, 2.3335, 0, 0, 0, 0, 0, 8000, 0, 0, 0, 0
7, 0.00000, 5.83362, -1, 0, 2.33043E-7, 1.5478, -2.33043E-7, 1.16522E-8, 0, 0, 1.16522E-8, 1.95401E-7, 1, 1, 9999, 9999, 9999, 9999, 9999, 9999, 9999, 9999, -2.96284E-18, 9999, 2.3335, 0, 0, 0, 0, 0, 8000, 0, 0, 0, 0
8, 0.00000, 5.83362, 0, 0, 2.44753E-7, 1.5478, -2.44753E-7, 2.44753E-7, 0, 2.44753E-7, 0, 2.21391E-7, 1, 1, 9999, 9999, 9999, 9999, 9999, 9999, 9999, 9999, 0, 9999, 2.3335, 0, 0, 0, 0, 0, 8000, 0, 0, 0, 0
