hour,t(sec),kWh,State,kWOut,kWIn,kvarOut,DCkW,kWTotalLosses,kWInvLosses,kWIdlingLosses,kWChDchLosses,"kWh Chng",InvEff,InverterON,Vref,"Vavg (DRC)","VV Oper","VW Oper","DRC Oper","VV_DRC Oper","WP Oper","WV Oper",kWDesired,"kW VW Limit","Limit kWOut Function","kVA Exceeded","Grid voltage",di/dt,it,"it History","Rated VDC","Avg duty cycle","Target (Amps)","Series L","Max. Amps (phase)"
1, 0.00000, 11.6637, 1, 2.39235E-7, 0, -3.0947, 2.39235E-7, 1.25913E-8, 0, 0, 1.25913E-8, -6.99825, 1, 1, 9999, 9999, 9999, 9999, 9999, 9999, 9999, 9999, 1.34721E-17, 9999, 4.6655, 0, 0, 0, 0, 0, 8000, 0, 0, 0, 0
2, 0.00000, 11.6637, -1, 0, 4.02532E-7, -3.0947, -4.02532E-7, 2.01266E-8, 0, 0, 2.01266E-8, -2.51826E-7, 1, 1, 9999, 9999, 9999, 9999, 9999, 9999, 9999, 9999, -6.0185E-33, 9999, 4.6655, 0, 0, 0, 0, 0, 8000, 0, 0, 0, 0
3, 0.00000, 11.6637, 0, 0, 4.93136E-7, -3.0947, -4.93136E-7, 4.93136E-7, 0, 4.93136E-7, 0, 3.82406E-7, 1, 1, 9999, 9999, 9999, 9999, 9999, 9999, 9999, 9999, 0, 9999, 4.6655, 0, 0, 0, 0, 0, 8000, 0, 0, 0, 0
4, 0.00000, 11.6637, -1, 0, 4.99243E-7, -3.0947, -4.99243E-7, 2.49621E-8, 0, 0, 2.49621E-8, 0, 1, 1, 9999, 9999, 9999, 9999, 9999, 9999, 9999, 9999, -3.00925E-33, 9999, 4.6655, 0, 0, 0, 0, 0, 8000, 0, 0, 0, 0
5, 0.00000, 11.6638, -1, 0, 5.73263E-7, -3.0947, -5.73263E-7, 2.86631E-8, 0, 0, 2.86631E-8, 4.74281E-7, 1, 1, 9999, 9999, 9999, 9999, 9999, 9999, 9999, 9999, -2.59211E-17, 9999, 4.6655, 0, 0, 0, 0, 0, 8000, 0, 0, 0, 0
6, 0.00000, 11.6638, 0, 0, 4.28968E-7, -3.0947, -4.28968E-7, 4.28968E-7, 0, 4.28968E-7, 0, 5.446E-7, 1, 1, 9999, 9999, 9999, 9999, 9999, 9999, 9999, 9999, 0, 9999, 4.6655, 0, 0, 0, 0, 0, 8000, 0, 0, 0, 0
7, 0.00000, 11.6638, -1, 0, 4.8997E-7, -3.0947, -4.8997E-7, 2.44985E-8, 0, 0, 2.44985E-8, 0, 1, 1, 9999, 9999, 9999, 9999, 9999, 9999, 9999, 9999, -9.78122E-17, 9999, 4.6655, 0, 0, 0, 0, 0, 8000, 0, 0, 0, 0
8, 0.00000, 11.6638, 1, 5.09906E-7, 0, -3.0947, 5.09906E-7, 2.68372E-8, 0, 0, 2.68372E-8, 4.65472E-7, 1, 1, 9999, 9999, 9999, 9999, 9999, 9999, 9999, 9999, 1.16983E-16, 9999, 4.6655, 0, 0, 0, 0, 0, 8000, 0, 0, 0, 0
