hour,t(sec),kWh,State,kWOut,kWIn,kvarOut,DCkW,kWTotalLosses,kWInvLosses,kWIdlingLosses,kWChDchLosses,"kWh Chng",InvEff,InverterON,Vref,"Vavg (DRC)","VV Oper","VW Oper","DRC Oper","VV_DRC Oper","WP Oper","WV Oper",kWDesired,"kW VW Limit","Limit kWOut Function","kVA Exceeded","Grid voltage",di/dt,it,"it History","Rated VDC","Avg duty cycle","Target (Amps)","Series L","Max. Amps (phase)"
1, 0.00000, 11.6637, -1, 0, 2.60231, -3.09519, -2.60231, 0.130115, 0, 0, 0.130115, -6.99825, 1, 1, 9999, 9999, 9999, 9999, 9999, 9999, 9999, 9999, -2.60279, 9999, 4.6655, 0, 0, 0, 0, 0, 8000, 0, 0, 0, 0
2, 0.00000, 14.1359, 0, 0, 0.000391932, -3.09458, -0.000391932, 0.000391932, 0, 0.000391932, 0, 2.47219, 1, 1, 9999, 9999, 9999, 9999, 9999, 9999, 9999, 9999, 0, 9999, 4.6655, 0, 0, 0, 0, 0, 8000, 0, 0, 0, 0
3, 0.00000, 14.1359, 1, 3.86747, 0, -3.09471, 3.86747, 0.203551, 0, 0, 0.203551, 0, 1, 1, 9999, 9999, 9999, 9999, 9999, 9999, 9999, 9999, 3.86751, 9999, 4.6655, 0, 0, 0, 0, 0, 8000, 0, 0, 0, 0
4, 0.00000, 10.0649, -1, 0, 0.000516619, -3.09481, -0.000516619, 0.0000258309, 0, 0, 0.0000258309, -4.07102, 1, 1, 9999, 9999, 9999, 9999, 9999, 9999, 9999, 9999, -1.76459E-18, 9999, 4.6655, 0, 0, 0, 0, 0, 8000, 0, 0, 0, 0
5, 0.00000, 10.0654, -1, 0, 1.68225, -3.09489, -1.68225, 0.0841127, 0, 0, 0.0841127, 0.000490788, 1, 1, 9999, 9999, 9999, 9999, 9999, 9999, 9999, 9999, -1.68257, 9999, 4.6655, 0, 0, 0, 0, 0, 8000, 0, 0, 0, 0
