hour,t(sec),kWh,State,kWOut,kWIn,kvarOut,DCkW,kWTotalLosses,kWInvLosses,kWIdlingLosses,kWChDchLosses,"kWh Chng",InvEff,InverterON,Vref,"Vavg (DRC)","VV Oper","VW Oper","DRC Oper","VV_DRC Oper","WP Oper","WV Oper",kWDesired,"kW VW Limit","Limit kWOut Function","kVA Exceeded","Grid voltage",di/dt,it,"it History","Rated VDC","Avg duty cycle","Target (Amps)","Series L","Max. Amps (phase)"
1, 0.00000, 5.83362, 1, 0.841219, 0, 1.54765, 0.841219, 0.0442747, 0, 0, 0.0442747, -3.50017, 1, 1, 9999, 9999, 9999, 9999, 9999, 9999, 9999, 9999, 0.84111, 9999, 2.3335, 0, 0, 0, 0, 0, 8000, 0, 0, 0, 0
2, 0.00000, 4.94813, 1, 0.977702, 0, 1.54782, 0.977702, 0.051458, 0, 0, 0.051458, -0.885494, 1, 1, 9999, 9999, 9999, 9999, 9999, 9999, 9999, 9999, 0.977713, 9999, 2.3335, 0, 0, 0, 0, 0, 8000, 0, 0, 0, 0
3, 0.00000, 3.91897, 1, 1.06304, 0, 1.54782, 1.06304, 0.0559495, 0, 0, 0.0559495, -1.02916, 1, 1, 9999, 9999, 9999, 9999, 9999, 9999, 9999, 9999, 1.06305, 9999, 2.3335, 0, 0, 0, 0, 0, 8000, 0, 0, 0, 0
