hour,t(sec),kWh,State,kWOut,kWIn,kvarOut,DCkW,kWTotalLosses,kWInvLosses,kWIdlingLosses,kWChDchLosses,"kWh Chng",InvEff,InverterON,Vref,"Vavg (DRC)","VV Oper","VW Oper","DRC Oper","VV_DRC Oper","WP Oper","WV Oper",kWDesired,"kW VW Limit","Limit kWOut Function","kVA Exceeded","Grid voltage",di/dt,it,"it History","Rated VDC","Avg duty cycle","Target (Amps)","Series L","Max. Amps (phase)"
1, 0.00000, 5.83362, -1, 0, 2.33334, -1.54809, -2.33334, 0.116667, 0, 0, 0.116667, -3.50017, 1, 1, 9999, 9999, 9999, 9999, 9999, 9999, 9999, 9999, -2.3335, 9999, 2.3335, 1, 0, 0, 0, 0, 8000, 0, 0, 0, 0
2, 0.00000, 8.0503, 1, 0.260286, 0, -0.93844, 0.260286, 0.0136993, 0, 0, 0.0136993, 2.21668, 1, 1, 9999, 9999, 9999, 9999, 9999, 9999, 9999, 9999, 0.260372, 9999, 2.3335, 0, 0, 0, 0, 0, 8000, 0, 0, 0, 0
3, 0.00000, 7.77631, 1, 2.33342, 0, 1.54778, 2.33342, 0.122812, 0, 0, 0.122812, -0.273986, 1, 1, 9999, 9999, 9999, 9999, 9999, 9999, 9999, 9999, 2.3335, 9999, 2.3335, 1, 0, 0, 0, 0, 8000, 0, 0, 0, 0
4, 0.00000, 5.32008, 1, 1.61825, 0, -0.92477, 1.61825, 0.0851713, 0, 0, 0.0851713, -2.45623, 1, 1, 9999, 9999, 9999, 9999, 9999, 9999, 9999, 9999, 1.6181, 9999, 2.3335, 0, 0, 0, 0, 0, 8000, 0, 0, 0, 0
5, 0.00000, 3.61666, 1, 1.61822, 0, -1.54773, 1.61822, 0.0851693, 0, 0, 0.0851693, -1.70343, 1, 1, 9999, 9999, 9999, 9999, 9999, 9999, 9999, 9999, -2.3335, 9999, 2.3335, 0, 0, 0, 0, 0, 8000, 0, 0, 0, 0
