hour,t(sec),kWh,State,kWOut,kWIn,kvarOut,DCkW,kWTotalLosses,kWInvLosses,kWIdlingLosses,kWChDchLosses,"kWh Chng",InvEff,InverterON,Vref,"Vavg (DRC)","VV Oper","VW Oper","DRC Oper","VV_DRC Oper","WP Oper","WV Oper",kWDesired,"kW VW Limit","Limit kWOut Function","kVA Exceeded","Grid voltage",di/dt,it,"it History","Rated VDC","Avg duty cycle","Target (Amps)","Series L","Max. Amps (phase)"
1, 0.00000, 11.6637, -1, 0, 4.6655, 3.0947, -4.6655, 0.233275, 0, 0, 0.233275, -6.99825, 1, 1, 9999, 9999, 9999, 9999, 9999, 9999, 9999, 9999, -4.6655, 9999, 4.6655, 1, 0, 0, 0, 0, 8000, 0, 0, 0, 0
2, 0.00000, 16.096, 1, 1.86172, 0, 3.0947, 1.86172, 0.0979853, 0, 0, 0.0979853, 4.43223, 1, 1, 9999, 9999, 9999, 9999, 9999, 9999, 9999, 9999, 1.86172, 9999, 4.6655, 0, 0, 0, 0, 0, 8000, 0, 0, 0, 0
3, 0.00000, 14.1363, 1, 4.6655, 0, 3.0947, 4.6655, 0.245553, 0, 0, 0.245553, -1.95971, 1, 1, 9999, 9999, 9999, 9999, 9999, 9999, 9999, 9999, 4.6655, 9999, 4.6655, 1, 0, 0, 0, 0, 8000, 0, 0, 0, 0
4, 0.00000, 9.22522, 1, 1.89401, 0, 3.0947, 1.89401, 0.0996846, 0, 0, 0.0996846, -4.91105, 1, 1, 9999, 9999, 9999, 9999, 9999, 9999, 9999, 9999, 1.89401, 9999, 4.6655, 0, 0, 0, 0, 0, 8000, 0, 0, 0, 0
5, 0.00000, 7.23152, -1, 0, 4.6655, 3.0947, -4.6655, 0.233275, 0, 0, 0.233275, -1.99369, 1, 1, 9999, 9999, 9999, 9999, 9999, 9999, 9999, 9999, -4.6655, 9999, 4.6655, 1, 0, 0, 0, 0, 8000, 0, 0, 0, 0
