hour,t(sec),kWh,State,kWOut,kWIn,kvarOut,DCkW,kWTotalLosses,kWInvLosses,kWIdlingLosses,kWChDchLosses,"kWh Chng",InvEff,InverterON,Vref,"Vavg (DRC)","VV Oper","VW Oper","DRC Oper","VV_DRC Oper","WP Oper","WV Oper",kWDesired,"kW VW Limit","Limit kWOut Function","kVA Exceeded","Grid voltage",di/dt,it,"it History","Rated VDC","Avg duty cycle","Target (Amps)","Series L","Max. Amps (phase)"
1, 0.00000, 71.4613, 1, 3.3201, 0, -18.9604, 3.3201, 0.174742, 0, 0, 0.174742, -42.8768, 1, 1, 9999, 9999, 9999, 9999, 9999, 9999, 9999, 9999, 3.32295, 9999, 28.5845, 0, 0, 0, 0, 0, 8000, 0, 0, 0, 0
2, 0.00000, 67.9664, 1, 6.41298, 0, -18.9608, 6.41298, 0.337525, 0, 0, 0.337525, -3.49484, 1, 1, 9999, 9999, 9999, 9999, 9999, 9999, 9999, 9999, 6.41265, 9999, 28.5845, 0, 0, 0, 0, 0, 8000, 0, 0, 0, 0
3, 0.00000, 61.2159, 1, 9.09103, 0, -18.9608, 9.09103, 0.478475, 0, 0, 0.478475, -6.7505, 1, 1, 9999, 9999, 9999, 9999, 9999, 9999, 9999, 9999, 9.09073, 9999, 28.5845, 0, 0, 0, 0, 0, 8000, 0, 0, 0, 0
