hour,t(sec),kWh,State,kWOut,kWIn,kvarOut,DCkW,kWTotalLosses,kWInvLosses,kWIdlingLosses,kWChDchLosses,"kWh Chng",InvEff,InverterON,Vref,"Vavg (DRC)","VV Oper","VW Oper","DRC Oper","VV_DRC Oper","WP Oper","WV Oper",kWDesired,"kW VW Limit","Limit kWOut Function","kVA Exceeded","Grid voltage",di/dt,it,"it History","Rated VDC","Avg duty cycle","Target (Amps)","Series L","Max. Amps (phase)"
1, 0.00000, 11.6637, 1, 0.00012749, 0, 3.09462, 0.00012749, 6.70998E-6, 0, 0, 6.70998E-6, -6.99825, 1, 1, 9999, 9999, 9999, 9999, 9999, 9999, 9999, 9999, 1.28637E-19, 9999, 4.6655, 0, 0, 0, 0, 0, 8000, 0, 0, 0, 0
2, 0.00000, 11.6636, 1, 0.549346, 0, 3.09481, 0.549346, 0.0289129, 0, 0, 0.0289129, -0.0001342, 1, 1, 9999, 9999, 9999, 9999, 9999, 9999, 9999, 9999, 0.549503, 9999, 4.6655, 0, 0, 0, 0, 0, 8000, 0, 0, 0, 0
3, 0.00000, 11.0854, 1, 1.78599, 0, 3.09443, 1.78599, 0.0939996, 0, 0, 0.0939996, -0.578259, 1, 1, 9999, 9999, 9999, 9999, 9999, 9999, 9999, 9999, 1.78586, 9999, 4.6655, 0, 0, 0, 0, 0, 8000, 0, 0, 0, 0
4, 0.00000, 9.20536, 1, 2.43469, 0, 3.09473, 2.43469, 0.128141, 0, 0, 0.128141, -1.87999, 1, 1, 9999, 9999, 9999, 9999, 9999, 9999, 9999, 9999, 2.43469, 9999, 4.6655, 0, 0, 0, 0, 0, 8000, 0, 0, 0, 0
5, 0.00000, 6.64254, 1, 0.991614, 0, 3.09489, 0.991614, 0.0521902, 0, 0, 0.0521902, -2.56283, 1, 1, 9999, 9999, 9999, 9999, 9999, 9999, 9999, 9999, 0.991792, 9999, 4.6655, 0, 0, 0, 0, 0, 8000, 0, 0, 0, 0
