hour,t(sec),kWh,State,kWOut,kWIn,kvarOut,DCkW,kWTotalLosses,kWInvLosses,kWIdlingLosses,kWChDchLosses,"kWh Chng",InvEff,InverterON,Vref,"Vavg (DRC)","VV Oper","VW Oper","DRC Oper","VV_DRC Oper","WP Oper","WV Oper",kWDesired,"kW VW Limit","Limit kWOut Function","kVA Exceeded","Grid voltage",di/dt,it,"it History","Rated VDC","Avg duty cycle","Target (Amps)","Series L","Max. Amps (phase)"
1, 0.00000, 5.83362, 0, 0, 0.000135503, -1.54785, -0.000135503, 0.000135503, 0, 0.000135503, 0, -3.50017, 1, 1, 9999, 9999, 9999, 9999, 9999, 9999, 9999, 9999, 0, 9999, 2.3335, 0, 0, 0, 0, 0, 8000, 0, 0, 0, 0
2, 0.00000, 5.83362, 0, 0, 0.000125541, -1.54775, -0.000125541, 0.000125541, 0, 0.000125541, 0, 0, 1, 1, 9999, 9999, 9999, 9999, 9999, 9999, 9999, 9999, 0, 9999, 2.3335, 0, 0, 0, 0, 0, 8000, 0, 0, 0, 0
3, 0.00000, 5.83362, -1, 0, 0.000116973, -1.54775, -0.000116973, 5.84863E-6, 0, 0, 5.84863E-6, 0, 1, 1, 9999, 9999, 9999, 9999, 9999, 9999, 9999, 9999, -1.4338E-23, 9999, 2.3335, 0, 0, 0, 0, 0, 8000, 0, 0, 0, 0
