hour,t(sec),kWh,State,kWOut,kWIn,kvarOut,DCkW,kWTotalLosses,kWInvLosses,kWIdlingLosses,kWChDchLosses,"kWh Chng",InvEff,InverterON,Vref,"Vavg (DRC)","VV Oper","VW Oper","DRC Oper","VV_DRC Oper","WP Oper","WV Oper",kWDesired,"kW VW Limit","Limit kWOut Function","kVA Exceeded","Grid voltage",di/dt,it,"it History","Rated VDC","Avg duty cycle","Target (Amps)","Series L","Max. Amps (phase)"
1, 0.00000, 11.6637, -1, 0, 4.6655, 3.0947, -4.6655, 0.233275, 0, 0, 0.233275, -6.99825, 1, 1, 9999, 9999, 9999, 9999, 9999, 9999, 9999, 9999, -4.6655, 9999, 4.6655, 1, 0, 0, 0, 0, 8000, 0, 0, 0, 0
2, 0.00000, 16.096, 1, 1.76365, 0, 3.0947, 1.76365, 0.0928238, 0, 0, 0.0928238, 4.43223, 1, 1, 9999, 9999, 9999, 9999, 9999, 9999, 9999, 9999, 1.76365, 9999, 4.6655, 0, 0, 0, 0, 0, 8000, 0, 0, 0, 0
3, 0.00000, 14.2395, 1, 4.6655, 0, 3.0947, 4.6655, 0.245553, 0, 0, 0.245553, -1.85648, 1, 1, 9999, 9999, 9999, 9999, 9999, 9999, 9999, 9999, 4.6655, 9999, 4.6655, 1, 0, 0, 0, 0, 8000, 0, 0, 0, 0
4, 0.00000, 9.32845, 1, 1.99208, 0, 3.0947, 1.99208, 0.104846, 0, 0, 0.104846, -4.91105, 1, 1, 9999, 9999, 9999, 9999, 9999, 9999, 9999, 9999, 1.99208, 9999, 4.6655, 0, 0, 0, 0, 0, 8000, 0, 0, 0, 0
5, 0.00000, 7.23152, -1, 0, 4.6655, 3.0947, -4.6655, 0.233275, 0, 0, 0.233275, -2.09692, 1, 1, 9999, 9999, 9999, 9999, 9999, 9999, 9999, 9999, -4.6655, 9999, 4.6655, 1, 0, 0, 0, 0, 8000, 0, 0, 0, 0
