hour,t(sec),kWh,State,kWOut,kWIn,kvarOut,DCkW,kWTotalLosses,kWInvLosses,kWIdlingLosses,kWChDchLosses,"kWh Chng",InvEff,InverterON,Vref,"Vavg (DRC)","VV Oper","VW Oper","DRC Oper","VV_DRC Oper","WP Oper","WV Oper",kWDesired,"kW VW Limit","Limit kWOut Function","kVA Exceeded","Grid voltage",di/dt,it,"it History","Rated VDC","Avg duty cycle","Target (Amps)","Series L","Max. Amps (phase)"
1, 0.00000, 5.83362, -1, 0, 1.29262, -1.54804, -1.29262, 0.0646312, 0, 0, 0.0646312, -3.50017, 1, 1, 9999, 9999, 9999, 9999, 9999, 9999, 9999, 9999, -1.29281, 9999, 2.3335, 0, 0, 0, 0, 0, 8000, 0, 0, 0, 0
2, 0.00000, 7.06162, 1, 2.33338, 0, -1.54781, 2.33338, 0.12281, 0, 0, 0.12281, 1.22799, 1, 1, 9999, 9999, 9999, 9999, 9999, 9999, 9999, 9999, 2.3335, 9999, 2.3335, 1, 0, 0, 0, 0, 8000, 0, 0, 0, 0
3, 0.00000, 4.60543, 1, 2.33333, 0, -1.54785, 2.33333, 0.122807, 0, 0, 0.122807, -2.45619, 1, 1, 9999, 9999, 9999, 9999, 9999, 9999, 9999, 9999, -1.29281, 9999, 2.3335, 1, 0, 0, 0, 0, 8000, 0, 0, 0, 0
