hour,t(sec),kWh,State,kWOut,kWIn,kvarOut,DCkW,kWTotalLosses,kWInvLosses,kWIdlingLosses,kWChDchLosses,"kWh Chng",InvEff,InverterON,Vref,"Vavg (DRC)","VV Oper","VW Oper","DRC Oper","VV_DRC Oper","WP Oper","WV Oper",kWDesired,"kW VW Limit","Limit kWOut Function","kVA Exceeded","Grid voltage",di/dt,it,"it History","Rated VDC","Avg duty cycle","Target (Amps)","Series L","Max. Amps (phase)"
1, 0.00000, 11.6637, -1, 0, 2.58081, 2.1546, -2.58081, 0.129041, 0, 0, 0.129041, -6.99825, 1, 1, 9999, 9999, 9999, 9999, 9999, 9999, 9999, 9999, -2.58081, 9999, 4.6655, 0, 0, 0, 0, 0, 8000, 0, 0, 0, 0
2, 0.00000, 14.1155, 1, 8.10582E-7, 0, 3.0947, 8.10582E-7, 4.26622E-8, 0, 0, 4.26622E-8, 2.45177, 1, 1, 9999, 9999, 9999, 9999, 9999, 9999, 9999, 9999, 1.32398E-18, 9999, 4.6655, 0, 0, 0, 0, 0, 8000, 0, 0, 0, 0
3, 0.00000, 14.1155, 1, 4.6655, 0, 3.0947, 4.6655, 0.245553, 0, 0, 0.245553, -8.53244E-7, 1, 1, 9999, 9999, 9999, 9999, 9999, 9999, 9999, 9999, 4.6655, 9999, 4.6655, 1, 0, 0, 0, 0, 8000, 0, 0, 0, 0
4, 0.00000, 9.20447, -1, 0, 7.8874E-7, 3.0947, -7.8874E-7, 3.9437E-8, 0, 0, 3.9437E-8, -4.91105, 1, 1, 9999, 9999, 9999, 9999, 9999, 9999, 9999, 9999, -7.05284E-35, 9999, 4.6655, 0, 0, 0, 0, 0, 8000, 0, 0, 0, 0
5, 0.00000, 9.20447, -1, 0, 2.5887, 2.1556, -2.5887, 0.129435, 0, 0, 0.129435, 7.49303E-7, 1, 1, 9999, 9999, 9999, 9999, 9999, 9999, 9999, 9999, -2.5887, 9999, 4.6655, 0, 0, 0, 0, 0, 8000, 0, 0, 0, 0
