hour,t(sec),kWh,State,kWOut,kWIn,kvarOut,DCkW,kWTotalLosses,kWInvLosses,kWIdlingLosses,kWChDchLosses,"kWh Chng",InvEff,InverterON,Vref,"Vavg (DRC)","VV Oper","VW Oper","DRC Oper","VV_DRC Oper","WP Oper","WV Oper",kWDesired,"kW VW Limit","Limit kWOut Function","kVA Exceeded","Grid voltage",di/dt,it,"it History","Rated VDC","Avg duty cycle","Target (Amps)","Series L","Max. Amps (phase)"
1, 0.00000, 5.83362, -1, 0, 0.0000807971, 1.54777, -0.0000807971, 4.03985E-6, 0, 0, 4.03985E-6, -3.50017, 1, 1, 9999, 9999, 9999, 9999, 9999, 9999, 9999, 9999, -6.73705E-17, 9999, 2.3335, 0, 0, 0, 0, 0, 8000, 0, 0, 0, 0
2, 0.00000, 5.8337, -1, 0, 0.000193919, 1.54786, -0.000193919, 9.69597E-6, 0, 0, 9.69597E-6, 0.0000767572, 1, 1, 9999, 9999, 9999, 9999, 9999, 9999, 9999, 9999, -3.2739E-17, 9999, 2.3335, 0, 0, 0, 0, 0, 8000, 0, 0, 0, 0
3, 0.00000, 5.83389, -1, 0, 0.000156347, 1.54774, -0.000156347, 7.81736E-6, 0, 0, 7.81736E-6, 0.000184223, 1, 1, 9999, 9999, 9999, 9999, 9999, 9999, 9999, 9999, -2.15839E-16, 9999, 2.3335, 0, 0, 0, 0, 0, 8000, 0, 0, 0, 0
4, 0.00000, 5.83403, 1, 0.0000179087, 0, 1.54779, 0.0000179087, 9.42565E-7, 0, 0, 9.42565E-7, 0.00014853, 1, 1, 9999, 9999, 9999, 9999, 9999, 9999, 9999, 9999, 8.25476E-17, 9999, 2.3335, 0, 0, 0, 0, 0, 8000, 0, 0, 0, 0
5, 0.00000, 5.83402, -1, 0, 0.000162076, 1.54785, -0.000162076, 8.10381E-6, 0, 0, 8.10381E-6, -0.0000188513, 1, 1, 9999, 9999, 9999, 9999, 9999, 9999, 9999, 9999, -3.63536E-17, 9999, 2.3335, 0, 0, 0, 0, 0, 8000, 0, 0, 0, 0
