hour,t(sec),kWh,State,kWOut,kWIn,kvarOut,DCkW,kWTotalLosses,kWInvLosses,kWIdlingLosses,kWChDchLosses,"kWh Chng",InvEff,InverterON,Vref,"Vavg (DRC)","VV Oper","VW Oper","DRC Oper","VV_DRC Oper","WP Oper","WV Oper",kWDesired,"kW VW Limit","Limit kWOut Function","kVA Exceeded","Grid voltage",di/dt,it,"it History","Rated VDC","Avg duty cycle","Target (Amps)","Series L","Max. Amps (phase)"
1, 0.00000, 11.6637, 1, 0.445123, 0, 3.09446, 0.445123, 0.0234275, 0, 0, 0.0234275, -6.99825, 1, 1, 9999, 9999, 9999, 9999, 9999, 9999, 9999, 9999, 0.444757, 9999, 4.6655, 0, 0, 0, 0, 0, 8000, 0, 0, 0, 0
2, 0.00000, 11.1952, 1, 0.776123, 0, 3.09468, 0.776123, 0.0408486, 0, 0, 0.0408486, -0.46855, 1, 1, 9999, 9999, 9999, 9999, 9999, 9999, 9999, 9999, 0.776106, 9999, 4.6655, 0, 0, 0, 0, 0, 8000, 0, 0, 0, 0
3, 0.00000, 10.3782, 1, 1.03642, 0, 3.09473, 1.03642, 0.0545482, 0, 0, 0.0545482, -0.816971, 1, 1, 9999, 9999, 9999, 9999, 9999, 9999, 9999, 9999, 1.03644, 9999, 4.6655, 0, 0, 0, 0, 0, 8000, 0, 0, 0, 0
