hour,t(sec),kWh,State,kWOut,kWIn,kvarOut,DCkW,kWTotalLosses,kWInvLosses,kWIdlingLosses,kWChDchLosses,"kWh Chng",InvEff,InverterON,Vref,"Vavg (DRC)","VV Oper","VW Oper","DRC Oper","VV_DRC Oper","WP Oper","WV Oper",kWDesired,"kW VW Limit","Limit kWOut Function","kVA Exceeded","Grid voltage",di/dt,it,"it History","Rated VDC","Avg duty cycle","Target (Amps)","Series L","Max. Amps (phase)"
1, 0.00000, 5.83362, -1, 0, 2.33276, 1.5488, -2.33276, 0.116638, 0, 0, 0.116638, -3.50017, 1, 1, 9999, 9999, 9999, 9999, 9999, 9999, 9999, 9999, -2.33443, 9999, 2.3335, 1, 0, 0, 0, 0, 8000, 0, 0, 0, 0
2, 0.00000, 8.04975, 1, 1.12059, 0, 1.5488, 1.12059, 0.0589786, 0, 0, 0.0589786, 2.21612, 1, 1, 9999, 9999, 9999, 9999, 9999, 9999, 9999, 9999, 1.12059, 9999, 2.3335, 0, 0, 0, 0, 0, 8000, 0, 0, 0, 0
3, 0.00000, 6.87018, 1, 2.33276, 0, 1.5488, 2.33276, 0.122777, 0, 0, 0.122777, -1.17957, 1, 1, 9999, 9999, 9999, 9999, 9999, 9999, 9999, 9999, 2.33443, 9999, 2.3335, 1, 0, 0, 0, 0, 8000, 0, 0, 0, 0
4, 0.00000, 4.41464, 1, 0.759158, 0, 1.5488, 0.759158, 0.0399557, 0, 0, 0.0399557, -2.45554, 1, 1, 9999, 9999, 9999, 9999, 9999, 9999, 9999, 9999, 0.759158, 9999, 2.3335, 0, 0, 0, 0, 0, 8000, 0, 0, 0, 0
5, 0.00000, 3.61552, -1, 0, 2.33276, 1.5488, -2.33276, 0.116638, 0, 0, 0.116638, -0.799113, 1, 1, 9999, 9999, 9999, 9999, 9999, 9999, 9999, 9999, -2.3344, 9999, 2.3335, 1, 0, 0, 0, 0, 8000, 0, 0, 0, 0
