hour,t(sec),kWh,State,kWOut,kWIn,kvarOut,DCkW,kWTotalLosses,kWInvLosses,kWIdlingLosses,kWChDchLosses,"kWh Chng",InvEff,InverterON,Vref,"Vavg (DRC)","VV Oper","VW Oper","DRC Oper","VV_DRC Oper","WP Oper","WV Oper",kWDesired,"kW VW Limit","Limit kWOut Function","kVA Exceeded","Grid voltage",di/dt,it,"it History","Rated VDC","Avg duty cycle","Target (Amps)","Series L","Max. Amps (phase)"
1, 0.00000, 5.83362, 1, 0.000226398, 0, -1.54774, 0.000226398, 0.0000119157, 0, 0, 0.0000119157, -3.50017, 1, 1, 9999, 9999, 9999, 9999, 9999, 9999, 9999, 9999, 2.73976E-19, 9999, 2.3335, 0, 0, 0, 0, 0, 8000, 0, 0, 0, 0
2, 0.00000, 5.83339, 1, 1.13777, 0, -1.5478, 1.13777, 0.0598829, 0, 0, 0.0598829, -0.000238314, 1, 1, 9999, 9999, 9999, 9999, 9999, 9999, 9999, 9999, 1.13779, 9999, 2.3335, 0, 0, 0, 0, 0, 8000, 0, 0, 0, 0
3, 0.00000, 4.63573, 1, 1.7288, 0, -1.54779, 1.7288, 0.0909894, 0, 0, 0.0909894, -1.19766, 1, 1, 9999, 9999, 9999, 9999, 9999, 9999, 9999, 9999, 1.72877, 9999, 2.3335, 0, 0, 0, 0, 0, 8000, 0, 0, 0, 0
