hour,t(sec),kWh,State,kWOut,kWIn,kvarOut,DCkW,kWTotalLosses,kWInvLosses,kWIdlingLosses,kWChDchLosses,"kWh Chng",InvEff,InverterON,Vref,"Vavg (DRC)","VV Oper","VW Oper","DRC Oper","VV_DRC Oper","WP Oper","WV Oper",kWDesired,"kW VW Limit","Limit kWOut Function","kVA Exceeded","Grid voltage",di/dt,it,"it History","Rated VDC","Avg duty cycle","Target (Amps)","Series L","Max. Amps (phase)"
1, 0.00000, 71.4613, -1, 0, 17.4436, -18.965, -17.4436, 0.87218, 0, 0, 0.87218, -42.8768, 1, 1, 9999, 9999, 9999, 9999, 9999, 9999, 9999, 9999, -17.4463, 9999, 28.5845, 0, 0, 0, 0, 0, 8000, 0, 0, 0, 0
2, 0.00000, 88.0327, -1, 0, 0.00177785, -18.9615, -0.00177785, 0.0000888926, 0, 0, 0.0000888926, 16.5714, 1, 1, 9999, 9999, 9999, 9999, 9999, 9999, 9999, 9999, -4.15247E-17, 9999, 28.5845, 0, 0, 0, 0, 0, 8000, 0, 0, 0, 0
3, 0.00000, 88.0344, 1, 0.00267093, 0, -18.9602, 0.00267093, 0.000140575, 0, 0, 0.000140575, 0.00168896, 1, 1, 9999, 9999, 9999, 9999, 9999, 9999, 9999, 9999, 1.29019E-17, 9999, 28.5845, 0, 0, 0, 0, 0, 8000, 0, 0, 0, 0
4, 0.00000, 88.0316, -1, 0, 0.00252567, -18.961, -0.00252567, 0.000126284, 0, 0, 0.000126284, -0.0028115, 1, 1, 9999, 9999, 9999, 9999, 9999, 9999, 9999, 9999, -3.94323E-16, 9999, 28.5845, 0, 0, 0, 0, 0, 8000, 0, 0, 0, 0
5, 0.00000, 88.034, 1, 2.93728, 0, -18.9604, 2.93728, 0.154594, 0, 0, 0.154594, 0.00239939, 1, 1, 9999, 9999, 9999, 9999, 9999, 9999, 9999, 9999, 2.94077, 9999, 28.5845, 0, 0, 0, 0, 0, 8000, 0, 0, 0, 0
6, 0.00000, 84.9421, 1, 6.4424, 0, -18.9607, 6.4424, 0.339074, 0, 0, 0.339074, -3.09188, 1, 1, 9999, 9999, 9999, 9999, 9999, 9999, 9999, 9999, 6.44152, 9999, 28.5845, 0, 0, 0, 0, 0, 8000, 0, 0, 0, 0
7, 0.00000, 78.1606, -1, 0, 0.00470544, -18.9618, -0.00470544, 0.000235272, 0, 0, 0.000235272, -6.78148, 1, 1, 9999, 9999, 9999, 9999, 9999, 9999, 9999, 9999, -3.1766E-16, 9999, 28.5845, 0, 0, 0, 0, 0, 8000, 0, 0, 0, 0
8, 0.00000, 78.1651, 1, 0.78753, 0, -18.9597, 0.78753, 0.0414489, 0, 0, 0.0414489, 0.00447017, 1, 1, 9999, 9999, 9999, 9999, 9999, 9999, 9999, 9999, 0.791505, 9999, 28.5845, 0, 0, 0, 0, 0, 8000, 0, 0, 0, 0
9, 0.00000, 77.3361, 1, 5.57123, 0, -18.9618, 5.57123, 0.293222, 0, 0, 0.293222, -0.828979, 1, 1, 9999, 9999, 9999, 9999, 9999, 9999, 9999, 9999, 5.57226, 9999, 28.5845, 0, 0, 0, 0, 0, 8000, 0, 0, 0, 0
