hour,t(sec),kWh,State,kWOut,kWIn,kvarOut,DCkW,kWTotalLosses,kWInvLosses,kWIdlingLosses,kWChDchLosses,"kWh Chng",InvEff,InverterON,Vref,"Vavg (DRC)","VV Oper","VW Oper","DRC Oper","VV_DRC Oper","WP Oper","WV Oper",kWDesired,"kW VW Limit","Limit kWOut Function","kVA Exceeded","Grid voltage",di/dt,it,"it History","Rated VDC","Avg duty cycle","Target (Amps)","Series L","Max. Amps (phase)"
1, 0.00000, 11.6637, -1, 0, 0.0000629857, 3.09472, -0.0000629857, 3.14928E-6, 0, 0, 3.14928E-6, -6.99825, 1, 1, 9999, 9999, 9999, 9999, 9999, 9999, 9999, 9999, -1.05515E-16, 9999, 4.6655, 0, 0, 0, 0, 0, 8000, 0, 0, 0, 0
2, 0.00000, 11.6638, -1, 0, 0.0000319132, 3.09468, -0.0000319132, 1.59566E-6, 0, 0, 1.59566E-6, 0.0000598364, 1, 1, 9999, 9999, 9999, 9999, 9999, 9999, 9999, 9999, -4.784E-17, 9999, 4.6655, 0, 0, 0, 0, 0, 8000, 0, 0, 0, 0
3, 0.00000, 11.6638, 1, 0.0000137192, 0, 3.09471, 0.0000137192, 7.22063E-7, 0, 0, 7.22063E-7, 0.0000303175, 1, 1, 9999, 9999, 9999, 9999, 9999, 9999, 9999, 9999, 2.85221E-18, 9999, 4.6655, 0, 0, 0, 0, 0, 8000, 0, 0, 0, 0
4, 0.00000, 11.6638, 1, 0.0000582557, 0, 3.09467, 0.0000582557, 3.06609E-6, 0, 0, 3.06609E-6, -0.0000144413, 1, 1, 9999, 9999, 9999, 9999, 9999, 9999, 9999, 9999, 1.56863E-17, 9999, 4.6655, 0, 0, 0, 0, 0, 8000, 0, 0, 0, 0
5, 0.00000, 11.6638, 1, 0.0000349585, 0, 3.09471, 0.0000349585, 1.83992E-6, 0, 0, 1.83992E-6, -0.0000613218, 1, 1, 9999, 9999, 9999, 9999, 9999, 9999, 9999, 9999, 4.54424E-17, 9999, 4.6655, 0, 0, 0, 0, 0, 8000, 0, 0, 0, 0
6, 0.00000, 11.6637, -1, 0, 0.0000415992, 3.09469, -0.0000415992, 2.07996E-6, 0, 0, 2.07996E-6, -0.0000367985, 1, 1, 9999, 9999, 9999, 9999, 9999, 9999, 9999, 9999, -1.23552E-16, 9999, 4.6655, 0, 0, 0, 0, 0, 8000, 0, 0, 0, 0
7, 0.00000, 11.6638, -1, 0, 0.0000566922, 3.09472, -0.0000566922, 2.83461E-6, 0, 0, 2.83461E-6, 0.0000395192, 1, 1, 9999, 9999, 9999, 9999, 9999, 9999, 9999, 9999, -3.10942E-17, 9999, 4.6655, 0, 0, 0, 0, 0, 8000, 0, 0, 0, 0
8, 0.00000, 11.6638, -1, 0, 8.00804E-6, 3.0947, -8.00804E-6, 4.00402E-7, 0, 0, 4.00402E-7, 0.0000538576, 1, 1, 9999, 9999, 9999, 9999, 9999, 9999, 9999, 9999, -3.39424E-17, 9999, 4.6655, 0, 0, 0, 0, 0, 8000, 0, 0, 0, 0
