hour,t(sec),kWh,State,kWOut,kWIn,kvarOut,DCkW,kWTotalLosses,kWInvLosses,kWIdlingLosses,kWChDchLosses,"kWh Chng",InvEff,InverterON,Vref,"Vavg (DRC)","VV Oper","VW Oper","DRC Oper","VV_DRC Oper","WP Oper","WV Oper",kWDesired,"kW VW Limit","Limit kWOut Function","kVA Exceeded","Grid voltage",di/dt,it,"it History","Rated VDC","Avg duty cycle","Target (Amps)","Series L","Max. Amps (phase)"
1, 0.00000, 5.83362, 1, 0.0000555426, 0, 1.54776, 0.0000555426, 2.92329E-6, 0, 0, 2.92329E-6, -3.50017, 1, 1, 9999, 9999, 9999, 9999, 9999, 9999, 9999, 9999, 9.10928E-18, 9999, 2.3335, 0, 0, 0, 0, 0, 8000, 0, 0, 0, 0
2, 0.00000, 5.83357, -1, 0, 0.000132778, 1.54788, -0.000132778, 6.6389E-6, 0, 0, 6.6389E-6, -0.0000584659, 1, 1, 9999, 9999, 9999, 9999, 9999, 9999, 9999, 9999, -7.75165E-17, 9999, 2.3335, 0, 0, 0, 0, 0, 8000, 0, 0, 0, 0
3, 0.00000, 5.83369, -1, 0, 0.000102415, 1.54774, -0.000102415, 5.12074E-6, 0, 0, 5.12074E-6, 0.000126139, 1, 1, 9999, 9999, 9999, 9999, 9999, 9999, 9999, 9999, -2.01899E-16, 9999, 2.3335, 0, 0, 0, 0, 0, 8000, 0, 0, 0, 0
4, 0.00000, 5.83379, 1, 0.0000187406, 0, 1.54778, 0.0000187406, 9.86349E-7, 0, 0, 9.86349E-7, 0.0000972941, 1, 1, 9999, 9999, 9999, 9999, 9999, 9999, 9999, 9999, 3.3243E-16, 9999, 2.3335, 0, 0, 0, 0, 0, 8000, 0, 0, 0, 0
5, 0.00000, 5.83377, -1, 0, 0.000100478, 1.54785, -0.000100478, 5.02388E-6, 0, 0, 5.02388E-6, -0.000019727, 1, 1, 9999, 9999, 9999, 9999, 9999, 9999, 9999, 9999, -8.26572E-17, 9999, 2.3335, 0, 0, 0, 0, 0, 8000, 0, 0, 0, 0
