hour,t(sec),kWh,State,kWOut,kWIn,kvarOut,DCkW,kWTotalLosses,kWInvLosses,kWIdlingLosses,kWChDchLosses,"kWh Chng",InvEff,InverterON,Vref,"Vavg (DRC)","VV Oper","VW Oper","DRC Oper","VV_DRC Oper","WP Oper","WV Oper",kWDesired,"kW VW Limit","Limit kWOut Function","kVA Exceeded","Grid voltage",di/dt,it,"it History","Rated VDC","Avg duty cycle","Target (Amps)","Series L","Max. Amps (phase)"
1, 0.00000, 5.83362, 1, 6.91232E-8, 0, -1.5478, 6.91232E-8, 3.63806E-9, 0, 0, 3.63806E-9, -3.50017, 1, 1, 9999, 9999, 9999, 9999, 9999, 9999, 9999, 9999, 1.59611E-21, 9999, 2.3335, 0, 0, 0, 0, 0, 8000, 0, 0, 0, 0
2, 0.00000, 5.83362, 1, 1.29677E-7, 0, -1.5478, 1.29677E-7, 6.82513E-9, 0, 0, 6.82513E-9, -7.27612E-8, 1, 1, 9999, 9999, 9999, 9999, 9999, 9999, 9999, 9999, 9.11208E-22, 9999, 2.3335, 0, 0, 0, 0, 0, 8000, 0, 0, 0, 0
3, 0.00000, 5.83362, -1, 0, 1.60872E-7, -1.5478, -1.60872E-7, 8.04359E-9, 0, 0, 8.04359E-9, -1.36503E-7, 1, 1, 9999, 9999, 9999, 9999, 9999, 9999, 9999, 9999, -2.12278E-21, 9999, 2.3335, 0, 0, 0, 0, 0, 8000, 0, 0, 0, 0
4, 0.00000, 5.83362, -1, 0, 1.61477E-7, -1.5478, -1.61477E-7, 8.07383E-9, 0, 0, 8.07383E-9, 1.52828E-7, 1, 1, 9999, 9999, 9999, 9999, 9999, 9999, 9999, 9999, -1.05985E-21, 9999, 2.3335, 0, 0, 0, 0, 0, 8000, 0, 0, 0, 0
5, 0.00000, 5.83363, -1, 0, 1.84951E-7, -1.5478, -1.84951E-7, 9.24755E-9, 0, 0, 9.24755E-9, 1.53403E-7, 1, 1, 9999, 9999, 9999, 9999, 9999, 9999, 9999, 9999, -8.94921E-24, 9999, 2.3335, 0, 0, 0, 0, 0, 8000, 0, 0, 0, 0
6, 0.00000, 5.83363, 1, 1.39946E-7, 0, -1.5478, 1.39946E-7, 7.36556E-9, 0, 0, 7.36556E-9, 1.75703E-7, 1, 1, 9999, 9999, 9999, 9999, 9999, 9999, 9999, 9999, 1.81826E-21, 9999, 2.3335, 0, 0, 0, 0, 0, 8000, 0, 0, 0, 0
7, 0.00000, 5.83363, -1, 0, 1.59067E-7, -1.5478, -1.59067E-7, 7.95337E-9, 0, 0, 7.95337E-9, -1.47311E-7, 1, 1, 9999, 9999, 9999, 9999, 9999, 9999, 9999, 9999, -6.42879E-22, 9999, 2.3335, 0, 0, 0, 0, 0, 8000, 0, 0, 0, 0
8, 0.00000, 5.83363, -1, 0, 1.6814E-7, -1.5478, -1.6814E-7, 8.407E-9, 0, 0, 8.407E-9, 1.51114E-7, 1, 1, 9999, 9999, 9999, 9999, 9999, 9999, 9999, 9999, -7.80159E-23, 9999, 2.3335, 0, 0, 0, 0, 0, 8000, 0, 0, 0, 0
