hour,t(sec),kWh,State,kWOut,kWIn,kvarOut,DCkW,kWTotalLosses,kWInvLosses,kWIdlingLosses,kWChDchLosses,"kWh Chng",InvEff,InverterON,Vref,"Vavg (DRC)","VV Oper","VW Oper","DRC Oper","VV_DRC Oper","WP Oper","WV Oper",kWDesired,"kW VW Limit","Limit kWOut Function","kVA Exceeded","Grid voltage",di/dt,it,"it History","Rated VDC","Avg duty cycle","Target (Amps)","Series L","Max. Amps (phase)"
1, 0.00000, 5.83362, -1, 0, 2.33276, 1.5488, -2.33276, 0.116638, 0, 0, 0.116638, -3.50017, 1, 1, 9999, 9999, 9999, 9999, 9999, 9999, 9999, 9999, -2.33443, 9999, 2.3335, 1, 0, 0, 0, 0, 8000, 0, 0, 0, 0
2, 0.00000, 8.04975, 1, 0.977597, 0, 1.5488, 0.977597, 0.0514525, 0, 0, 0.0514525, 2.21612, 1, 1, 9999, 9999, 9999, 9999, 9999, 9999, 9999, 9999, 0.977596, 9999, 2.3335, 0, 0, 0, 0, 0, 8000, 0, 0, 0, 0
3, 0.00000, 7.0207, 1, 2.33343, 0, 1.5478, 2.33343, 0.122812, 0, 0, 0.122812, -1.02905, 1, 1, 9999, 9999, 9999, 9999, 9999, 9999, 9999, 9999, 2.33443, 9999, 2.3335, 1, 0, 0, 0, 0, 8000, 0, 0, 0, 0
4, 0.00000, 4.56446, 1, 0.807065, 0, 1.5488, 0.807065, 0.0424771, 0, 0, 0.0424771, -2.45624, 1, 1, 9999, 9999, 9999, 9999, 9999, 9999, 9999, 9999, 0.807064, 9999, 2.3335, 0, 0, 0, 0, 0, 8000, 0, 0, 0, 0
5, 0.00000, 3.71492, -1, 0, 2.22924, 1.5478, -2.22924, 0.111462, 0, 0, 0.111462, -0.849542, 1, 1, 9999, 9999, 9999, 9999, 9999, 9999, 9999, 9999, -2.22924, 9999, 2.3335, 0, 0, 0, 0, 0, 8000, 0, 0, 0, 0
