hour,t(sec),kWh,State,kWOut,kWIn,kvarOut,DCkW,kWTotalLosses,kWInvLosses,kWIdlingLosses,kWChDchLosses,"kWh Chng",InvEff,InverterON,Vref,"Vavg (DRC)","VV Oper","VW Oper","DRC Oper","VV_DRC Oper","WP Oper","WV Oper",kWDesired,"kW VW Limit","Limit kWOut Function","kVA Exceeded","Grid voltage",di/dt,it,"it History","Rated VDC","Avg duty cycle","Target (Amps)","Series L","Max. Amps (phase)"
1, 0.00000, 5.83362, 1, 0.0000187951, 0, -1.54781, 0.0000187951, 9.89215E-7, 0, 0, 9.89215E-7, -3.50017, 1, 1, 9999, 9999, 9999, 9999, 9999, 9999, 9999, 9999, 5.13113E-24, 9999, 2.3335, 0, 0, 0, 0, 0, 8000, 0, 0, 0, 0
2, 0.00000, 5.83361, -1, 0, 6.96803E-6, -1.5478, -6.96803E-6, 3.48402E-7, 0, 0, 3.48402E-7, -0.0000197843, 1, 1, 9999, 9999, 9999, 9999, 9999, 9999, 9999, 9999, -4.46049E-24, 9999, 2.3335, 0, 0, 0, 0, 0, 8000, 0, 0, 0, 0
3, 0.00000, 5.83361, -1, 0, 0.000121602, -1.54773, -0.000121602, 6.08012E-6, 0, 0, 6.08012E-6, 6.61963E-6, 1, 1, 9999, 9999, 9999, 9999, 9999, 9999, 9999, 9999, -1.00095E-24, 9999, 2.3335, 0, 0, 0, 0, 0, 8000, 0, 0, 0, 0
