hour,t(sec),kWh,State,kWOut,kWIn,kvarOut,DCkW,kWTotalLosses,kWInvLosses,kWIdlingLosses,kWChDchLosses,"kWh Chng",InvEff,InverterON,Vref,"Vavg (DRC)","VV Oper","VW Oper","DRC Oper","VV_DRC Oper","WP Oper","WV Oper",kWDesired,"kW VW Limit","Limit kWOut Function","kVA Exceeded","Grid voltage",di/dt,it,"it History","Rated VDC","Avg duty cycle","Target (Amps)","Series L","Max. Amps (phase)"
1, 0.00000, 11.6637, 1, 0.000114822, 0, 3.09462, 0.000114822, 6.04325E-6, 0, 0, 6.04325E-6, -6.99825, 1, 1, 9999, 9999, 9999, 9999, 9999, 9999, 9999, 9999, 1.41169E-16, 9999, 4.6655, 0, 0, 0, 0, 0, 8000, 0, 0, 0, 0
2, 0.00000, 11.6636, -1, 0, 0.000274899, 3.09487, -0.000274899, 0.0000137449, 0, 0, 0.0000137449, -0.000120865, 1, 1, 9999, 9999, 9999, 9999, 9999, 9999, 9999, 9999, -7.49653E-18, 9999, 4.6655, 0, 0, 0, 0, 0, 8000, 0, 0, 0, 0
3, 0.00000, 11.6639, -1, 0, 0.000210612, 3.09457, -0.000210612, 0.0000105306, 0, 0, 0.0000105306, 0.000261154, 1, 1, 9999, 9999, 9999, 9999, 9999, 9999, 9999, 9999, -1.07787E-16, 9999, 4.6655, 0, 0, 0, 0, 0, 8000, 0, 0, 0, 0
4, 0.00000, 11.6641, 1, 0.0000404966, 0, 3.09465, 0.0000404966, 2.1314E-6, 0, 0, 2.1314E-6, 0.000200082, 1, 1, 9999, 9999, 9999, 9999, 9999, 9999, 9999, 9999, 6.58862E-16, 9999, 4.6655, 0, 0, 0, 0, 0, 8000, 0, 0, 0, 0
5, 0.00000, 11.664, 1, 0.00020522, 0, 3.09481, 0.00020522, 0.000010801, 0, 0, 0.000010801, -0.000042628, 1, 1, 9999, 9999, 9999, 9999, 9999, 9999, 9999, 9999, 2.5413E-17, 9999, 4.6655, 0, 0, 0, 0, 0, 8000, 0, 0, 0, 0
