hour,t(sec),kWh,State,kWOut,kWIn,kvarOut,DCkW,kWTotalLosses,kWInvLosses,kWIdlingLosses,kWChDchLosses,"kWh Chng",InvEff,InverterON,Vref,"Vavg (DRC)","VV Oper","VW Oper","DRC Oper","VV_DRC Oper","WP Oper","WV Oper",kWDesired,"kW VW Limit","Limit kWOut Function","kVA Exceeded","Grid voltage",di/dt,it,"it History","Rated VDC","Avg duty cycle","Target (Amps)","Series L","Max. Amps (phase)"
1, 0.00000, 5.83362, -1, 0, 0.000173397, 1.54784, -0.000173397, 8.66987E-6, 0, 0, 8.66987E-6, -3.50017, 1, 1, 9999, 9999, 9999, 9999, 9999, 9999, 9999, 9999, -1.93428E-17, 9999, 2.3335, 0, 0, 0, 0, 0, 8000, 0, 0, 0, 0
2, 0.00000, 5.83379, -1, 0, 0.00030166, 1.54768, -0.00030166, 0.000015083, 0, 0, 0.000015083, 0.000164727, 1, 1, 9999, 9999, 9999, 9999, 9999, 9999, 9999, 9999, -1.33763E-18, 9999, 2.3335, 0, 0, 0, 0, 0, 8000, 0, 0, 0, 0
3, 0.00000, 5.83408, 1, 0.000355002, 0, 1.54791, 0.000355002, 0.0000186843, 0, 0, 0.0000186843, 0.000286577, 1, 1, 9999, 9999, 9999, 9999, 9999, 9999, 9999, 9999, 2.7743E-33, 9999, 2.3335, 0, 0, 0, 0, 0, 8000, 0, 0, 0, 0
4, 0.00000, 5.8337, 1, 0.000217747, 0, 1.54771, 0.000217747, 0.0000114604, 0, 0, 0.0000114604, -0.000373687, 1, 1, 9999, 9999, 9999, 9999, 9999, 9999, 9999, 9999, 7.52344E-34, 9999, 2.3335, 0, 0, 0, 0, 0, 8000, 0, 0, 0, 0
5, 0.00000, 5.83347, -1, 0, 0.000236029, 1.54788, -0.000236029, 0.0000118015, 0, 0, 0.0000118015, -0.000229207, 1, 1, 9999, 9999, 9999, 9999, 9999, 9999, 9999, 9999, -9.40424E-35, 9999, 2.3335, 0, 0, 0, 0, 0, 8000, 0, 0, 0, 0
6, 0.00000, 5.8337, 1, 0.000279759, 0, 1.54768, 0.000279759, 0.0000147242, 0, 0, 0.0000147242, 0.000224228, 1, 1, 9999, 9999, 9999, 9999, 9999, 9999, 9999, 9999, 2.1625E-17, 9999, 2.3335, 0, 0, 0, 0, 0, 8000, 0, 0, 0, 0
7, 0.00000, 5.8334, 1, 0.000240773, 0, 1.54788, 0.000240773, 0.0000126723, 0, 0, 0.0000126723, -0.000294483, 1, 1, 9999, 9999, 9999, 9999, 9999, 9999, 9999, 9999, 5.81462E-18, 9999, 2.3335, 0, 0, 0, 0, 0, 8000, 0, 0, 0, 0
8, 0.00000, 5.83315, 0, 0, 0.0000770176, 1.54776, -0.0000770176, 0.0000770176, 0, 0.0000770176, 0, -0.000253445, 1, 1, 9999, 9999, 9999, 9999, 9999, 9999, 9999, 9999, 0, 9999, 2.3335, 0, 0, 0, 0, 0, 8000, 0, 0, 0, 0
