hour,t(sec),kWh,State,kWOut,kWIn,kvarOut,DCkW,kWTotalLosses,kWInvLosses,kWIdlingLosses,kWChDchLosses,"kWh Chng",InvEff,InverterON,Vref,"Vavg (DRC)","VV Oper","VW Oper","DRC Oper","VV_DRC Oper","WP Oper","WV Oper",kWDesired,"kW VW Limit","Limit kWOut Function","kVA Exceeded","Grid voltage",di/dt,it,"it History","Rated VDC","Avg duty cycle","Target (Amps)","Series L","Max. Amps (phase)"
1, 0.00000, 11.6637, 1, 0.000148699, 0, 3.09477, 0.000148699, 7.82626E-6, 0, 0, 7.82626E-6, -6.99825, 1, 1, 9999, 9999, 9999, 9999, 9999, 9999, 9999, 9999, 9.02774E-33, 9999, 4.6655, 0, 0, 0, 0, 0, 8000, 0, 0, 0, 0
2, 0.00000, 11.6636, -1, 0, 0.000261948, 3.09454, -0.000261948, 0.0000130974, 0, 0, 0.0000130974, -0.000156525, 1, 1, 9999, 9999, 9999, 9999, 9999, 9999, 9999, 9999, -2.4074E-32, 9999, 4.6655, 0, 0, 0, 0, 0, 8000, 0, 0, 0, 0
3, 0.00000, 11.6638, -1, 0, 0.000317401, 3.09487, -0.000317401, 0.00001587, 0, 0, 0.00001587, 0.00024885, 1, 1, 9999, 9999, 9999, 9999, 9999, 9999, 9999, 9999, -7.65888E-17, 9999, 4.6655, 0, 0, 0, 0, 0, 8000, 0, 0, 0, 0
4, 0.00000, 11.6641, -1, 0, 0.00019163, 3.09458, -0.00019163, 9.58149E-6, 0, 0, 9.58149E-6, 0.000301531, 1, 1, 9999, 9999, 9999, 9999, 9999, 9999, 9999, 9999, -4.02661E-16, 9999, 4.6655, 0, 0, 0, 0, 0, 8000, 0, 0, 0, 0
5, 0.00000, 11.6643, -1, 0, 0.000192946, 3.0948, -0.000192946, 9.64729E-6, 0, 0, 9.64729E-6, 0.000182048, 1, 1, 9999, 9999, 9999, 9999, 9999, 9999, 9999, 9999, -8.26867E-17, 9999, 4.6655, 0, 0, 0, 0, 0, 8000, 0, 0, 0, 0
6, 0.00000, 11.6645, -1, 0, 0.000252833, 3.09453, -0.000252833, 0.0000126416, 0, 0, 0.0000126416, 0.000183299, 1, 1, 9999, 9999, 9999, 9999, 9999, 9999, 9999, 9999, -2.73832E-17, 9999, 4.6655, 0, 0, 0, 0, 0, 8000, 0, 0, 0, 0
7, 0.00000, 11.6647, 1, 0.000204173, 0, 3.09481, 0.000204173, 0.0000107459, 0, 0, 0.0000107459, 0.000240191, 1, 1, 9999, 9999, 9999, 9999, 9999, 9999, 9999, 9999, 3.76156E-34, 9999, 4.6655, 0, 0, 0, 0, 0, 8000, 0, 0, 0, 0
8, 0.00000, 11.6645, 1, 0.0000658417, 0, 3.09466, 0.0000658417, 3.46535E-6, 0, 0, 3.46535E-6, -0.000214919, 1, 1, 9999, 9999, 9999, 9999, 9999, 9999, 9999, 9999, 6.16173E-17, 9999, 4.6655, 0, 0, 0, 0, 0, 8000, 0, 0, 0, 0
