hour,t(sec),kWh,State,kWOut,kWIn,kvarOut,DCkW,kWTotalLosses,kWInvLosses,kWIdlingLosses,kWChDchLosses,"kWh Chng",InvEff,InverterON,Vref,"Vavg (DRC)","VV Oper","VW Oper","DRC Oper","VV_DRC Oper","WP Oper","WV Oper",kWDesired,"kW VW Limit","Limit kWOut Function","kVA Exceeded","Grid voltage",di/dt,it,"it History","Rated VDC","Avg duty cycle","Target (Amps)","Series L","Max. Amps (phase)"
1, 0.00000, 5.83362, -1, 0, 1.82477, 1.5488, -1.82477, 0.0912387, 0, 0, 0.0912387, -3.50017, 1, 1, 9999, 9999, 9999, 9999, 9999, 9999, 9999, 9999, -1.82477, 9999, 2.3335, 0, 0, 0, 0, 0, 8000, 0, 0, 0, 0
2, 0.00000, 7.56716, 1, 0.417767, 0, 1.5488, 0.417767, 0.0219877, 0, 0, 0.0219877, 1.73354, 1, 1, 9999, 9999, 9999, 9999, 9999, 9999, 9999, 9999, 0.417767, 9999, 2.3335, 0, 0, 0, 0, 0, 8000, 0, 0, 0, 0
3, 0.00000, 7.12741, 1, 2.33343, 0, 1.5478, 2.33343, 0.122812, 0, 0, 0.122812, -0.439754, 1, 1, 9999, 9999, 9999, 9999, 9999, 9999, 9999, 9999, 2.33443, 9999, 2.3335, 1, 0, 0, 0, 0, 8000, 0, 0, 0, 0
4, 0.00000, 4.67117, 1, 0.748447, 0, 1.5478, 0.748447, 0.0393919, 0, 0, 0.0393919, -2.45624, 1, 1, 9999, 9999, 9999, 9999, 9999, 9999, 9999, 9999, 0.748447, 9999, 2.3335, 0, 0, 0, 0, 0, 8000, 0, 0, 0, 0
5, 0.00000, 3.88333, -1, 0, 2.0536, 1.5488, -2.0536, 0.10268, 0, 0, 0.10268, -0.787839, 1, 1, 9999, 9999, 9999, 9999, 9999, 9999, 9999, 9999, -2.0536, 9999, 2.3335, 0, 0, 0, 0, 0, 8000, 0, 0, 0, 0
