hour,t(sec),kWh,State,kWOut,kWIn,kvarOut,DCkW,kWTotalLosses,kWInvLosses,kWIdlingLosses,kWChDchLosses,"kWh Chng",InvEff,InverterON,Vref,"Vavg (DRC)","VV Oper","VW Oper","DRC Oper","VV_DRC Oper","WP Oper","WV Oper",kWDesired,"kW VW Limit","Limit kWOut Function","kVA Exceeded","Grid voltage",di/dt,it,"it History","Rated VDC","Avg duty cycle","Target (Amps)","Series L","Max. Amps (phase)"
1, 0.00000, 5.83362, 1, 0.159311, 0, 1.54776, 0.159311, 0.00838479, 0, 0, 0.00838479, -3.50017, 1, 1, 9999, 9999, 9999, 9999, 9999, 9999, 9999, 9999, 0.159257, 9999, 2.3335, 0, 0, 0, 0, 0, 8000, 0, 0, 0, 0
2, 0.00000, 5.66593, 1, 1.11474, 0, 1.54779, 1.11474, 0.0586704, 0, 0, 0.0586704, -0.167696, 1, 1, 9999, 9999, 9999, 9999, 9999, 9999, 9999, 9999, 1.11474, 9999, 2.3335, 0, 0, 0, 0, 0, 8000, 0, 0, 0, 0
3, 0.00000, 4.49252, 1, 1.60787, 0, 1.54781, 1.60787, 0.0846249, 0, 0, 0.0846249, -1.17341, 1, 1, 9999, 9999, 9999, 9999, 9999, 9999, 9999, 9999, 1.60787, 9999, 2.3335, 0, 0, 0, 0, 0, 8000, 0, 0, 0, 0
