hour,t(sec),kWh,State,kWOut,kWIn,kvarOut,DCkW,kWTotalLosses,kWInvLosses,kWIdlingLosses,kWChDchLosses,"kWh Chng",InvEff,InverterON,Vref,"Vavg (DRC)","VV Oper","VW Oper","DRC Oper","VV_DRC Oper","WP Oper","WV Oper",kWDesired,"kW VW Limit","Limit kWOut Function","kVA Exceeded","Grid voltage",di/dt,it,"it History","Rated VDC","Avg duty cycle","Target (Amps)","Series L","Max. Amps (phase)"
1, 0.00000, 11.6637, 1, 0.000306742, 0, -3.09466, 0.000306742, 0.0000161443, 0, 0, 0.0000161443, -6.99825, 1, 1, 9999, 9999, 9999, 9999, 9999, 9999, 9999, 9999, 9.57594E-20, 9999, 4.6655, 0, 0, 0, 0, 0, 8000, 0, 0, 0, 0
2, 0.00000, 11.6634, 1, 1.78297, 0, -3.09473, 1.78297, 0.0938406, 0, 0, 0.0938406, -0.000322886, 1, 1, 9999, 9999, 9999, 9999, 9999, 9999, 9999, 9999, 1.78315, 9999, 4.6655, 0, 0, 0, 0, 0, 8000, 0, 0, 0, 0
3, 0.00000, 9.78661, 1, 1.59838, 0, -3.0947, 1.59838, 0.0841254, 0, 0, 0.0841254, -1.87681, 1, 1, 9999, 9999, 9999, 9999, 9999, 9999, 9999, 9999, 1.5984, 9999, 4.6655, 0, 0, 0, 0, 0, 8000, 0, 0, 0, 0
4, 0.00000, 8.10411, 1, 1.37745, 0, -3.09469, 1.37745, 0.0724971, 0, 0, 0.0724971, -1.68251, 1, 1, 9999, 9999, 9999, 9999, 9999, 9999, 9999, 9999, 1.3774, 9999, 4.6655, 0, 0, 0, 0, 0, 8000, 0, 0, 0, 0
5, 0.00000, 6.65416, 1, 1.00285, 0, -3.0947, 1.00285, 0.0527814, 0, 0, 0.0527814, -1.44994, 1, 1, 9999, 9999, 9999, 9999, 9999, 9999, 9999, 9999, 1.00294, 9999, 4.6655, 0, 0, 0, 0, 0, 8000, 0, 0, 0, 0
