hour,t(sec),kWh,State,kWOut,kWIn,kvarOut,DCkW,kWTotalLosses,kWInvLosses,kWIdlingLosses,kWChDchLosses,"kWh Chng",InvEff,InverterON,Vref,"Vavg (DRC)","VV Oper","VW Oper","DRC Oper","VV_DRC Oper","WP Oper","WV Oper",kWDesired,"kW VW Limit","Limit kWOut Function","kVA Exceeded","Grid voltage",di/dt,it,"it History","Rated VDC","Avg duty cycle","Target (Amps)","Series L","Max. Amps (phase)"
1, 0.00000, 11.6637, -1, 0, 1.79556, 3.09568, -1.79556, 0.0897778, 0, 0, 0.0897778, -6.99825, 1, 1, 9999, 9999, 9999, 9999, 9999, 9999, 9999, 9999, -1.79528, 9999, 4.6655, 0, 0, 0, 0, 0, 8000, 0, 0, 0, 0
2, 0.00000, 13.3695, 1, 0.000131197, 0, 3.09562, 0.000131197, 6.9051E-6, 0, 0, 6.9051E-6, 1.70578, 1, 1, 9999, 9999, 9999, 9999, 9999, 9999, 9999, 9999, 1.11673E-16, 9999, 4.6655, 0, 0, 0, 0, 0, 8000, 0, 0, 0, 0
3, 0.00000, 13.3694, 1, 0.000176583, 0, 3.09561, 0.000176583, 9.29385E-6, 0, 0, 9.29385E-6, -0.000138102, 1, 1, 9999, 9999, 9999, 9999, 9999, 9999, 9999, 9999, 2.17706E-16, 9999, 4.6655, 0, 0, 0, 0, 0, 8000, 0, 0, 0, 0
4, 0.00000, 13.3692, 1, 0.00126997, 0, 3.09575, 0.00126997, 0.0000668408, 0, 0, 0.0000668408, -0.000185877, 1, 1, 9999, 9999, 9999, 9999, 9999, 9999, 9999, 9999, 0.00141663, 9999, 4.6655, 0, 0, 0, 0, 0, 8000, 0, 0, 0, 0
5, 0.00000, 13.3679, 1, 0.462709, 0, 3.09553, 0.462709, 0.0243531, 0, 0, 0.0243531, -0.00133682, 1, 1, 9999, 9999, 9999, 9999, 9999, 9999, 9999, 9999, 0.46251, 9999, 4.6655, 0, 0, 0, 0, 0, 8000, 0, 0, 0, 0
6, 0.00000, 12.8808, 1, 0.582067, 0, 3.09574, 0.582067, 0.0306351, 0, 0, 0.0306351, -0.487062, 1, 1, 9999, 9999, 9999, 9999, 9999, 9999, 9999, 9999, 0.582114, 9999, 4.6655, 0, 0, 0, 0, 0, 8000, 0, 0, 0, 0
7, 0.00000, 12.2681, -1, 0, 0.000333587, 3.09588, -0.000333587, 0.0000166794, 0, 0, 0.0000166794, -0.612702, 1, 1, 9999, 9999, 9999, 9999, 9999, 9999, 9999, 9999, -3.46292E-16, 9999, 4.6655, 0, 0, 0, 0, 0, 8000, 0, 0, 0, 0
8, 0.00000, 12.2684, 1, 0.000278325, 0, 3.09551, 0.000278325, 0.0000146487, 0, 0, 0.0000146487, 0.000316908, 1, 1, 9999, 9999, 9999, 9999, 9999, 9999, 9999, 9999, 1.70221E-16, 9999, 4.6655, 0, 0, 0, 0, 0, 8000, 0, 0, 0, 0
9, 0.00000, 12.2681, 1, 0.575078, 0, 3.09565, 0.575078, 0.0302672, 0, 0, 0.0302672, -0.000292974, 1, 1, 9999, 9999, 9999, 9999, 9999, 9999, 9999, 9999, 0.575023, 9999, 4.6655, 0, 0, 0, 0, 0, 8000, 0, 0, 0, 0
