hour,t(sec),kWh,State,kWOut,kWIn,kvarOut,DCkW,kWTotalLosses,kWInvLosses,kWIdlingLosses,kWChDchLosses,"kWh Chng",InvEff,InverterON,Vref,"Vavg (DRC)","VV Oper","VW Oper","DRC Oper","VV_DRC Oper","WP Oper","WV Oper",kWDesired,"kW VW Limit","Limit kWOut Function","kVA Exceeded","Grid voltage",di/dt,it,"it History","Rated VDC","Avg duty cycle","Target (Amps)","Series L","Max. Amps (phase)"
1, 0.00000, 11.6637, -1, 0, 8.1555E-8, 3.0947, -8.1555E-8, 4.07775E-9, 0, 0, 4.07775E-9, -6.99825, 1, 1, 9999, 9999, 9999, 9999, 9999, 9999, 9999, 9999, -8.49448E-17, 9999, 4.6655, 0, 0, 0, 0, 0, 8000, 0, 0, 0, 0
2, 0.00000, 11.6637, 1, 1.99864E-7, 0, 3.0947, 1.99864E-7, 1.05191E-8, 0, 0, 1.05191E-8, 7.74773E-8, 1, 1, 9999, 9999, 9999, 9999, 9999, 9999, 9999, 9999, 2.29202E-16, 9999, 4.6655, 0, 0, 0, 0, 0, 8000, 0, 0, 0, 0
3, 0.00000, 11.6637, -1, 0, 2.47737E-7, 3.0947, -2.47737E-7, 1.23869E-8, 0, 0, 1.23869E-8, -2.10383E-7, 1, 1, 9999, 9999, 9999, 9999, 9999, 9999, 9999, 9999, -9.38652E-17, 9999, 4.6655, 0, 0, 0, 0, 0, 8000, 0, 0, 0, 0
4, 0.00000, 11.6637, 1, 2.4498E-7, 0, 3.0947, 2.4498E-7, 1.28937E-8, 0, 0, 1.28937E-8, 2.35351E-7, 1, 1, 9999, 9999, 9999, 9999, 9999, 9999, 9999, 9999, 1.42713E-16, 9999, 4.6655, 0, 0, 0, 0, 0, 8000, 0, 0, 0, 0
5, 0.00000, 11.6637, -1, 0, 2.83181E-7, 3.0947, -2.83181E-7, 1.41591E-8, 0, 0, 1.41591E-8, -2.57873E-7, 1, 1, 9999, 9999, 9999, 9999, 9999, 9999, 9999, 9999, -1.47784E-16, 9999, 4.6655, 0, 0, 0, 0, 0, 8000, 0, 0, 0, 0
6, 0.00000, 11.6637, 1, 2.13929E-7, 0, 3.0947, 2.13929E-7, 1.12594E-8, 0, 0, 1.12594E-8, 2.69022E-7, 1, 1, 9999, 9999, 9999, 9999, 9999, 9999, 9999, 9999, 1.63265E-16, 9999, 4.6655, 0, 0, 0, 0, 0, 8000, 0, 0, 0, 0
7, 0.00000, 11.6637, 1, 2.43312E-7, 0, 3.0947, 2.43312E-7, 1.28059E-8, 0, 0, 1.28059E-8, -2.25189E-7, 1, 1, 9999, 9999, 9999, 9999, 9999, 9999, 9999, 9999, 1.41388E-17, 9999, 4.6655, 0, 0, 0, 0, 0, 8000, 0, 0, 0, 0
8, 0.00000, 11.6637, 1, 2.55671E-7, 0, 3.0947, 2.55671E-7, 1.34564E-8, 0, 0, 1.34564E-8, -2.56118E-7, 1, 1, 9999, 9999, 9999, 9999, 9999, 9999, 9999, 9999, 1.17519E-16, 9999, 4.6655, 0, 0, 0, 0, 0, 8000, 0, 0, 0, 0
