hour,t(sec),kWh,State,kWOut,kWIn,kvarOut,DCkW,kWTotalLosses,kWInvLosses,kWIdlingLosses,kWChDchLosses,"kWh Chng",InvEff,InverterON,Vref,"Vavg (DRC)","VV Oper","VW Oper","DRC Oper","VV_DRC Oper","WP Oper","WV Oper",kWDesired,"kW VW Limit","Limit kWOut Function","kVA Exceeded","Grid voltage",di/dt,it,"it History","Rated VDC","Avg duty cycle","Target (Amps)","Series L","Max. Amps (phase)"
1, 0.00000, 5.83362, 1, 0.119913, 0, 1.54773, 0.119913, 0.00631121, 0, 0, 0.00631121, -3.50017, 1, 1, 9999, 9999, 9999, 9999, 9999, 9999, 9999, 9999, 0.119772, 9999, 2.3335, 0, 0, 0, 0, 0, 8000, 0, 0, 0, 0
2, 0.00000, 5.7074, 1, 0.661758, 0, 1.54795, 0.661758, 0.0348294, 0, 0, 0.0348294, -0.126224, 1, 1, 9999, 9999, 9999, 9999, 9999, 9999, 9999, 9999, 0.661944, 9999, 2.3335, 0, 0, 0, 0, 0, 8000, 0, 0, 0, 0
3, 0.00000, 5.01081, 1, 0.83745, 0, 1.54754, 0.83745, 0.0440763, 0, 0, 0.0440763, -0.696588, 1, 1, 9999, 9999, 9999, 9999, 9999, 9999, 9999, 9999, 0.83726, 9999, 2.3335, 0, 0, 0, 0, 0, 8000, 0, 0, 0, 0
4, 0.00000, 4.12929, 1, 0.921302, 0, 1.54782, 0.921302, 0.0484896, 0, 0, 0.0484896, -0.881526, 1, 1, 9999, 9999, 9999, 9999, 9999, 9999, 9999, 9999, 0.921312, 9999, 2.3335, 0, 0, 0, 0, 0, 8000, 0, 0, 0, 0
5, 0.00000, 3.1595, 1, 0.341339, 0, 1.54795, 0.341339, 0.0179652, 0, 0, 0.0179652, -0.969792, 1, 1, 9999, 9999, 9999, 9999, 9999, 9999, 9999, 9999, 0.341578, 9999, 2.3335, 0, 0, 0, 0, 0, 8000, 0, 0, 0, 0
