hour,t(sec),kWh,State,kWOut,kWIn,kvarOut,DCkW,kWTotalLosses,kWInvLosses,kWIdlingLosses,kWChDchLosses,"kWh Chng",InvEff,InverterON,Vref,"Vavg (DRC)","VV Oper","VW Oper","DRC Oper","VV_DRC Oper","WP Oper","WV Oper",kWDesired,"kW VW Limit","Limit kWOut Function","kVA Exceeded","Grid voltage",di/dt,it,"it History","Rated VDC","Avg duty cycle","Target (Amps)","Series L","Max. Amps (phase)"
1, 0.00000, 5.83362, 1, 0.000139973, 0, 1.54775, 0.000139973, 7.367E-6, 0, 0, 7.367E-6, -3.50017, 1, 1, 9999, 9999, 9999, 9999, 9999, 9999, 9999, 9999, 1.37938E-19, 9999, 2.3335, 0, 0, 0, 0, 0, 8000, 0, 0, 0, 0
2, 0.00000, 5.83348, 1, 0.69107, 0, 1.54773, 0.69107, 0.0363721, 0, 0, 0.0363721, -0.00014734, 1, 1, 9999, 9999, 9999, 9999, 9999, 9999, 9999, 9999, 0.691019, 9999, 2.3335, 0, 0, 0, 0, 0, 8000, 0, 0, 0, 0
3, 0.00000, 5.10604, 1, 0.845991, 0, 1.54779, 0.845991, 0.0445259, 0, 0, 0.0445259, -0.727442, 1, 1, 9999, 9999, 9999, 9999, 9999, 9999, 9999, 9999, 0.845987, 9999, 2.3335, 0, 0, 0, 0, 0, 8000, 0, 0, 0, 0
4, 0.00000, 4.21552, 1, 0.982623, 0, 1.54782, 0.982623, 0.051717, 0, 0, 0.051717, -0.890517, 1, 1, 9999, 9999, 9999, 9999, 9999, 9999, 9999, 9999, 0.982637, 9999, 2.3335, 0, 0, 0, 0, 0, 8000, 0, 0, 0, 0
5, 0.00000, 3.18118, 1, 0.362241, 0, 1.54777, 0.362241, 0.0190653, 0, 0, 0.0190653, -1.03434, 1, 1, 9999, 9999, 9999, 9999, 9999, 9999, 9999, 9999, 0.362206, 9999, 2.3335, 0, 0, 0, 0, 0, 8000, 0, 0, 0, 0
