hour,t(sec),kWh,State,kWOut,kWIn,kvarOut,DCkW,kWTotalLosses,kWInvLosses,kWIdlingLosses,kWChDchLosses,"kWh Chng",InvEff,InverterON,Vref,"Vavg (DRC)","VV Oper","VW Oper","DRC Oper","VV_DRC Oper","WP Oper","WV Oper",kWDesired,"kW VW Limit","Limit kWOut Function","kVA Exceeded","Grid voltage",di/dt,it,"it History","Rated VDC","Avg duty cycle","Target (Amps)","Series L","Max. Amps (phase)"
1, 0.00000, 71.4613, 1, 0.00251112, 0, -18.9599, 0.00251112, 0.000132164, 0, 0, 0.000132164, -42.8768, 1, 1, 9999, 9999, 9999, 9999, 9999, 9999, 9999, 9999, 1.1553E-18, 9999, 28.5845, 0, 0, 0, 0, 0, 8000, 0, 0, 0, 0
2, 0.00000, 71.4586, 1, 0.108239, 0, -18.9607, 0.108239, 0.00569677, 0, 0, 0.00569677, -0.00264328, 1, 1, 9999, 9999, 9999, 9999, 9999, 9999, 9999, 9999, 0.10837, 9999, 28.5845, 0, 0, 0, 0, 0, 8000, 0, 0, 0, 0
3, 0.00000, 71.3447, 1, 1.86981, 0, -18.9609, 1.86981, 0.0984109, 0, 0, 0.0984109, -0.113935, 1, 1, 9999, 9999, 9999, 9999, 9999, 9999, 9999, 9999, 1.8696, 9999, 28.5845, 0, 0, 0, 0, 0, 8000, 0, 0, 0, 0
