hour,t(sec),kWh,State,kWOut,kWIn,kvarOut,DCkW,kWTotalLosses,kWInvLosses,kWIdlingLosses,kWChDchLosses,"kWh Chng",InvEff,InverterON,Vref,"Vavg (DRC)","VV Oper","VW Oper","DRC Oper","VV_DRC Oper","WP Oper","WV Oper",kWDesired,"kW VW Limit","Limit kWOut Function","kVA Exceeded","Grid voltage",di/dt,it,"it History","Rated VDC","Avg duty cycle","Target (Amps)","Series L","Max. Amps (phase)"
1, 0.00000, 5.83362, -1, 0, 0.000113882, -1.54783, -0.000113882, 5.69409E-6, 0, 0, 5.69409E-6, -3.50017, 1, 1, 9999, 9999, 9999, 9999, 9999, 9999, 9999, 9999, -4.03906E-24, 9999, 2.3335, 0, 0, 0, 0, 0, 8000, 0, 0, 0, 0
2, 0.00000, 5.83373, 0, 0, 0.000197401, -1.54772, -0.000197401, 0.000197401, 0, 0.000197401, 0, 0.000108188, 1, 1, 9999, 9999, 9999, 9999, 9999, 9999, 9999, 9999, 0, 9999, 2.3335, 0, 0, 0, 0, 0, 8000, 0, 0, 0, 0
3, 0.00000, 5.83373, 0, 0, 0.000237837, -1.54787, -0.000237837, 0.000237837, 0, 0.000237837, 0, 0, 1, 1, 9999, 9999, 9999, 9999, 9999, 9999, 9999, 9999, 0, 9999, 2.3335, 0, 0, 0, 0, 0, 8000, 0, 0, 0, 0
4, 0.00000, 5.83373, 0, 0, 0.000144753, -1.54774, -0.000144753, 0.000144753, 0, 0.000144753, 0, 0, 1, 1, 9999, 9999, 9999, 9999, 9999, 9999, 9999, 9999, 0, 9999, 2.3335, 0, 0, 0, 0, 0, 8000, 0, 0, 0, 0
5, 0.00000, 5.83373, 0, 0, 0.000153319, -1.54785, -0.000153319, 0.000153319, 0, 0.000153319, 0, 0, 1, 1, 9999, 9999, 9999, 9999, 9999, 9999, 9999, 9999, 0, 9999, 2.3335, 0, 0, 0, 0, 0, 8000, 0, 0, 0, 0
6, 0.00000, 5.83373, 0, 0, 0.000185884, -1.54772, -0.000185884, 0.000185884, 0, 0.000185884, 0, 0, 1, 1, 9999, 9999, 9999, 9999, 9999, 9999, 9999, 9999, 0, 9999, 2.3335, 0, 0, 0, 0, 0, 8000, 0, 0, 0, 0
7, 0.00000, 5.83373, -1, 0, 0.00016058, -1.54785, -0.00016058, 8.02902E-6, 0, 0, 8.02902E-6, 0, 1, 1, 9999, 9999, 9999, 9999, 9999, 9999, 9999, 9999, -4.55476E-25, 9999, 2.3335, 0, 0, 0, 0, 0, 8000, 0, 0, 0, 0
8, 0.00000, 5.83389, -1, 0, 0.0000510035, -1.54778, -0.0000510035, 2.55017E-6, 0, 0, 2.55017E-6, 0.000152551, 1, 1, 9999, 9999, 9999, 9999, 9999, 9999, 9999, 9999, -1.21538E-24, 9999, 2.3335, 0, 0, 0, 0, 0, 8000, 0, 0, 0, 0
