hour,t(sec),kWh,State,kWOut,kWIn,kvarOut,DCkW,kWTotalLosses,kWInvLosses,kWIdlingLosses,kWChDchLosses,"kWh Chng",InvEff,InverterON,Vref,"Vavg (DRC)","VV Oper","VW Oper","DRC Oper","VV_DRC Oper","WP Oper","WV Oper",kWDesired,"kW VW Limit","Limit kWOut Function","kVA Exceeded","Grid voltage",di/dt,it,"it History","Rated VDC","Avg duty cycle","Target (Amps)","Series L","Max. Amps (phase)"
1, 0.00000, 5.83362, -1, 0, 0.000165141, 1.54784, -0.000165141, 8.25704E-6, 0, 0, 8.25704E-6, -3.50017, 1, 1, 9999, 9999, 9999, 9999, 9999, 9999, 9999, 9999, -2.94954E-16, 9999, 2.3335, 0, 0, 0, 0, 0, 8000, 0, 0, 0, 0
2, 0.00000, 5.83378, 1, 0.0000785233, 0, 1.54777, 0.0000785233, 4.13281E-6, 0, 0, 4.13281E-6, 0.000156884, 1, 1, 9999, 9999, 9999, 9999, 9999, 9999, 9999, 9999, 8.20342E-17, 9999, 2.3335, 0, 0, 0, 0, 0, 8000, 0, 0, 0, 0
3, 0.00000, 5.8337, 1, 0.0000340046, 0, 1.54781, 0.0000340046, 1.78972E-6, 0, 0, 1.78972E-6, -0.0000826562, 1, 1, 9999, 9999, 9999, 9999, 9999, 9999, 9999, 9999, 5.6067E-17, 9999, 2.3335, 0, 0, 0, 0, 0, 8000, 0, 0, 0, 0
4, 0.00000, 5.83366, 1, 0.000158087, 0, 1.54774, 0.000158087, 8.32037E-6, 0, 0, 8.32037E-6, -0.0000357943, 1, 1, 9999, 9999, 9999, 9999, 9999, 9999, 9999, 9999, 1.28557E-17, 9999, 2.3335, 0, 0, 0, 0, 0, 8000, 0, 0, 0, 0
5, 0.00000, 5.8335, 1, 0.0000989218, 0, 1.54782, 0.0000989218, 5.20641E-6, 0, 0, 5.20641E-6, -0.000166407, 1, 1, 9999, 9999, 9999, 9999, 9999, 9999, 9999, 9999, 1.5487E-17, 9999, 2.3335, 0, 0, 0, 0, 0, 8000, 0, 0, 0, 0
6, 0.00000, 5.83339, -1, 0, 0.000118885, 1.54777, -0.000118885, 5.94427E-6, 0, 0, 5.94427E-6, -0.000104128, 1, 1, 9999, 9999, 9999, 9999, 9999, 9999, 9999, 9999, -4.54636E-20, 9999, 2.3335, 0, 0, 0, 0, 0, 8000, 0, 0, 0, 0
7, 0.00000, 5.83351, -1, 0, 0.000157312, 1.54784, -0.000157312, 7.86559E-6, 0, 0, 7.86559E-6, 0.000112941, 1, 1, 9999, 9999, 9999, 9999, 9999, 9999, 9999, 9999, -1.65928E-17, 9999, 2.3335, 0, 0, 0, 0, 0, 8000, 0, 0, 0, 0
8, 0.00000, 5.83366, 1, 0.0000240555, 0, 1.54779, 0.0000240555, 1.26608E-6, 0, 0, 1.26608E-6, 0.000149446, 1, 1, 9999, 9999, 9999, 9999, 9999, 9999, 9999, 9999, 2.69403E-17, 9999, 2.3335, 0, 0, 0, 0, 0, 8000, 0, 0, 0, 0
