hour,t(sec),kWh,State,kWOut,kWIn,kvarOut,DCkW,kWTotalLosses,kWInvLosses,kWIdlingLosses,kWChDchLosses,"kWh Chng",InvEff,InverterON,Vref,"Vavg (DRC)","VV Oper","VW Oper","DRC Oper","VV_DRC Oper","WP Oper","WV Oper",kWDesired,"kW VW Limit","Limit kWOut Function","kVA Exceeded","Grid voltage",di/dt,it,"it History","Rated VDC","Avg duty cycle","Target (Amps)","Series L","Max. Amps (phase)"
1, 0.00000, 11.6637, -1, 0, 2.99576, 3.0957, -2.99576, 0.149788, 0, 0, 0.149788, -6.99825, 1, 1, 9999, 9999, 9999, 9999, 9999, 9999, 9999, 9999, -2.99576, 9999, 4.6655, 0, 0, 0, 0, 0, 8000, 0, 0, 0, 0
2, 0.00000, 14.5097, 1, 0.631523, 0, 3.0957, 0.631523, 0.033238, 0, 0, 0.033238, 2.84598, 1, 1, 9999, 9999, 9999, 9999, 9999, 9999, 9999, 9999, 0.631522, 9999, 4.6655, 0, 0, 0, 0, 0, 8000, 0, 0, 0, 0
3, 0.00000, 13.845, 1, 4.66486, 0, 3.0957, 4.66486, 0.245519, 0, 0, 0.245519, -0.664761, 1, 1, 9999, 9999, 9999, 9999, 9999, 9999, 9999, 9999, 4.66643, 9999, 4.6655, 1, 0, 0, 0, 0, 8000, 0, 0, 0, 0
4, 0.00000, 8.93458, 1, 0.029043, 0, 3.0947, 0.029043, 0.00152858, 0, 0, 0.00152858, -4.91038, 1, 1, 9999, 9999, 9999, 9999, 9999, 9999, 9999, 9999, 0.0290423, 9999, 4.6655, 0, 0, 0, 0, 0, 8000, 0, 0, 0, 0
5, 0.00000, 8.90401, -1, 0, 2.90647, 3.0957, -2.90647, 0.145323, 0, 0, 0.145323, -0.0305716, 1, 1, 9999, 9999, 9999, 9999, 9999, 9999, 9999, 9999, -2.90647, 9999, 4.6655, 0, 0, 0, 0, 0, 8000, 0, 0, 0, 0
