hour,t(sec),kWh,State,kWOut,kWIn,kvarOut,DCkW,kWTotalLosses,kWInvLosses,kWIdlingLosses,kWChDchLosses,"kWh Chng",InvEff,InverterON,Vref,"Vavg (DRC)","VV Oper","VW Oper","DRC Oper","VV_DRC Oper","WP Oper","WV Oper",kWDesired,"kW VW Limit","Limit kWOut Function","kVA Exceeded","Grid voltage",di/dt,it,"it History","Rated VDC","Avg duty cycle","Target (Amps)","Series L","Max. Amps (phase)"
1, 0.00000, 11.6637, -1, 0, 0.347589, 3.0948, -0.347589, 0.0173794, 0, 0, 0.0173794, -6.99825, 1, 1, 9999, 9999, 9999, 9999, 9999, 9999, 9999, 9999, -0.347342, 9999, 4.6655, 0, 0, 0, 0, 0, 8000, 0, 0, 0, 0
2, 0.00000, 11.994, 1, 0.000133703, 0, 3.09458, 0.000133703, 7.03698E-6, 0, 0, 7.03698E-6, 0.330209, 1, 1, 9999, 9999, 9999, 9999, 9999, 9999, 9999, 9999, 2.69829E-17, 9999, 4.6655, 0, 0, 0, 0, 0, 8000, 0, 0, 0, 0
3, 0.00000, 11.9938, 1, 0.0000566709, 0, 3.09474, 0.0000566709, 2.98268E-6, 0, 0, 2.98268E-6, -0.00014074, 1, 1, 9999, 9999, 9999, 9999, 9999, 9999, 9999, 9999, 2.3035E-17, 9999, 4.6655, 0, 0, 0, 0, 0, 8000, 0, 0, 0, 0
4, 0.00000, 11.9938, -1, 0, 0.000201252, 3.09459, -0.000201252, 0.0000100626, 0, 0, 0.0000100626, -0.0000596536, 1, 1, 9999, 9999, 9999, 9999, 9999, 9999, 9999, 9999, -4.77934E-17, 9999, 4.6655, 0, 0, 0, 0, 0, 8000, 0, 0, 0, 0
5, 0.00000, 11.9939, 1, 0.313368, 0, 3.09474, 0.313368, 0.0164931, 0, 0, 0.0164931, 0.00019119, 1, 1, 9999, 9999, 9999, 9999, 9999, 9999, 9999, 9999, 0.313475, 9999, 4.6655, 0, 0, 0, 0, 0, 8000, 0, 0, 0, 0
6, 0.00000, 11.6641, -1, 0, 0.000128793, 3.09466, -0.000128793, 6.43967E-6, 0, 0, 6.43967E-6, -0.329861, 1, 1, 9999, 9999, 9999, 9999, 9999, 9999, 9999, 9999, -5.69658E-17, 9999, 4.6655, 0, 0, 0, 0, 0, 8000, 0, 0, 0, 0
7, 0.00000, 11.6642, -1, 0, 0.000187538, 3.09478, -0.000187538, 9.37691E-6, 0, 0, 9.37691E-6, 0.000122354, 1, 1, 9999, 9999, 9999, 9999, 9999, 9999, 9999, 9999, -3.69993E-17, 9999, 4.6655, 0, 0, 0, 0, 0, 8000, 0, 0, 0, 0
8, 0.00000, 11.6644, 1, 0.0000227759, 0, 3.09469, 0.0000227759, 1.19873E-6, 0, 0, 1.19873E-6, 0.000178161, 1, 1, 9999, 9999, 9999, 9999, 9999, 9999, 9999, 9999, 4.25391E-17, 9999, 4.6655, 0, 0, 0, 0, 0, 8000, 0, 0, 0, 0
