hour,t(sec),kWh,State,kWOut,kWIn,kvarOut,DCkW,kWTotalLosses,kWInvLosses,kWIdlingLosses,kWChDchLosses,"kWh Chng",InvEff,InverterON,Vref,"Vavg (DRC)","VV Oper","VW Oper","DRC Oper","VV_DRC Oper","WP Oper","WV Oper",kWDesired,"kW VW Limit","Limit kWOut Function","kVA Exceeded","Grid voltage",di/dt,it,"it History","Rated VDC","Avg duty cycle","Target (Amps)","Series L","Max. Amps (phase)"
1, 0.00000, 5.83362, 0, 0, 0.0000917765, 1.54773, -0.0000917765, 0.0000917765, 0, 0.0000917765, 0, -3.50017, 1, 1, 9999, 9999, 9999, 9999, 9999, 9999, 9999, 9999, 0, 9999, 2.3335, 0, 0, 0, 0, 0, 8000, 0, 0, 0, 0
2, 0.00000, 5.83362, 1, 0.264976, 0, 1.54779, 0.264976, 0.0139461, 0, 0, 0.0139461, 0, 1, 1, 9999, 9999, 9999, 9999, 9999, 9999, 9999, 9999, 0.264969, 9999, 2.3335, 0, 0, 0, 0, 0, 8000, 0, 0, 0, 0
3, 0.00000, 5.5547, 1, 1.08974, 0, 1.54781, 1.08974, 0.0573548, 0, 0, 0.0573548, -0.278922, 1, 1, 9999, 9999, 9999, 9999, 9999, 9999, 9999, 9999, 1.08974, 9999, 2.3335, 0, 0, 0, 0, 0, 8000, 0, 0, 0, 0
