hour,t(sec),kWh,State,kWOut,kWIn,kvarOut,DCkW,kWTotalLosses,kWInvLosses,kWIdlingLosses,kWChDchLosses,"kWh Chng",InvEff,InverterON,Vref,"Vavg (DRC)","VV Oper","VW Oper","DRC Oper","VV_DRC Oper","WP Oper","WV Oper",kWDesired,"kW VW Limit","Limit kWOut Function","kVA Exceeded","Grid voltage",di/dt,it,"it History","Rated VDC","Avg duty cycle","Target (Amps)","Series L","Max. Amps (phase)"
1, 0.00000, 11.6637, -1, 0, 3.43999, 3.0946, -3.43999, 0.172, 0, 0, 0.172, -6.99825, 1, 1, 9999, 9999, 9999, 9999, 9999, 9999, 9999, 9999, -3.43969, 9999, 4.6655, 0, 0, 0, 0, 0, 8000, 0, 0, 0, 0
2, 0.00000, 14.9317, 1, 0.0001067, 0, 3.09461, 0.0001067, 5.61578E-6, 0, 0, 5.61578E-6, 3.26799, 1, 1, 9999, 9999, 9999, 9999, 9999, 9999, 9999, 9999, 2.08035E-17, 9999, 4.6655, 0, 0, 0, 0, 0, 8000, 0, 0, 0, 0
3, 0.00000, 14.9316, 1, 0.000203625, 0, 3.09457, 0.000203625, 0.0000107171, 0, 0, 0.0000107171, -0.000112316, 1, 1, 9999, 9999, 9999, 9999, 9999, 9999, 9999, 9999, 1.17645E-17, 9999, 4.6655, 0, 0, 0, 0, 0, 8000, 0, 0, 0, 0
4, 0.00000, 14.9314, 1, 0.000311667, 0, 3.09486, 0.000311667, 0.0000164035, 0, 0, 0.0000164035, -0.000214342, 1, 1, 9999, 9999, 9999, 9999, 9999, 9999, 9999, 9999, 3.51737E-17, 9999, 4.6655, 0, 0, 0, 0, 0, 8000, 0, 0, 0, 0
5, 0.00000, 14.9311, 1, 0.478329, 0, 3.09444, 0.478329, 0.0251752, 0, 0, 0.0251752, -0.000328071, 1, 1, 9999, 9999, 9999, 9999, 9999, 9999, 9999, 9999, 0.478074, 9999, 4.6655, 0, 0, 0, 0, 0, 8000, 0, 0, 0, 0
6, 0.00000, 14.4276, 1, 1.74089, 0, 3.09468, 1.74089, 0.0916259, 0, 0, 0.0916259, -0.503504, 1, 1, 9999, 9999, 9999, 9999, 9999, 9999, 9999, 9999, 1.74088, 9999, 4.6655, 0, 0, 0, 0, 0, 8000, 0, 0, 0, 0
7, 0.00000, 12.5951, 1, 0.000244592, 0, 3.09486, 0.000244592, 0.0000128733, 0, 0, 0.0000128733, -1.83252, 1, 1, 9999, 9999, 9999, 9999, 9999, 9999, 9999, 9999, 3.93474E-17, 9999, 4.6655, 0, 0, 0, 0, 0, 8000, 0, 0, 0, 0
8, 0.00000, 12.5948, 1, 0.000165514, 0, 3.09459, 0.000165514, 8.71126E-6, 0, 0, 8.71126E-6, -0.000257465, 1, 1, 9999, 9999, 9999, 9999, 9999, 9999, 9999, 9999, 5.26642E-33, 9999, 4.6655, 0, 0, 0, 0, 0, 8000, 0, 0, 0, 0
9, 0.00000, 12.5946, 1, 0.885446, 0, 3.09459, 0.885446, 0.0466024, 0, 0, 0.0466024, -0.000174225, 1, 1, 9999, 9999, 9999, 9999, 9999, 9999, 9999, 9999, 0.885372, 9999, 4.6655, 0, 0, 0, 0, 0, 8000, 0, 0, 0, 0
