hour,t(sec),kWh,State,kWOut,kWIn,kvarOut,DCkW,kWTotalLosses,kWInvLosses,kWIdlingLosses,kWChDchLosses,"kWh Chng",InvEff,InverterON,Vref,"Vavg (DRC)","VV Oper","VW Oper","DRC Oper","VV_DRC Oper","WP Oper","WV Oper",kWDesired,"kW VW Limit","Limit kWOut Function","kVA Exceeded","Grid voltage",di/dt,it,"it History","Rated VDC","Avg duty cycle","Target (Amps)","Series L","Max. Amps (phase)"
1, 0.00000, 5.83362, -1, 0, 1.31328, -1.54805, -1.31328, 0.0656639, 0, 0, 0.0656639, -3.50017, 1, 1, 9999, 9999, 9999, 9999, 9999, 9999, 9999, 9999, -1.31346, 9999, 2.3335, 0, 0, 0, 0, 0, 8000, 0, 0, 0, 0
2, 0.00000, 7.08124, -1, 0, 0.0000123415, -1.54779, -0.0000123415, 6.17076E-7, 0, 0, 6.17076E-7, 1.24761, 1, 1, 9999, 9999, 9999, 9999, 9999, 9999, 9999, 9999, -9.47821E-18, 9999, 2.3335, 0, 0, 0, 0, 0, 8000, 0, 0, 0, 0
3, 0.00000, 7.08125, 1, 2.33337, 0, -1.54784, 2.33337, 0.122809, 0, 0, 0.122809, 0.0000117244, 1, 1, 9999, 9999, 9999, 9999, 9999, 9999, 9999, 9999, 2.3335, 9999, 2.3335, 1, 0, 0, 0, 0, 8000, 0, 0, 0, 0
4, 0.00000, 4.62507, -1, 0, 0.000171663, -1.54787, -0.000171663, 8.58315E-6, 0, 0, 8.58315E-6, -2.45618, 1, 1, 9999, 9999, 9999, 9999, 9999, 9999, 9999, 9999, -9.24673E-20, 9999, 2.3335, 0, 0, 0, 0, 0, 8000, 0, 0, 0, 0
5, 0.00000, 4.62523, -1, 0, 1.272, -1.54798, -1.272, 0.0636002, 0, 0, 0.0636002, 0.00016308, 1, 1, 9999, 9999, 9999, 9999, 9999, 9999, 9999, 9999, -1.27215, 9999, 2.3335, 0, 0, 0, 0, 0, 8000, 0, 0, 0, 0
