hour,t(sec),kWh,State,kWOut,kWIn,kvarOut,DCkW,kWTotalLosses,kWInvLosses,kWIdlingLosses,kWChDchLosses,"kWh Chng",InvEff,InverterON,Vref,"Vavg (DRC)","VV Oper","VW Oper","DRC Oper","VV_DRC Oper","WP Oper","WV Oper",kWDesired,"kW VW Limit","Limit kWOut Function","kVA Exceeded","Grid voltage",di/dt,it,"it History","Rated VDC","Avg duty cycle","Target (Amps)","Series L","Max. Amps (phase)"
1, 0.00000, 5.83362, -1, 0, 2.33334, -1.54809, -2.33334, 0.116667, 0, 0, 0.116667, -3.50017, 1, 1, 9999, 9999, 9999, 9999, 9999, 9999, 9999, 9999, -2.3335, 9999, 2.3335, 1, 0, 0, 0, 0, 8000, 0, 0, 0, 0
2, 0.00000, 8.0503, 1, 0.800544, 0, -0.899019, 0.800544, 0.0421339, 0, 0, 0.0421339, 2.21668, 1, 1, 9999, 9999, 9999, 9999, 9999, 9999, 9999, 9999, 0.800554, 9999, 2.3335, 0, 0, 0, 0, 0, 8000, 0, 0, 0, 0
3, 0.00000, 7.20762, 1, 2.33343, 0, 1.54776, 2.33343, 0.122812, 0, 0, 0.122812, -0.842678, 1, 1, 9999, 9999, 9999, 9999, 9999, 9999, 9999, 9999, 2.3335, 9999, 2.3335, 1, 0, 0, 0, 0, 8000, 0, 0, 0, 0
4, 0.00000, 4.75138, 1, 1.07802, 0, -0.896429, 1.07802, 0.0567379, 0, 0, 0.0567379, -2.45625, 1, 1, 9999, 9999, 9999, 9999, 9999, 9999, 9999, 9999, 1.07791, 9999, 2.3335, 0, 0, 0, 0, 0, 8000, 0, 0, 0, 0
5, 0.00000, 3.61662, 1, 1.07806, 0, -1.54775, 1.07806, 0.05674, 0, 0, 0.05674, -1.13476, 1, 1, 9999, 9999, 9999, 9999, 9999, 9999, 9999, 9999, -2.3335, 9999, 2.3335, 0, 0, 0, 0, 0, 8000, 0, 0, 0, 0
