hour,t(sec),kWh,State,kWOut,kWIn,kvarOut,DCkW,kWTotalLosses,kWInvLosses,kWIdlingLosses,kWChDchLosses,"kWh Chng",InvEff,InverterON,Vref,"Vavg (DRC)","VV Oper","VW Oper","DRC Oper","VV_DRC Oper","WP Oper","WV Oper",kWDesired,"kW VW Limit","Limit kWOut Function","kVA Exceeded","Grid voltage",di/dt,it,"it History","Rated VDC","Avg duty cycle","Target (Amps)","Series L","Max. Amps (phase)"
1, 0.00000, 11.6637, 0, 0, 0.0000496516, 3.09472, -0.0000496516, 0.0000496516, 0, 0.0000496516, 0, -6.99825, 1, 1, 9999, 9999, 9999, 9999, 9999, 9999, 9999, 9999, 0, 9999, 4.6655, 0, 0, 0, 0, 0, 8000, 0, 0, 0, 0
2, 0.00000, 11.6637, 1, 0.0000263132, 0, 3.09468, 0.0000263132, 1.38491E-6, 0, 0, 1.38491E-6, 0, 1, 1, 9999, 9999, 9999, 9999, 9999, 9999, 9999, 9999, 4.88991E-33, 9999, 4.6655, 0, 0, 0, 0, 0, 8000, 0, 0, 0, 0
3, 0.00000, 11.6637, 1, 0.0000574311, 0, 3.09467, 0.0000574311, 3.02269E-6, 0, 0, 3.02269E-6, -0.0000276981, 1, 1, 9999, 9999, 9999, 9999, 9999, 9999, 9999, 9999, 2.03551E-17, 9999, 4.6655, 0, 0, 0, 0, 0, 8000, 0, 0, 0, 0
4, 0.00000, 11.6637, 1, 0.0000902805, 0, 3.09474, 0.0000902805, 4.75161E-6, 0, 0, 4.75161E-6, -0.0000604537, 1, 1, 9999, 9999, 9999, 9999, 9999, 9999, 9999, 9999, 2.26454E-17, 9999, 4.6655, 0, 0, 0, 0, 0, 8000, 0, 0, 0, 0
5, 0.00000, 11.6636, -1, 0, 0.0000790866, 3.09465, -0.0000790866, 3.95433E-6, 0, 0, 3.95433E-6, -0.0000950321, 1, 1, 9999, 9999, 9999, 9999, 9999, 9999, 9999, 9999, -3.46745E-17, 9999, 4.6655, 0, 0, 0, 0, 0, 8000, 0, 0, 0, 0
6, 0.00000, 11.6636, 1, 3.568E-6, 0, 3.0947, 3.568E-6, 1.87789E-7, 0, 0, 1.87789E-7, 0.0000751323, 1, 1, 9999, 9999, 9999, 9999, 9999, 9999, 9999, 9999, 4.60788E-16, 9999, 4.6655, 0, 0, 0, 0, 0, 8000, 0, 0, 0, 0
7, 0.00000, 11.6636, 1, 0.0000667538, 0, 3.09473, 0.0000667538, 3.51336E-6, 0, 0, 3.51336E-6, -3.75579E-6, 1, 1, 9999, 9999, 9999, 9999, 9999, 9999, 9999, 9999, 3.24863E-17, 9999, 4.6655, 0, 0, 0, 0, 0, 8000, 0, 0, 0, 0
8, 0.00000, 11.6636, -1, 0, 0.0000469086, 3.09468, -0.0000469086, 2.34543E-6, 0, 0, 2.34543E-6, -0.0000702672, 1, 1, 9999, 9999, 9999, 9999, 9999, 9999, 9999, 9999, -8.57379E-18, 9999, 4.6655, 0, 0, 0, 0, 0, 8000, 0, 0, 0, 0
9, 0.00000, 11.6636, 1, 0.0000252919, 0, 3.09468, 0.0000252919, 1.33115E-6, 0, 0, 1.33115E-6, 0.0000445632, 1, 1, 9999, 9999, 9999, 9999, 9999, 9999, 9999, 9999, 5.41758E-17, 9999, 4.6655, 0, 0, 0, 0, 0, 8000, 0, 0, 0, 0
