hour,t(sec),kWh,State,kWOut,kWIn,kvarOut,DCkW,kWTotalLosses,kWInvLosses,kWIdlingLosses,kWChDchLosses,"kWh Chng",InvEff,InverterON,Vref,"Vavg (DRC)","VV Oper","VW Oper","DRC Oper","VV_DRC Oper","WP Oper","WV Oper",kWDesired,"kW VW Limit","Limit kWOut Function","kVA Exceeded","Grid voltage",di/dt,it,"it History","Rated VDC","Avg duty cycle","Target (Amps)","Series L","Max. Amps (phase)"
1, 0.00000, 11.6637, -1, 0, 3.45004, 3.0947, -3.45004, 0.172502, 0, 0, 0.172502, -6.99825, 1, 1, 9999, 9999, 9999, 9999, 9999, 9999, 9999, 9999, -3.45004, 9999, 4.6655, 0, 0, 0, 0, 0, 8000, 0, 0, 0, 0
2, 0.00000, 14.9413, -1, 0, 1.03642E-7, 3.0947, -1.03642E-7, 5.18208E-9, 0, 0, 5.18208E-9, 3.27754, 1, 1, 9999, 9999, 9999, 9999, 9999, 9999, 9999, 9999, -6.75518E-17, 9999, 4.6655, 0, 0, 0, 0, 0, 8000, 0, 0, 0, 0
3, 0.00000, 14.9413, 1, 4.6655, 0, 3.0947, 4.6655, 0.245553, 0, 0, 0.245553, 9.84596E-8, 1, 1, 9999, 9999, 9999, 9999, 9999, 9999, 9999, 9999, 4.66643, 9999, 4.6655, 1, 0, 0, 0, 0, 8000, 0, 0, 0, 0
4, 0.00000, 10.0302, 1, 1.49716, 0, 3.0947, 1.49716, 0.0787978, 0, 0, 0.0787978, -4.91105, 1, 1, 9999, 9999, 9999, 9999, 9999, 9999, 9999, 9999, 1.49716, 9999, 4.6655, 0, 0, 0, 0, 0, 8000, 0, 0, 0, 0
5, 0.00000, 8.45428, -1, 0, 3.37894, 3.0947, -3.37894, 0.168947, 0, 0, 0.168947, -1.57596, 1, 1, 9999, 9999, 9999, 9999, 9999, 9999, 9999, 9999, -3.37894, 9999, 4.6655, 0, 0, 0, 0, 0, 8000, 0, 0, 0, 0
