hour,t(sec),kWh,State,kWOut,kWIn,kvarOut,DCkW,kWTotalLosses,kWInvLosses,kWIdlingLosses,kWChDchLosses,"kWh Chng",InvEff,InverterON,Vref,"Vavg (DRC)","VV Oper","VW Oper","DRC Oper","VV_DRC Oper","WP Oper","WV Oper",kWDesired,"kW VW Limit","Limit kWOut Function","kVA Exceeded","Grid voltage",di/dt,it,"it History","Rated VDC","Avg duty cycle","Target (Amps)","Series L","Max. Amps (phase)"
1, 0.00000, 11.6637, -1, 0, 0.00024615, 2.23935, -0.00024615, 0.0000123075, 0, 0, 0.0000123075, -6.99825, 1, 1, 9999, 9999, 9999, 9999, 9999, 9999, 9999, 9999, -9.77749E-17, 9999, 4.6655, 0, 0, 0, 0, 0, 8000, 0, 0, 0, 0
2, 0.00000, 11.664, 1, 0.00058094, 0, 3.09447, 0.00058094, 0.0000305758, 0, 0, 0.0000305758, 0.000233842, 1, 1, 9999, 9999, 9999, 9999, 9999, 9999, 9999, 9999, 3.52758E-18, 9999, 4.6655, 0, 0, 0, 0, 0, 8000, 0, 0, 0, 0
3, 0.00000, 11.6634, -1, 0, 0.000712147, 3.0949, -0.000712147, 0.0000356074, 0, 0, 0.0000356074, -0.000611515, 1, 1, 9999, 9999, 9999, 9999, 9999, 9999, 9999, 9999, -3.52646E-35, 9999, 4.6655, 0, 0, 0, 0, 0, 8000, 0, 0, 0, 0
4, 0.00000, 11.664, -1, 0, 0.000434282, 3.09454, -0.000434282, 0.0000217141, 0, 0, 0.0000217141, 0.00067654, 1, 1, 9999, 9999, 9999, 9999, 9999, 9999, 9999, 9999, -6.22564E-19, 9999, 4.6655, 0, 0, 0, 0, 0, 8000, 0, 0, 0, 0
5, 0.00000, 11.6645, -1, 0, 0.000462593, 3.09484, -0.000462593, 0.0000231296, 0, 0, 0.0000231296, 0.000412568, 1, 1, 9999, 9999, 9999, 9999, 9999, 9999, 9999, 9999, -2.06887E-33, 9999, 4.6655, 0, 0, 0, 0, 0, 8000, 0, 0, 0, 0
6, 0.00000, 11.6649, -1, 0, 0.000556725, 3.09448, -0.000556725, 0.0000278363, 0, 0, 0.0000278363, 0.000439463, 1, 1, 9999, 9999, 9999, 9999, 9999, 9999, 9999, 9999, -1.2225E-33, 9999, 4.6655, 0, 0, 0, 0, 0, 8000, 0, 0, 0, 0
7, 0.00000, 11.6654, -1, 0, 0.00048062, 3.09484, -0.00048062, 0.000024031, 0, 0, 0.000024031, 0.000528889, 1, 1, 9999, 9999, 9999, 9999, 9999, 9999, 9999, 9999, -4.56132E-19, 9999, 4.6655, 0, 0, 0, 0, 0, 8000, 0, 0, 0, 0
8, 0.00000, 11.6659, 1, 0.000151215, 0, 3.09463, 0.000151215, 7.95868E-6, 0, 0, 7.95868E-6, 0.000456589, 1, 1, 9999, 9999, 9999, 9999, 9999, 9999, 9999, 9999, 4.70189E-35, 9999, 4.6655, 0, 0, 0, 0, 0, 8000, 0, 0, 0, 0
