hour,t(sec),kWh,State,kWOut,kWIn,kvarOut,DCkW,kWTotalLosses,kWInvLosses,kWIdlingLosses,kWChDchLosses,"kWh Chng",InvEff,InverterON,Vref,"Vavg (DRC)","VV Oper","VW Oper","DRC Oper","VV_DRC Oper","WP Oper","WV Oper",kWDesired,"kW VW Limit","Limit kWOut Function","kVA Exceeded","Grid voltage",di/dt,it,"it History","Rated VDC","Avg duty cycle","Target (Amps)","Series L","Max. Amps (phase)"
1, 0.00000, 5.83362, -1, 0, 0.0189184, -1.54785, -0.0189184, 0.000945918, 0, 0, 0.000945918, -3.50017, 1, 1, 9999, 9999, 9999, 9999, 9999, 9999, 9999, 9999, -0.0191457, 9999, 2.3335, 0, 0, 0, 0, 0, 8000, 0, 0, 0, 0
2, 0.00000, 5.8516, 1, 0.000134325, 0, -1.54877, 0.000134325, 7.06971E-6, 0, 0, 7.06971E-6, 0.0179724, 1, 1, 9999, 9999, 9999, 9999, 9999, 9999, 9999, 9999, 4.6621E-18, 9999, 2.3335, 0, 0, 0, 0, 0, 8000, 0, 0, 0, 0
3, 0.00000, 5.85146, -1, 0, 0.000202845, 1.54774, -0.000202845, 0.0000101423, 0, 0, 0.0000101423, -0.000141394, 1, 1, 9999, 9999, 9999, 9999, 9999, 9999, 9999, 9999, -4.77177E-16, 9999, 2.3335, 0, 0, 0, 0, 0, 8000, 0, 0, 0, 0
4, 0.00000, 5.85165, -1, 0, 0.000189075, 1.54783, -0.000189075, 9.45373E-6, 0, 0, 9.45373E-6, 0.000192703, 1, 1, 9999, 9999, 9999, 9999, 9999, 9999, 9999, 9999, -4.40635E-16, 9999, 2.3335, 0, 0, 0, 0, 0, 8000, 0, 0, 0, 0
5, 0.00000, 5.85183, 1, 0.000404845, 0, 1.54771, 0.000404845, 0.0000213076, 0, 0, 0.0000213076, 0.000179621, 1, 1, 9999, 9999, 9999, 9999, 9999, 9999, 9999, 9999, 0.000152114, 9999, 2.3335, 0, 0, 0, 0, 0, 8000, 0, 0, 0, 0
6, 0.00000, 5.8514, 1, 0.0178357, 0, 1.54782, 0.0178357, 0.00093872, 0, 0, 0.00093872, -0.000426152, 1, 1, 9999, 9999, 9999, 9999, 9999, 9999, 9999, 9999, 0.0178977, 9999, 2.3335, 0, 0, 0, 0, 0, 8000, 0, 0, 0, 0
7, 0.00000, 5.83263, -1, 0, 0.000356096, 1.5479, -0.000356096, 0.0000178048, 0, 0, 0.0000178048, -0.0187744, 1, 1, 9999, 9999, 9999, 9999, 9999, 9999, 9999, 9999, -2.31915E-16, 9999, 2.3335, 0, 0, 0, 0, 0, 8000, 0, 0, 0, 0
8, 0.00000, 5.83297, 1, 0.000297752, 0, 1.54769, 0.000297752, 0.0000156712, 0, 0, 0.0000156712, 0.000338291, 1, 1, 9999, 9999, 9999, 9999, 9999, 9999, 9999, 9999, 8.23352E-16, 9999, 2.3335, 0, 0, 0, 0, 0, 8000, 0, 0, 0, 0
9, 0.00000, 5.83265, 1, 0.000143305, 0, 1.54877, 0.000143305, 7.54239E-6, 0, 0, 7.54239E-6, -0.000313423, 1, 1, 9999, 9999, 9999, 9999, 9999, 9999, 9999, 9999, 0.0000711344, 9999, 2.3335, 0, 0, 0, 0, 0, 8000, 0, 0, 0, 0
