hour,t(sec),kWh,State,kWOut,kWIn,kvarOut,DCkW,kWTotalLosses,kWInvLosses,kWIdlingLosses,kWChDchLosses,"kWh Chng",InvEff,InverterON,Vref,"Vavg (DRC)","VV Oper","VW Oper","DRC Oper","VV_DRC Oper","WP Oper","WV Oper",kWDesired,"kW VW Limit","Limit kWOut Function","kVA Exceeded","Grid voltage",di/dt,it,"it History","Rated VDC","Avg duty cycle","Target (Amps)","Series L","Max. Amps (phase)"
1, 0.00000, 11.6637, 1, 0.0000511736, 0, 3.09472, 0.0000511736, 2.69335E-6, 0, 0, 2.69335E-6, -6.99825, 1, 1, 9999, 9999, 9999, 9999, 9999, 9999, 9999, 9999, 4.63844E-21, 9999, 4.6655, 0, 0, 0, 0, 0, 8000, 0, 0, 0, 0
2, 0.00000, 11.6637, 1, 0.0000479758, 0, 3.09467, 0.0000479758, 2.52504E-6, 0, 0, 2.52504E-6, -0.000053867, 1, 1, 9999, 9999, 9999, 9999, 9999, 9999, 9999, 9999, 9.63146E-23, 9999, 4.6655, 0, 0, 0, 0, 0, 8000, 0, 0, 0, 0
3, 0.00000, 11.6636, -1, 0, 0.0000432935, 3.09468, -0.0000432935, 2.16467E-6, 0, 0, 2.16467E-6, -0.0000505008, 1, 1, 9999, 9999, 9999, 9999, 9999, 9999, 9999, 9999, -3.18616E-20, 9999, 4.6655, 0, 0, 0, 0, 0, 8000, 0, 0, 0, 0
