hour,t(sec),kWh,State,kWOut,kWIn,kvarOut,DCkW,kWTotalLosses,kWInvLosses,kWIdlingLosses,kWChDchLosses,"kWh Chng",InvEff,InverterON,Vref,"Vavg (DRC)","VV Oper","VW Oper","DRC Oper","VV_DRC Oper","WP Oper","WV Oper",kWDesired,"kW VW Limit","Limit kWOut Function","kVA Exceeded","Grid voltage",di/dt,it,"it History","Rated VDC","Avg duty cycle","Target (Amps)","Series L","Max. Amps (phase)"
1, 0.00000, 5.83362, -1, 0, 0.000113604, 1.54776, -0.000113604, 5.68022E-6, 0, 0, 5.68022E-6, -3.50017, 1, 1, 9999, 9999, 9999, 9999, 9999, 9999, 9999, 9999, -2.03442E-17, 9999, 2.3335, 0, 0, 0, 0, 0, 8000, 0, 0, 0, 0
2, 0.00000, 5.83373, 1, 0.000272977, 0, 1.54787, 0.000272977, 0.0000143672, 0, 0, 0.0000143672, 0.000107924, 1, 1, 9999, 9999, 9999, 9999, 9999, 9999, 9999, 9999, 7.87883E-17, 9999, 2.3335, 0, 0, 0, 0, 0, 8000, 0, 0, 0, 0
3, 0.00000, 5.83345, -1, 0, 0.000221395, 1.54773, -0.000221395, 0.0000110698, 0, 0, 0.0000110698, -0.000287344, 1, 1, 9999, 9999, 9999, 9999, 9999, 9999, 9999, 9999, -3.04848E-17, 9999, 2.3335, 0, 0, 0, 0, 0, 8000, 0, 0, 0, 0
4, 0.00000, 5.83366, 1, 0.0000233732, 0, 1.54779, 0.0000233732, 1.23017E-6, 0, 0, 1.23017E-6, 0.000210326, 1, 1, 9999, 9999, 9999, 9999, 9999, 9999, 9999, 9999, 1.54786E-16, 9999, 2.3335, 0, 0, 0, 0, 0, 8000, 0, 0, 0, 0
5, 0.00000, 5.83363, -1, 0, 0.000231677, 1.54785, -0.000231677, 0.0000115838, 0, 0, 0.0000115838, -0.0000246034, 1, 1, 9999, 9999, 9999, 9999, 9999, 9999, 9999, 9999, -2.75633E-17, 9999, 2.3335, 0, 0, 0, 0, 0, 8000, 0, 0, 0, 0
