hour,t(sec),kWh,State,kWOut,kWIn,kvarOut,DCkW,kWTotalLosses,kWInvLosses,kWIdlingLosses,kWChDchLosses,"kWh Chng",InvEff,InverterON,Vref,"Vavg (DRC)","VV Oper","VW Oper","DRC Oper","VV_DRC Oper","WP Oper","WV Oper",kWDesired,"kW VW Limit","Limit kWOut Function","kVA Exceeded","Grid voltage",di/dt,it,"it History","Rated VDC","Avg duty cycle","Target (Amps)","Series L","Max. Amps (phase)"
1, 0.00000, 71.4613, 1, 0.00183017, 0, -18.9603, 0.00183017, 0.0000963246, 0, 0, 0.0000963246, -42.8768, 1, 1, 9999, 9999, 9999, 9999, 9999, 9999, 9999, 9999, 7.66122E-19, 9999, 28.5845, 0, 0, 0, 0, 0, 8000, 0, 0, 0, 0
2, 0.00000, 71.4593, -1, 0, 0.0027259, -18.9612, -0.0027259, 0.000136295, 0, 0, 0.000136295, -0.00192649, 1, 1, 9999, 9999, 9999, 9999, 9999, 9999, 9999, 9999, -1.00635E-18, 9999, 28.5845, 0, 0, 0, 0, 0, 8000, 0, 0, 0, 0
3, 0.00000, 71.4619, 1, 0.0891217, 0, -18.9598, 0.0891217, 0.00469062, 0, 0, 0.00469062, 0.00258961, 1, 1, 9999, 9999, 9999, 9999, 9999, 9999, 9999, 9999, 0.0923337, 9999, 28.5845, 0, 0, 0, 0, 0, 8000, 0, 0, 0, 0
4, 0.00000, 71.3681, 1, 1.88884, 0, -18.9609, 1.88884, 0.0994128, 0, 0, 0.0994128, -0.0938123, 1, 1, 9999, 9999, 9999, 9999, 9999, 9999, 9999, 9999, 1.88864, 9999, 28.5845, 0, 0, 0, 0, 0, 8000, 0, 0, 0, 0
5, 0.00000, 69.3798, -1, 0, 0.00331524, -18.9615, -0.00331524, 0.000165762, 0, 0, 0.000165762, -1.98826, 1, 1, 9999, 9999, 9999, 9999, 9999, 9999, 9999, 9999, -1.92745E-18, 9999, 28.5845, 0, 0, 0, 0, 0, 8000, 0, 0, 0, 0
