hour,t(sec),kWh,State,kWOut,kWIn,kvarOut,DCkW,kWTotalLosses,kWInvLosses,kWIdlingLosses,kWChDchLosses,"kWh Chng",InvEff,InverterON,Vref,"Vavg (DRC)","VV Oper","VW Oper","DRC Oper","VV_DRC Oper","WP Oper","WV Oper",kWDesired,"kW VW Limit","Limit kWOut Function","kVA Exceeded","Grid voltage",di/dt,it,"it History","Rated VDC","Avg duty cycle","Target (Amps)","Series L","Max. Amps (phase)"
1, 0.00000, 11.6637, -1, 0, 4.22853, 3.0957, -4.22853, 0.211426, 0, 0, 0.211426, -6.99825, 1, 1, 9999, 9999, 9999, 9999, 9999, 9999, 9999, 9999, -4.22853, 9999, 4.6655, 0, 0, 0, 0, 0, 8000, 0, 0, 0, 0
2, 0.00000, 15.6809, 1, 1.68313, 0, 3.0957, 1.68313, 0.0885856, 0, 0, 0.0885856, 4.0171, 1, 1, 9999, 9999, 9999, 9999, 9999, 9999, 9999, 9999, 1.68313, 9999, 4.6655, 0, 0, 0, 0, 0, 8000, 0, 0, 0, 0
3, 0.00000, 13.9091, 1, 4.66486, 0, 3.0957, 4.66486, 0.245519, 0, 0, 0.245519, -1.77171, 1, 1, 9999, 9999, 9999, 9999, 9999, 9999, 9999, 9999, 4.66643, 9999, 4.6655, 1, 0, 0, 0, 0, 8000, 0, 0, 0, 0
4, 0.00000, 8.99876, 1, 1.24289, 0, 3.0957, 1.24289, 0.0654152, 0, 0, 0.0654152, -4.91038, 1, 1, 9999, 9999, 9999, 9999, 9999, 9999, 9999, 9999, 1.24289, 9999, 4.6655, 0, 0, 0, 0, 0, 8000, 0, 0, 0, 0
5, 0.00000, 7.69045, -1, 0, 4.18369, 3.0957, -4.18369, 0.209185, 0, 0, 0.209185, -1.3083, 1, 1, 9999, 9999, 9999, 9999, 9999, 9999, 9999, 9999, -4.18369, 9999, 4.6655, 0, 0, 0, 0, 0, 8000, 0, 0, 0, 0
