hour,t(sec),kWh,State,kWOut,kWIn,kvarOut,DCkW,kWTotalLosses,kWInvLosses,kWIdlingLosses,kWChDchLosses,"kWh Chng",InvEff,InverterON,Vref,"Vavg (DRC)","VV Oper","VW Oper","DRC Oper","VV_DRC Oper","WP Oper","WV Oper",kWDesired,"kW VW Limit","Limit kWOut Function","kVA Exceeded","Grid voltage",di/dt,it,"it History","Rated VDC","Avg duty cycle","Target (Amps)","Series L","Max. Amps (phase)"
1, 0.00000, 5.83362, -1, 0, 1.29274, 1.5478, -1.29274, 0.0646368, 0, 0, 0.0646368, -3.50017, 1, 1, 9999, 9999, 9999, 9999, 9999, 9999, 9999, 9999, -1.29274, 9999, 2.3335, 0, 0, 0, 0, 0, 8000, 0, 0, 0, 0
2, 0.00000, 7.06172, 1, 2.33343, 0, 1.5478, 2.33343, 0.122812, 0, 0, 0.122812, 1.2281, 1, 1, 9999, 9999, 9999, 9999, 9999, 9999, 9999, 9999, 2.3335, 9999, 2.3335, 1, 0, 0, 0, 0, 8000, 0, 0, 0, 0
3, 0.00000, 4.60549, -1, 0, 1.29285, 1.5478, -1.29285, 0.0646426, 0, 0, 0.0646426, -2.45624, 1, 1, 9999, 9999, 9999, 9999, 9999, 9999, 9999, 9999, -1.29285, 9999, 2.3335, 0, 0, 0, 0, 0, 8000, 0, 0, 0, 0
