hour,t(sec),kWh,State,kWOut,kWIn,kvarOut,DCkW,kWTotalLosses,kWInvLosses,kWIdlingLosses,kWChDchLosses,"kWh Chng",InvEff,InverterON,Vref,"Vavg (DRC)","VV Oper","VW Oper","DRC Oper","VV_DRC Oper","WP Oper","WV Oper",kWDesired,"kW VW Limit","Limit kWOut Function","kVA Exceeded","Grid voltage",di/dt,it,"it History","Rated VDC","Avg duty cycle","Target (Amps)","Series L","Max. Amps (phase)"
1, 0.00000, 11.6637, 1, 0.0000373338, 0, 3.09468, 0.0000373338, 1.96493E-6, 0, 0, 1.96493E-6, -6.99825, 1, 1, 9999, 9999, 9999, 9999, 9999, 9999, 9999, 9999, 9.84654E-19, 9999, 4.6655, 0, 0, 0, 0, 0, 8000, 0, 0, 0, 0
2, 0.00000, 11.6637, -1, 0, 0.0000522747, 3.09472, -0.0000522747, 2.61374E-6, 0, 0, 2.61374E-6, -0.0000392987, 1, 1, 9999, 9999, 9999, 9999, 9999, 9999, 9999, 9999, -2.08086E-19, 9999, 4.6655, 0, 0, 0, 0, 0, 8000, 0, 0, 0, 0
3, 0.00000, 11.6638, 1, 0.883886, 0, 3.09464, 0.883886, 0.0465203, 0, 0, 0.0465203, 0.000049661, 1, 1, 9999, 9999, 9999, 9999, 9999, 9999, 9999, 9999, 0.883832, 9999, 4.6655, 0, 0, 0, 0, 0, 8000, 0, 0, 0, 0
4, 0.00000, 10.7334, 1, 2.18854, 0, 3.09471, 2.18854, 0.115186, 0, 0, 0.115186, -0.930406, 1, 1, 9999, 9999, 9999, 9999, 9999, 9999, 9999, 9999, 2.18854, 9999, 4.6655, 0, 0, 0, 0, 0, 8000, 0, 0, 0, 0
5, 0.00000, 8.42963, -1, 0, 0.0000651471, 3.09473, -0.0000651471, 3.25735E-6, 0, 0, 3.25735E-6, -2.30372, 1, 1, 9999, 9999, 9999, 9999, 9999, 9999, 9999, 9999, -1.02398E-18, 9999, 4.6655, 0, 0, 0, 0, 0, 8000, 0, 0, 0, 0
