hour,t(sec),kWh,State,kWOut,kWIn,kvarOut,DCkW,kWTotalLosses,kWInvLosses,kWIdlingLosses,kWChDchLosses,"kWh Chng",InvEff,InverterON,Vref,"Vavg (DRC)","VV Oper","VW Oper","DRC Oper","VV_DRC Oper","WP Oper","WV Oper",kWDesired,"kW VW Limit","Limit kWOut Function","kVA Exceeded","Grid voltage",di/dt,it,"it History","Rated VDC","Avg duty cycle","Target (Amps)","Series L","Max. Amps (phase)"
1, 0.00000, 11.6637, -1, 0, 0.000276709, 3.09462, -0.000276709, 0.0000138354, 0, 0, 0.0000138354, -6.99825, 1, 1, 9999, 9999, 9999, 9999, 9999, 9999, 9999, 9999, -1.71905E-18, 9999, 4.6655, 0, 0, 0, 0, 0, 8000, 0, 0, 0, 0
2, 0.00000, 11.664, 1, 1.16774, 0, 3.09456, 1.16774, 0.06146, 0, 0, 0.06146, 0.000262873, 1, 1, 9999, 9999, 9999, 9999, 9999, 9999, 9999, 9999, 1.16763, 9999, 4.6655, 0, 0, 0, 0, 0, 8000, 0, 0, 0, 0
3, 0.00000, 10.4348, 1, 1.51611, 0, 3.09468, 1.51611, 0.0797952, 0, 0, 0.0797952, -1.2292, 1, 1, 9999, 9999, 9999, 9999, 9999, 9999, 9999, 9999, 1.5161, 9999, 4.6655, 0, 0, 0, 0, 0, 8000, 0, 0, 0, 0
4, 0.00000, 8.83891, 1, 1.80137, 0, 3.09474, 1.80137, 0.0948088, 0, 0, 0.0948088, -1.5959, 1, 1, 9999, 9999, 9999, 9999, 9999, 9999, 9999, 9999, 1.8014, 9999, 4.6655, 0, 0, 0, 0, 0, 8000, 0, 0, 0, 0
5, 0.00000, 6.94273, 1, 1.27682, 0, 3.09463, 1.27682, 0.0672012, 0, 0, 0.0672012, -1.89618, 1, 1, 9999, 9999, 9999, 9999, 9999, 9999, 9999, 9999, 1.27676, 9999, 4.6655, 0, 0, 0, 0, 0, 8000, 0, 0, 0, 0
