hour,t(sec),kWh,State,kWOut,kWIn,kvarOut,DCkW,kWTotalLosses,kWInvLosses,kWIdlingLosses,kWChDchLosses,"kWh Chng",InvEff,InverterON,Vref,"Vavg (DRC)","VV Oper","VW Oper","DRC Oper","VV_DRC Oper","WP Oper","WV Oper",kWDesired,"kW VW Limit","Limit kWOut Function","kVA Exceeded","Grid voltage",di/dt,it,"it History","Rated VDC","Avg duty cycle","Target (Amps)","Series L","Max. Amps (phase)"
1, 0.00000, 11.6637, 1, 0.0000425599, 0, 3.09471, 0.0000425599, 2.24E-6, 0, 0, 2.24E-6, -6.99825, 1, 1, 9999, 9999, 9999, 9999, 9999, 9999, 9999, 9999, 4.00202E-22, 9999, 4.6655, 0, 0, 0, 0, 0, 8000, 0, 0, 0, 0
2, 0.00000, 11.6637, 0, 0, 0.0000739011, 3.09466, -0.0000739011, 0.0000739011, 0, 0.0000739011, 0, -0.0000447999, 1, 1, 9999, 9999, 9999, 9999, 9999, 9999, 9999, 9999, 0, 9999, 4.6655, 0, 0, 0, 0, 0, 8000, 0, 0, 0, 0
3, 0.00000, 11.6637, -1, 0, 0.0000889869, 3.09474, -0.0000889869, 4.44935E-6, 0, 0, 4.44935E-6, 0, 1, 1, 9999, 9999, 9999, 9999, 9999, 9999, 9999, 9999, -6.4174E-23, 9999, 4.6655, 0, 0, 0, 0, 0, 8000, 0, 0, 0, 0
4, 0.00000, 11.6638, 1, 0.0000539291, 0, 3.09467, 0.0000539291, 2.83837E-6, 0, 0, 2.83837E-6, 0.0000845376, 1, 1, 9999, 9999, 9999, 9999, 9999, 9999, 9999, 9999, 2.32468E-22, 9999, 4.6655, 0, 0, 0, 0, 0, 8000, 0, 0, 0, 0
5, 0.00000, 11.6637, 0, 0, 0.0000562856, 3.09472, -0.0000562856, 0.0000562856, 0, 0.0000562856, 0, -0.0000567674, 1, 1, 9999, 9999, 9999, 9999, 9999, 9999, 9999, 9999, 0, 9999, 4.6655, 0, 0, 0, 0, 0, 8000, 0, 0, 0, 0
6, 0.00000, 11.6637, -1, 0, 0.0000699401, 3.09466, -0.0000699401, 3.497E-6, 0, 0, 3.497E-6, 0, 1, 1, 9999, 9999, 9999, 9999, 9999, 9999, 9999, 9999, -1.73869E-22, 9999, 4.6655, 0, 0, 0, 0, 0, 8000, 0, 0, 0, 0
7, 0.00000, 11.6638, -1, 0, 0.0000593685, 3.09472, -0.0000593685, 2.96842E-6, 0, 0, 2.96842E-6, 0.0000664431, 1, 1, 9999, 9999, 9999, 9999, 9999, 9999, 9999, 9999, -9.51202E-23, 9999, 4.6655, 0, 0, 0, 0, 0, 8000, 0, 0, 0, 0
8, 0.00000, 11.6639, 0, 0, 0.0000188919, 3.09469, -0.0000188919, 0.0000188919, 0, 0.0000188919, 0, 0.0000564001, 1, 1, 9999, 9999, 9999, 9999, 9999, 9999, 9999, 9999, 0, 9999, 4.6655, 0, 0, 0, 0, 0, 8000, 0, 0, 0, 0
