hour,t(sec),kWh,State,kWOut,kWIn,kvarOut,DCkW,kWTotalLosses,kWInvLosses,kWIdlingLosses,kWChDchLosses,"kWh Chng",InvEff,InverterON,Vref,"Vavg (DRC)","VV Oper","VW Oper","DRC Oper","VV_DRC Oper","WP Oper","WV Oper",kWDesired,"kW VW Limit","Limit kWOut Function","kVA Exceeded","Grid voltage",di/dt,it,"it History","Rated VDC","Avg duty cycle","Target (Amps)","Series L","Max. Amps (phase)"
1, 0.00000, 11.6637, 1, 2.15837, 0, -3.09492, 2.15837, 0.113598, 0, 0, 0.113598, -6.99825, 1, 1, 9999, 9999, 9999, 9999, 9999, 9999, 9999, 9999, 2.15891, 9999, 4.6655, 0, 0, 0, 0, 0, 8000, 0, 0, 0, 0
2, 0.00000, 9.39178, 1, 1.92337, 0, -3.09468, 1.92337, 0.10123, 0, 0, 0.10123, -2.27197, 1, 1, 9999, 9999, 9999, 9999, 9999, 9999, 9999, 9999, 1.92331, 9999, 4.6655, 0, 0, 0, 0, 0, 8000, 0, 0, 0, 0
3, 0.00000, 7.36719, 1, 1.67972, 0, -3.09469, 1.67972, 0.0884066, 0, 0, 0.0884066, -2.0246, 1, 1, 9999, 9999, 9999, 9999, 9999, 9999, 9999, 9999, 1.67967, 9999, 4.6655, 0, 0, 0, 0, 0, 8000, 0, 0, 0, 0
