hour,t(sec),kWh,State,kWOut,kWIn,kvarOut,DCkW,kWTotalLosses,kWInvLosses,kWIdlingLosses,kWChDchLosses,"kWh Chng",InvEff,InverterON,Vref,"Vavg (DRC)","VV Oper","VW Oper","DRC Oper","VV_DRC Oper","WP Oper","WV Oper",kWDesired,"kW VW Limit","Limit kWOut Function","kVA Exceeded","Grid voltage",di/dt,it,"it History","Rated VDC","Avg duty cycle","Target (Amps)","Series L","Max. Amps (phase)"
1, 0.00000, 5.83362, -1, 0, 0.000112995, 1.54786, -0.000112995, 5.64974E-6, 0, 0, 5.64974E-6, -3.50017, 1, 1, 9999, 9999, 9999, 9999, 9999, 9999, 9999, 9999, -2.97918E-16, 9999, 2.3335, 0, 0, 0, 0, 0, 8000, 0, 0, 0, 0
2, 0.00000, 5.83373, 1, 0.0000636838, 0, 1.54775, 0.0000636838, 3.35178E-6, 0, 0, 3.35178E-6, 0.000107345, 1, 1, 9999, 9999, 9999, 9999, 9999, 9999, 9999, 9999, 8.46034E-17, 9999, 2.3335, 0, 0, 0, 0, 0, 8000, 0, 0, 0, 0
3, 0.00000, 5.83367, -1, 0, 0.0000271742, 1.54782, -0.0000271742, 1.35871E-6, 0, 0, 1.35871E-6, -0.0000670355, 1, 1, 9999, 9999, 9999, 9999, 9999, 9999, 9999, 9999, -7.79762E-18, 9999, 2.3335, 0, 0, 0, 0, 0, 8000, 0, 0, 0, 0
4, 0.00000, 5.83369, 1, 0.0000985905, 0, 1.54775, 0.0000985905, 5.18898E-6, 0, 0, 5.18898E-6, 0.0000258155, 1, 1, 9999, 9999, 9999, 9999, 9999, 9999, 9999, 9999, 3.08115E-17, 9999, 2.3335, 0, 0, 0, 0, 0, 8000, 0, 0, 0, 0
5, 0.00000, 5.83359, -1, 0, 0.0000546479, 1.54781, -0.0000546479, 2.73239E-6, 0, 0, 2.73239E-6, -0.00010378, 1, 1, 9999, 9999, 9999, 9999, 9999, 9999, 9999, 9999, -1.06002E-16, 9999, 2.3335, 0, 0, 0, 0, 0, 8000, 0, 0, 0, 0
6, 0.00000, 5.83364, 1, 0.0000641895, 0, 1.54778, 0.0000641895, 3.3784E-6, 0, 0, 3.3784E-6, 0.0000519155, 1, 1, 9999, 9999, 9999, 9999, 9999, 9999, 9999, 9999, 3.7371E-17, 9999, 2.3335, 0, 0, 0, 0, 0, 8000, 0, 0, 0, 0
7, 0.00000, 5.83357, 1, 0.0000922595, 0, 1.54784, 0.0000922595, 4.85576E-6, 0, 0, 4.85576E-6, -0.0000675679, 1, 1, 9999, 9999, 9999, 9999, 9999, 9999, 9999, 9999, 5.00442E-17, 9999, 2.3335, 0, 0, 0, 0, 0, 8000, 0, 0, 0, 0
8, 0.00000, 5.83347, -1, 0, 0.0000112685, 1.5478, -0.0000112685, 5.63425E-7, 0, 0, 5.63425E-7, -0.0000971153, 1, 1, 9999, 9999, 9999, 9999, 9999, 9999, 9999, 9999, -4.32981E-17, 9999, 2.3335, 0, 0, 0, 0, 0, 8000, 0, 0, 0, 0
