hour,t(sec),kWh,State,kWOut,kWIn,kvarOut,DCkW,kWTotalLosses,kWInvLosses,kWIdlingLosses,kWChDchLosses,"kWh Chng",InvEff,InverterON,Vref,"Vavg (DRC)","VV Oper","VW Oper","DRC Oper","VV_DRC Oper","WP Oper","WV Oper",kWDesired,"kW VW Limit","Limit kWOut Function","kVA Exceeded","Grid voltage",di/dt,it,"it History","Rated VDC","Avg duty cycle","Target (Amps)","Series L","Max. Amps (phase)"
1, 0.00000, 5.83362, -1, 0, 0.0000728738, 1.54783, -0.0000728738, 3.64369E-6, 0, 0, 3.64369E-6, -3.50017, 1, 1, 9999, 9999, 9999, 9999, 9999, 9999, 9999, 9999, -2.29698E-16, 9999, 2.3335, 0, 0, 0, 0, 0, 8000, 0, 0, 0, 0
2, 0.00000, 5.83369, 1, 0.000127779, 0, 1.54772, 0.000127779, 6.72519E-6, 0, 0, 6.72519E-6, 0.0000692301, 1, 1, 9999, 9999, 9999, 9999, 9999, 9999, 9999, 9999, 1.50466E-33, 9999, 2.3335, 0, 0, 0, 0, 0, 8000, 0, 0, 0, 0
3, 0.00000, 5.83356, -1, 0, 0.000154534, 1.54788, -0.000154534, 7.72669E-6, 0, 0, 7.72669E-6, -0.000134504, 1, 1, 9999, 9999, 9999, 9999, 9999, 9999, 9999, 9999, -1.28373E-16, 9999, 2.3335, 0, 0, 0, 0, 0, 8000, 0, 0, 0, 0
4, 0.00000, 5.83371, 1, 0.0000933062, 0, 1.54775, 0.0000933062, 4.91085E-6, 0, 0, 4.91085E-6, 0.000146807, 1, 1, 9999, 9999, 9999, 9999, 9999, 9999, 9999, 9999, 9.02808E-33, 9999, 2.3335, 0, 0, 0, 0, 0, 8000, 0, 0, 0, 0
5, 0.00000, 5.83361, 1, 0.0000944699, 0, 1.54785, 0.0000944699, 4.9721E-6, 0, 0, 4.9721E-6, -0.0000982171, 1, 1, 9999, 9999, 9999, 9999, 9999, 9999, 9999, 9999, 7.0663E-16, 9999, 2.3335, 0, 0, 0, 0, 0, 8000, 0, 0, 0, 0
6, 0.00000, 5.83351, 1, 0.000122806, 0, 1.54772, 0.000122806, 6.4635E-6, 0, 0, 6.4635E-6, -0.000099442, 1, 1, 9999, 9999, 9999, 9999, 9999, 9999, 9999, 9999, 5.20324E-16, 9999, 2.3335, 0, 0, 0, 0, 0, 8000, 0, 0, 0, 0
7, 0.00000, 5.83338, 0, 0, 0.000100248, 1.54785, -0.000100248, 0.000100248, 0, 0.000100248, 0, -0.00012927, 1, 1, 9999, 9999, 9999, 9999, 9999, 9999, 9999, 9999, 0, 9999, 2.3335, 0, 0, 0, 0, 0, 8000, 0, 0, 0, 0
8, 0.00000, 5.83338, -1, 0, 0.0000322077, 1.54778, -0.0000322077, 1.61038E-6, 0, 0, 1.61038E-6, 0, 1, 1, 9999, 9999, 9999, 9999, 9999, 9999, 9999, 9999, -9.58508E-17, 9999, 2.3335, 0, 0, 0, 0, 0, 8000, 0, 0, 0, 0
