hour,t(sec),kWh,State,kWOut,kWIn,kvarOut,DCkW,kWTotalLosses,kWInvLosses,kWIdlingLosses,kWChDchLosses,"kWh Chng",InvEff,InverterON,Vref,"Vavg (DRC)","VV Oper","VW Oper","DRC Oper","VV_DRC Oper","WP Oper","WV Oper",kWDesired,"kW VW Limit","Limit kWOut Function","kVA Exceeded","Grid voltage",di/dt,it,"it History","Rated VDC","Avg duty cycle","Target (Amps)","Series L","Max. Amps (phase)"
1, 0.00000, 71.4613, -1, 0, 23.2984, -18.9608, -23.2984, 1.16492, 0, 0, 1.16492, -42.8768, 1, 1, 9999, 9999, 9999, 9999, 9999, 9999, 9999, 9999, -23.2984, 9999, 28.5845, 0, 0, 0, 0, 0, 8000, 0, 0, 0, 0
2, 0.00000, 93.5947, 1, 6.35119, 0, -2.6975, 6.35119, 0.334273, 0, 0, 0.334273, 22.1334, 1, 1, 9999, 9999, 9999, 9999, 9999, 9999, 9999, 9999, 6.35119, 9999, 28.5845, 0, 0, 0, 0, 0, 8000, 0, 0, 0, 0
3, 0.00000, 86.9092, 1, 28.5838, 0, 18.9618, 28.5838, 1.50441, 0, 0, 1.50441, -6.68546, 1, 1, 9999, 9999, 9999, 9999, 9999, 9999, 9999, 9999, 28.5845, 9999, 28.5845, 1, 0, 0, 0, 0, 8000, 0, 0, 0, 0
4, 0.00000, 56.821, 1, 7.2839, 0, -2.5983, 7.2839, 0.383363, 0, 0, 0.383363, -30.0883, 1, 1, 9999, 9999, 9999, 9999, 9999, 9999, 9999, 9999, 7.2839, 9999, 28.5845, 0, 0, 0, 0, 0, 8000, 0, 0, 0, 0
5, 0.00000, 49.1537, -1, 0, 23.483, -18.9608, -23.483, 1.17415, 0, 0, 1.17415, -7.66726, 1, 1, 9999, 9999, 9999, 9999, 9999, 9999, 9999, 9999, -23.483, 9999, 28.5845, 0, 0, 0, 0, 0, 8000, 0, 0, 0, 0
