hour,t(sec),kWh,State,kWOut,kWIn,kvarOut,DCkW,kWTotalLosses,kWInvLosses,kWIdlingLosses,kWChDchLosses,"kWh Chng",InvEff,InverterON,Vref,"Vavg (DRC)","VV Oper","VW Oper","DRC Oper","VV_DRC Oper","WP Oper","WV Oper",kWDesired,"kW VW Limit","Limit kWOut Function","kVA Exceeded","Grid voltage",di/dt,it,"it History","Rated VDC","Avg duty cycle","Target (Amps)","Series L","Max. Amps (phase)"
1, 0.00000, 5.83362, 1, 0.0000713194, 0, 1.54783, 0.0000713194, 3.75365E-6, 0, 0, 3.75365E-6, -3.50017, 1, 1, 9999, 9999, 9999, 9999, 9999, 9999, 9999, 9999, 1.03159E-17, 9999, 2.3335, 0, 0, 0, 0, 0, 8000, 0, 0, 0, 0
2, 0.00000, 5.83355, -1, 0, 0.0000363356, 1.54778, -0.0000363356, 1.81678E-6, 0, 0, 1.81678E-6, -0.000075073, 1, 1, 9999, 9999, 9999, 9999, 9999, 9999, 9999, 9999, -7.35076E-17, 9999, 2.3335, 0, 0, 0, 0, 0, 8000, 0, 0, 0, 0
3, 0.00000, 5.83358, -1, 0, 0.0000156676, 1.54781, -0.0000156676, 7.83378E-7, 0, 0, 7.83378E-7, 0.0000345188, 1, 1, 9999, 9999, 9999, 9999, 9999, 9999, 9999, 9999, -1.26198E-17, 9999, 2.3335, 0, 0, 0, 0, 0, 8000, 0, 0, 0, 0
4, 0.00000, 5.8336, -1, 0, 0.0000663798, 1.54777, -0.0000663798, 3.31899E-6, 0, 0, 3.31899E-6, 0.0000148842, 1, 1, 9999, 9999, 9999, 9999, 9999, 9999, 9999, 9999, -2.06846E-17, 9999, 2.3335, 0, 0, 0, 0, 0, 8000, 0, 0, 0, 0
5, 0.00000, 5.83366, 1, 0.0000396283, 0, 1.54781, 0.0000396283, 2.0857E-6, 0, 0, 2.0857E-6, 0.0000630608, 1, 1, 9999, 9999, 9999, 9999, 9999, 9999, 9999, 9999, 1.03554E-16, 9999, 2.3335, 0, 0, 0, 0, 0, 8000, 0, 0, 0, 0
6, 0.00000, 5.83362, 1, 0.0000472082, 0, 1.54778, 0.0000472082, 2.48464E-6, 0, 0, 2.48464E-6, -0.000041714, 1, 1, 9999, 9999, 9999, 9999, 9999, 9999, 9999, 9999, 3.6825E-17, 9999, 2.3335, 0, 0, 0, 0, 0, 8000, 0, 0, 0, 0
7, 0.00000, 5.83357, -1, 0, 0.0000645099, 1.54782, -0.0000645099, 3.22549E-6, 0, 0, 3.22549E-6, -0.0000496929, 1, 1, 9999, 9999, 9999, 9999, 9999, 9999, 9999, 9999, -1.20257E-17, 9999, 2.3335, 0, 0, 0, 0, 0, 8000, 0, 0, 0, 0
8, 0.00000, 5.83363, 1, 9.10493E-6, 0, 1.5478, 9.10493E-6, 4.79207E-7, 0, 0, 4.79207E-7, 0.0000612844, 1, 1, 9999, 9999, 9999, 9999, 9999, 9999, 9999, 9999, 1.35422E-17, 9999, 2.3335, 0, 0, 0, 0, 0, 8000, 0, 0, 0, 0
