hour,t(sec),kWh,State,kWOut,kWIn,kvarOut,DCkW,kWTotalLosses,kWInvLosses,kWIdlingLosses,kWChDchLosses,"kWh Chng",InvEff,InverterON,Vref,"Vavg (DRC)","VV Oper","VW Oper","DRC Oper","VV_DRC Oper","WP Oper","WV Oper",kWDesired,"kW VW Limit","Limit kWOut Function","kVA Exceeded","Grid voltage",di/dt,it,"it History","Rated VDC","Avg duty cycle","Target (Amps)","Series L","Max. Amps (phase)"
1, 0.00000, 11.6637, 1, 1.78593, 0, 3.09445, 1.78593, 0.0939963, 0, 0, 0.0939963, -6.99825, 1, 1, 9999, 9999, 9999, 9999, 9999, 9999, 9999, 9999, 1.78581, 9999, 4.6655, 0, 0, 0, 0, 0, 8000, 0, 0, 0, 0
2, 0.00000, 9.78382, 1, 1.96953, 0, 3.09473, 1.96953, 0.103659, 0, 0, 0.103659, -1.87993, 1, 1, 9999, 9999, 9999, 9999, 9999, 9999, 9999, 9999, 1.96954, 9999, 4.6655, 0, 0, 0, 0, 0, 8000, 0, 0, 0, 0
3, 0.00000, 7.71064, 1, 2.00653, 0, 3.09473, 2.00653, 0.105607, 0, 0, 0.105607, -2.07319, 1, 1, 9999, 9999, 9999, 9999, 9999, 9999, 9999, 9999, 2.00654, 9999, 4.6655, 0, 0, 0, 0, 0, 8000, 0, 0, 0, 0
