hour,t(sec),kWh,State,kWOut,kWIn,kvarOut,DCkW,kWTotalLosses,kWInvLosses,kWIdlingLosses,kWChDchLosses,"kWh Chng",InvEff,InverterON,Vref,"Vavg (DRC)","VV Oper","VW Oper","DRC Oper","VV_DRC Oper","WP Oper","WV Oper",kWDesired,"kW VW Limit","Limit kWOut Function","kVA Exceeded","Grid voltage",di/dt,it,"it History","Rated VDC","Avg duty cycle","Target (Amps)","Series L","Max. Amps (phase)"
1, 0.00000, 11.6637, 1, 0.000111194, 0, 3.09465, 0.000111194, 5.85231E-6, 0, 0, 5.85231E-6, -6.99825, 1, 1, 9999, 9999, 9999, 9999, 9999, 9999, 9999, 9999, 1.53472E-18, 9999, 4.6655, 0, 0, 0, 0, 0, 8000, 0, 0, 0, 0
2, 0.00000, 11.6636, 1, 1.46767, 0, 3.09459, 1.46767, 0.0772457, 0, 0, 0.0772457, -0.000117046, 1, 1, 9999, 9999, 9999, 9999, 9999, 9999, 9999, 9999, 1.46763, 9999, 4.6655, 0, 0, 0, 0, 0, 8000, 0, 0, 0, 0
3, 0.00000, 10.1187, 1, 1.69591, 0, 3.09468, 1.69591, 0.0892586, 0, 0, 0.0892586, -1.54491, 1, 1, 9999, 9999, 9999, 9999, 9999, 9999, 9999, 9999, 1.69591, 9999, 4.6655, 0, 0, 0, 0, 0, 8000, 0, 0, 0, 0
4, 0.00000, 8.33355, 1, 1.77414, 0, 3.09473, 1.77414, 0.0933757, 0, 0, 0.0933757, -1.78517, 1, 1, 9999, 9999, 9999, 9999, 9999, 9999, 9999, 9999, 1.77415, 9999, 4.6655, 0, 0, 0, 0, 0, 8000, 0, 0, 0, 0
5, 0.00000, 6.46603, 1, 0.824238, 0, 3.09466, 0.824238, 0.0433809, 0, 0, 0.0433809, -1.86751, 1, 1, 9999, 9999, 9999, 9999, 9999, 9999, 9999, 9999, 0.824207, 9999, 4.6655, 0, 0, 0, 0, 0, 8000, 0, 0, 0, 0
