hour,t(sec),kWh,State,kWOut,kWIn,kvarOut,DCkW,kWTotalLosses,kWInvLosses,kWIdlingLosses,kWChDchLosses,"kWh Chng",InvEff,InverterON,Vref,"Vavg (DRC)","VV Oper","VW Oper","DRC Oper","VV_DRC Oper","WP Oper","WV Oper",kWDesired,"kW VW Limit","Limit kWOut Function","kVA Exceeded","Grid voltage",di/dt,it,"it History","Rated VDC","Avg duty cycle","Target (Amps)","Series L","Max. Amps (phase)"
1, 0.00000, 5.83362, 1, 0.0000924428, 0, 1.54777, 0.0000924428, 4.86541E-6, 0, 0, 4.86541E-6, -3.50017, 1, 1, 9999, 9999, 9999, 9999, 9999, 9999, 9999, 9999, 4.29691E-19, 9999, 2.3335, 0, 0, 0, 0, 0, 8000, 0, 0, 0, 0
2, 0.00000, 5.83353, 1, 0.750604, 0, 1.54775, 0.750604, 0.0395054, 0, 0, 0.0395054, -0.0000973082, 1, 1, 9999, 9999, 9999, 9999, 9999, 9999, 9999, 9999, 0.75057, 9999, 2.3335, 0, 0, 0, 0, 0, 8000, 0, 0, 0, 0
3, 0.00000, 5.04342, 1, 0.84032, 0, 1.54779, 0.84032, 0.0442273, 0, 0, 0.0442273, -0.790109, 1, 1, 9999, 9999, 9999, 9999, 9999, 9999, 9999, 9999, 0.840317, 9999, 2.3335, 0, 0, 0, 0, 0, 8000, 0, 0, 0, 0
4, 0.00000, 4.15887, 1, 0.937567, 0, 1.54782, 0.937567, 0.0493457, 0, 0, 0.0493457, -0.884547, 1, 1, 9999, 9999, 9999, 9999, 9999, 9999, 9999, 9999, 0.937577, 9999, 2.3335, 0, 0, 0, 0, 0, 8000, 0, 0, 0, 0
5, 0.00000, 3.17196, 1, 0.353433, 0, 1.54778, 0.353433, 0.0186017, 0, 0, 0.0186017, -0.986913, 1, 1, 9999, 9999, 9999, 9999, 9999, 9999, 9999, 9999, 0.353409, 9999, 2.3335, 0, 0, 0, 0, 0, 8000, 0, 0, 0, 0
