hour,t(sec),kWh,State,kWOut,kWIn,kvarOut,DCkW,kWTotalLosses,kWInvLosses,kWIdlingLosses,kWChDchLosses,"kWh Chng",InvEff,InverterON,Vref,"Vavg (DRC)","VV Oper","VW Oper","DRC Oper","VV_DRC Oper","WP Oper","WV Oper",kWDesired,"kW VW Limit","Limit kWOut Function","kVA Exceeded","Grid voltage",di/dt,it,"it History","Rated VDC","Avg duty cycle","Target (Amps)","Series L","Max. Amps (phase)"
1, 0.00000, 11.6637, -1, 0, 1.65298, 3.09569, -1.65298, 0.0826491, 0, 0, 0.0826491, -6.99825, 1, 1, 9999, 9999, 9999, 9999, 9999, 9999, 9999, 9999, -1.65271, 9999, 4.6655, 0, 0, 0, 0, 0, 8000, 0, 0, 0, 0
2, 0.00000, 13.2341, -1, 0, 0.000136006, 3.09562, -0.000136006, 6.8003E-6, 0, 0, 6.8003E-6, 1.57033, 1, 1, 9999, 9999, 9999, 9999, 9999, 9999, 9999, 9999, -1.30102E-18, 9999, 4.6655, 0, 0, 0, 0, 0, 8000, 0, 0, 0, 0
3, 0.00000, 13.2342, 1, 0.000179903, 0, 3.0956, 0.000179903, 9.4686E-6, 0, 0, 9.4686E-6, 0.000129206, 1, 1, 9999, 9999, 9999, 9999, 9999, 9999, 9999, 9999, 1.84315E-18, 9999, 4.6655, 0, 0, 0, 0, 0, 8000, 0, 0, 0, 0
4, 0.00000, 13.234, 1, 0.0942787, 0, 3.09575, 0.0942787, 0.00496203, 0, 0, 0.00496203, -0.000189372, 1, 1, 9999, 9999, 9999, 9999, 9999, 9999, 9999, 9999, 0.0944251, 9999, 4.6655, 0, 0, 0, 0, 0, 8000, 0, 0, 0, 0
5, 0.00000, 13.1348, 1, 0.135935, 0, 3.09555, 0.135935, 0.00715447, 0, 0, 0.00715447, -0.0992407, 1, 1, 9999, 9999, 9999, 9999, 9999, 9999, 9999, 9999, 0.135719, 9999, 4.6655, 0, 0, 0, 0, 0, 8000, 0, 0, 0, 0
6, 0.00000, 12.9917, 1, 1.07353, 0, 3.09575, 1.07353, 0.0565018, 0, 0, 0.0565018, -0.143089, 1, 1, 9999, 9999, 9999, 9999, 9999, 9999, 9999, 9999, 1.07358, 9999, 4.6655, 0, 0, 0, 0, 0, 8000, 0, 0, 0, 0
7, 0.00000, 11.8617, -1, 0, 0.000340948, 3.09589, -0.000340948, 0.0000170474, 0, 0, 0.0000170474, -1.13004, 1, 1, 9999, 9999, 9999, 9999, 9999, 9999, 9999, 9999, -1.7846E-16, 9999, 4.6655, 0, 0, 0, 0, 0, 8000, 0, 0, 0, 0
8, 0.00000, 11.862, 1, 0.000283226, 0, 3.0955, 0.000283226, 0.0000149066, 0, 0, 0.0000149066, 0.000323901, 1, 1, 9999, 9999, 9999, 9999, 9999, 9999, 9999, 9999, 1.24252E-16, 9999, 4.6655, 0, 0, 0, 0, 0, 8000, 0, 0, 0, 0
9, 0.00000, 11.8617, 1, 0.188733, 0, 3.09566, 0.188733, 0.00993332, 0, 0, 0.00993332, -0.000298132, 1, 1, 9999, 9999, 9999, 9999, 9999, 9999, 9999, 9999, 0.188673, 9999, 4.6655, 0, 0, 0, 0, 0, 8000, 0, 0, 0, 0
