hour,t(sec),kWh,State,kWOut,kWIn,kvarOut,DCkW,kWTotalLosses,kWInvLosses,kWIdlingLosses,kWChDchLosses,"kWh Chng",InvEff,InverterON,Vref,"Vavg (DRC)","VV Oper","VW Oper","DRC Oper","VV_DRC Oper","WP Oper","WV Oper",kWDesired,"kW VW Limit","Limit kWOut Function","kVA Exceeded","Grid voltage",di/dt,it,"it History","Rated VDC","Avg duty cycle","Target (Amps)","Series L","Max. Amps (phase)"
1, 0.00000, 71.4613, -1, 0, 15.8338, -18.9638, -15.8338, 0.79169, 0, 0, 0.79169, -42.8768, 1, 1, 9999, 9999, 9999, 9999, 9999, 9999, 9999, 9999, -15.8364, 9999, 28.5845, 0, 0, 0, 0, 0, 8000, 0, 0, 0, 0
2, 0.00000, 86.5034, 1, 28.584, 0, -18.961, 28.584, 1.50442, 0, 0, 1.50442, 15.0421, 1, 1, 9999, 9999, 9999, 9999, 9999, 9999, 9999, 9999, 28.5845, 9999, 28.5845, 1, 0, 0, 0, 0, 8000, 0, 0, 0, 0
3, 0.00000, 56.415, 1, 28.5833, 0, -18.9615, 28.5833, 1.50438, 0, 0, 1.50438, -30.0884, 1, 1, 9999, 9999, 9999, 9999, 9999, 9999, 9999, 9999, -15.8364, 9999, 28.5845, 1, 0, 0, 0, 0, 8000, 0, 0, 0, 0
