hour,t(sec),kWh,State,kWOut,kWIn,kvarOut,DCkW,kWTotalLosses,kWInvLosses,kWIdlingLosses,kWChDchLosses,"kWh Chng",InvEff,InverterON,Vref,"Vavg (DRC)","VV Oper","VW Oper","DRC Oper","VV_DRC Oper","WP Oper","WV Oper",kWDesired,"kW VW Limit","Limit kWOut Function","kVA Exceeded","Grid voltage",di/dt,it,"it History","Rated VDC","Avg duty cycle","Target (Amps)","Series L","Max. Amps (phase)"
1, 0.00000, 11.6637, 1, 0.0000338497, 0, 3.09469, 0.0000338497, 1.78156E-6, 0, 0, 1.78156E-6, -6.99825, 1, 1, 9999, 9999, 9999, 9999, 9999, 9999, 9999, 9999, 1.19931E-20, 9999, 4.6655, 0, 0, 0, 0, 0, 8000, 0, 0, 0, 0
2, 0.00000, 11.6637, 1, 0.706839, 0, 3.09468, 0.706839, 0.0372021, 0, 0, 0.0372021, -0.0000356312, 1, 1, 9999, 9999, 9999, 9999, 9999, 9999, 9999, 9999, 0.706823, 9999, 4.6655, 0, 0, 0, 0, 0, 8000, 0, 0, 0, 0
3, 0.00000, 10.9197, 1, 0.997812, 0, 3.0947, 0.997812, 0.0525164, 0, 0, 0.0525164, -0.744042, 1, 1, 9999, 9999, 9999, 9999, 9999, 9999, 9999, 9999, 0.99781, 9999, 4.6655, 0, 0, 0, 0, 0, 8000, 0, 0, 0, 0
4, 0.00000, 9.86934, 1, 1.25418, 0, 3.09471, 1.25418, 0.0660093, 0, 0, 0.0660093, -1.05033, 1, 1, 9999, 9999, 9999, 9999, 9999, 9999, 9999, 9999, 1.25418, 9999, 4.6655, 0, 0, 0, 0, 0, 8000, 0, 0, 0, 0
5, 0.00000, 8.54916, 1, 0.106729, 0, 3.09469, 0.106729, 0.00561733, 0, 0, 0.00561733, -1.32019, 1, 1, 9999, 9999, 9999, 9999, 9999, 9999, 9999, 9999, 0.106719, 9999, 4.6655, 0, 0, 0, 0, 0, 8000, 0, 0, 0, 0
