hour,t(sec),kWh,State,kWOut,kWIn,kvarOut,DCkW,kWTotalLosses,kWInvLosses,kWIdlingLosses,kWChDchLosses,"kWh Chng",InvEff,InverterON,Vref,"Vavg (DRC)","VV Oper","VW Oper","DRC Oper","VV_DRC Oper","WP Oper","WV Oper",kWDesired,"kW VW Limit","Limit kWOut Function","kVA Exceeded","Grid voltage",di/dt,it,"it History","Rated VDC","Avg duty cycle","Target (Amps)","Series L","Max. Amps (phase)"
1, 0.00000, 11.6637, -1, 0, 4.66588, 3.09449, -4.66588, 0.233294, 0, 0, 0.233294, -6.99825, 1, 1, 9999, 9999, 9999, 9999, 9999, 9999, 9999, 9999, -4.6655, 9999, 4.6655, 1, 0, 0, 0, 0, 8000, 0, 0, 0, 0
2, 0.00000, 16.0963, 1, 1.73818, 0, 3.09445, 1.73818, 0.0914831, 0, 0, 0.0914831, 4.43258, 1, 1, 9999, 9999, 9999, 9999, 9999, 9999, 9999, 9999, 1.73809, 9999, 4.6655, 0, 0, 0, 0, 0, 8000, 0, 0, 0, 0
3, 0.00000, 14.2667, 1, 4.66549, 0, 3.09467, 4.66549, 0.245552, 0, 0, 0.245552, -1.82966, 1, 1, 9999, 9999, 9999, 9999, 9999, 9999, 9999, 9999, 4.6655, 9999, 4.6655, 1, 0, 0, 0, 0, 8000, 0, 0, 0, 0
4, 0.00000, 9.35563, 1, 2.01753, 0, 3.09493, 2.01753, 0.106186, 0, 0, 0.106186, -4.91104, 1, 1, 9999, 9999, 9999, 9999, 9999, 9999, 9999, 9999, 2.01764, 9999, 4.6655, 0, 0, 0, 0, 0, 8000, 0, 0, 0, 0
5, 0.00000, 7.23191, 1, 2.01756, 0, 3.09482, 2.01756, 0.106187, 0, 0, 0.106187, -2.12371, 1, 1, 9999, 9999, 9999, 9999, 9999, 9999, 9999, 9999, -4.6655, 9999, 4.6655, 0, 0, 0, 0, 0, 8000, 0, 0, 0, 0
