hour,t(sec),kWh,State,kWOut,kWIn,kvarOut,DCkW,kWTotalLosses,kWInvLosses,kWIdlingLosses,kWChDchLosses,"kWh Chng",InvEff,InverterON,Vref,"Vavg (DRC)","VV Oper","VW Oper","DRC Oper","VV_DRC Oper","WP Oper","WV Oper",kWDesired,"kW VW Limit","Limit kWOut Function","kVA Exceeded","Grid voltage",di/dt,it,"it History","Rated VDC","Avg duty cycle","Target (Amps)","Series L","Max. Amps (phase)"
1, 0.00000, 5.83362, 1, 0.144342, 0, -1.54774, 0.144342, 0.00759694, 0, 0, 0.00759694, -3.50017, 1, 1, 9999, 9999, 9999, 9999, 9999, 9999, 9999, 9999, 0.144539, 9999, 2.3335, 0, 0, 0, 0, 0, 8000, 0, 0, 0, 0
2, 0.00000, 5.68169, 1, 0.597596, 0, -1.5478, 0.597596, 0.0314524, 0, 0, 0.0314524, -0.151939, 1, 1, 9999, 9999, 9999, 9999, 9999, 9999, 9999, 9999, 0.597609, 9999, 2.3335, 0, 0, 0, 0, 0, 8000, 0, 0, 0, 0
3, 0.00000, 5.05264, 1, 0.558775, 0, -1.5478, 0.558775, 0.0294092, 0, 0, 0.0294092, -0.629049, 1, 1, 9999, 9999, 9999, 9999, 9999, 9999, 9999, 9999, 0.558757, 9999, 2.3335, 0, 0, 0, 0, 0, 8000, 0, 0, 0, 0
