hour,t(sec),kWh,State,kWOut,kWIn,kvarOut,DCkW,kWTotalLosses,kWInvLosses,kWIdlingLosses,kWChDchLosses,"kWh Chng",InvEff,InverterON,Vref,"Vavg (DRC)","VV Oper","VW Oper","DRC Oper","VV_DRC Oper","WP Oper","WV Oper",kWDesired,"kW VW Limit","Limit kWOut Function","kVA Exceeded","Grid voltage",di/dt,it,"it History","Rated VDC","Avg duty cycle","Target (Amps)","Series L","Max. Amps (phase)"
1, 0.00000, 5.83362, 1, 0.688569, 0, 1.54773, 0.688569, 0.0362405, 0, 0, 0.0362405, -3.50017, 1, 1, 9999, 9999, 9999, 9999, 9999, 9999, 9999, 9999, 0.688523, 9999, 2.3335, 0, 0, 0, 0, 0, 8000, 0, 0, 0, 0
2, 0.00000, 5.10882, 1, 0.978829, 0, 1.54781, 0.978829, 0.0515173, 0, 0, 0.0515173, -0.724809, 1, 1, 9999, 9999, 9999, 9999, 9999, 9999, 9999, 9999, 0.978833, 9999, 2.3335, 0, 0, 0, 0, 0, 8000, 0, 0, 0, 0
3, 0.00000, 4.07847, 1, 1.21451, 0, 1.54781, 1.21451, 0.0639218, 0, 0, 0.0639218, -1.03035, 1, 1, 9999, 9999, 9999, 9999, 9999, 9999, 9999, 9999, 1.21452, 9999, 2.3335, 0, 0, 0, 0, 0, 8000, 0, 0, 0, 0
