hour,t(sec),kWh,State,kWOut,kWIn,kvarOut,DCkW,kWTotalLosses,kWInvLosses,kWIdlingLosses,kWChDchLosses,"kWh Chng",InvEff,InverterON,Vref,"Vavg (DRC)","VV Oper","VW Oper","DRC Oper","VV_DRC Oper","WP Oper","WV Oper",kWDesired,"kW VW Limit","Limit kWOut Function","kVA Exceeded","Grid voltage",di/dt,it,"it History","Rated VDC","Avg duty cycle","Target (Amps)","Series L","Max. Amps (phase)"
1, 0.00000, 11.6637, 1, 0.000105072, 0, 3.09463, 0.000105072, 5.53011E-6, 0, 0, 5.53011E-6, -6.99825, 1, 1, 9999, 9999, 9999, 9999, 9999, 9999, 9999, 9999, 4.21239E-17, 9999, 4.6655, 0, 0, 0, 0, 0, 8000, 0, 0, 0, 0
2, 0.00000, 11.6636, -1, 0, 0.000253162, 3.09483, -0.000253162, 0.0000126581, 0, 0, 0.0000126581, -0.000110602, 1, 1, 9999, 9999, 9999, 9999, 9999, 9999, 9999, 9999, -1.97565E-16, 9999, 4.6655, 0, 0, 0, 0, 0, 8000, 0, 0, 0, 0
3, 0.00000, 11.6639, -1, 0, 0.000197143, 3.09459, -0.000197143, 9.85717E-6, 0, 0, 9.85717E-6, 0.000240503, 1, 1, 9999, 9999, 9999, 9999, 9999, 9999, 9999, 9999, -9.10799E-17, 9999, 4.6655, 0, 0, 0, 0, 0, 8000, 0, 0, 0, 0
4, 0.00000, 11.6641, -1, 0, 0.0000330805, 3.09466, -0.0000330805, 1.65402E-6, 0, 0, 1.65402E-6, 0.000187286, 1, 1, 9999, 9999, 9999, 9999, 9999, 9999, 9999, 9999, -2.37423E-16, 9999, 4.6655, 0, 0, 0, 0, 0, 8000, 0, 0, 0, 0
5, 0.00000, 11.6641, 1, 0.000193397, 0, 3.09479, 0.000193397, 0.0000101788, 0, 0, 0.0000101788, 0.0000314265, 1, 1, 9999, 9999, 9999, 9999, 9999, 9999, 9999, 9999, 4.76348E-17, 9999, 4.6655, 0, 0, 0, 0, 0, 8000, 0, 0, 0, 0
