hour,t(sec),kWh,State,kWOut,kWIn,kvarOut,DCkW,kWTotalLosses,kWInvLosses,kWIdlingLosses,kWChDchLosses,"kWh Chng",InvEff,InverterON,Vref,"Vavg (DRC)","VV Oper","VW Oper","DRC Oper","VV_DRC Oper","WP Oper","WV Oper",kWDesired,"kW VW Limit","Limit kWOut Function","kVA Exceeded","Grid voltage",di/dt,it,"it History","Rated VDC","Avg duty cycle","Target (Amps)","Series L","Max. Amps (phase)"
1, 0.00000, 71.4613, -1, 0, 15.8372, -18.9608, -15.8372, 0.791862, 0, 0, 0.791862, -42.8768, 1, 1, 9999, 9999, 9999, 9999, 9999, 9999, 9999, 9999, -15.8372, 9999, 28.5845, 0, 0, 0, 0, 0, 8000, 0, 0, 0, 0
2, 0.00000, 86.5066, 1, 5.11626E-6, 0, -18.9608, 5.11626E-6, 2.69277E-7, 0, 0, 2.69277E-7, 15.0454, 1, 1, 9999, 9999, 9999, 9999, 9999, 9999, 9999, 9999, 8.0917E-19, 9999, 28.5845, 0, 0, 0, 0, 0, 8000, 0, 0, 0, 0
3, 0.00000, 86.5066, 1, 28.5845, 0, -18.9608, 28.5845, 1.50445, 0, 0, 1.50445, -5.38554E-6, 1, 1, 9999, 9999, 9999, 9999, 9999, 9999, 9999, 9999, 28.5845, 9999, 28.5845, 1, 0, 0, 0, 0, 8000, 0, 0, 0, 0
4, 0.00000, 56.4177, 0, 0, 4.90005E-6, -18.9608, -4.90005E-6, 4.90005E-6, 0, 4.90005E-6, 0, -30.0889, 1, 1, 9999, 9999, 9999, 9999, 9999, 9999, 9999, 9999, 0, 9999, 28.5845, 0, 0, 0, 0, 0, 8000, 0, 0, 0, 0
5, 0.00000, 56.4177, -1, 0, 15.8355, -18.9608, -15.8355, 0.791776, 0, 0, 0.791776, 0, 1, 1, 9999, 9999, 9999, 9999, 9999, 9999, 9999, 9999, -15.8355, 9999, 28.5845, 0, 0, 0, 0, 0, 8000, 0, 0, 0, 0
