hour,t(sec),kWh,State,kWOut,kWIn,kvarOut,DCkW,kWTotalLosses,kWInvLosses,kWIdlingLosses,kWChDchLosses,"kWh Chng",InvEff,InverterON,Vref,"Vavg (DRC)","VV Oper","VW Oper","DRC Oper","VV_DRC Oper","WP Oper","WV Oper",kWDesired,"kW VW Limit","Limit kWOut Function","kVA Exceeded","Grid voltage",di/dt,it,"it History","Rated VDC","Avg duty cycle","Target (Amps)","Series L","Max. Amps (phase)"
1, 0.00000, 5.83362, 1, 0.000191312, 0, -1.54781, 0.000191312, 0.000010069, 0, 0, 0.000010069, -3.50017, 1, 1, 9999, 9999, 9999, 9999, 9999, 9999, 9999, 9999, 7.78106E-18, 9999, 2.3335, 0, 0, 0, 0, 0, 8000, 0, 0, 0, 0
2, 0.00000, 5.83342, 1, 0.000335604, 0, -1.54774, 0.000335604, 0.0000176634, 0, 0, 0.0000176634, -0.000201381, 1, 1, 9999, 9999, 9999, 9999, 9999, 9999, 9999, 9999, 3.06902E-18, 9999, 2.3335, 0, 0, 0, 0, 0, 8000, 0, 0, 0, 0
3, 0.00000, 5.83307, -1, 0, 0.000405948, -1.54784, -0.000405948, 0.0000202974, 0, 0, 0.0000202974, -0.000353268, 1, 1, 9999, 9999, 9999, 9999, 9999, 9999, 9999, 9999, -3.00928E-33, 9999, 2.3335, 0, 0, 0, 0, 0, 8000, 0, 0, 0, 0
4, 0.00000, 5.83346, -1, 0, 0.000248394, -1.54776, -0.000248394, 0.0000124197, 0, 0, 0.0000124197, 0.00038565, 1, 1, 9999, 9999, 9999, 9999, 9999, 9999, 9999, 9999, -3.61622E-18, 9999, 2.3335, 0, 0, 0, 0, 0, 8000, 0, 0, 0, 0
5, 0.00000, 5.83369, 1, 0.000262031, 0, -1.54783, 0.000262031, 0.0000137911, 0, 0, 0.0000137911, 0.000235974, 1, 1, 9999, 9999, 9999, 9999, 9999, 9999, 9999, 9999, 6.35529E-17, 9999, 2.3335, 0, 0, 0, 0, 0, 8000, 0, 0, 0, 0
6, 0.00000, 5.83342, 1, 0.000315535, 0, -1.54773, 0.000315535, 0.0000166071, 0, 0, 0.0000166071, -0.000275822, 1, 1, 9999, 9999, 9999, 9999, 9999, 9999, 9999, 9999, 2.49334E-18, 9999, 2.3335, 0, 0, 0, 0, 0, 8000, 0, 0, 0, 0
7, 0.00000, 5.83308, 1, 0.000274077, 0, -1.54783, 0.000274077, 0.0000144251, 0, 0, 0.0000144251, -0.000332142, 1, 1, 9999, 9999, 9999, 9999, 9999, 9999, 9999, 9999, 1.77507E-18, 9999, 2.3335, 0, 0, 0, 0, 0, 8000, 0, 0, 0, 0
8, 0.00000, 5.8328, -1, 0, 0.0000865492, -1.54778, -0.0000865492, 4.32746E-6, 0, 0, 4.32746E-6, -0.000288502, 1, 1, 9999, 9999, 9999, 9999, 9999, 9999, 9999, 9999, -2.35333E-18, 9999, 2.3335, 0, 0, 0, 0, 0, 8000, 0, 0, 0, 0
