hour,t(sec),kWh,State,kWOut,kWIn,kvarOut,DCkW,kWTotalLosses,kWInvLosses,kWIdlingLosses,kWChDchLosses,"kWh Chng",InvEff,InverterON,Vref,"Vavg (DRC)","VV Oper","VW Oper","DRC Oper","VV_DRC Oper","WP Oper","WV Oper",kWDesired,"kW VW Limit","Limit kWOut Function","kVA Exceeded","Grid voltage",di/dt,it,"it History","Rated VDC","Avg duty cycle","Target (Amps)","Series L","Max. Amps (phase)"
1, 0.00000, 11.6637, -1, 0, 4.66589, 3.09449, -4.66589, 0.233294, 0, 0, 0.233294, -6.99825, 1, 1, 9999, 9999, 9999, 9999, 9999, 9999, 9999, 9999, -4.6655, 9999, 4.6655, 1, 0, 0, 0, 0, 8000, 0, 0, 0, 0
2, 0.00000, 16.0963, 1, 1.76366, 0, 3.09468, 1.76366, 0.092824, 0, 0, 0.092824, 4.43259, 1, 1, 9999, 9999, 9999, 9999, 9999, 9999, 9999, 9999, 1.76365, 9999, 4.6655, 0, 0, 0, 0, 0, 8000, 0, 0, 0, 0
3, 0.00000, 14.2399, 1, 4.6655, 0, 3.09465, 4.6655, 0.245553, 0, 0, 0.245553, -1.85648, 1, 1, 9999, 9999, 9999, 9999, 9999, 9999, 9999, 9999, 4.6655, 9999, 4.6655, 1, 0, 0, 0, 0, 8000, 0, 0, 0, 0
4, 0.00000, 9.32881, 1, 1.99199, 0, 3.09489, 1.99199, 0.104841, 0, 0, 0.104841, -4.91106, 1, 1, 9999, 9999, 9999, 9999, 9999, 9999, 9999, 9999, 1.99208, 9999, 4.6655, 0, 0, 0, 0, 0, 8000, 0, 0, 0, 0
5, 0.00000, 7.23198, 1, 1.99197, 0, 3.09486, 1.99197, 0.10484, 0, 0, 0.10484, -2.09683, 1, 1, 9999, 9999, 9999, 9999, 9999, 9999, 9999, 9999, -4.6655, 9999, 4.6655, 0, 0, 0, 0, 0, 8000, 0, 0, 0, 0
