hour,t(sec),kWh,State,kWOut,kWIn,kvarOut,DCkW,kWTotalLosses,kWInvLosses,kWIdlingLosses,kWChDchLosses,"kWh Chng",InvEff,InverterON,Vref,"Vavg (DRC)","VV Oper","VW Oper","DRC Oper","VV_DRC Oper","WP Oper","WV Oper",kWDesired,"kW VW Limit","Limit kWOut Function","kVA Exceeded","Grid voltage",di/dt,it,"it History","Rated VDC","Avg duty cycle","Target (Amps)","Series L","Max. Amps (phase)"
1, 0.00000, 71.4613, -1, 0, 0.00215745, -18.9611, -0.00215745, 0.000107872, 0, 0, 0.000107872, -42.8768, 1, 1, 9999, 9999, 9999, 9999, 9999, 9999, 9999, 9999, -2.2881E-15, 9999, 28.5845, 0, 0, 0, 0, 0, 8000, 0, 0, 0, 0
2, 0.00000, 71.4633, 1, 0.00372506, 0, -18.9598, 0.00372506, 0.000196056, 0, 0, 0.000196056, 0.00204957, 1, 1, 9999, 9999, 9999, 9999, 9999, 9999, 9999, 9999, 4.43031E-18, 9999, 28.5845, 0, 0, 0, 0, 0, 8000, 0, 0, 0, 0
3, 0.00000, 71.4594, -1, 0, 0.00453577, -18.9616, -0.00453577, 0.000226789, 0, 0, 0.000226789, -0.00392112, 1, 1, 9999, 9999, 9999, 9999, 9999, 9999, 9999, 9999, -3.46673E-18, 9999, 28.5845, 0, 0, 0, 0, 0, 8000, 0, 0, 0, 0
4, 0.00000, 71.4637, 1, 0.00274525, 0, -18.9601, 0.00274525, 0.000144487, 0, 0, 0.000144487, 0.00430898, 1, 1, 9999, 9999, 9999, 9999, 9999, 9999, 9999, 9999, 6.92774E-18, 9999, 28.5845, 0, 0, 0, 0, 0, 8000, 0, 0, 0, 0
5, 0.00000, 71.4608, -1, 0, 0.00294416, -18.9614, -0.00294416, 0.000147208, 0, 0, 0.000147208, -0.00288974, 1, 1, 9999, 9999, 9999, 9999, 9999, 9999, 9999, 9999, -1.20787E-17, 9999, 28.5845, 0, 0, 0, 0, 0, 8000, 0, 0, 0, 0
6, 0.00000, 71.4636, 1, 0.00350331, 0, -18.9598, 0.00350331, 0.000184385, 0, 0, 0.000184385, 0.00279695, 1, 1, 9999, 9999, 9999, 9999, 9999, 9999, 9999, 9999, 4.70186E-35, 9999, 28.5845, 0, 0, 0, 0, 0, 8000, 0, 0, 0, 0
7, 0.00000, 71.4599, -1, 0, 0.0030655, -18.9614, -0.0030655, 0.000153275, 0, 0, 0.000153275, -0.00368769, 1, 1, 9999, 9999, 9999, 9999, 9999, 9999, 9999, 9999, -2.30983E-18, 9999, 28.5845, 0, 0, 0, 0, 0, 8000, 0, 0, 0, 0
8, 0.00000, 71.4628, 0, 0, 0.000964723, -18.9605, -0.000964723, 0.000964723, 0, 0.000964723, 0, 0.00291222, 1, 1, 9999, 9999, 9999, 9999, 9999, 9999, 9999, 9999, 0, 9999, 28.5845, 0, 0, 0, 0, 0, 8000, 0, 0, 0, 0
