hour,t(sec),kWh,State,kWOut,kWIn,kvarOut,DCkW,kWTotalLosses,kWInvLosses,kWIdlingLosses,kWChDchLosses,"kWh Chng",InvEff,InverterON,Vref,"Vavg (DRC)","VV Oper","VW Oper","DRC Oper","VV_DRC Oper","WP Oper","WV Oper",kWDesired,"kW VW Limit","Limit kWOut Function","kVA Exceeded","Grid voltage",di/dt,it,"it History","Rated VDC","Avg duty cycle","Target (Amps)","Series L","Max. Amps (phase)"
1, 0.00000, 11.6637, -1, 0, 0.000235947, 3.09462, -0.000235947, 0.0000117973, 0, 0, 0.0000117973, -6.99825, 1, 1, 9999, 9999, 9999, 9999, 9999, 9999, 9999, 9999, -2.75932E-17, 9999, 4.6655, 0, 0, 0, 0, 0, 8000, 0, 0, 0, 0
2, 0.00000, 11.664, 1, 0.000557907, 0, 3.09486, 0.000557907, 0.0000293635, 0, 0, 0.0000293635, 0.000224149, 1, 1, 9999, 9999, 9999, 9999, 9999, 9999, 9999, 9999, 7.33557E-17, 9999, 4.6655, 0, 0, 0, 0, 0, 8000, 0, 0, 0, 0
3, 0.00000, 11.6634, -1, 0, 0.00046013, 3.09454, -0.00046013, 0.0000230065, 0, 0, 0.0000230065, -0.000587271, 1, 1, 9999, 9999, 9999, 9999, 9999, 9999, 9999, 9999, -6.2667E-17, 9999, 4.6655, 0, 0, 0, 0, 0, 8000, 0, 0, 0, 0
4, 0.00000, 11.6638, -1, 0, 0.0000481379, 3.09467, -0.0000481379, 2.40689E-6, 0, 0, 2.40689E-6, 0.000437124, 1, 1, 9999, 9999, 9999, 9999, 9999, 9999, 9999, 9999, -1.43292E-16, 9999, 4.6655, 0, 0, 0, 0, 0, 8000, 0, 0, 0, 0
5, 0.00000, 11.6639, 1, 0.00047264, 0, 3.09482, 0.00047264, 0.0000248758, 0, 0, 0.0000248758, 0.000045731, 1, 1, 9999, 9999, 9999, 9999, 9999, 9999, 9999, 9999, 1.60946E-16, 9999, 4.6655, 0, 0, 0, 0, 0, 8000, 0, 0, 0, 0
