hour,t(sec),kWh,State,kWOut,kWIn,kvarOut,DCkW,kWTotalLosses,kWInvLosses,kWIdlingLosses,kWChDchLosses,"kWh Chng",InvEff,InverterON,Vref,"Vavg (DRC)","VV Oper","VW Oper","DRC Oper","VV_DRC Oper","WP Oper","WV Oper",kWDesired,"kW VW Limit","Limit kWOut Function","kVA Exceeded","Grid voltage",di/dt,it,"it History","Rated VDC","Avg duty cycle","Target (Amps)","Series L","Max. Amps (phase)"
1, 0.00000, 5.83362, 1, 0.000158394, 0, -1.54778, 0.000158394, 8.3365E-6, 0, 0, 8.3365E-6, -3.50017, 1, 1, 9999, 9999, 9999, 9999, 9999, 9999, 9999, 9999, 9.11372E-19, 9999, 2.3335, 0, 0, 0, 0, 0, 8000, 0, 0, 0, 0
2, 0.00000, 5.83346, 1, 0.169598, 0, -1.54778, 0.169598, 0.00892623, 0, 0, 0.00892623, -0.00016673, 1, 1, 9999, 9999, 9999, 9999, 9999, 9999, 9999, 9999, 0.169678, 9999, 2.3335, 0, 0, 0, 0, 0, 8000, 0, 0, 0, 0
3, 0.00000, 5.65493, 1, 0.817789, 0, -1.5478, 0.817789, 0.0430415, 0, 0, 0.0430415, -0.178525, 1, 1, 9999, 9999, 9999, 9999, 9999, 9999, 9999, 9999, 0.817798, 9999, 2.3335, 0, 0, 0, 0, 0, 8000, 0, 0, 0, 0
4, 0.00000, 4.7941, 1, 1.39717, 0, -1.54779, 1.39717, 0.073535, 0, 0, 0.073535, -0.860831, 1, 1, 9999, 9999, 9999, 9999, 9999, 9999, 9999, 9999, 1.39714, 9999, 2.3335, 0, 0, 0, 0, 0, 8000, 0, 0, 0, 0
5, 0.00000, 3.3234, 1, 0.497196, 0, -1.5478, 0.497196, 0.0261682, 0, 0, 0.0261682, -1.4707, 1, 1, 9999, 9999, 9999, 9999, 9999, 9999, 9999, 9999, 0.497246, 9999, 2.3335, 0, 0, 0, 0, 0, 8000, 0, 0, 0, 0
