hour,t(sec),kWh,State,kWOut,kWIn,kvarOut,DCkW,kWTotalLosses,kWInvLosses,kWIdlingLosses,kWChDchLosses,"kWh Chng",InvEff,InverterON,Vref,"Vavg (DRC)","VV Oper","VW Oper","DRC Oper","VV_DRC Oper","WP Oper","WV Oper",kWDesired,"kW VW Limit","Limit kWOut Function","kVA Exceeded","Grid voltage",di/dt,it,"it History","Rated VDC","Avg duty cycle","Target (Amps)","Series L","Max. Amps (phase)"
1, 0.00000, 71.4613, -1, 0, 15.8347, -18.9638, -15.8347, 0.791734, 0, 0, 0.791734, -42.8768, 1, 1, 9999, 9999, 9999, 9999, 9999, 9999, 9999, 9999, -15.8372, 9999, 28.5845, 0, 0, 0, 0, 0, 8000, 0, 0, 0, 0
2, 0.00000, 86.5042, 1, 0.000159077, 0, -18.9607, 0.000159077, 8.37245E-6, 0, 0, 8.37245E-6, 15.043, 1, 1, 9999, 9999, 9999, 9999, 9999, 9999, 9999, 9999, 8.0917E-19, 9999, 28.5845, 0, 0, 0, 0, 0, 8000, 0, 0, 0, 0
3, 0.00000, 86.504, 1, 28.5839, 0, -18.9613, 28.5839, 1.50441, 0, 0, 1.50441, -0.000167449, 1, 1, 9999, 9999, 9999, 9999, 9999, 9999, 9999, 9999, 28.5845, 9999, 28.5845, 1, 0, 0, 0, 0, 8000, 0, 0, 0, 0
4, 0.00000, 56.4158, 0, 0, 0.0022705, -18.9616, -0.0022705, 0.0022705, 0, 0.0022705, 0, -30.0883, 1, 1, 9999, 9999, 9999, 9999, 9999, 9999, 9999, 9999, 0, 9999, 28.5845, 0, 0, 0, 0, 0, 8000, 0, 0, 0, 0
5, 0.00000, 56.4158, -1, 0, 15.8334, -18.9631, -15.8334, 0.79167, 0, 0, 0.79167, 0, 1, 1, 9999, 9999, 9999, 9999, 9999, 9999, 9999, 9999, -15.8355, 9999, 28.5845, 0, 0, 0, 0, 0, 8000, 0, 0, 0, 0
