hour,t(sec),kWh,State,kWOut,kWIn,kvarOut,DCkW,kWTotalLosses,kWInvLosses,kWIdlingLosses,kWChDchLosses,"kWh Chng",InvEff,InverterON,Vref,"Vavg (DRC)","VV Oper","VW Oper","DRC Oper","VV_DRC Oper","WP Oper","WV Oper",kWDesired,"kW VW Limit","Limit kWOut Function","kVA Exceeded","Grid voltage",di/dt,it,"it History","Rated VDC","Avg duty cycle","Target (Amps)","Series L","Max. Amps (phase)"
1, 0.00000, 5.83362, -1, 0, 0.0000425433, 1.54778, -0.0000425433, 2.12716E-6, 0, 0, 2.12716E-6, -3.50017, 1, 1, 9999, 9999, 9999, 9999, 9999, 9999, 9999, 9999, -1.6619E-19, 9999, 2.3335, 0, 0, 0, 0, 0, 8000, 0, 0, 0, 0
2, 0.00000, 5.83367, 1, 0.0756593, 0, 1.54783, 0.0756593, 0.00398207, 0, 0, 0.00398207, 0.0000404161, 1, 1, 9999, 9999, 9999, 9999, 9999, 9999, 9999, 9999, 0.0757174, 9999, 2.3335, 0, 0, 0, 0, 0, 8000, 0, 0, 0, 0
3, 0.00000, 5.75402, 1, 0.996707, 0, 1.54771, 0.996707, 0.0524582, 0, 0, 0.0524582, -0.0796413, 1, 1, 9999, 9999, 9999, 9999, 9999, 9999, 9999, 9999, 0.996661, 9999, 2.3335, 0, 0, 0, 0, 0, 8000, 0, 0, 0, 0
4, 0.00000, 4.70486, 1, 1.53981, 0, 1.54781, 1.53981, 0.0810424, 0, 0, 0.0810424, -1.04916, 1, 1, 9999, 9999, 9999, 9999, 9999, 9999, 9999, 9999, 1.53981, 9999, 2.3335, 0, 0, 0, 0, 0, 8000, 0, 0, 0, 0
5, 0.00000, 3.08401, 1, 0.269615, 0, 1.54785, 0.269615, 0.0141903, 0, 0, 0.0141903, -1.62085, 1, 1, 9999, 9999, 9999, 9999, 9999, 9999, 9999, 9999, 0.269683, 9999, 2.3335, 0, 0, 0, 0, 0, 8000, 0, 0, 0, 0
