hour,t(sec),kWh,State,kWOut,kWIn,kvarOut,DCkW,kWTotalLosses,kWInvLosses,kWIdlingLosses,kWChDchLosses,"kWh Chng",InvEff,InverterON,Vref,"Vavg (DRC)","VV Oper","VW Oper","DRC Oper","VV_DRC Oper","WP Oper","WV Oper",kWDesired,"kW VW Limit","Limit kWOut Function","kVA Exceeded","Grid voltage",di/dt,it,"it History","Rated VDC","Avg duty cycle","Target (Amps)","Series L","Max. Amps (phase)"
1, 0.00000, 5.83362, -1, 0, 2.33296, 1.54869, -2.33296, 0.116648, 0, 0, 0.116648, -3.50017, 1, 1, 9999, 9999, 9999, 9999, 9999, 9999, 9999, 9999, -2.33443, 9999, 2.3335, 1, 0, 0, 0, 0, 8000, 0, 0, 0, 0
2, 0.00000, 8.04994, -1, 0, 0.0000697654, 1.54876, -0.0000697654, 3.48827E-6, 0, 0, 3.48827E-6, 2.21631, 1, 1, 9999, 9999, 9999, 9999, 9999, 9999, 9999, 9999, -2.91664E-17, 9999, 2.3335, 0, 0, 0, 0, 0, 8000, 0, 0, 0, 0
3, 0.00000, 8.05, -1, 0, 0.0000915824, 1.54875, -0.0000915824, 4.57912E-6, 0, 0, 4.57912E-6, 0.0000662771, 1, 1, 9999, 9999, 9999, 9999, 9999, 9999, 9999, 9999, -4.07009E-16, 9999, 2.3335, 0, 0, 0, 0, 0, 8000, 0, 0, 0, 0
4, 0.00000, 8.05009, 1, 0.0000741576, 0, 1.54882, 0.0000741576, 3.90303E-6, 0, 0, 3.90303E-6, 0.0000870032, 1, 1, 9999, 9999, 9999, 9999, 9999, 9999, 9999, 9999, 2.48611E-16, 9999, 2.3335, 0, 0, 0, 0, 0, 8000, 0, 0, 0, 0
5, 0.00000, 8.05001, 1, 0.852408, 0, 1.54866, 0.852408, 0.0448636, 0, 0, 0.0448636, -0.0000780606, 1, 1, 9999, 9999, 9999, 9999, 9999, 9999, 9999, 9999, 0.852334, 9999, 2.3335, 0, 0, 0, 0, 0, 8000, 0, 0, 0, 0
6, 0.00000, 7.15274, 1, 0.287159, 0, 1.54882, 0.287159, 0.0151136, 0, 0, 0.0151136, -0.897271, 1, 1, 9999, 9999, 9999, 9999, 9999, 9999, 9999, 9999, 0.287184, 9999, 2.3335, 0, 0, 0, 0, 0, 8000, 0, 0, 0, 0
7, 0.00000, 6.85047, -1, 0, 0.000172986, 1.5489, -0.000172986, 8.64929E-6, 0, 0, 8.64929E-6, -0.302273, 1, 1, 9999, 9999, 9999, 9999, 9999, 9999, 9999, 9999, -6.75688E-16, 9999, 2.3335, 0, 0, 0, 0, 0, 8000, 0, 0, 0, 0
8, 0.00000, 6.85063, 1, 0.000184169, 0, 1.54869, 0.000184169, 9.69312E-6, 0, 0, 9.69312E-6, 0.000164336, 1, 1, 9999, 9999, 9999, 9999, 9999, 9999, 9999, 9999, 0.0000373477, 9999, 2.3335, 0, 0, 0, 0, 0, 8000, 0, 0, 0, 0
9, 0.00000, 6.85044, 1, 0.968142, 0, 1.54776, 0.968142, 0.0509548, 0, 0, 0.0509548, -0.000193862, 1, 1, 9999, 9999, 9999, 9999, 9999, 9999, 9999, 9999, 0.968122, 9999, 2.3335, 0, 0, 0, 0, 0, 8000, 0, 0, 0, 0
