hour,t(sec),kWh,State,kWOut,kWIn,kvarOut,DCkW,kWTotalLosses,kWInvLosses,kWIdlingLosses,kWChDchLosses,"kWh Chng",InvEff,InverterON,Vref,"Vavg (DRC)","VV Oper","VW Oper","DRC Oper","VV_DRC Oper","WP Oper","WV Oper",kWDesired,"kW VW Limit","Limit kWOut Function","kVA Exceeded","Grid voltage",di/dt,it,"it History","Rated VDC","Avg duty cycle","Target (Amps)","Series L","Max. Amps (phase)"
1, 0.00000, 5.83362, 1, 0.468257, 0, 1.54766, 0.468257, 0.0246451, 0, 0, 0.0246451, -3.50017, 1, 1, 9999, 9999, 9999, 9999, 9999, 9999, 9999, 9999, 0.468077, 9999, 2.3335, 0, 0, 0, 0, 0, 8000, 0, 0, 0, 0
2, 0.00000, 5.34072, 1, 0.994755, 0, 1.54782, 0.994755, 0.0523555, 0, 0, 0.0523555, -0.492902, 1, 1, 9999, 9999, 9999, 9999, 9999, 9999, 9999, 9999, 0.994771, 9999, 2.3335, 0, 0, 0, 0, 0, 8000, 0, 0, 0, 0
3, 0.00000, 4.29361, 1, 1.41901, 0, 1.54783, 1.41901, 0.0746849, 0, 0, 0.0746849, -1.04711, 1, 1, 9999, 9999, 9999, 9999, 9999, 9999, 9999, 9999, 1.41902, 9999, 2.3335, 0, 0, 0, 0, 0, 8000, 0, 0, 0, 0
