hour,t(sec),kWh,State,kWOut,kWIn,kvarOut,DCkW,kWTotalLosses,kWInvLosses,kWIdlingLosses,kWChDchLosses,"kWh Chng",InvEff,InverterON,Vref,"Vavg (DRC)","VV Oper","VW Oper","DRC Oper","VV_DRC Oper","WP Oper","WV Oper",kWDesired,"kW VW Limit","Limit kWOut Function","kVA Exceeded","Grid voltage",di/dt,it,"it History","Rated VDC","Avg duty cycle","Target (Amps)","Series L","Max. Amps (phase)"
1, 0.00000, 11.6637, -1, 0, 2.58508, 3.09463, -2.58508, 0.129254, 0, 0, 0.129254, -6.99825, 1, 1, 9999, 9999, 9999, 9999, 9999, 9999, 9999, 9999, -2.58478, 9999, 4.6655, 0, 0, 0, 0, 0, 8000, 0, 0, 0, 0
2, 0.00000, 14.1196, 1, 4.66549, 0, 3.09465, 4.66549, 0.245552, 0, 0, 0.245552, 2.45583, 1, 1, 9999, 9999, 9999, 9999, 9999, 9999, 9999, 9999, 4.6655, 9999, 4.6655, 1, 0, 0, 0, 0, 8000, 0, 0, 0, 0
3, 0.00000, 9.20854, 1, 4.66547, 0, 3.09455, 4.66547, 0.245551, 0, 0, 0.245551, -4.91104, 1, 1, 9999, 9999, 9999, 9999, 9999, 9999, 9999, 9999, -2.58478, 9999, 4.6655, 1, 0, 0, 0, 0, 8000, 0, 0, 0, 0
