hour,t(sec),kWh,State,kWOut,kWIn,kvarOut,DCkW,kWTotalLosses,kWInvLosses,kWIdlingLosses,kWChDchLosses,"kWh Chng",InvEff,InverterON,Vref,"Vavg (DRC)","VV Oper","VW Oper","DRC Oper","VV_DRC Oper","WP Oper","WV Oper",kWDesired,"kW VW Limit","Limit kWOut Function","kVA Exceeded","Grid voltage",di/dt,it,"it History","Rated VDC","Avg duty cycle","Target (Amps)","Series L","Max. Amps (phase)"
1, 0.00000, 5.83362, -1, 0, 0.0000276469, -1.54781, -0.0000276469, 1.38234E-6, 0, 0, 1.38234E-6, -3.50017, 1, 1, 9999, 9999, 9999, 9999, 9999, 9999, 9999, 9999, -5.98193E-18, 9999, 2.3335, 0, 0, 0, 0, 0, 8000, 0, 0, 0, 0
2, 0.00000, 5.83365, -1, 0, 0.0000112949, -1.5478, -0.0000112949, 5.64747E-7, 0, 0, 5.64747E-7, 0.0000262645, 1, 1, 9999, 9999, 9999, 9999, 9999, 9999, 9999, 9999, -2.96728E-18, 9999, 2.3335, 0, 0, 0, 0, 0, 8000, 0, 0, 0, 0
3, 0.00000, 5.83366, 1, 0.000171765, 0, -1.54772, 0.000171765, 9.04025E-6, 0, 0, 9.04025E-6, 0.0000107302, 1, 1, 9999, 9999, 9999, 9999, 9999, 9999, 9999, 9999, 3.25337E-16, 9999, 2.3335, 0, 0, 0, 0, 0, 8000, 0, 0, 0, 0
