hour,t(sec),kWh,State,kWOut,kWIn,kvarOut,DCkW,kWTotalLosses,kWInvLosses,kWIdlingLosses,kWChDchLosses,"kWh Chng",InvEff,InverterON,Vref,"Vavg (DRC)","VV Oper","VW Oper","DRC Oper","VV_DRC Oper","WP Oper","WV Oper",kWDesired,"kW VW Limit","Limit kWOut Function","kVA Exceeded","Grid voltage",di/dt,it,"it History","Rated VDC","Avg duty cycle","Target (Amps)","Series L","Max. Amps (phase)"
1, 0.00000, 5.83362, 0, 0, 0.0000670432, 1.54775, -0.0000670432, 0.0000670432, 0, 0.0000670432, 0, -3.50017, 1, 1, 9999, 9999, 9999, 9999, 9999, 9999, 9999, 9999, 0, 9999, 2.3335, 0, 0, 0, 0, 0, 8000, 0, 0, 0, 0
2, 0.00000, 5.83362, 1, 0.0000884392, 0, 1.54784, 0.0000884392, 4.65469E-6, 0, 0, 4.65469E-6, 0, 1, 1, 9999, 9999, 9999, 9999, 9999, 9999, 9999, 9999, 6.03793E-19, 9999, 2.3335, 0, 0, 0, 0, 0, 8000, 0, 0, 0, 0
3, 0.00000, 5.83353, 1, 0.257251, 0, 1.5477, 0.257251, 0.0135395, 0, 0, 0.0135395, -0.0000930939, 1, 1, 9999, 9999, 9999, 9999, 9999, 9999, 9999, 9999, 0.257152, 9999, 2.3335, 0, 0, 0, 0, 0, 8000, 0, 0, 0, 0
4, 0.00000, 5.56274, 1, 1.09756, 0, 1.54781, 1.09756, 0.0577663, 0, 0, 0.0577663, -0.270791, 1, 1, 9999, 9999, 9999, 9999, 9999, 9999, 9999, 9999, 1.09756, 9999, 2.3335, 0, 0, 0, 0, 0, 8000, 0, 0, 0, 0
5, 0.00000, 4.40742, -1, 0, 0.000113523, 1.54787, -0.000113523, 5.67617E-6, 0, 0, 5.67617E-6, -1.15533, 1, 1, 9999, 9999, 9999, 9999, 9999, 9999, 9999, 9999, -3.43631E-19, 9999, 2.3335, 0, 0, 0, 0, 0, 8000, 0, 0, 0, 0
