hour,t(sec),kWh,State,kWOut,kWIn,kvarOut,DCkW,kWTotalLosses,kWInvLosses,kWIdlingLosses,kWChDchLosses,"kWh Chng",InvEff,InverterON,Vref,"Vavg (DRC)","VV Oper","VW Oper","DRC Oper","VV_DRC Oper","WP Oper","WV Oper",kWDesired,"kW VW Limit","Limit kWOut Function","kVA Exceeded","Grid voltage",di/dt,it,"it History","Rated VDC","Avg duty cycle","Target (Amps)","Series L","Max. Amps (phase)"
1, 0.00000, 11.6637, 1, 0.00013007, 0, 3.09462, 0.00013007, 6.84577E-6, 0, 0, 6.84577E-6, -6.99825, 1, 1, 9999, 9999, 9999, 9999, 9999, 9999, 9999, 9999, 4.58371E-19, 9999, 4.6655, 0, 0, 0, 0, 0, 8000, 0, 0, 0, 0
2, 0.00000, 11.6636, 1, 1.29412, 0, 3.09485, 1.29412, 0.0681114, 0, 0, 0.0681114, -0.000136915, 1, 1, 9999, 9999, 9999, 9999, 9999, 9999, 9999, 9999, 1.29426, 9999, 4.6655, 0, 0, 0, 0, 0, 8000, 0, 0, 0, 0
3, 0.00000, 10.3014, 1, 1.85583, 0, 3.09442, 1.85583, 0.0976755, 0, 0, 0.0976755, -1.36223, 1, 1, 9999, 9999, 9999, 9999, 9999, 9999, 9999, 9999, 1.8557, 9999, 4.6655, 0, 0, 0, 0, 0, 8000, 0, 0, 0, 0
4, 0.00000, 8.34788, 1, 1.88476, 0, 3.09472, 1.88476, 0.099198, 0, 0, 0.099198, -1.95351, 1, 1, 9999, 9999, 9999, 9999, 9999, 9999, 9999, 9999, 1.88477, 9999, 4.6655, 0, 0, 0, 0, 0, 8000, 0, 0, 0, 0
5, 0.00000, 6.36392, 1, 0.726928, 0, 3.09488, 0.726928, 0.0382594, 0, 0, 0.0382594, -1.98396, 1, 1, 9999, 9999, 9999, 9999, 9999, 9999, 9999, 9999, 0.727118, 9999, 4.6655, 0, 0, 0, 0, 0, 8000, 0, 0, 0, 0
