hour,t(sec),kWh,State,kWOut,kWIn,kvarOut,DCkW,kWTotalLosses,kWInvLosses,kWIdlingLosses,kWChDchLosses,"kWh Chng",InvEff,InverterON,Vref,"Vavg (DRC)","VV Oper","VW Oper","DRC Oper","VV_DRC Oper","WP Oper","WV Oper",kWDesired,"kW VW Limit","Limit kWOut Function","kVA Exceeded","Grid voltage",di/dt,it,"it History","Rated VDC","Avg duty cycle","Target (Amps)","Series L","Max. Amps (phase)"
1, 0.00000, 5.83362, -1, 0, 2.33352, 1.54774, -2.33352, 0.116676, 0, 0, 0.116676, -3.50017, 1, 1, 9999, 9999, 9999, 9999, 9999, 9999, 9999, 9999, -2.3335, 9999, 2.3335, 1, 0, 0, 0, 0, 8000, 0, 0, 0, 0
2, 0.00000, 8.05047, 1, 0.0000298973, 0, 1.54778, 0.0000298973, 1.57354E-6, 0, 0, 1.57354E-6, 2.21684, 1, 1, 9999, 9999, 9999, 9999, 9999, 9999, 9999, 9999, 1.30216E-18, 9999, 2.3335, 0, 0, 0, 0, 0, 8000, 0, 0, 0, 0
3, 0.00000, 8.05043, 1, 0.0000652396, 0, 1.54777, 0.0000652396, 3.43366E-6, 0, 0, 3.43366E-6, -0.0000314708, 1, 1, 9999, 9999, 9999, 9999, 9999, 9999, 9999, 9999, 2.98081E-19, 9999, 2.3335, 0, 0, 0, 0, 0, 8000, 0, 0, 0, 0
4, 0.00000, 8.05037, -1, 0, 0.000102876, 1.54784, -0.000102876, 5.14378E-6, 0, 0, 5.14378E-6, -0.0000686733, 1, 1, 9999, 9999, 9999, 9999, 9999, 9999, 9999, 9999, -6.43369E-18, 9999, 2.3335, 0, 0, 0, 0, 0, 8000, 0, 0, 0, 0
5, 0.00000, 8.05046, 1, 0.303271, 0, 1.54773, 0.303271, 0.0159616, 0, 0, 0.0159616, 0.0000977318, 1, 1, 9999, 9999, 9999, 9999, 9999, 9999, 9999, 9999, 0.303192, 9999, 2.3335, 0, 0, 0, 0, 0, 8000, 0, 0, 0, 0
6, 0.00000, 7.73123, 1, 1.09388, 0, 1.54779, 1.09388, 0.0575725, 0, 0, 0.0575725, -0.319233, 1, 1, 9999, 9999, 9999, 9999, 9999, 9999, 9999, 9999, 1.09387, 9999, 2.3335, 0, 0, 0, 0, 0, 8000, 0, 0, 0, 0
7, 0.00000, 6.57978, 1, 0.0000758743, 0, 1.54784, 0.0000758743, 3.99339E-6, 0, 0, 3.99339E-6, -1.15145, 1, 1, 9999, 9999, 9999, 9999, 9999, 9999, 9999, 9999, 5.86899E-18, 9999, 2.3335, 0, 0, 0, 0, 0, 8000, 0, 0, 0, 0
8, 0.00000, 6.5797, -1, 0, 0.0000534052, 1.54777, -0.0000534052, 2.67026E-6, 0, 0, 2.67026E-6, -0.0000798677, 1, 1, 9999, 9999, 9999, 9999, 9999, 9999, 9999, 9999, -1.59758E-17, 9999, 2.3335, 0, 0, 0, 0, 0, 8000, 0, 0, 0, 0
9, 0.00000, 6.57975, 1, 0.708937, 0, 1.54777, 0.708937, 0.0373125, 0, 0, 0.0373125, 0.000050735, 1, 1, 9999, 9999, 9999, 9999, 9999, 9999, 9999, 9999, 0.708917, 9999, 2.3335, 0, 0, 0, 0, 0, 8000, 0, 0, 0, 0
