hour,t(sec),kWh,State,kWOut,kWIn,kvarOut,DCkW,kWTotalLosses,kWInvLosses,kWIdlingLosses,kWChDchLosses,"kWh Chng",InvEff,InverterON,Vref,"Vavg (DRC)","VV Oper","VW Oper","DRC Oper","VV_DRC Oper","WP Oper","WV Oper",kWDesired,"kW VW Limit","Limit kWOut Function","kVA Exceeded","Grid voltage",di/dt,it,"it History","Rated VDC","Avg duty cycle","Target (Amps)","Series L","Max. Amps (phase)"
1, 0.00000, 11.6637, -1, 0, 0.0872243, 3.09479, -0.0872243, 0.00436122, 0, 0, 0.00436122, -6.99825, 1, 1, 9999, 9999, 9999, 9999, 9999, 9999, 9999, 9999, -0.0867363, 9999, 4.6655, 0, 0, 0, 0, 0, 8000, 0, 0, 0, 0
2, 0.00000, 11.7466, -1, 0, 0.000224112, 3.09462, -0.000224112, 0.0000112056, 0, 0, 0.0000112056, 0.0828631, 1, 1, 9999, 9999, 9999, 9999, 9999, 9999, 9999, 9999, -4.86005E-17, 9999, 4.6655, 0, 0, 0, 0, 0, 8000, 0, 0, 0, 0
3, 0.00000, 11.7468, -1, 0, 0.0000971122, 3.09473, -0.0000971122, 4.85561E-6, 0, 0, 4.85561E-6, 0.000212906, 1, 1, 9999, 9999, 9999, 9999, 9999, 9999, 9999, 9999, -8.85045E-17, 9999, 4.6655, 0, 0, 0, 0, 0, 8000, 0, 0, 0, 0
4, 0.00000, 11.7469, -1, 0, 0.000474687, 3.09454, -0.000474687, 0.0000237344, 0, 0, 0.0000237344, 0.0000922566, 1, 1, 9999, 9999, 9999, 9999, 9999, 9999, 9999, 9999, -5.83841E-18, 9999, 4.6655, 0, 0, 0, 0, 0, 8000, 0, 0, 0, 0
5, 0.00000, 11.7474, 1, 0.0779858, 0, 3.09476, 0.0779858, 0.00410452, 0, 0, 0.00410452, 0.000450953, 1, 1, 9999, 9999, 9999, 9999, 9999, 9999, 9999, 9999, 0.0782778, 9999, 4.6655, 0, 0, 0, 0, 0, 8000, 0, 0, 0, 0
6, 0.00000, 11.6653, 1, 0.00035488, 0, 3.0946, 0.00035488, 0.0000186779, 0, 0, 0.0000186779, -0.0820903, 1, 1, 9999, 9999, 9999, 9999, 9999, 9999, 9999, 9999, 6.59515E-17, 9999, 4.6655, 0, 0, 0, 0, 0, 8000, 0, 0, 0, 0
7, 0.00000, 11.6649, 1, 0.000463029, 0, 3.09481, 0.000463029, 0.0000243699, 0, 0, 0.0000243699, -0.000373558, 1, 1, 9999, 9999, 9999, 9999, 9999, 9999, 9999, 9999, 3.69755E-17, 9999, 4.6655, 0, 0, 0, 0, 0, 8000, 0, 0, 0, 0
8, 0.00000, 11.6644, 1, 0.0000733712, 0, 3.09468, 0.0000733712, 3.86164E-6, 0, 0, 3.86164E-6, -0.000487399, 1, 1, 9999, 9999, 9999, 9999, 9999, 9999, 9999, 9999, 7.28285E-17, 9999, 4.6655, 0, 0, 0, 0, 0, 8000, 0, 0, 0, 0
