hour,t(sec),kWh,State,kWOut,kWIn,kvarOut,DCkW,kWTotalLosses,kWInvLosses,kWIdlingLosses,kWChDchLosses,"kWh Chng",InvEff,InverterON,Vref,"Vavg (DRC)","VV Oper","VW Oper","DRC Oper","VV_DRC Oper","WP Oper","WV Oper",kWDesired,"kW VW Limit","Limit kWOut Function","kVA Exceeded","Grid voltage",di/dt,it,"it History","Rated VDC","Avg duty cycle","Target (Amps)","Series L","Max. Amps (phase)"
1, 0.00000, 11.6637, 1, 0.391823, 0, 3.09466, 0.391823, 0.0206223, 0, 0, 0.0206223, -6.99825, 1, 1, 9999, 9999, 9999, 9999, 9999, 9999, 9999, 9999, 0.391771, 9999, 4.6655, 0, 0, 0, 0, 0, 8000, 0, 0, 0, 0
2, 0.00000, 11.2513, 1, 1.04497, 0, 3.09471, 1.04497, 0.0549986, 0, 0, 0.0549986, -0.412445, 1, 1, 9999, 9999, 9999, 9999, 9999, 9999, 9999, 9999, 1.04498, 9999, 4.6655, 0, 0, 0, 0, 0, 8000, 0, 0, 0, 0
3, 0.00000, 10.1513, 1, 1.61622, 0, 3.09471, 1.61622, 0.0850642, 0, 0, 0.0850642, -1.09997, 1, 1, 9999, 9999, 9999, 9999, 9999, 9999, 9999, 9999, 1.61622, 9999, 4.6655, 0, 0, 0, 0, 0, 8000, 0, 0, 0, 0
