hour,t(sec),kWh,State,kWOut,kWIn,kvarOut,DCkW,kWTotalLosses,kWInvLosses,kWIdlingLosses,kWChDchLosses,"kWh Chng",InvEff,InverterON,Vref,"Vavg (DRC)","VV Oper","VW Oper","DRC Oper","VV_DRC Oper","WP Oper","WV Oper",kWDesired,"kW VW Limit","Limit kWOut Function","kVA Exceeded","Grid voltage",di/dt,it,"it History","Rated VDC","Avg duty cycle","Target (Amps)","Series L","Max. Amps (phase)"
1, 0.00000, 11.6637, -1, 0, 0.000107531, 3.09463, -0.000107531, 5.37655E-6, 0, 0, 5.37655E-6, -6.99825, 1, 1, 9999, 9999, 9999, 9999, 9999, 9999, 9999, 9999, -1.72558E-16, 9999, 4.6655, 0, 0, 0, 0, 0, 8000, 0, 0, 0, 0
2, 0.00000, 11.6639, 1, 0.000253929, 0, 3.09484, 0.000253929, 0.0000133647, 0, 0, 0.0000133647, 0.000102154, 1, 1, 9999, 9999, 9999, 9999, 9999, 9999, 9999, 9999, 6.47152E-17, 9999, 4.6655, 0, 0, 0, 0, 0, 8000, 0, 0, 0, 0
3, 0.00000, 11.6636, 1, 0.000198314, 0, 3.09459, 0.000198314, 0.0000104376, 0, 0, 0.0000104376, -0.000267293, 1, 1, 9999, 9999, 9999, 9999, 9999, 9999, 9999, 9999, 1.26066E-16, 9999, 4.6655, 0, 0, 0, 0, 0, 8000, 0, 0, 0, 0
4, 0.00000, 11.6634, 1, 0.0000334236, 0, 3.09466, 0.0000334236, 1.75913E-6, 0, 0, 1.75913E-6, -0.000208751, 1, 1, 9999, 9999, 9999, 9999, 9999, 9999, 9999, 9999, 3.86336E-18, 9999, 4.6655, 0, 0, 0, 0, 0, 8000, 0, 0, 0, 0
5, 0.00000, 11.6633, 1, 0.000195308, 0, 3.09479, 0.000195308, 0.0000102793, 0, 0, 0.0000102793, -0.0000351827, 1, 1, 9999, 9999, 9999, 9999, 9999, 9999, 9999, 9999, 6.98845E-18, 9999, 4.6655, 0, 0, 0, 0, 0, 8000, 0, 0, 0, 0
