hour,t(sec),kWh,State,kWOut,kWIn,kvarOut,DCkW,kWTotalLosses,kWInvLosses,kWIdlingLosses,kWChDchLosses,"kWh Chng",InvEff,InverterON,Vref,"Vavg (DRC)","VV Oper","VW Oper","DRC Oper","VV_DRC Oper","WP Oper","WV Oper",kWDesired,"kW VW Limit","Limit kWOut Function","kVA Exceeded","Grid voltage",di/dt,it,"it History","Rated VDC","Avg duty cycle","Target (Amps)","Series L","Max. Amps (phase)"
1, 0.00000, 5.83362, -1, 0, 2.33363, 1.5477, -2.33363, 0.116682, 0, 0, 0.116682, -3.50017, 1, 1, 9999, 9999, 9999, 9999, 9999, 9999, 9999, 9999, -2.3335, 9999, 2.3335, 1, 0, 0, 0, 0, 8000, 0, 0, 0, 0
2, 0.00000, 8.05057, 1, 0.916531, 0, 1.54779, 0.916531, 0.0482385, 0, 0, 0.0482385, 2.21695, 1, 1, 9999, 9999, 9999, 9999, 9999, 9999, 9999, 9999, 0.916529, 9999, 2.3335, 0, 0, 0, 0, 0, 8000, 0, 0, 0, 0
3, 0.00000, 7.0858, 1, 2.33343, 0, 1.54777, 2.33343, 0.122812, 0, 0, 0.122812, -0.964769, 1, 1, 9999, 9999, 9999, 9999, 9999, 9999, 9999, 9999, 2.3335, 9999, 2.3335, 1, 0, 0, 0, 0, 8000, 0, 0, 0, 0
4, 0.00000, 4.62957, 1, 0.961894, 0, 1.5479, 0.961894, 0.050626, 0, 0, 0.050626, -2.45624, 1, 1, 9999, 9999, 9999, 9999, 9999, 9999, 9999, 9999, 0.961939, 9999, 2.3335, 0, 0, 0, 0, 0, 8000, 0, 0, 0, 0
5, 0.00000, 3.61705, 1, 0.961884, 0, 1.54788, 0.961884, 0.0506255, 0, 0, 0.0506255, -1.01252, 1, 1, 9999, 9999, 9999, 9999, 9999, 9999, 9999, 9999, -2.3335, 9999, 2.3335, 0, 0, 0, 0, 0, 8000, 0, 0, 0, 0
