hour,t(sec),kWh,State,kWOut,kWIn,kvarOut,DCkW,kWTotalLosses,kWInvLosses,kWIdlingLosses,kWChDchLosses,"kWh Chng",InvEff,InverterON,Vref,"Vavg (DRC)","VV Oper","VW Oper","DRC Oper","VV_DRC Oper","WP Oper","WV Oper",kWDesired,"kW VW Limit","Limit kWOut Function","kVA Exceeded","Grid voltage",di/dt,it,"it History","Rated VDC","Avg duty cycle","Target (Amps)","Series L","Max. Amps (phase)"
1, 0.00000, 11.6637, 1, 1.02589, 0, -3.09473, 1.02589, 0.0539942, 0, 0, 0.0539942, -6.99825, 1, 1, 9999, 9999, 9999, 9999, 9999, 9999, 9999, 9999, 1.02636, 9999, 4.6655, 0, 0, 0, 0, 0, 8000, 0, 0, 0, 0
2, 0.00000, 10.5839, 1, 0.997131, 0, -3.09469, 0.997131, 0.0524806, 0, 0, 0.0524806, -1.07988, 1, 1, 9999, 9999, 9999, 9999, 9999, 9999, 9999, 9999, 0.997157, 9999, 4.6655, 0, 0, 0, 0, 0, 8000, 0, 0, 0, 0
3, 0.00000, 9.53426, 1, 0.772131, 0, -3.0947, 0.772131, 0.0406385, 0, 0, 0.0406385, -1.04961, 1, 1, 9999, 9999, 9999, 9999, 9999, 9999, 9999, 9999, 0.772094, 9999, 4.6655, 0, 0, 0, 0, 0, 8000, 0, 0, 0, 0
