hour,t(sec),kWh,State,kWOut,kWIn,kvarOut,DCkW,kWTotalLosses,kWInvLosses,kWIdlingLosses,kWChDchLosses,"kWh Chng",InvEff,InverterON,Vref,"Vavg (DRC)","VV Oper","VW Oper","DRC Oper","VV_DRC Oper","WP Oper","WV Oper",kWDesired,"kW VW Limit","Limit kWOut Function","kVA Exceeded","Grid voltage",di/dt,it,"it History","Rated VDC","Avg duty cycle","Target (Amps)","Series L","Max. Amps (phase)"
1, 0.00000, 5.83362, 1, 0.000101673, 0, 1.54772, 0.000101673, 5.35123E-6, 0, 0, 5.35123E-6, -3.50017, 1, 1, 9999, 9999, 9999, 9999, 9999, 9999, 9999, 9999, 2.8604E-18, 9999, 2.3335, 0, 0, 0, 0, 0, 8000, 0, 0, 0, 0
2, 0.00000, 5.83352, 1, 0.762254, 0, 1.54782, 0.762254, 0.0401186, 0, 0, 0.0401186, -0.000107025, 1, 1, 9999, 9999, 9999, 9999, 9999, 9999, 9999, 9999, 0.762261, 9999, 2.3335, 0, 0, 0, 0, 0, 8000, 0, 0, 0, 0
3, 0.00000, 5.03115, 1, 2.11961, 0, 1.54782, 2.11961, 0.111559, 0, 0, 0.111559, -0.802373, 1, 1, 9999, 9999, 9999, 9999, 9999, 9999, 9999, 9999, 2.11961, 9999, 2.3335, 0, 0, 0, 0, 0, 8000, 0, 0, 0, 0
