hour,t(sec),kWh,State,kWOut,kWIn,kvarOut,DCkW,kWTotalLosses,kWInvLosses,kWIdlingLosses,kWChDchLosses,"kWh Chng",InvEff,InverterON,Vref,"Vavg (DRC)","VV Oper","VW Oper","DRC Oper","VV_DRC Oper","WP Oper","WV Oper",kWDesired,"kW VW Limit","Limit kWOut Function","kVA Exceeded","Grid voltage",di/dt,it,"it History","Rated VDC","Avg duty cycle","Target (Amps)","Series L","Max. Amps (phase)"
1, 0.00000, 5.83362, -1, 0, 0.0835694, -1.54883, -0.0835694, 0.00417847, 0, 0, 0.00417847, -3.50017, 1, 1, 9999, 9999, 9999, 9999, 9999, 9999, 9999, 9999, -0.083838, 9999, 2.3335, 0, 0, 0, 0, 0, 8000, 0, 0, 0, 0
2, 0.00000, 5.91302, 1, 0.000157913, 0, -1.54878, 0.000157913, 8.31121E-6, 0, 0, 8.31121E-6, 0.079391, 1, 1, 9999, 9999, 9999, 9999, 9999, 9999, 9999, 9999, 1.89849E-16, 9999, 2.3335, 0, 0, 0, 0, 0, 8000, 0, 0, 0, 0
3, 0.00000, 5.91285, 1, 0.00024068, 0, -1.54877, 0.00024068, 0.0000126674, 0, 0, 0.0000126674, -0.000166224, 1, 1, 9999, 9999, 9999, 9999, 9999, 9999, 9999, 9999, 4.34778E-17, 9999, 2.3335, 0, 0, 0, 0, 0, 8000, 0, 0, 0, 0
4, 0.00000, 5.9126, -1, 0, 0.000228304, -1.54881, -0.000228304, 0.0000114152, 0, 0, 0.0000114152, -0.000253348, 1, 1, 9999, 9999, 9999, 9999, 9999, 9999, 9999, 9999, -1.63177E-16, 9999, 2.3335, 0, 0, 0, 0, 0, 8000, 0, 0, 0, 0
5, 0.00000, 5.91281, 1, 1.25724, 0, -1.54899, 1.25724, 0.0661707, 0, 0, 0.0661707, 0.000216889, 1, 1, 9999, 9999, 9999, 9999, 9999, 9999, 9999, 9999, 1.25759, 9999, 2.3335, 0, 0, 0, 0, 0, 8000, 0, 0, 0, 0
6, 0.00000, 4.5894, -1, 0, 2.31529, 1.5477, -2.31529, 0.115765, 0, 0, 0.115765, -1.32341, 1, 1, 9999, 9999, 9999, 9999, 9999, 9999, 9999, 9999, -2.31521, 9999, 2.3335, 0, 0, 0, 0, 0, 8000, 0, 0, 0, 0
7, 0.00000, 6.78893, 1, 0.00137668, 0, -1.54886, 0.00137668, 0.0000724568, 0, 0, 0.0000724568, 2.19953, 1, 1, 9999, 9999, 9999, 9999, 9999, 9999, 9999, 9999, 0.000959675, 9999, 2.3335, 0, 0, 0, 0, 0, 8000, 0, 0, 0, 0
8, 0.00000, 6.78748, 1, 0.135924, 0, -1.54875, 0.135924, 0.00715391, 0, 0, 0.00715391, -0.00144914, 1, 1, 9999, 9999, 9999, 9999, 9999, 9999, 9999, 9999, 0.136283, 9999, 2.3335, 0, 0, 0, 0, 0, 8000, 0, 0, 0, 0
9, 0.00000, 6.6444, 1, 0.771034, 0, -1.54882, 0.771034, 0.0405807, 0, 0, 0.0405807, -0.143078, 1, 1, 9999, 9999, 9999, 9999, 9999, 9999, 9999, 9999, 0.771128, 9999, 2.3335, 0, 0, 0, 0, 0, 8000, 0, 0, 0, 0
