hour,t(sec),kWh,State,kWOut,kWIn,kvarOut,DCkW,kWTotalLosses,kWInvLosses,kWIdlingLosses,kWChDchLosses,"kWh Chng",InvEff,InverterON,Vref,"Vavg (DRC)","VV Oper","VW Oper","DRC Oper","VV_DRC Oper","WP Oper","WV Oper",kWDesired,"kW VW Limit","Limit kWOut Function","kVA Exceeded","Grid voltage",di/dt,it,"it History","Rated VDC","Avg duty cycle","Target (Amps)","Series L","Max. Amps (phase)"
1, 0.00000, 11.6637, 1, 0.545438, 0, 3.0945, 0.545438, 0.0287073, 0, 0, 0.0287073, -6.99825, 1, 1, 9999, 9999, 9999, 9999, 9999, 9999, 9999, 9999, 0.545257, 9999, 4.6655, 0, 0, 0, 0, 0, 8000, 0, 0, 0, 0
2, 0.00000, 11.0896, 1, 2.11943, 0, 3.09474, 2.11943, 0.111549, 0, 0, 0.111549, -0.574146, 1, 1, 9999, 9999, 9999, 9999, 9999, 9999, 9999, 9999, 2.11944, 9999, 4.6655, 0, 0, 0, 0, 0, 8000, 0, 0, 0, 0
3, 0.00000, 8.85862, 1, 3.09719, 0, 3.09474, 3.09719, 0.16301, 0, 0, 0.16301, -2.23098, 1, 1, 9999, 9999, 9999, 9999, 9999, 9999, 9999, 9999, 3.09719, 9999, 4.6655, 0, 0, 0, 0, 0, 8000, 0, 0, 0, 0
