hour,t(sec),kWh,State,kWOut,kWIn,kvarOut,DCkW,kWTotalLosses,kWInvLosses,kWIdlingLosses,kWChDchLosses,"kWh Chng",InvEff,InverterON,Vref,"Vavg (DRC)","VV Oper","VW Oper","DRC Oper","VV_DRC Oper","WP Oper","WV Oper",kWDesired,"kW VW Limit","Limit kWOut Function","kVA Exceeded","Grid voltage",di/dt,it,"it History","Rated VDC","Avg duty cycle","Target (Amps)","Series L","Max. Amps (phase)"
1, 0.00000, 71.4613, 0, 0, 1.33276E-6, -18.9608, -1.33276E-6, 1.33276E-6, 0, 1.33276E-6, 0, -42.8768, 1, 1, 9999, 9999, 9999, 9999, 9999, 9999, 9999, 9999, 0, 9999, 28.5845, 0, 0, 0, 0, 0, 8000, 0, 0, 0, 0
2, 0.00000, 71.4613, 1, 2.30556E-6, 0, -18.9608, 2.30556E-6, 1.21345E-7, 0, 0, 1.21345E-7, 0, 1, 1, 9999, 9999, 9999, 9999, 9999, 9999, 9999, 9999, 1.30194E-17, 9999, 28.5845, 0, 0, 0, 0, 0, 8000, 0, 0, 0, 0
3, 0.00000, 71.4613, 1, 2.85436E-6, 0, -18.9608, 2.85436E-6, 1.50229E-7, 0, 0, 1.50229E-7, -2.4269E-6, 1, 1, 9999, 9999, 9999, 9999, 9999, 9999, 9999, 9999, 3.17431E-17, 9999, 28.5845, 0, 0, 0, 0, 0, 8000, 0, 0, 0, 0
4, 0.00000, 71.4612, 0, 0, 2.87741E-6, -18.9608, -2.87741E-6, 2.87741E-6, 0, 2.87741E-6, 0, -3.00459E-6, 1, 1, 9999, 9999, 9999, 9999, 9999, 9999, 9999, 9999, 0, 9999, 28.5845, 0, 0, 0, 0, 0, 8000, 0, 0, 0, 0
5, 0.00000, 71.4612, 1, 3.29088E-6, 0, -18.9608, 3.29088E-6, 1.73204E-7, 0, 0, 1.73204E-7, 0, 1, 1, 9999, 9999, 9999, 9999, 9999, 9999, 9999, 9999, 5.937E-15, 9999, 28.5845, 0, 0, 0, 0, 0, 8000, 0, 0, 0, 0
6, 0.00000, 71.4612, -1, 0, 2.50735E-6, -18.9608, -2.50735E-6, 1.25367E-7, 0, 0, 1.25367E-7, -3.46409E-6, 1, 1, 9999, 9999, 9999, 9999, 9999, 9999, 9999, 9999, -2.96478E-18, 9999, 28.5845, 0, 0, 0, 0, 0, 8000, 0, 0, 0, 0
7, 0.00000, 71.4612, 1, 2.81955E-6, 0, -18.9608, 2.81955E-6, 1.48397E-7, 0, 0, 1.48397E-7, 2.38198E-6, 1, 1, 9999, 9999, 9999, 9999, 9999, 9999, 9999, 9999, 1.09304E-16, 9999, 28.5845, 0, 0, 0, 0, 0, 8000, 0, 0, 0, 0
8, 0.00000, 71.4612, 0, 0, 2.99095E-6, -18.9608, -2.99095E-6, 2.99095E-6, 0, 2.99095E-6, 0, -2.96795E-6, 1, 1, 9999, 9999, 9999, 9999, 9999, 9999, 9999, 9999, 0, 9999, 28.5845, 0, 0, 0, 0, 0, 8000, 0, 0, 0, 0
