hour,t(sec),kWh,State,kWOut,kWIn,kvarOut,DCkW,kWTotalLosses,kWInvLosses,kWIdlingLosses,kWChDchLosses,"kWh Chng",InvEff,InverterON,Vref,"Vavg (DRC)","VV Oper","VW Oper","DRC Oper","VV_DRC Oper","WP Oper","WV Oper",kWDesired,"kW VW Limit","Limit kWOut Function","kVA Exceeded","Grid voltage",di/dt,it,"it History","Rated VDC","Avg duty cycle","Target (Amps)","Series L","Max. Amps (phase)"
1, 0.00000, 5.83362, -1, 0, 2.04362, 1.54873, -2.04362, 0.102181, 0, 0, 0.102181, -3.50017, 1, 1, 9999, 9999, 9999, 9999, 9999, 9999, 9999, 9999, -2.04352, 9999, 2.3335, 0, 0, 0, 0, 0, 8000, 0, 0, 0, 0
2, 0.00000, 7.77507, -1, 0, 0.0000427899, 1.54878, -0.0000427899, 2.1395E-6, 0, 0, 2.1395E-6, 1.94144, 1, 1, 9999, 9999, 9999, 9999, 9999, 9999, 9999, 9999, -3.24193E-17, 9999, 2.3335, 0, 0, 0, 0, 0, 8000, 0, 0, 0, 0
3, 0.00000, 7.77511, 1, 0.0000604268, 0, 1.54877, 0.0000604268, 3.18036E-6, 0, 0, 3.18036E-6, 0.0000406504, 1, 1, 9999, 9999, 9999, 9999, 9999, 9999, 9999, 9999, 9.83174E-16, 9999, 2.3335, 0, 0, 0, 0, 0, 8000, 0, 0, 0, 0
4, 0.00000, 7.77504, 1, 0.000052938, 0, 1.54881, 0.000052938, 2.78621E-6, 0, 0, 2.78621E-6, -0.0000636072, 1, 1, 9999, 9999, 9999, 9999, 9999, 9999, 9999, 9999, 5.73668E-16, 9999, 2.3335, 0, 0, 0, 0, 0, 8000, 0, 0, 0, 0
5, 0.00000, 7.77499, 1, 0.741992, 0, 1.54872, 0.741992, 0.0390522, 0, 0, 0.0390522, -0.0000557242, 1, 1, 9999, 9999, 9999, 9999, 9999, 9999, 9999, 9999, 0.741936, 9999, 2.3335, 0, 0, 0, 0, 0, 8000, 0, 0, 0, 0
6, 0.00000, 6.99394, 1, 0.18646, 0, 1.54881, 0.18646, 0.00981367, 0, 0, 0.00981367, -0.781044, 1, 1, 9999, 9999, 9999, 9999, 9999, 9999, 9999, 9999, 0.186477, 9999, 2.3335, 0, 0, 0, 0, 0, 8000, 0, 0, 0, 0
7, 0.00000, 6.79767, -1, 0, 0.000109968, 1.54885, -0.000109968, 5.49842E-6, 0, 0, 5.49842E-6, -0.196273, 1, 1, 9999, 9999, 9999, 9999, 9999, 9999, 9999, 9999, -1.31516E-16, 9999, 2.3335, 0, 0, 0, 0, 0, 8000, 0, 0, 0, 0
8, 0.00000, 6.79777, 1, 0.0141115, 0, 1.54874, 0.0141115, 0.000742708, 0, 0, 0.000742708, 0.00010447, 1, 1, 9999, 9999, 9999, 9999, 9999, 9999, 9999, 9999, 0.0140199, 9999, 2.3335, 0, 0, 0, 0, 0, 8000, 0, 0, 0, 0
9, 0.00000, 6.78292, 1, 0.902612, 0, 1.54878, 0.902612, 0.0475059, 0, 0, 0.0475059, -0.0148542, 1, 1, 9999, 9999, 9999, 9999, 9999, 9999, 9999, 9999, 0.902598, 9999, 2.3335, 0, 0, 0, 0, 0, 8000, 0, 0, 0, 0
