hour,t(sec),kWh,State,kWOut,kWIn,kvarOut,DCkW,kWTotalLosses,kWInvLosses,kWIdlingLosses,kWChDchLosses,"kWh Chng",InvEff,InverterON,Vref,"Vavg (DRC)","VV Oper","VW Oper","DRC Oper","VV_DRC Oper","WP Oper","WV Oper",kWDesired,"kW VW Limit","Limit kWOut Function","kVA Exceeded","Grid voltage",di/dt,it,"it History","Rated VDC","Avg duty cycle","Target (Amps)","Series L","Max. Amps (phase)"
1, 0.00000, 71.4613, 1, 0.00149505, 0, -18.9604, 0.00149505, 0.0000786868, 0, 0, 0.0000786868, -42.8768, 1, 1, 9999, 9999, 9999, 9999, 9999, 9999, 9999, 9999, 2.24508E-16, 9999, 28.5845, 0, 0, 0, 0, 0, 8000, 0, 0, 0, 0
2, 0.00000, 71.4597, -1, 0, 0.0036251, -18.9615, -0.0036251, 0.000181255, 0, 0, 0.000181255, -0.00157374, 1, 1, 9999, 9999, 9999, 9999, 9999, 9999, 9999, 9999, -1.53759E-17, 9999, 28.5845, 0, 0, 0, 0, 0, 8000, 0, 0, 0, 0
3, 0.00000, 71.4631, 1, 0.0029193, 0, -18.96, 0.0029193, 0.000153647, 0, 0, 0.000153647, 0.00344384, 1, 1, 9999, 9999, 9999, 9999, 9999, 9999, 9999, 9999, 2.31646E-17, 9999, 28.5845, 0, 0, 0, 0, 0, 8000, 0, 0, 0, 0
4, 0.00000, 71.46, 1, 0.000304281, 0, -18.9606, 0.000304281, 0.0000160148, 0, 0, 0.0000160148, -0.00307294, 1, 1, 9999, 9999, 9999, 9999, 9999, 9999, 9999, 9999, 6.54156E-17, 9999, 28.5845, 0, 0, 0, 0, 0, 8000, 0, 0, 0, 0
5, 0.00000, 71.4597, -1, 0, 0.00307931, -18.9613, -0.00307931, 0.000153965, 0, 0, 0.000153965, -0.000320296, 1, 1, 9999, 9999, 9999, 9999, 9999, 9999, 9999, 9999, -1.80308E-18, 9999, 28.5845, 0, 0, 0, 0, 0, 8000, 0, 0, 0, 0
