hour,t(sec),kWh,State,kWOut,kWIn,kvarOut,DCkW,kWTotalLosses,kWInvLosses,kWIdlingLosses,kWChDchLosses,"kWh Chng",InvEff,InverterON,Vref,"Vavg (DRC)","VV Oper","VW Oper","DRC Oper","VV_DRC Oper","WP Oper","WV Oper",kWDesired,"kW VW Limit","Limit kWOut Function","kVA Exceeded","Grid voltage",di/dt,it,"it History","Rated VDC","Avg duty cycle","Target (Amps)","Series L","Max. Amps (phase)"
1, 0.00000, 11.6637, 1, 1.53576, 0, 3.09449, 1.53576, 0.0808297, 0, 0, 0.0808297, -6.99825, 1, 1, 9999, 9999, 9999, 9999, 9999, 9999, 9999, 9999, 1.53565, 9999, 4.6655, 0, 0, 0, 0, 0, 8000, 0, 0, 0, 0
2, 0.00000, 10.0472, 1, 2.03705, 0, 3.09467, 2.03705, 0.107213, 0, 0, 0.107213, -1.61659, 1, 1, 9999, 9999, 9999, 9999, 9999, 9999, 9999, 9999, 2.03705, 9999, 4.6655, 0, 0, 0, 0, 0, 8000, 0, 0, 0, 0
3, 0.00000, 7.90289, 1, 2.18919, 0, 3.09473, 2.18919, 0.11522, 0, 0, 0.11522, -2.14427, 1, 1, 9999, 9999, 9999, 9999, 9999, 9999, 9999, 9999, 2.18919, 9999, 4.6655, 0, 0, 0, 0, 0, 8000, 0, 0, 0, 0
