hour,t(sec),kWh,State,kWOut,kWIn,kvarOut,DCkW,kWTotalLosses,kWInvLosses,kWIdlingLosses,kWChDchLosses,"kWh Chng",InvEff,InverterON,Vref,"Vavg (DRC)","VV Oper","VW Oper","DRC Oper","VV_DRC Oper","WP Oper","WV Oper",kWDesired,"kW VW Limit","Limit kWOut Function","kVA Exceeded","Grid voltage",di/dt,it,"it History","Rated VDC","Avg duty cycle","Target (Amps)","Series L","Max. Amps (phase)"
1, 0.00000, 71.4613, -1, 0, 16.0199, -18.9638, -16.0199, 0.800997, 0, 0, 0.800997, -42.8768, 1, 1, 9999, 9999, 9999, 9999, 9999, 9999, 9999, 9999, -16.0225, 9999, 28.5845, 0, 0, 0, 0, 0, 8000, 0, 0, 0, 0
2, 0.00000, 86.6802, -1, 0, 0.00225593, -18.9599, -0.00225593, 0.000112797, 0, 0, 0.000112797, 15.2189, 1, 1, 9999, 9999, 9999, 9999, 9999, 9999, 9999, 9999, -4.15476E-19, 9999, 28.5845, 0, 0, 0, 0, 0, 8000, 0, 0, 0, 0
3, 0.00000, 86.6823, 1, 28.5842, 0, -18.9609, 28.5842, 1.50443, 0, 0, 1.50443, 0.00214314, 1, 1, 9999, 9999, 9999, 9999, 9999, 9999, 9999, 9999, 28.5845, 9999, 28.5845, 1, 0, 0, 0, 0, 8000, 0, 0, 0, 0
4, 0.00000, 56.5937, 0, 0, 0.0029087, -18.9617, -0.0029087, 0.0029087, 0, 0.0029087, 0, -30.0886, 1, 1, 9999, 9999, 9999, 9999, 9999, 9999, 9999, 9999, 0, 9999, 28.5845, 0, 0, 0, 0, 0, 8000, 0, 0, 0, 0
5, 0.00000, 56.5937, -1, 0, 15.6484, -18.9625, -15.6484, 0.782421, 0, 0, 0.782421, 0, 1, 1, 9999, 9999, 9999, 9999, 9999, 9999, 9999, 9999, -15.65, 9999, 28.5845, 0, 0, 0, 0, 0, 8000, 0, 0, 0, 0
