hour,t(sec),kWh,State,kWOut,kWIn,kvarOut,DCkW,kWTotalLosses,kWInvLosses,kWIdlingLosses,kWChDchLosses,"kWh Chng",InvEff,InverterON,Vref,"Vavg (DRC)","VV Oper","VW Oper","DRC Oper","VV_DRC Oper","WP Oper","WV Oper",kWDesired,"kW VW Limit","Limit kWOut Function","kVA Exceeded","Grid voltage",di/dt,it,"it History","Rated VDC","Avg duty cycle","Target (Amps)","Series L","Max. Amps (phase)"
1, 0.00000, 5.83362, -1, 0, 0.58397, -1.54792, -0.58397, 0.0291985, 0, 0, 0.0291985, -3.50017, 1, 1, 9999, 9999, 9999, 9999, 9999, 9999, 9999, 9999, -0.584238, 9999, 2.3335, 0, 0, 0, 0, 0, 8000, 0, 0, 0, 0
2, 0.00000, 6.3884, -1, 0, 0.000125224, -1.54778, -0.000125224, 6.26121E-6, 0, 0, 6.26121E-6, 0.554772, 1, 1, 9999, 9999, 9999, 9999, 9999, 9999, 9999, 9999, -1.16988E-16, 9999, 2.3335, 0, 0, 0, 0, 0, 8000, 0, 0, 0, 0
3, 0.00000, 6.38852, -1, 0, 0.0000547765, -1.54781, -0.0000547765, 2.73882E-6, 0, 0, 2.73882E-6, 0.000118963, 1, 1, 9999, 9999, 9999, 9999, 9999, 9999, 9999, 9999, -1.34379E-18, 9999, 2.3335, 0, 0, 0, 0, 0, 8000, 0, 0, 0, 0
4, 0.00000, 6.38857, 1, 0.000269857, 0, -1.54776, 0.000269857, 0.000014203, 0, 0, 0.000014203, 0.0000520376, 1, 1, 9999, 9999, 9999, 9999, 9999, 9999, 9999, 9999, 7.64641E-17, 9999, 2.3335, 0, 0, 0, 0, 0, 8000, 0, 0, 0, 0
5, 0.00000, 6.38828, 1, 0.527453, 0, -1.54774, 0.527453, 0.0277607, 0, 0, 0.0277607, -0.00028406, 1, 1, 9999, 9999, 9999, 9999, 9999, 9999, 9999, 9999, 0.527278, 9999, 2.3335, 0, 0, 0, 0, 0, 8000, 0, 0, 0, 0
6, 0.00000, 5.83307, 1, 0.000208565, 0, -1.54778, 0.000208565, 0.0000109771, 0, 0, 0.0000109771, -0.555213, 1, 1, 9999, 9999, 9999, 9999, 9999, 9999, 9999, 9999, 3.12946E-17, 9999, 2.3335, 0, 0, 0, 0, 0, 8000, 0, 0, 0, 0
7, 0.00000, 5.83285, -1, 0, 0.00027227, -1.54782, -0.00027227, 0.0000136135, 0, 0, 0.0000136135, -0.000219542, 1, 1, 9999, 9999, 9999, 9999, 9999, 9999, 9999, 9999, -6.61781E-18, 9999, 2.3335, 0, 0, 0, 0, 0, 8000, 0, 0, 0, 0
8, 0.00000, 5.83311, 1, 0.0000435584, 0, -1.5478, 0.0000435584, 2.29255E-6, 0, 0, 2.29255E-6, 0.000258657, 1, 1, 9999, 9999, 9999, 9999, 9999, 9999, 9999, 9999, 6.57254E-18, 9999, 2.3335, 0, 0, 0, 0, 0, 8000, 0, 0, 0, 0
