hour,t(sec),kWh,State,kWOut,kWIn,kvarOut,DCkW,kWTotalLosses,kWInvLosses,kWIdlingLosses,kWChDchLosses,"kWh Chng",InvEff,InverterON,Vref,"Vavg (DRC)","VV Oper","VW Oper","DRC Oper","VV_DRC Oper","WP Oper","WV Oper",kWDesired,"kW VW Limit","Limit kWOut Function","kVA Exceeded","Grid voltage",di/dt,it,"it History","Rated VDC","Avg duty cycle","Target (Amps)","Series L","Max. Amps (phase)"
1, 0.00000, 5.83362, 1, 0.0000349307, 0, 1.54778, 0.0000349307, 1.83846E-6, 0, 0, 1.83846E-6, -3.50017, 1, 1, 9999, 9999, 9999, 9999, 9999, 9999, 9999, 9999, 1.83196E-17, 9999, 2.3335, 0, 0, 0, 0, 0, 8000, 0, 0, 0, 0
2, 0.00000, 5.83359, -1, 0, 0.0000840212, 1.54784, -0.0000840212, 4.20106E-6, 0, 0, 4.20106E-6, -0.0000367692, 1, 1, 9999, 9999, 9999, 9999, 9999, 9999, 9999, 9999, -9.26026E-17, 9999, 2.3335, 0, 0, 0, 0, 0, 8000, 0, 0, 0, 0
3, 0.00000, 5.83367, 1, 0.0000664231, 0, 1.54777, 0.0000664231, 3.49595E-6, 0, 0, 3.49595E-6, 0.0000798201, 1, 1, 9999, 9999, 9999, 9999, 9999, 9999, 9999, 9999, 9.25979E-18, 9999, 2.3335, 0, 0, 0, 0, 0, 8000, 0, 0, 0, 0
4, 0.00000, 5.8336, -1, 0, 9.02522E-6, 1.54779, -9.02522E-6, 4.51261E-7, 0, 0, 4.51261E-7, -0.000069919, 1, 1, 9999, 9999, 9999, 9999, 9999, 9999, 9999, 9999, -3.41928E-17, 9999, 2.3335, 0, 0, 0, 0, 0, 8000, 0, 0, 0, 0
5, 0.00000, 5.83361, -1, 0, 0.0000675671, 1.54783, -0.0000675671, 3.37836E-6, 0, 0, 3.37836E-6, 8.57396E-6, 1, 1, 9999, 9999, 9999, 9999, 9999, 9999, 9999, 9999, -1.88089E-17, 9999, 2.3335, 0, 0, 0, 0, 0, 8000, 0, 0, 0, 0
