hour,t(sec),kWh,State,kWOut,kWIn,kvarOut,DCkW,kWTotalLosses,kWInvLosses,kWIdlingLosses,kWChDchLosses,"kWh Chng",InvEff,InverterON,Vref,"Vavg (DRC)","VV Oper","VW Oper","DRC Oper","VV_DRC Oper","WP Oper","WV Oper",kWDesired,"kW VW Limit","Limit kWOut Function","kVA Exceeded","Grid voltage",di/dt,it,"it History","Rated VDC","Avg duty cycle","Target (Amps)","Series L","Max. Amps (phase)"
1, 0.00000, 71.4613, 1, 0.00175366, 0, -18.9604, 0.00175366, 0.000092298, 0, 0, 0.000092298, -42.8768, 1, 1, 9999, 9999, 9999, 9999, 9999, 9999, 9999, 9999, 1.21095E-18, 9999, 28.5845, 0, 0, 0, 0, 0, 8000, 0, 0, 0, 0
2, 0.00000, 71.4594, 1, 2.2619, 0, -18.9605, 2.2619, 0.119047, 0, 0, 0.119047, -0.00184596, 1, 1, 9999, 9999, 9999, 9999, 9999, 9999, 9999, 9999, 2.26281, 9999, 28.5845, 0, 0, 0, 0, 0, 8000, 0, 0, 0, 0
3, 0.00000, 69.0785, 1, 5.33491, 0, -18.9608, 5.33491, 0.280785, 0, 0, 0.280785, -2.38094, 1, 1, 9999, 9999, 9999, 9999, 9999, 9999, 9999, 9999, 5.33501, 9999, 28.5845, 0, 0, 0, 0, 0, 8000, 0, 0, 0, 0
4, 0.00000, 63.4628, 1, 8.05598, 0, -18.9608, 8.05598, 0.423999, 0, 0, 0.423999, -5.6157, 1, 1, 9999, 9999, 9999, 9999, 9999, 9999, 9999, 9999, 8.05568, 9999, 28.5845, 0, 0, 0, 0, 0, 8000, 0, 0, 0, 0
5, 0.00000, 54.9828, 1, 3.26467, 0, -18.9607, 3.26467, 0.171825, 0, 0, 0.171825, -8.47998, 1, 1, 9999, 9999, 9999, 9999, 9999, 9999, 9999, 9999, 3.26521, 9999, 28.5845, 0, 0, 0, 0, 0, 8000, 0, 0, 0, 0
