hour,t(sec),kWh,State,kWOut,kWIn,kvarOut,DCkW,kWTotalLosses,kWInvLosses,kWIdlingLosses,kWChDchLosses,"kWh Chng",InvEff,InverterON,Vref,"Vavg (DRC)","VV Oper","VW Oper","DRC Oper","VV_DRC Oper","WP Oper","WV Oper",kWDesired,"kW VW Limit","Limit kWOut Function","kVA Exceeded","Grid voltage",di/dt,it,"it History","Rated VDC","Avg duty cycle","Target (Amps)","Series L","Max. Amps (phase)"
1, 0.00000, 5.83362, 1, 0.0000975534, 0, -1.54776, 0.0000975534, 5.13439E-6, 0, 0, 5.13439E-6, -3.50017, 1, 1, 9999, 9999, 9999, 9999, 9999, 9999, 9999, 9999, 9.44671E-17, 9999, 2.3335, 0, 0, 0, 0, 0, 8000, 0, 0, 0, 0
2, 0.00000, 5.83352, 1, 0.197533, 0, -1.54782, 0.197533, 0.0103965, 0, 0, 0.0103965, -0.000102688, 1, 1, 9999, 9999, 9999, 9999, 9999, 9999, 9999, 9999, 0.197386, 9999, 2.3335, 0, 0, 0, 0, 0, 8000, 0, 0, 0, 0
3, 0.00000, 5.62559, 1, 1.07419, 0, -1.54784, 1.07419, 0.0565363, 0, 0, 0.0565363, -0.207929, 1, 1, 9999, 9999, 9999, 9999, 9999, 9999, 9999, 9999, 1.07441, 9999, 2.3335, 0, 0, 0, 0, 0, 8000, 0, 0, 0, 0
4, 0.00000, 4.49487, 1, 1.53611, 0, -1.5478, 1.53611, 0.0808481, 0, 0, 0.0808481, -1.13073, 1, 1, 9999, 9999, 9999, 9999, 9999, 9999, 9999, 9999, 1.5361, 9999, 2.3335, 0, 0, 0, 0, 0, 8000, 0, 0, 0, 0
5, 0.00000, 2.87791, 1, 0.0741672, 0, -1.54786, 0.0741672, 0.00390354, 0, 0, 0.00390354, -1.61696, 1, 1, 9999, 9999, 9999, 9999, 9999, 9999, 9999, 9999, 0.0739906, 9999, 2.3335, 0, 0, 0, 0, 0, 8000, 0, 0, 0, 0
