hour,t(sec),kWh,State,kWOut,kWIn,kvarOut,DCkW,kWTotalLosses,kWInvLosses,kWIdlingLosses,kWChDchLosses,"kWh Chng",InvEff,InverterON,Vref,"Vavg (DRC)","VV Oper","VW Oper","DRC Oper","VV_DRC Oper","WP Oper","WV Oper",kWDesired,"kW VW Limit","Limit kWOut Function","kVA Exceeded","Grid voltage",di/dt,it,"it History","Rated VDC","Avg duty cycle","Target (Amps)","Series L","Max. Amps (phase)"
1, 0.00000, 11.6637, -1, 0, 0.00014546, 3.09476, -0.00014546, 7.27299E-6, 0, 0, 7.27299E-6, -6.99825, 1, 1, 9999, 9999, 9999, 9999, 9999, 9999, 9999, 9999, -2.99996E-16, 9999, 4.6655, 0, 0, 0, 0, 0, 8000, 0, 0, 0, 0
2, 0.00000, 11.6639, -1, 0, 0.0002525, 3.09456, -0.0002525, 0.000012625, 0, 0, 0.000012625, 0.000138187, 1, 1, 9999, 9999, 9999, 9999, 9999, 9999, 9999, 9999, -1.5377E-22, 9999, 4.6655, 0, 0, 0, 0, 0, 8000, 0, 0, 0, 0
3, 0.00000, 11.6641, -1, 0, 0.000302619, 3.09485, -0.000302619, 0.000015131, 0, 0, 0.000015131, 0.000239875, 1, 1, 9999, 9999, 9999, 9999, 9999, 9999, 9999, 9999, -1.33489E-22, 9999, 4.6655, 0, 0, 0, 0, 0, 8000, 0, 0, 0, 0
4, 0.00000, 11.6644, -1, 0, 0.000182568, 3.0946, -0.000182568, 9.12841E-6, 0, 0, 9.12841E-6, 0.000287488, 1, 1, 9999, 9999, 9999, 9999, 9999, 9999, 9999, 9999, -1.55095E-22, 9999, 4.6655, 0, 0, 0, 0, 0, 8000, 0, 0, 0, 0
5, 0.00000, 11.6646, -1, 0, 0.000185687, 3.09479, -0.000185687, 9.28435E-6, 0, 0, 9.28435E-6, 0.00017344, 1, 1, 9999, 9999, 9999, 9999, 9999, 9999, 9999, 9999, -1.7225E-22, 9999, 4.6655, 0, 0, 0, 0, 0, 8000, 0, 0, 0, 0
6, 0.00000, 11.6648, 0, 0, 0.000239615, 3.09455, -0.000239615, 0.000239615, 0, 0.000239615, 0, 0.000176403, 1, 1, 9999, 9999, 9999, 9999, 9999, 9999, 9999, 9999, 0, 9999, 4.6655, 0, 0, 0, 0, 0, 8000, 0, 0, 0, 0
7, 0.00000, 11.6648, 1, 0.000196613, 0, 3.0948, 0.000196613, 0.000010348, 0, 0, 0.000010348, 0, 1, 1, 9999, 9999, 9999, 9999, 9999, 9999, 9999, 9999, 1.19446E-22, 9999, 4.6655, 0, 0, 0, 0, 0, 8000, 0, 0, 0, 0
8, 0.00000, 11.6646, -1, 0, 0.0000620727, 3.09466, -0.0000620727, 3.10363E-6, 0, 0, 3.10363E-6, -0.000206961, 1, 1, 9999, 9999, 9999, 9999, 9999, 9999, 9999, 9999, -1.21966E-22, 9999, 4.6655, 0, 0, 0, 0, 0, 8000, 0, 0, 0, 0
