hour,t(sec),kWh,State,kWOut,kWIn,kvarOut,DCkW,kWTotalLosses,kWInvLosses,kWIdlingLosses,kWChDchLosses,"kWh Chng",InvEff,InverterON,Vref,"Vavg (DRC)","VV Oper","VW Oper","DRC Oper","VV_DRC Oper","WP Oper","WV Oper",kWDesired,"kW VW Limit","Limit kWOut Function","kVA Exceeded","Grid voltage",di/dt,it,"it History","Rated VDC","Avg duty cycle","Target (Amps)","Series L","Max. Amps (phase)"
1, 0.00000, 11.6637, -1, 0, 2.58478, -3.0947, -2.58478, 0.129239, 0, 0, 0.129239, -6.99825, 1, 1, 9999, 9999, 9999, 9999, 9999, 9999, 9999, 9999, -2.58478, 9999, 4.6655, 0, 0, 0, 0, 0, 8000, 0, 0, 0, 0
2, 0.00000, 14.1193, 1, 4.6655, 0, -3.0947, 4.6655, 0.245553, 0, 0, 0.245553, 2.45554, 1, 1, 9999, 9999, 9999, 9999, 9999, 9999, 9999, 9999, 4.6655, 9999, 4.6655, 1, 0, 0, 0, 0, 8000, 0, 0, 0, 0
3, 0.00000, 9.20824, -1, 0, 2.58491, -3.0945, -2.58491, 0.129245, 0, 0, 0.129245, -4.91105, 1, 1, 9999, 9999, 9999, 9999, 9999, 9999, 9999, 9999, -2.5848, 9999, 4.6655, 0, 0, 0, 0, 0, 8000, 0, 0, 0, 0
