hour,t(sec),kWh,State,kWOut,kWIn,kvarOut,DCkW,kWTotalLosses,kWInvLosses,kWIdlingLosses,kWChDchLosses,"kWh Chng",InvEff,InverterON,Vref,"Vavg (DRC)","VV Oper","VW Oper","DRC Oper","VV_DRC Oper","WP Oper","WV Oper",kWDesired,"kW VW Limit","Limit kWOut Function","kVA Exceeded","Grid voltage",di/dt,it,"it History","Rated VDC","Avg duty cycle","Target (Amps)","Series L","Max. Amps (phase)"
1, 0.00000, 5.83362, -1, 0, 2.3332, -1.54823, -2.3332, 0.11666, 0, 0, 0.11666, -3.50017, 1, 1, 9999, 9999, 9999, 9999, 9999, 9999, 9999, 9999, -2.3335, 9999, 2.3335, 1, 0, 0, 0, 0, 8000, 0, 0, 0, 0
2, 0.00000, 8.05016, 1, 0.863352, 0, -1.5478, 0.863352, 0.0454396, 0, 0, 0.0454396, 2.21654, 1, 1, 9999, 9999, 9999, 9999, 9999, 9999, 9999, 9999, 0.863372, 9999, 2.3335, 0, 0, 0, 0, 0, 8000, 0, 0, 0, 0
3, 0.00000, 7.14137, 1, 2.33337, 0, -1.54785, 2.33337, 0.122809, 0, 0, 0.122809, -0.908791, 1, 1, 9999, 9999, 9999, 9999, 9999, 9999, 9999, 9999, 2.3335, 9999, 2.3335, 1, 0, 0, 0, 0, 8000, 0, 0, 0, 0
4, 0.00000, 4.68519, 1, 1.01533, 0, -1.54772, 1.01533, 0.0534386, 0, 0, 0.0534386, -2.45618, 1, 1, 9999, 9999, 9999, 9999, 9999, 9999, 9999, 9999, 1.0151, 9999, 2.3335, 0, 0, 0, 0, 0, 8000, 0, 0, 0, 0
5, 0.00000, 3.61642, 1, 1.01532, 0, -1.54767, 1.01532, 0.0534376, 0, 0, 0.0534376, -1.06877, 1, 1, 9999, 9999, 9999, 9999, 9999, 9999, 9999, 9999, -2.3335, 9999, 2.3335, 0, 0, 0, 0, 0, 8000, 0, 0, 0, 0
