hour,t(sec),kWh,State,kWOut,kWIn,kvarOut,DCkW,kWTotalLosses,kWInvLosses,kWIdlingLosses,kWChDchLosses,"kWh Chng",InvEff,InverterON,Vref,"Vavg (DRC)","VV Oper","VW Oper","DRC Oper","VV_DRC Oper","WP Oper","WV Oper",kWDesired,"kW VW Limit","Limit kWOut Function","kVA Exceeded","Grid voltage",di/dt,it,"it History","Rated VDC","Avg duty cycle","Target (Amps)","Series L","Max. Amps (phase)"
1, 0.00000, 5.83362, -1, 0, 2.33363, 1.5477, -2.33363, 0.116681, 0, 0, 0.116681, -3.50017, 1, 1, 9999, 9999, 9999, 9999, 9999, 9999, 9999, 9999, -2.3335, 9999, 2.3335, 1, 0, 0, 0, 0, 8000, 0, 0, 0, 0
2, 0.00000, 8.05057, 1, 0.838616, 0, 1.54766, 0.838616, 0.0441377, 0, 0, 0.0441377, 2.21695, 1, 1, 9999, 9999, 9999, 9999, 9999, 9999, 9999, 9999, 0.838567, 9999, 2.3335, 0, 0, 0, 0, 0, 8000, 0, 0, 0, 0
3, 0.00000, 7.16782, 1, 2.33342, 0, 1.54778, 2.33342, 0.122812, 0, 0, 0.122812, -0.882754, 1, 1, 9999, 9999, 9999, 9999, 9999, 9999, 9999, 9999, 2.3335, 9999, 2.3335, 1, 0, 0, 0, 0, 8000, 0, 0, 0, 0
4, 0.00000, 4.71159, 1, 1.03985, 0, 1.54792, 1.03985, 0.0547287, 0, 0, 0.0547287, -2.45623, 1, 1, 9999, 9999, 9999, 9999, 9999, 9999, 9999, 9999, 1.0399, 9999, 2.3335, 0, 0, 0, 0, 0, 8000, 0, 0, 0, 0
5, 0.00000, 3.61701, 1, 1.03986, 0, 1.54787, 1.03986, 0.0547295, 0, 0, 0.0547295, -1.09457, 1, 1, 9999, 9999, 9999, 9999, 9999, 9999, 9999, 9999, -2.3335, 9999, 2.3335, 0, 0, 0, 0, 0, 8000, 0, 0, 0, 0
