hour,t(sec),kWh,State,kWOut,kWIn,kvarOut,DCkW,kWTotalLosses,kWInvLosses,kWIdlingLosses,kWChDchLosses,"kWh Chng",InvEff,InverterON,Vref,"Vavg (DRC)","VV Oper","VW Oper","DRC Oper","VV_DRC Oper","WP Oper","WV Oper",kWDesired,"kW VW Limit","Limit kWOut Function","kVA Exceeded","Grid voltage",di/dt,it,"it History","Rated VDC","Avg duty cycle","Target (Amps)","Series L","Max. Amps (phase)"
1, 0.00000, 5.83362, -1, 0, 0.000205534, 1.54787, -0.000205534, 0.0000102767, 0, 0, 0.0000102767, -3.50017, 1, 1, 9999, 9999, 9999, 9999, 9999, 9999, 9999, 9999, -4.37648E-18, 9999, 2.3335, 0, 0, 0, 0, 0, 8000, 0, 0, 0, 0
2, 0.00000, 5.83382, -1, 0, 0.000189193, 1.54772, -0.000189193, 9.45966E-6, 0, 0, 9.45966E-6, 0.000195257, 1, 1, 9999, 9999, 9999, 9999, 9999, 9999, 9999, 9999, -1.03052E-17, 9999, 2.3335, 0, 0, 0, 0, 0, 8000, 0, 0, 0, 0
3, 0.00000, 5.834, 1, 0.000177004, 0, 1.54771, 0.000177004, 9.31598E-6, 0, 0, 9.31598E-6, 0.000179734, 1, 1, 9999, 9999, 9999, 9999, 9999, 9999, 9999, 9999, 5.25551E-18, 9999, 2.3335, 0, 0, 0, 0, 0, 8000, 0, 0, 0, 0
