hour,t(sec),kWh,State,kWOut,kWIn,kvarOut,DCkW,kWTotalLosses,kWInvLosses,kWIdlingLosses,kWChDchLosses,"kWh Chng",InvEff,InverterON,Vref,"Vavg (DRC)","VV Oper","VW Oper","DRC Oper","VV_DRC Oper","WP Oper","WV Oper",kWDesired,"kW VW Limit","Limit kWOut Function","kVA Exceeded","Grid voltage",di/dt,it,"it History","Rated VDC","Avg duty cycle","Target (Amps)","Series L","Max. Amps (phase)"
1, 0.00000, 11.6637, -1, 0, 0.000536784, -3.09573, -0.000536784, 0.0000268392, 0, 0, 0.0000268392, -6.99825, 1, 1, 9999, 9999, 9999, 9999, 9999, 9999, 9999, 9999, -2.43945E-16, 9999, 4.6655, 0, 0, 0, 0, 0, 8000, 0, 0, 0, 0
2, 0.00000, 11.6643, 1, 0.00030785, 0, -3.09567, 0.00030785, 0.0000162026, 0, 0, 0.0000162026, 0.000509944, 1, 1, 9999, 9999, 9999, 9999, 9999, 9999, 9999, 9999, 2.05567E-16, 9999, 4.6655, 0, 0, 0, 0, 0, 8000, 0, 0, 0, 0
3, 0.00000, 11.6639, 1, 0.000466737, 0, -3.09564, 0.000466737, 0.0000245651, 0, 0, 0.0000245651, -0.000324052, 1, 1, 9999, 9999, 9999, 9999, 9999, 9999, 9999, 9999, 1.41379E-16, 9999, 4.6655, 0, 0, 0, 0, 0, 8000, 0, 0, 0, 0
4, 0.00000, 11.6634, 1, 0.000547731, 0, -3.09571, 0.000547731, 0.000028828, 0, 0, 0.000028828, -0.000491302, 1, 1, 9999, 9999, 9999, 9999, 9999, 9999, 9999, 9999, 0.000108986, 9999, 4.6655, 0, 0, 0, 0, 0, 8000, 0, 0, 0, 0
5, 0.00000, 11.6629, 1, 0.000512605, 0, -3.09559, 0.000512605, 0.0000269792, 0, 0, 0.0000269792, -0.000576559, 1, 1, 9999, 9999, 9999, 9999, 9999, 9999, 9999, 9999, 0.0000698565, 9999, 4.6655, 0, 0, 0, 0, 0, 8000, 0, 0, 0, 0
6, 0.00000, 11.6623, -1, 0, 0.00014876, -3.09572, -0.00014876, 7.438E-6, 0, 0, 7.438E-6, -0.000539584, 1, 1, 9999, 9999, 9999, 9999, 9999, 9999, 9999, 9999, -5.64992E-16, 9999, 4.6655, 0, 0, 0, 0, 0, 8000, 0, 0, 0, 0
7, 0.00000, 11.6625, -1, 0, 0.000827054, -3.09581, -0.000827054, 0.0000413527, 0, 0, 0.0000413527, 0.000141322, 1, 1, 9999, 9999, 9999, 9999, 9999, 9999, 9999, 9999, -1.01913E-16, 9999, 4.6655, 0, 0, 0, 0, 0, 8000, 0, 0, 0, 0
8, 0.00000, 11.6633, -1, 0, 0.000696026, -3.09455, -0.000696026, 0.0000348013, 0, 0, 0.0000348013, 0.000785701, 1, 1, 9999, 9999, 9999, 9999, 9999, 9999, 9999, 9999, -3.30681E-17, 9999, 4.6655, 0, 0, 0, 0, 0, 8000, 0, 0, 0, 0
9, 0.00000, 11.6639, 1, 0.000497833, 0, -3.09566, 0.000497833, 0.0000262017, 0, 0, 0.0000262017, 0.000661225, 1, 1, 9999, 9999, 9999, 9999, 9999, 9999, 9999, 9999, 0.000663247, 9999, 4.6655, 0, 0, 0, 0, 0, 8000, 0, 0, 0, 0
