hour,t(sec),kWh,State,kWOut,kWIn,kvarOut,DCkW,kWTotalLosses,kWInvLosses,kWIdlingLosses,kWChDchLosses,"kWh Chng",InvEff,InverterON,Vref,"Vavg (DRC)","VV Oper","VW Oper","DRC Oper","VV_DRC Oper","WP Oper","WV Oper",kWDesired,"kW VW Limit","Limit kWOut Function","kVA Exceeded","Grid voltage",di/dt,it,"it History","Rated VDC","Avg duty cycle","Target (Amps)","Series L","Max. Amps (phase)"
1, 0.00000, 11.6637, 1, 2.52543E-8, 0, 3.0947, 2.52543E-8, 1.32917E-9, 0, 0, 1.32917E-9, -6.99825, 1, 1, 9999, 9999, 9999, 9999, 9999, 9999, 9999, 9999, 3.85977E-16, 9999, 4.6655, 0, 0, 0, 0, 0, 8000, 0, 0, 0, 0
2, 0.00000, 11.6637, -1, 0, 5.35601E-8, 3.0947, -5.35601E-8, 2.678E-9, 0, 0, 2.678E-9, -2.65835E-8, 1, 1, 9999, 9999, 9999, 9999, 9999, 9999, 9999, 9999, -2.7002E-16, 9999, 4.6655, 0, 0, 0, 0, 0, 8000, 0, 0, 0, 0
3, 0.00000, 11.6637, -1, 0, 6.58195E-8, 3.0947, -6.58195E-8, 3.29097E-9, 0, 0, 3.29097E-9, 5.08821E-8, 1, 1, 9999, 9999, 9999, 9999, 9999, 9999, 9999, 9999, -2.95298E-17, 9999, 4.6655, 0, 0, 0, 0, 0, 8000, 0, 0, 0, 0
4, 0.00000, 11.6637, -1, 0, 6.599E-8, 3.0947, -6.599E-8, 3.2995E-9, 0, 0, 3.2995E-9, 6.25285E-8, 1, 1, 9999, 9999, 9999, 9999, 9999, 9999, 9999, 9999, -3.40554E-16, 9999, 4.6655, 0, 0, 0, 0, 0, 8000, 0, 0, 0, 0
5, 0.00000, 11.6637, 1, 7.52536E-8, 0, 3.0947, 7.52536E-8, 3.96072E-9, 0, 0, 3.96072E-9, 6.26905E-8, 1, 1, 9999, 9999, 9999, 9999, 9999, 9999, 9999, 9999, 4.56869E-16, 9999, 4.6655, 0, 0, 0, 0, 0, 8000, 0, 0, 0, 0
6, 0.00000, 11.6637, 1, 5.74026E-8, 0, 3.0947, 5.74026E-8, 3.02119E-9, 0, 0, 3.02119E-9, -7.92144E-8, 1, 1, 9999, 9999, 9999, 9999, 9999, 9999, 9999, 9999, 2.09052E-16, 9999, 4.6655, 0, 0, 0, 0, 0, 8000, 0, 0, 0, 0
7, 0.00000, 11.6637, 1, 6.50415E-8, 0, 3.0947, 6.50415E-8, 3.42324E-9, 0, 0, 3.42324E-9, -6.04238E-8, 1, 1, 9999, 9999, 9999, 9999, 9999, 9999, 9999, 9999, 1.26351E-16, 9999, 4.6655, 0, 0, 0, 0, 0, 8000, 0, 0, 0, 0
8, 0.00000, 11.6637, 1, 6.86036E-8, 0, 3.0947, 6.86036E-8, 3.61071E-9, 0, 0, 3.61071E-9, -6.84648E-8, 1, 1, 9999, 9999, 9999, 9999, 9999, 9999, 9999, 9999, 4.05073E-17, 9999, 4.6655, 0, 0, 0, 0, 0, 8000, 0, 0, 0, 0
