hour,t(sec),kWh,State,kWOut,kWIn,kvarOut,DCkW,kWTotalLosses,kWInvLosses,kWIdlingLosses,kWChDchLosses,"kWh Chng",InvEff,InverterON,Vref,"Vavg (DRC)","VV Oper","VW Oper","DRC Oper","VV_DRC Oper","WP Oper","WV Oper",kWDesired,"kW VW Limit","Limit kWOut Function","kVA Exceeded","Grid voltage",di/dt,it,"it History","Rated VDC","Avg duty cycle","Target (Amps)","Series L","Max. Amps (phase)"
1, 0.00000, 5.83362, -1, 0, 0.0000384984, 1.54778, -0.0000384984, 1.92492E-6, 0, 0, 1.92492E-6, -3.50017, 1, 1, 9999, 9999, 9999, 9999, 9999, 9999, 9999, 9999, -3.50842E-18, 9999, 2.3335, 0, 0, 0, 0, 0, 8000, 0, 0, 0, 0
2, 0.00000, 5.83366, 1, 0.502653, 0, 1.54777, 0.502653, 0.0264554, 0, 0, 0.0264554, 0.0000365734, 1, 1, 9999, 9999, 9999, 9999, 9999, 9999, 9999, 9999, 0.502636, 9999, 2.3335, 0, 0, 0, 0, 0, 8000, 0, 0, 0, 0
3, 0.00000, 5.30455, 1, 0.799038, 0, 1.5478, 0.799038, 0.0420546, 0, 0, 0.0420546, -0.529108, 1, 1, 9999, 9999, 9999, 9999, 9999, 9999, 9999, 9999, 0.799037, 9999, 2.3335, 0, 0, 0, 0, 0, 8000, 0, 0, 0, 0
4, 0.00000, 4.46346, 1, 1.02895, 0, 1.54781, 1.02895, 0.0541554, 0, 0, 0.0541554, -0.841093, 1, 1, 9999, 9999, 9999, 9999, 9999, 9999, 9999, 9999, 1.02896, 9999, 2.3335, 0, 0, 0, 0, 0, 8000, 0, 0, 0, 0
5, 0.00000, 3.38035, 1, 0.551252, 0, 1.54779, 0.551252, 0.0290133, 0, 0, 0.0290133, -1.08311, 1, 1, 9999, 9999, 9999, 9999, 9999, 9999, 9999, 9999, 0.551243, 9999, 2.3335, 0, 0, 0, 0, 0, 8000, 0, 0, 0, 0
