hour,t(sec),kWh,State,kWOut,kWIn,kvarOut,DCkW,kWTotalLosses,kWInvLosses,kWIdlingLosses,kWChDchLosses,"kWh Chng",InvEff,InverterON,Vref,"Vavg (DRC)","VV Oper","VW Oper","DRC Oper","VV_DRC Oper","WP Oper","WV Oper",kWDesired,"kW VW Limit","Limit kWOut Function","kVA Exceeded","Grid voltage",di/dt,it,"it History","Rated VDC","Avg duty cycle","Target (Amps)","Series L","Max. Amps (phase)"
1, 0.00000, 71.4613, -1, 0, 2.69007, -18.9615, -2.69007, 0.134503, 0, 0, 0.134503, -42.8768, 1, 1, 9999, 9999, 9999, 9999, 9999, 9999, 9999, 9999, -2.6924, 9999, 28.5845, 0, 0, 0, 0, 0, 8000, 0, 0, 0, 0
2, 0.00000, 74.0168, -1, 0, 0.0011944, -18.9605, -0.0011944, 0.0000597201, 0, 0, 0.0000597201, 2.55557, 1, 1, 9999, 9999, 9999, 9999, 9999, 9999, 9999, 9999, -5.64658E-18, 9999, 28.5845, 0, 0, 0, 0, 0, 8000, 0, 0, 0, 0
3, 0.00000, 74.018, 1, 0.00290457, 0, -18.96, 0.00290457, 0.000152872, 0, 0, 0.000152872, 0.00113468, 1, 1, 9999, 9999, 9999, 9999, 9999, 9999, 9999, 9999, 1.88338E-18, 9999, 28.5845, 0, 0, 0, 0, 0, 8000, 0, 0, 0, 0
4, 0.00000, 74.0149, -1, 0, 0.00468554, -18.9616, -0.00468554, 0.000234277, 0, 0, 0.000234277, -0.00305744, 1, 1, 9999, 9999, 9999, 9999, 9999, 9999, 9999, 9999, -7.65121E-18, 9999, 28.5845, 0, 0, 0, 0, 0, 8000, 0, 0, 0, 0
5, 0.00000, 74.0193, 1, 0.00395155, 0, -18.9595, 0.00395155, 0.000207976, 0, 0, 0.000207976, 0.00445127, 1, 1, 9999, 9999, 9999, 9999, 9999, 9999, 9999, 9999, 3.65681E-18, 9999, 28.5845, 0, 0, 0, 0, 0, 8000, 0, 0, 0, 0
6, 0.00000, 74.0152, 1, 1.6962, 0, -18.9607, 1.6962, 0.0892735, 0, 0, 0.0892735, -0.00415952, 1, 1, 9999, 9999, 9999, 9999, 9999, 9999, 9999, 9999, 1.69638, 9999, 28.5845, 0, 0, 0, 0, 0, 8000, 0, 0, 0, 0
7, 0.00000, 72.2297, -1, 0, 0.00333494, -18.9616, -0.00333494, 0.000166747, 0, 0, 0.000166747, -1.78547, 1, 1, 9999, 9999, 9999, 9999, 9999, 9999, 9999, 9999, -2.04474E-18, 9999, 28.5845, 0, 0, 0, 0, 0, 8000, 0, 0, 0, 0
8, 0.00000, 72.2329, 1, 0.00239954, 0, -18.9601, 0.00239954, 0.000126292, 0, 0, 0.000126292, 0.00316819, 1, 1, 9999, 9999, 9999, 9999, 9999, 9999, 9999, 9999, 6.04762E-18, 9999, 28.5845, 0, 0, 0, 0, 0, 8000, 0, 0, 0, 0
9, 0.00000, 72.2304, 1, 0.73229, 0, -18.9604, 0.73229, 0.0385416, 0, 0, 0.0385416, -0.00252584, 1, 1, 9999, 9999, 9999, 9999, 9999, 9999, 9999, 9999, 0.733507, 9999, 28.5845, 0, 0, 0, 0, 0, 8000, 0, 0, 0, 0
