hour,t(sec),kWh,State,kWOut,kWIn,kvarOut,DCkW,kWTotalLosses,kWInvLosses,kWIdlingLosses,kWChDchLosses,"kWh Chng",InvEff,InverterON,Vref,"Vavg (DRC)","VV Oper","VW Oper","DRC Oper","VV_DRC Oper","WP Oper","WV Oper",kWDesired,"kW VW Limit","Limit kWOut Function","kVA Exceeded","Grid voltage",di/dt,it,"it History","Rated VDC","Avg duty cycle","Target (Amps)","Series L","Max. Amps (phase)"
1, 0.00000, 5.83362, -1, 0, 1.01944, 1.54874, -1.01944, 0.050972, 0, 0, 0.050972, -3.50017, 1, 1, 9999, 9999, 9999, 9999, 9999, 9999, 9999, 9999, -1.01925, 9999, 2.3335, 0, 0, 0, 0, 0, 8000, 0, 0, 0, 0
2, 0.00000, 6.80209, -1, 0, 0.0000965937, 1.54877, -0.0000965937, 4.82969E-6, 0, 0, 4.82969E-6, 0.968468, 1, 1, 9999, 9999, 9999, 9999, 9999, 9999, 9999, 9999, -8.4027E-17, 9999, 2.3335, 0, 0, 0, 0, 0, 8000, 0, 0, 0, 0
3, 0.00000, 6.80219, 1, 0.00014247, 0, 1.54875, 0.00014247, 7.4984E-6, 0, 0, 7.4984E-6, 0.000091764, 1, 1, 9999, 9999, 9999, 9999, 9999, 9999, 9999, 9999, 5.20417E-18, 9999, 2.3335, 0, 0, 0, 0, 0, 8000, 0, 0, 0, 0
4, 0.00000, 6.80203, 1, 0.00857054, 0, 1.54883, 0.00857054, 0.000451081, 0, 0, 0.000451081, -0.000149968, 1, 1, 9999, 9999, 9999, 9999, 9999, 9999, 9999, 9999, 0.00870069, 9999, 2.3335, 0, 0, 0, 0, 0, 8000, 0, 0, 0, 0
5, 0.00000, 6.79301, 1, 0.680617, 0, 1.54865, 0.680617, 0.0358219, 0, 0, 0.0358219, -0.00902162, 1, 1, 9999, 9999, 9999, 9999, 9999, 9999, 9999, 9999, 0.680472, 9999, 2.3335, 0, 0, 0, 0, 0, 8000, 0, 0, 0, 0
6, 0.00000, 6.07657, 1, 0.0074574, 0, 1.54881, 0.0074574, 0.000392495, 0, 0, 0.000392495, -0.716439, 1, 1, 9999, 9999, 9999, 9999, 9999, 9999, 9999, 9999, 0.0075008, 9999, 2.3335, 0, 0, 0, 0, 0, 8000, 0, 0, 0, 0
7, 0.00000, 6.06873, -1, 0, 0.000253189, 1.54889, -0.000253189, 0.0000126594, 0, 0, 0.0000126594, -0.00784989, 1, 1, 9999, 9999, 9999, 9999, 9999, 9999, 9999, 9999, -1.82151E-16, 9999, 2.3335, 0, 0, 0, 0, 0, 8000, 0, 0, 0, 0
8, 0.00000, 6.06897, 1, 0.000237567, 0, 1.5487, 0.000237567, 0.0000125035, 0, 0, 0.0000125035, 0.000240529, 1, 1, 9999, 9999, 9999, 9999, 9999, 9999, 9999, 9999, 0.0000260862, 9999, 2.3335, 0, 0, 0, 0, 0, 8000, 0, 0, 0, 0
9, 0.00000, 6.06872, 1, 0.224047, 0, 1.54877, 0.224047, 0.0117919, 0, 0, 0.0117919, -0.00025007, 1, 1, 9999, 9999, 9999, 9999, 9999, 9999, 9999, 9999, 0.224, 9999, 2.3335, 0, 0, 0, 0, 0, 8000, 0, 0, 0, 0
