hour,t(sec),kWh,State,kWOut,kWIn,kvarOut,DCkW,kWTotalLosses,kWInvLosses,kWIdlingLosses,kWChDchLosses,"kWh Chng",InvEff,InverterON,Vref,"Vavg (DRC)","VV Oper","VW Oper","DRC Oper","VV_DRC Oper","WP Oper","WV Oper",kWDesired,"kW VW Limit","Limit kWOut Function","kVA Exceeded","Grid voltage",di/dt,it,"it History","Rated VDC","Avg duty cycle","Target (Amps)","Series L","Max. Amps (phase)"
1, 0.00000, 5.83362, -1, 0, 0.000138619, -1.54775, -0.000138619, 6.93097E-6, 0, 0, 6.93097E-6, -3.50017, 1, 1, 9999, 9999, 9999, 9999, 9999, 9999, 9999, 9999, -9.19539E-19, 9999, 2.3335, 0, 0, 0, 0, 0, 8000, 0, 0, 0, 0
2, 0.00000, 5.83376, 1, 0.168608, 0, -1.54782, 0.168608, 0.00887411, 0, 0, 0.00887411, 0.000131688, 1, 1, 9999, 9999, 9999, 9999, 9999, 9999, 9999, 9999, 0.168399, 9999, 2.3335, 0, 0, 0, 0, 0, 8000, 0, 0, 0, 0
3, 0.00000, 5.65627, 1, 0.57745, 0, -1.54779, 0.57745, 0.0303921, 0, 0, 0.0303921, -0.177482, 1, 1, 9999, 9999, 9999, 9999, 9999, 9999, 9999, 9999, 0.577728, 9999, 2.3335, 0, 0, 0, 0, 0, 8000, 0, 0, 0, 0
4, 0.00000, 5.04843, 1, 0.557094, 0, -1.5478, 0.557094, 0.0293208, 0, 0, 0.0293208, -0.607842, 1, 1, 9999, 9999, 9999, 9999, 9999, 9999, 9999, 9999, 0.557076, 9999, 2.3335, 0, 0, 0, 0, 0, 8000, 0, 0, 0, 0
5, 0.00000, 4.46202, 1, 0.00024855, 0, -1.54787, 0.00024855, 0.0000130816, 0, 0, 0.0000130816, -0.586415, 1, 1, 9999, 9999, 9999, 9999, 9999, 9999, 9999, 9999, 2.23146E-18, 9999, 2.3335, 0, 0, 0, 0, 0, 8000, 0, 0, 0, 0
