hour,t(sec),kWh,State,kWOut,kWIn,kvarOut,DCkW,kWTotalLosses,kWInvLosses,kWIdlingLosses,kWChDchLosses,"kWh Chng",InvEff,InverterON,Vref,"Vavg (DRC)","VV Oper","VW Oper","DRC Oper","VV_DRC Oper","WP Oper","WV Oper",kWDesired,"kW VW Limit","Limit kWOut Function","kVA Exceeded","Grid voltage",di/dt,it,"it History","Rated VDC","Avg duty cycle","Target (Amps)","Series L","Max. Amps (phase)"
1, 0.00000, 11.6637, 1, 0.0000510435, 0, 3.09467, 0.0000510435, 2.6865E-6, 0, 0, 2.6865E-6, -6.99825, 1, 1, 9999, 9999, 9999, 9999, 9999, 9999, 9999, 9999, 1.73948E-18, 9999, 4.6655, 0, 0, 0, 0, 0, 8000, 0, 0, 0, 0
2, 0.00000, 11.6637, 1, 0.800229, 0, 3.0947, 0.800229, 0.0421173, 0, 0, 0.0421173, -0.00005373, 1, 1, 9999, 9999, 9999, 9999, 9999, 9999, 9999, 9999, 0.800227, 9999, 4.6655, 0, 0, 0, 0, 0, 8000, 0, 0, 0, 0
3, 0.00000, 10.8214, 1, 2.26771, 0, 3.09471, 2.26771, 0.119353, 0, 0, 0.119353, -0.842346, 1, 1, 9999, 9999, 9999, 9999, 9999, 9999, 9999, 9999, 2.26771, 9999, 4.6655, 0, 0, 0, 0, 0, 8000, 0, 0, 0, 0
