hour,t(sec),kWh,State,kWOut,kWIn,kvarOut,DCkW,kWTotalLosses,kWInvLosses,kWIdlingLosses,kWChDchLosses,"kWh Chng",InvEff,InverterON,Vref,"Vavg (DRC)","VV Oper","VW Oper","DRC Oper","VV_DRC Oper","WP Oper","WV Oper",kWDesired,"kW VW Limit","Limit kWOut Function","kVA Exceeded","Grid voltage",di/dt,it,"it History","Rated VDC","Avg duty cycle","Target (Amps)","Series L","Max. Amps (phase)"
1, 0.00000, 11.6637, 0, 0, 0.000141551, 3.09476, -0.000141551, 0.000141551, 0, 0.000141551, 0, -6.99825, 1, 1, 9999, 9999, 9999, 9999, 9999, 9999, 9999, 9999, 0, 9999, 4.6655, 0, 0, 0, 0, 0, 8000, 0, 0, 0, 0
2, 0.00000, 11.6637, 1, 0.000246104, 0, 3.09456, 0.000246104, 0.0000129528, 0, 0, 0.0000129528, 0, 1, 1, 9999, 9999, 9999, 9999, 9999, 9999, 9999, 9999, 8.82479E-23, 9999, 4.6655, 0, 0, 0, 0, 0, 8000, 0, 0, 0, 0
3, 0.00000, 11.6635, 1, 0.000296008, 0, 3.09484, 0.000296008, 0.0000155794, 0, 0, 0.0000155794, -0.000259057, 1, 1, 9999, 9999, 9999, 9999, 9999, 9999, 9999, 9999, 1.85794E-22, 9999, 4.6655, 0, 0, 0, 0, 0, 8000, 0, 0, 0, 0
4, 0.00000, 11.6632, -1, 0, 0.000179582, 3.0946, -0.000179582, 8.97909E-6, 0, 0, 8.97909E-6, -0.000311587, 1, 1, 9999, 9999, 9999, 9999, 9999, 9999, 9999, 9999, -3.78041E-22, 9999, 4.6655, 0, 0, 0, 0, 0, 8000, 0, 0, 0, 0
5, 0.00000, 11.6634, 1, 0.000182645, 0, 3.09478, 0.000182645, 9.61291E-6, 0, 0, 9.61291E-6, 0.000170603, 1, 1, 9999, 9999, 9999, 9999, 9999, 9999, 9999, 9999, 1.3899E-17, 9999, 4.6655, 0, 0, 0, 0, 0, 8000, 0, 0, 0, 0
6, 0.00000, 11.6632, 1, 0.000234791, 0, 3.09456, 0.000234791, 0.0000123574, 0, 0, 0.0000123574, -0.000192258, 1, 1, 9999, 9999, 9999, 9999, 9999, 9999, 9999, 9999, 2.03845E-22, 9999, 4.6655, 0, 0, 0, 0, 0, 8000, 0, 0, 0, 0
7, 0.00000, 11.6629, -1, 0, 0.000196238, 3.09479, -0.000196238, 9.8119E-6, 0, 0, 9.8119E-6, -0.000247148, 1, 1, 9999, 9999, 9999, 9999, 9999, 9999, 9999, 9999, -1.52249E-22, 9999, 4.6655, 0, 0, 0, 0, 0, 8000, 0, 0, 0, 0
8, 0.00000, 11.6631, 1, 0.0000620538, 0, 3.09466, 0.0000620538, 3.26599E-6, 0, 0, 3.26599E-6, 0.000186426, 1, 1, 9999, 9999, 9999, 9999, 9999, 9999, 9999, 9999, 9.42524E-23, 9999, 4.6655, 0, 0, 0, 0, 0, 8000, 0, 0, 0, 0
