hour,t(sec),kWh,State,kWOut,kWIn,kvarOut,DCkW,kWTotalLosses,kWInvLosses,kWIdlingLosses,kWChDchLosses,"kWh Chng",InvEff,InverterON,Vref,"Vavg (DRC)","VV Oper","VW Oper","DRC Oper","VV_DRC Oper","WP Oper","WV Oper",kWDesired,"kW VW Limit","Limit kWOut Function","kVA Exceeded","Grid voltage",di/dt,it,"it History","Rated VDC","Avg duty cycle","Target (Amps)","Series L","Max. Amps (phase)"
1, 0.00000, 11.6637, -1, 0, 4.66487, 3.0957, -4.66487, 0.233243, 0, 0, 0.233243, -6.99825, 1, 1, 9999, 9999, 9999, 9999, 9999, 9999, 9999, 9999, -4.66643, 9999, 4.6655, 1, 0, 0, 0, 0, 8000, 0, 0, 0, 0
2, 0.00000, 16.0954, 1, 1.91155, 0, 3.0957, 1.91155, 0.100608, 0, 0, 0.100608, 4.43162, 1, 1, 9999, 9999, 9999, 9999, 9999, 9999, 9999, 9999, 1.91155, 9999, 4.6655, 0, 0, 0, 0, 0, 8000, 0, 0, 0, 0
3, 0.00000, 14.0832, 1, 4.66486, 0, 3.0957, 4.66486, 0.245519, 0, 0, 0.245519, -2.01216, 1, 1, 9999, 9999, 9999, 9999, 9999, 9999, 9999, 9999, 4.66643, 9999, 4.6655, 1, 0, 0, 0, 0, 8000, 0, 0, 0, 0
4, 0.00000, 9.17283, 1, 1.84549, 0, 3.0957, 1.84549, 0.0971308, 0, 0, 0.0971308, -4.91038, 1, 1, 9999, 9999, 9999, 9999, 9999, 9999, 9999, 9999, 1.84549, 9999, 4.6655, 0, 0, 0, 0, 0, 8000, 0, 0, 0, 0
5, 0.00000, 7.23022, -1, 0, 4.66486, 3.0957, -4.66486, 0.233243, 0, 0, 0.233243, -1.94262, 1, 1, 9999, 9999, 9999, 9999, 9999, 9999, 9999, 9999, -4.6665, 9999, 4.6655, 1, 0, 0, 0, 0, 8000, 0, 0, 0, 0
