hour,t(sec),kWh,State,kWOut,kWIn,kvarOut,DCkW,kWTotalLosses,kWInvLosses,kWIdlingLosses,kWChDchLosses,"kWh Chng",InvEff,InverterON,Vref,"Vavg (DRC)","VV Oper","VW Oper","DRC Oper","VV_DRC Oper","WP Oper","WV Oper",kWDesired,"kW VW Limit","Limit kWOut Function","kVA Exceeded","Grid voltage",di/dt,it,"it History","Rated VDC","Avg duty cycle","Target (Amps)","Series L","Max. Amps (phase)"
1, 0.00000, 5.83362, 1, 2.86401E-8, 0, 1.5478, 2.86401E-8, 1.50737E-9, 0, 0, 1.50737E-9, -3.50017, 1, 1, 9999, 9999, 9999, 9999, 9999, 9999, 9999, 9999, 1.06025E-16, 9999, 2.3335, 0, 0, 0, 0, 0, 8000, 0, 0, 0, 0
2, 0.00000, 5.83362, -1, 0, 6.1189E-8, 1.5478, -6.1189E-8, 3.05945E-9, 0, 0, 3.05945E-9, -3.01474E-8, 1, 1, 9999, 9999, 9999, 9999, 9999, 9999, 9999, 9999, -8.93264E-17, 9999, 2.3335, 0, 0, 0, 0, 0, 8000, 0, 0, 0, 0
3, 0.00000, 5.83362, 1, 7.49688E-8, 0, 1.5478, 7.49688E-8, 3.94573E-9, 0, 0, 3.94573E-9, 5.81296E-8, 1, 1, 9999, 9999, 9999, 9999, 9999, 9999, 9999, 9999, 1.92516E-16, 9999, 2.3335, 0, 0, 0, 0, 0, 8000, 0, 0, 0, 0
4, 0.00000, 5.83362, -1, 0, 7.54451E-8, 1.5478, -7.54451E-8, 3.77226E-9, 0, 0, 3.77226E-9, -7.89145E-8, 1, 1, 9999, 9999, 9999, 9999, 9999, 9999, 9999, 9999, -2.38017E-16, 9999, 2.3335, 0, 0, 0, 0, 0, 8000, 0, 0, 0, 0
5, 0.00000, 5.83362, 1, 8.58725E-8, 0, 1.5478, 8.58725E-8, 4.5196E-9, 0, 0, 4.5196E-9, 7.16729E-8, 1, 1, 9999, 9999, 9999, 9999, 9999, 9999, 9999, 9999, 1.3504E-16, 9999, 2.3335, 0, 0, 0, 0, 0, 8000, 0, 0, 0, 0
6, 0.00000, 5.83362, 1, 6.54322E-8, 0, 1.5478, 6.54322E-8, 3.4438E-9, 0, 0, 3.4438E-9, -9.03921E-8, 1, 1, 9999, 9999, 9999, 9999, 9999, 9999, 9999, 9999, 3.05665E-17, 9999, 2.3335, 0, 0, 0, 0, 0, 8000, 0, 0, 0, 0
7, 0.00000, 5.83362, 1, 7.41724E-8, 0, 1.5478, 7.41724E-8, 3.90381E-9, 0, 0, 3.90381E-9, -6.8876E-8, 1, 1, 9999, 9999, 9999, 9999, 9999, 9999, 9999, 9999, 8.56091E-17, 9999, 2.3335, 0, 0, 0, 0, 0, 8000, 0, 0, 0, 0
8, 0.00000, 5.83362, -1, 0, 7.85312E-8, 1.5478, -7.85312E-8, 3.92656E-9, 0, 0, 3.92656E-9, -7.80762E-8, 1, 1, 9999, 9999, 9999, 9999, 9999, 9999, 9999, 9999, -4.80631E-17, 9999, 2.3335, 0, 0, 0, 0, 0, 8000, 0, 0, 0, 0
