hour,t(sec),kWh,State,kWOut,kWIn,kvarOut,DCkW,kWTotalLosses,kWInvLosses,kWIdlingLosses,kWChDchLosses,"kWh Chng",InvEff,InverterON,Vref,"Vavg (DRC)","VV Oper","VW Oper","DRC Oper","VV_DRC Oper","WP Oper","WV Oper",kWDesired,"kW VW Limit","Limit kWOut Function","kVA Exceeded","Grid voltage",di/dt,it,"it History","Rated VDC","Avg duty cycle","Target (Amps)","Series L","Max. Amps (phase)"
1, 0.00000, 5.83362, -1, 0, 1.18943E-7, -1.5478, -1.18943E-7, 5.94714E-9, 0, 0, 5.94714E-9, -3.50017, 1, 1, 9999, 9999, 9999, 9999, 9999, 9999, 9999, 9999, -7.23828E-17, 9999, 2.3335, 0, 0, 0, 0, 0, 8000, 0, 0, 0, 0
2, 0.00000, 5.83363, 0, 0, 2.03965E-7, -1.5478, -2.03965E-7, 2.03965E-7, 0, 2.03965E-7, 0, 1.12996E-7, 1, 1, 9999, 9999, 9999, 9999, 9999, 9999, 9999, 9999, 0, 9999, 2.3335, 0, 0, 0, 0, 0, 8000, 0, 0, 0, 0
3, 0.00000, 5.83363, -1, 0, 2.53422E-7, -1.5478, -2.53422E-7, 1.26711E-8, 0, 0, 1.26711E-8, 0, 1, 1, 9999, 9999, 9999, 9999, 9999, 9999, 9999, 9999, -1.50466E-33, 9999, 2.3335, 0, 0, 0, 0, 0, 8000, 0, 0, 0, 0
4, 0.00000, 5.83363, -1, 0, 2.54144E-7, -1.5478, -2.54144E-7, 1.27072E-8, 0, 0, 1.27072E-8, 2.40751E-7, 1, 1, 9999, 9999, 9999, 9999, 9999, 9999, 9999, 9999, -2.88957E-17, 9999, 2.3335, 0, 0, 0, 0, 0, 8000, 0, 0, 0, 0
5, 0.00000, 5.83363, 1, 2.91227E-7, 0, -1.5478, 2.91227E-7, 1.53277E-8, 0, 0, 1.53277E-8, 2.41437E-7, 1, 1, 9999, 9999, 9999, 9999, 9999, 9999, 9999, 9999, 1.32258E-17, 9999, 2.3335, 0, 0, 0, 0, 0, 8000, 0, 0, 0, 0
6, 0.00000, 5.83363, 1, 2.19534E-7, 0, -1.5478, 2.19534E-7, 1.15544E-8, 0, 0, 1.15544E-8, -3.06555E-7, 1, 1, 9999, 9999, 9999, 9999, 9999, 9999, 9999, 9999, 1.0116E-16, 9999, 2.3335, 0, 0, 0, 0, 0, 8000, 0, 0, 0, 0
7, 0.00000, 5.83362, -1, 0, 2.4973E-7, -1.5478, -2.4973E-7, 1.24865E-8, 0, 0, 1.24865E-8, -2.31088E-7, 1, 1, 9999, 9999, 9999, 9999, 9999, 9999, 9999, 9999, -1.20374E-32, 9999, 2.3335, 0, 0, 0, 0, 0, 8000, 0, 0, 0, 0
8, 0.00000, 5.83363, 1, 2.63435E-7, 0, -1.5478, 2.63435E-7, 1.3865E-8, 0, 0, 1.3865E-8, 2.37244E-7, 1, 1, 9999, 9999, 9999, 9999, 9999, 9999, 9999, 9999, 9.02084E-17, 9999, 2.3335, 0, 0, 0, 0, 0, 8000, 0, 0, 0, 0
