hour,t(sec),kWh,State,kWOut,kWIn,kvarOut,DCkW,kWTotalLosses,kWInvLosses,kWIdlingLosses,kWChDchLosses,"kWh Chng",InvEff,InverterON,Vref,"Vavg (DRC)","VV Oper","VW Oper","DRC Oper","VV_DRC Oper","WP Oper","WV Oper",kWDesired,"kW VW Limit","Limit kWOut Function","kVA Exceeded","Grid voltage",di/dt,it,"it History","Rated VDC","Avg duty cycle","Target (Amps)","Series L","Max. Amps (phase)"
1, 0.00000, 5.83362, -1, 0, 2.24449, -1.54802, -2.24449, 0.112225, 0, 0, 0.112225, -3.50017, 1, 1, 9999, 9999, 9999, 9999, 9999, 9999, 9999, 9999, -2.24457, 9999, 2.3335, 0, 0, 0, 0, 0, 8000, 0, 0, 0, 0
2, 0.00000, 7.9659, 1, 0.0000652354, 0, -1.54777, 0.0000652354, 3.43344E-6, 0, 0, 3.43344E-6, 2.13227, 1, 1, 9999, 9999, 9999, 9999, 9999, 9999, 9999, 9999, 1.21106E-17, 9999, 2.3335, 0, 0, 0, 0, 0, 8000, 0, 0, 0, 0
3, 0.00000, 7.96583, -1, 0, 0.000154043, -1.54774, -0.000154043, 7.70217E-6, 0, 0, 7.70217E-6, -0.0000686689, 1, 1, 9999, 9999, 9999, 9999, 9999, 9999, 9999, 9999, -6.78465E-17, 9999, 2.3335, 0, 0, 0, 0, 0, 8000, 0, 0, 0, 0
4, 0.00000, 7.96597, -1, 0, 0.000245382, -1.54787, -0.000245382, 0.0000122691, 0, 0, 0.0000122691, 0.000146341, 1, 1, 9999, 9999, 9999, 9999, 9999, 9999, 9999, 9999, -6.37466E-17, 9999, 2.3335, 0, 0, 0, 0, 0, 8000, 0, 0, 0, 0
5, 0.00000, 7.96621, 1, 0.430621, 0, -1.54776, 0.430621, 0.0226643, 0, 0, 0.0226643, 0.000233113, 1, 1, 9999, 9999, 9999, 9999, 9999, 9999, 9999, 9999, 0.430857, 9999, 2.3335, 0, 0, 0, 0, 0, 8000, 0, 0, 0, 0
6, 0.00000, 7.51292, 1, 1.01193, 0, -1.5478, 1.01193, 0.0532596, 0, 0, 0.0532596, -0.453285, 1, 1, 9999, 9999, 9999, 9999, 9999, 9999, 9999, 9999, 1.01195, 9999, 2.3335, 0, 0, 0, 0, 0, 8000, 0, 0, 0, 0
7, 0.00000, 6.44773, 0, 0, 0.000176275, -1.54787, -0.000176275, 0.000176275, 0, 0.000176275, 0, -1.06519, 1, 1, 9999, 9999, 9999, 9999, 9999, 9999, 9999, 9999, 0, 9999, 2.3335, 0, 0, 0, 0, 0, 8000, 0, 0, 0, 0
8, 0.00000, 6.44773, 0, 0, 0.000126366, -1.54775, -0.000126366, 0.000126366, 0, 0.000126366, 0, 0, 1, 1, 9999, 9999, 9999, 9999, 9999, 9999, 9999, 9999, 0, 9999, 2.3335, 0, 0, 0, 0, 0, 8000, 0, 0, 0, 0
9, 0.00000, 6.44773, 1, 0.582854, 0, -1.54779, 0.582854, 0.0306765, 0, 0, 0.0306765, 0, 1, 1, 9999, 9999, 9999, 9999, 9999, 9999, 9999, 9999, 0.582932, 9999, 2.3335, 0, 0, 0, 0, 0, 8000, 0, 0, 0, 0
