hour,t(sec),kWh,State,kWOut,kWIn,kvarOut,DCkW,kWTotalLosses,kWInvLosses,kWIdlingLosses,kWChDchLosses,"kWh Chng",InvEff,InverterON,Vref,"Vavg (DRC)","VV Oper","VW Oper","DRC Oper","VV_DRC Oper","WP Oper","WV Oper",kWDesired,"kW VW Limit","Limit kWOut Function","kVA Exceeded","Grid voltage",di/dt,it,"it History","Rated VDC","Avg duty cycle","Target (Amps)","Series L","Max. Amps (phase)"
1, 0.00000, 11.6637, -1, 0, 0.000217069, 3.0948, -0.000217069, 0.0000108534, 0, 0, 0.0000108534, -6.99825, 1, 1, 9999, 9999, 9999, 9999, 9999, 9999, 9999, 9999, -9.4747E-17, 9999, 4.6655, 0, 0, 0, 0, 0, 8000, 0, 0, 0, 0
2, 0.00000, 11.664, 1, 0.000117424, 0, 3.09461, 0.000117424, 6.18023E-6, 0, 0, 6.18023E-6, 0.000206215, 1, 1, 9999, 9999, 9999, 9999, 9999, 9999, 9999, 9999, 1.3516E-16, 9999, 4.6655, 0, 0, 0, 0, 0, 8000, 0, 0, 0, 0
3, 0.00000, 11.6638, 1, 0.0000507525, 0, 3.09473, 0.0000507525, 2.67118E-6, 0, 0, 2.67118E-6, -0.000123605, 1, 1, 9999, 9999, 9999, 9999, 9999, 9999, 9999, 9999, 1.75731E-17, 9999, 4.6655, 0, 0, 0, 0, 0, 8000, 0, 0, 0, 0
4, 0.00000, 11.6638, 1, 0.000191035, 0, 3.0946, 0.000191035, 0.0000100545, 0, 0, 0.0000100545, -0.0000534236, 1, 1, 9999, 9999, 9999, 9999, 9999, 9999, 9999, 9999, 3.42219E-17, 9999, 4.6655, 0, 0, 0, 0, 0, 8000, 0, 0, 0, 0
5, 0.00000, 11.6636, 1, 0.00010818, 0, 3.09473, 0.00010818, 5.69367E-6, 0, 0, 5.69367E-6, -0.000201089, 1, 1, 9999, 9999, 9999, 9999, 9999, 9999, 9999, 9999, 7.00618E-17, 9999, 4.6655, 0, 0, 0, 0, 0, 8000, 0, 0, 0, 0
6, 0.00000, 11.6635, -1, 0, 0.000126853, 3.09466, -0.000126853, 6.34267E-6, 0, 0, 6.34267E-6, -0.000113873, 1, 1, 9999, 9999, 9999, 9999, 9999, 9999, 9999, 9999, -1.89723E-17, 9999, 4.6655, 0, 0, 0, 0, 0, 8000, 0, 0, 0, 0
7, 0.00000, 11.6636, 1, 0.000179382, 0, 3.09476, 0.000179382, 9.44117E-6, 0, 0, 9.44117E-6, 0.000120511, 1, 1, 9999, 9999, 9999, 9999, 9999, 9999, 9999, 9999, 1.57209E-18, 9999, 4.6655, 0, 0, 0, 0, 0, 8000, 0, 0, 0, 0
8, 0.00000, 11.6634, -1, 0, 0.0000209404, 3.0947, -0.0000209404, 1.04702E-6, 0, 0, 1.04702E-6, -0.000188823, 1, 1, 9999, 9999, 9999, 9999, 9999, 9999, 9999, 9999, -5.23562E-18, 9999, 4.6655, 0, 0, 0, 0, 0, 8000, 0, 0, 0, 0
