hour,t(sec),kWh,State,kWOut,kWIn,kvarOut,DCkW,kWTotalLosses,kWInvLosses,kWIdlingLosses,kWChDchLosses,"kWh Chng",InvEff,InverterON,Vref,"Vavg (DRC)","VV Oper","VW Oper","DRC Oper","VV_DRC Oper","WP Oper","WV Oper",kWDesired,"kW VW Limit","Limit kWOut Function","kVA Exceeded","Grid voltage",di/dt,it,"it History","Rated VDC","Avg duty cycle","Target (Amps)","Series L","Max. Amps (phase)"
1, 0.00000, 5.83362, -1, 0, 0.00227837, 1.54785, -0.00227837, 0.000113919, 0, 0, 0.000113919, -3.50017, 1, 1, 9999, 9999, 9999, 9999, 9999, 9999, 9999, 9999, -0.00208613, 9999, 2.3335, 0, 0, 0, 0, 0, 8000, 0, 0, 0, 0
2, 0.00000, 5.83579, 0, 0, 0.0000964647, 1.54776, -0.0000964647, 0.0000964647, 0, 0.0000964647, 0, 0.00216445, 1, 1, 9999, 9999, 9999, 9999, 9999, 9999, 9999, 9999, 0, 9999, 2.3335, 0, 0, 0, 0, 0, 8000, 0, 0, 0, 0
3, 0.00000, 5.83579, 1, 0.000231675, 0, 1.5477, 0.000231675, 0.0000121934, 0, 0, 0.0000121934, 0, 1, 1, 9999, 9999, 9999, 9999, 9999, 9999, 9999, 9999, 3.38054E-18, 9999, 2.3335, 0, 0, 0, 0, 0, 8000, 0, 0, 0, 0
4, 0.00000, 5.83555, -1, 0, 0.00037555, 1.54792, -0.00037555, 0.0000187775, 0, 0, 0.0000187775, -0.000243869, 1, 1, 9999, 9999, 9999, 9999, 9999, 9999, 9999, 9999, -3.41951E-18, 9999, 2.3335, 0, 0, 0, 0, 0, 8000, 0, 0, 0, 0
5, 0.00000, 5.8359, -1, 0, 0.000319177, 1.54765, -0.000319177, 0.0000159589, 0, 0, 0.0000159589, 0.000356772, 1, 1, 9999, 9999, 9999, 9999, 9999, 9999, 9999, 9999, -2.03379E-19, 9999, 2.3335, 0, 0, 0, 0, 0, 8000, 0, 0, 0, 0
6, 0.00000, 5.83621, 1, 0.00189753, 0, 1.54779, 0.00189753, 0.0000998702, 0, 0, 0.0000998702, 0.000303219, 1, 1, 9999, 9999, 9999, 9999, 9999, 9999, 9999, 9999, 0.00188271, 9999, 2.3335, 0, 0, 0, 0, 0, 8000, 0, 0, 0, 0
7, 0.00000, 5.83421, 1, 0.000262238, 0, 1.5479, 0.000262238, 0.000013802, 0, 0, 0.000013802, -0.0019974, 1, 1, 9999, 9999, 9999, 9999, 9999, 9999, 9999, 9999, 2.56918E-18, 9999, 2.3335, 0, 0, 0, 0, 0, 8000, 0, 0, 0, 0
8, 0.00000, 5.83393, 1, 0.00019033, 0, 1.54772, 0.00019033, 0.0000100174, 0, 0, 0.0000100174, -0.00027604, 1, 1, 9999, 9999, 9999, 9999, 9999, 9999, 9999, 9999, 5.62397E-18, 9999, 2.3335, 0, 0, 0, 0, 0, 8000, 0, 0, 0, 0
9, 0.00000, 5.83373, 1, 0.0000952981, 0, 1.54775, 0.0000952981, 5.01569E-6, 0, 0, 5.01569E-6, -0.000200347, 1, 1, 9999, 9999, 9999, 9999, 9999, 9999, 9999, 9999, 3.13272E-18, 9999, 2.3335, 0, 0, 0, 0, 0, 8000, 0, 0, 0, 0
