hour,t(sec),kWh,State,kWOut,kWIn,kvarOut,DCkW,kWTotalLosses,kWInvLosses,kWIdlingLosses,kWChDchLosses,"kWh Chng",InvEff,InverterON,Vref,"Vavg (DRC)","VV Oper","VW Oper","DRC Oper","VV_DRC Oper","WP Oper","WV Oper",kWDesired,"kW VW Limit","Limit kWOut Function","kVA Exceeded","Grid voltage",di/dt,it,"it History","Rated VDC","Avg duty cycle","Target (Amps)","Series L","Max. Amps (phase)"
1, 0.00000, 11.6637, -1, 0, 4.37377, 3.09464, -4.37377, 0.218688, 0, 0, 0.218688, -6.99825, 1, 1, 9999, 9999, 9999, 9999, 9999, 9999, 9999, 9999, -4.37367, 9999, 4.6655, 0, 0, 0, 0, 0, 8000, 0, 0, 0, 0
2, 0.00000, 15.8188, 1, 0.144956, 0, 3.09468, 0.144956, 0.00762929, 0, 0, 0.00762929, 4.15508, 1, 1, 9999, 9999, 9999, 9999, 9999, 9999, 9999, 9999, 0.14492, 9999, 4.6655, 0, 0, 0, 0, 0, 8000, 0, 0, 0, 0
3, 0.00000, 15.6662, 1, 0.000053166, 0, 3.09468, 0.000053166, 2.79821E-6, 0, 0, 2.79821E-6, -0.152586, 1, 1, 9999, 9999, 9999, 9999, 9999, 9999, 9999, 9999, 1.89303E-16, 9999, 4.6655, 0, 0, 0, 0, 0, 8000, 0, 0, 0, 0
4, 0.00000, 15.6662, 1, 0.105842, 0, 3.09471, 0.105842, 0.00557063, 0, 0, 0.00557063, -0.0000559642, 1, 1, 9999, 9999, 9999, 9999, 9999, 9999, 9999, 9999, 0.105888, 9999, 4.6655, 0, 0, 0, 0, 0, 8000, 0, 0, 0, 0
5, 0.00000, 15.5548, 1, 0.890746, 0, 3.09465, 0.890746, 0.0468814, 0, 0, 0.0468814, -0.111413, 1, 1, 9999, 9999, 9999, 9999, 9999, 9999, 9999, 9999, 0.890691, 9999, 4.6655, 0, 0, 0, 0, 0, 8000, 0, 0, 0, 0
6, 0.00000, 14.6171, 1, 1.63133, 0, 3.09472, 1.63133, 0.0858593, 0, 0, 0.0858593, -0.937628, 1, 1, 9999, 9999, 9999, 9999, 9999, 9999, 9999, 9999, 1.63134, 9999, 4.6655, 0, 0, 0, 0, 0, 8000, 0, 0, 0, 0
7, 0.00000, 12.9, -1, 0, 0.00105611, 3.09475, -0.00105611, 0.0000528056, 0, 0, 0.0000528056, -1.71719, 1, 1, 9999, 9999, 9999, 9999, 9999, 9999, 9999, 9999, -0.000959647, 9999, 4.6655, 0, 0, 0, 0, 0, 8000, 0, 0, 0, 0
8, 0.00000, 12.901, 1, 0.0120169, 0, 3.09465, 0.0120169, 0.000632469, 0, 0, 0.000632469, 0.00100331, 1, 1, 9999, 9999, 9999, 9999, 9999, 9999, 9999, 9999, 0.0119362, 9999, 4.6655, 0, 0, 0, 0, 0, 8000, 0, 0, 0, 0
9, 0.00000, 12.8883, 1, 1.16387, 0, 3.09568, 1.16387, 0.0612563, 0, 0, 0.0612563, -0.0126494, 1, 1, 9999, 9999, 9999, 9999, 9999, 9999, 9999, 9999, 1.16386, 9999, 4.6655, 0, 0, 0, 0, 0, 8000, 0, 0, 0, 0
