hour,t(sec),kWh,State,kWOut,kWIn,kvarOut,DCkW,kWTotalLosses,kWInvLosses,kWIdlingLosses,kWChDchLosses,"kWh Chng",InvEff,InverterON,Vref,"Vavg (DRC)","VV Oper","VW Oper","DRC Oper","VV_DRC Oper","WP Oper","WV Oper",kWDesired,"kW VW Limit","Limit kWOut Function","kVA Exceeded","Grid voltage",di/dt,it,"it History","Rated VDC","Avg duty cycle","Target (Amps)","Series L","Max. Amps (phase)"
1, 0.00000, 5.83362, -1, 0, 0.000180073, -1.54784, -0.000180073, 9.00367E-6, 0, 0, 9.00367E-6, -3.50017, 1, 1, 9999, 9999, 9999, 9999, 9999, 9999, 9999, 9999, -1.66428E-18, 9999, 2.3335, 0, 0, 0, 0, 0, 8000, 0, 0, 0, 0
2, 0.00000, 5.8338, 1, 0.0000905956, 0, -1.54777, 0.0000905956, 4.76819E-6, 0, 0, 4.76819E-6, 0.00017107, 1, 1, 9999, 9999, 9999, 9999, 9999, 9999, 9999, 9999, 1.92E-18, 9999, 2.3335, 0, 0, 0, 0, 0, 8000, 0, 0, 0, 0
3, 0.00000, 5.8337, 0, 0, 0.000219445, -1.54772, -0.000219445, 0.000219445, 0, 0.000219445, 0, -0.0000953638, 1, 1, 9999, 9999, 9999, 9999, 9999, 9999, 9999, 9999, 0, 9999, 2.3335, 0, 0, 0, 0, 0, 8000, 0, 0, 0, 0
4, 0.00000, 5.8337, -1, 0, 0.000352585, -1.54789, -0.000352585, 0.0000176293, 0, 0, 0.0000176293, 0, 1, 1, 9999, 9999, 9999, 9999, 9999, 9999, 9999, 9999, -2.10064E-18, 9999, 2.3335, 0, 0, 0, 0, 0, 8000, 0, 0, 0, 0
5, 0.00000, 5.83404, 0, 0, 0.000298844, -1.54768, -0.000298844, 0.000298844, 0, 0.000298844, 0, 0.000334956, 1, 1, 9999, 9999, 9999, 9999, 9999, 9999, 9999, 9999, 0, 9999, 2.3335, 0, 0, 0, 0, 0, 8000, 0, 0, 0, 0
6, 0.00000, 5.83404, -1, 0, 0.0000131241, -1.54779, -0.0000131241, 6.56203E-7, 0, 0, 6.56203E-7, 0, 1, 1, 9999, 9999, 9999, 9999, 9999, 9999, 9999, 9999, -8.8596E-18, 9999, 2.3335, 0, 0, 0, 0, 0, 8000, 0, 0, 0, 0
7, 0.00000, 5.83405, 1, 0.00025058, 0, -1.54788, 0.00025058, 0.0000131884, 0, 0, 0.0000131884, 0.0000124679, 1, 1, 9999, 9999, 9999, 9999, 9999, 9999, 9999, 9999, 2.76543E-18, 9999, 2.3335, 0, 0, 0, 0, 0, 8000, 0, 0, 0, 0
8, 0.00000, 5.83378, -1, 0, 0.000181177, -1.54773, -0.000181177, 9.05883E-6, 0, 0, 9.05883E-6, -0.000263769, 1, 1, 9999, 9999, 9999, 9999, 9999, 9999, 9999, 9999, -4.30647E-18, 9999, 2.3335, 0, 0, 0, 0, 0, 8000, 0, 0, 0, 0
9, 0.00000, 5.83396, 1, 0.0000908002, 0, -1.54776, 0.0000908002, 4.77896E-6, 0, 0, 4.77896E-6, 0.000172118, 1, 1, 9999, 9999, 9999, 9999, 9999, 9999, 9999, 9999, 1.12192E-16, 9999, 2.3335, 0, 0, 0, 0, 0, 8000, 0, 0, 0, 0
