hour,t(sec),kWh,State,kWOut,kWIn,kvarOut,DCkW,kWTotalLosses,kWInvLosses,kWIdlingLosses,kWChDchLosses,"kWh Chng",InvEff,InverterON,Vref,"Vavg (DRC)","VV Oper","VW Oper","DRC Oper","VV_DRC Oper","WP Oper","WV Oper",kWDesired,"kW VW Limit","Limit kWOut Function","kVA Exceeded","Grid voltage",di/dt,it,"it History","Rated VDC","Avg duty cycle","Target (Amps)","Series L","Max. Amps (phase)"
1, 0.00000, 5.83362, -1, 0, 0.0000562059, 1.54777, -0.0000562059, 2.8103E-6, 0, 0, 2.8103E-6, -3.50017, 1, 1, 9999, 9999, 9999, 9999, 9999, 9999, 9999, 9999, -1.17702E-18, 9999, 2.3335, 0, 0, 0, 0, 0, 8000, 0, 0, 0, 0
2, 0.00000, 5.83368, -1, 0, 0.0000410057, 1.54776, -0.0000410057, 2.05028E-6, 0, 0, 2.05028E-6, 0.0000533956, 1, 1, 9999, 9999, 9999, 9999, 9999, 9999, 9999, 9999, -4.82404E-18, 9999, 2.3335, 0, 0, 0, 0, 0, 8000, 0, 0, 0, 0
3, 0.00000, 5.83372, 1, 0.75755, 0, 1.54779, 0.75755, 0.039871, 0, 0, 0.039871, 0.0000389554, 1, 1, 9999, 9999, 9999, 9999, 9999, 9999, 9999, 9999, 0.757547, 9999, 2.3335, 0, 0, 0, 0, 0, 8000, 0, 0, 0, 0
4, 0.00000, 5.0363, 1, 2.12433, 0, 1.54782, 2.12433, 0.111807, 0, 0, 0.111807, -0.797421, 1, 1, 9999, 9999, 9999, 9999, 9999, 9999, 9999, 9999, 2.12433, 9999, 2.3335, 0, 0, 0, 0, 0, 8000, 0, 0, 0, 0
5, 0.00000, 2.80016, 1, 0.0000207501, 0, 1.54778, 0.0000207501, 1.09211E-6, 0, 0, 1.09211E-6, -2.23613, 1, 1, 9999, 9999, 9999, 9999, 9999, 9999, 9999, 9999, 1.02798E-17, 9999, 2.3335, 0, 0, 0, 0, 0, 8000, 0, 0, 0, 0
