hour,t(sec),kWh,State,kWOut,kWIn,kvarOut,DCkW,kWTotalLosses,kWInvLosses,kWIdlingLosses,kWChDchLosses,"kWh Chng",InvEff,InverterON,Vref,"Vavg (DRC)","VV Oper","VW Oper","DRC Oper","VV_DRC Oper","WP Oper","WV Oper",kWDesired,"kW VW Limit","Limit kWOut Function","kVA Exceeded","Grid voltage",di/dt,it,"it History","Rated VDC","Avg duty cycle","Target (Amps)","Series L","Max. Amps (phase)"
1, 0.00000, 11.6637, -1, 0, 1.46943, 3.0947, -1.46943, 0.0734716, 0, 0, 0.0734716, -6.99825, 1, 1, 9999, 9999, 9999, 9999, 9999, 9999, 9999, 9999, -1.46921, 9999, 4.6655, 0, 0, 0, 0, 0, 8000, 0, 0, 0, 0
2, 0.00000, 13.0597, -1, 0, 0.0000989588, 3.09463, -0.0000989588, 4.94794E-6, 0, 0, 4.94794E-6, 1.39596, 1, 1, 9999, 9999, 9999, 9999, 9999, 9999, 9999, 9999, -1.43623E-18, 9999, 4.6655, 0, 0, 0, 0, 0, 8000, 0, 0, 0, 0
3, 0.00000, 13.0598, -1, 0, 0.000196235, 3.09459, -0.000196235, 9.81177E-6, 0, 0, 9.81177E-6, 0.0000940108, 1, 1, 9999, 9999, 9999, 9999, 9999, 9999, 9999, 9999, -2.3543E-17, 9999, 4.6655, 0, 0, 0, 0, 0, 8000, 0, 0, 0, 0
4, 0.00000, 13.06, 0, 0, 0.000298497, 3.09484, -0.000298497, 0.000298497, 0, 0.000298497, 0, 0.000186424, 1, 1, 9999, 9999, 9999, 9999, 9999, 9999, 9999, 9999, 0, 9999, 4.6655, 0, 0, 0, 0, 0, 8000, 0, 0, 0, 0
5, 0.00000, 13.06, 1, 0.300711, 0, 3.09449, 0.300711, 0.0158269, 0, 0, 0.0158269, 0, 1, 1, 9999, 9999, 9999, 9999, 9999, 9999, 9999, 9999, 0.300458, 9999, 4.6655, 0, 0, 0, 0, 0, 8000, 0, 0, 0, 0
6, 0.00000, 12.7435, 1, 0.584504, 0, 3.09469, 0.584504, 0.0307634, 0, 0, 0.0307634, -0.316538, 1, 1, 9999, 9999, 9999, 9999, 9999, 9999, 9999, 9999, 0.584494, 9999, 4.6655, 0, 0, 0, 0, 0, 8000, 0, 0, 0, 0
7, 0.00000, 12.1282, 1, 0.000230047, 0, 3.09484, 0.000230047, 0.0000121077, 0, 0, 0.0000121077, -0.615268, 1, 1, 9999, 9999, 9999, 9999, 9999, 9999, 9999, 9999, 2.76991E-18, 9999, 4.6655, 0, 0, 0, 0, 0, 8000, 0, 0, 0, 0
8, 0.00000, 12.1279, 1, 0.000157433, 0, 3.09461, 0.000157433, 8.28596E-6, 0, 0, 8.28596E-6, -0.000242154, 1, 1, 9999, 9999, 9999, 9999, 9999, 9999, 9999, 9999, 2.66414E-18, 9999, 4.6655, 0, 0, 0, 0, 0, 8000, 0, 0, 0, 0
9, 0.00000, 12.1278, 1, 0.441101, 0, 3.09462, 0.441101, 0.0232158, 0, 0, 0.0232158, -0.000165719, 1, 1, 9999, 9999, 9999, 9999, 9999, 9999, 9999, 9999, 0.44102, 9999, 4.6655, 0, 0, 0, 0, 0, 8000, 0, 0, 0, 0
