hour,t(sec),kWh,State,kWOut,kWIn,kvarOut,DCkW,kWTotalLosses,kWInvLosses,kWIdlingLosses,kWChDchLosses,"kWh Chng",InvEff,InverterON,Vref,"Vavg (DRC)","VV Oper","VW Oper","DRC Oper","VV_DRC Oper","WP Oper","WV Oper",kWDesired,"kW VW Limit","Limit kWOut Function","kVA Exceeded","Grid voltage",di/dt,it,"it History","Rated VDC","Avg duty cycle","Target (Amps)","Series L","Max. Amps (phase)"
1, 0.00000, 11.6637, 1, 3.11981E-7, 0, 3.0947, 3.11981E-7, 1.642E-8, 0, 0, 1.642E-8, -6.99825, 1, 1, 9999, 9999, 9999, 9999, 9999, 9999, 9999, 9999, 1.02086E-16, 9999, 4.6655, 0, 0, 0, 0, 0, 8000, 0, 0, 0, 0
2, 0.00000, 11.6637, -1, 0, 4.60842E-7, 3.0947, -4.60842E-7, 2.30421E-8, 0, 0, 2.30421E-8, -3.28401E-7, 1, 1, 9999, 9999, 9999, 9999, 9999, 9999, 9999, 9999, -1.26444E-17, 9999, 4.6655, 0, 0, 0, 0, 0, 8000, 0, 0, 0, 0
3, 0.00000, 11.6637, -1, 0, 4.97092E-7, 3.0947, -4.97092E-7, 2.48546E-8, 0, 0, 2.48546E-8, 4.378E-7, 1, 1, 9999, 9999, 9999, 9999, 9999, 9999, 9999, 9999, -1.44999E-16, 9999, 4.6655, 0, 0, 0, 0, 0, 8000, 0, 0, 0, 0
4, 0.00000, 11.6638, 1, 5.34989E-7, 0, 3.0947, 5.34989E-7, 2.81573E-8, 0, 0, 2.81573E-8, 4.72237E-7, 1, 1, 9999, 9999, 9999, 9999, 9999, 9999, 9999, 9999, 5.63872E-16, 9999, 4.6655, 0, 0, 0, 0, 0, 8000, 0, 0, 0, 0
5, 0.00000, 11.6637, 1, 3.95496E-7, 0, 3.0947, 3.95496E-7, 2.08156E-8, 0, 0, 2.08156E-8, -5.63146E-7, 1, 1, 9999, 9999, 9999, 9999, 9999, 9999, 9999, 9999, 1.50462E-33, 9999, 4.6655, 0, 0, 0, 0, 0, 8000, 0, 0, 0, 0
