hour,t(sec),kWh,State,kWOut,kWIn,kvarOut,DCkW,kWTotalLosses,kWInvLosses,kWIdlingLosses,kWChDchLosses,"kWh Chng",InvEff,InverterON,Vref,"Vavg (DRC)","VV Oper","VW Oper","DRC Oper","VV_DRC Oper","WP Oper","WV Oper",kWDesired,"kW VW Limit","Limit kWOut Function","kVA Exceeded","Grid voltage",di/dt,it,"it History","Rated VDC","Avg duty cycle","Target (Amps)","Series L","Max. Amps (phase)"
1, 0.00000, 5.83362, 1, 4.88449E-8, 0, 1.5478, 4.88449E-8, 2.57079E-9, 0, 0, 2.57079E-9, -3.50017, 1, 1, 9999, 9999, 9999, 9999, 9999, 9999, 9999, 9999, 1.83196E-17, 9999, 2.3335, 0, 0, 0, 0, 0, 8000, 0, 0, 0, 0
2, 0.00000, 5.83362, -1, 0, 5.97758E-8, 1.5478, -5.97758E-8, 2.98879E-9, 0, 0, 2.98879E-9, -5.14157E-8, 1, 1, 9999, 9999, 9999, 9999, 9999, 9999, 9999, 9999, -9.26026E-17, 9999, 2.3335, 0, 0, 0, 0, 0, 8000, 0, 0, 0, 0
3, 0.00000, 5.83362, 1, 7.44152E-8, 0, 1.5478, 7.44152E-8, 3.91659E-9, 0, 0, 3.91659E-9, 5.6787E-8, 1, 1, 9999, 9999, 9999, 9999, 9999, 9999, 9999, 9999, 9.25979E-18, 9999, 2.3335, 0, 0, 0, 0, 0, 8000, 0, 0, 0, 0
4, 0.00000, 5.83362, -1, 0, 8.0122E-8, 1.5478, -8.0122E-8, 4.0061E-9, 0, 0, 4.0061E-9, -7.83318E-8, 1, 1, 9999, 9999, 9999, 9999, 9999, 9999, 9999, 9999, -3.41928E-17, 9999, 2.3335, 0, 0, 0, 0, 0, 8000, 0, 0, 0, 0
5, 0.00000, 5.83362, -1, 0, 6.15255E-8, 1.5478, -6.15255E-8, 3.07628E-9, 0, 0, 3.07628E-9, 7.61159E-8, 1, 1, 9999, 9999, 9999, 9999, 9999, 9999, 9999, 9999, -1.88089E-17, 9999, 2.3335, 0, 0, 0, 0, 0, 8000, 0, 0, 0, 0
