hour,t(sec),kWh,State,kWOut,kWIn,kvarOut,DCkW,kWTotalLosses,kWInvLosses,kWIdlingLosses,kWChDchLosses,"kWh Chng",InvEff,InverterON,Vref,"Vavg (DRC)","VV Oper","VW Oper","DRC Oper","VV_DRC Oper","WP Oper","WV Oper",kWDesired,"kW VW Limit","Limit kWOut Function","kVA Exceeded","Grid voltage",di/dt,it,"it History","Rated VDC","Avg duty cycle","Target (Amps)","Series L","Max. Amps (phase)"
1, 0.00000, 11.6637, 1, 1.44126E-7, 0, 3.0947, 1.44126E-7, 7.58558E-9, 0, 0, 7.58558E-9, -6.99825, 1, 1, 9999, 9999, 9999, 9999, 9999, 9999, 9999, 9999, 4.21239E-17, 9999, 4.6655, 0, 0, 0, 0, 0, 8000, 0, 0, 0, 0
2, 0.00000, 11.6637, -1, 0, 1.97598E-7, 3.0947, -1.97598E-7, 9.87991E-9, 0, 0, 9.87991E-9, -1.51712E-7, 1, 1, 9999, 9999, 9999, 9999, 9999, 9999, 9999, 9999, -1.97565E-16, 9999, 4.6655, 0, 0, 0, 0, 0, 8000, 0, 0, 0, 0
3, 0.00000, 11.6637, -1, 0, 2.46648E-7, 3.0947, -2.46648E-7, 1.23324E-8, 0, 0, 1.23324E-8, 1.87718E-7, 1, 1, 9999, 9999, 9999, 9999, 9999, 9999, 9999, 9999, -9.10799E-17, 9999, 4.6655, 0, 0, 0, 0, 0, 8000, 0, 0, 0, 0
4, 0.00000, 11.6638, -1, 0, 2.6298E-7, 3.0947, -2.6298E-7, 1.3149E-8, 0, 0, 1.3149E-8, 2.34315E-7, 1, 1, 9999, 9999, 9999, 9999, 9999, 9999, 9999, 9999, -2.37423E-16, 9999, 4.6655, 0, 0, 0, 0, 0, 8000, 0, 0, 0, 0
5, 0.00000, 11.6638, 1, 1.99849E-7, 0, 3.0947, 1.99849E-7, 1.05184E-8, 0, 0, 1.05184E-8, 2.49831E-7, 1, 1, 9999, 9999, 9999, 9999, 9999, 9999, 9999, 9999, 4.76348E-17, 9999, 4.6655, 0, 0, 0, 0, 0, 8000, 0, 0, 0, 0
