hour,t(sec),kWh,State,kWOut,kWIn,kvarOut,DCkW,kWTotalLosses,kWInvLosses,kWIdlingLosses,kWChDchLosses,"kWh Chng",InvEff,InverterON,Vref,"Vavg (DRC)","VV Oper","VW Oper","DRC Oper","VV_DRC Oper","WP Oper","WV Oper",kWDesired,"kW VW Limit","Limit kWOut Function","kVA Exceeded","Grid voltage",di/dt,it,"it History","Rated VDC","Avg duty cycle","Target (Amps)","Series L","Max. Amps (phase)"
1, 0.00000, 11.6637, 1, 4.30124E-8, 0, 3.0947, 4.30124E-8, 2.26381E-9, 0, 0, 2.26381E-9, -6.99825, 1, 1, 9999, 9999, 9999, 9999, 9999, 9999, 9999, 9999, 1.88412E-16, 9999, 4.6655, 0, 0, 0, 0, 0, 8000, 0, 0, 0, 0
2, 0.00000, 11.6637, -1, 0, 5.23305E-8, 3.0947, -5.23305E-8, 2.61652E-9, 0, 0, 2.61652E-9, -4.52762E-8, 1, 1, 9999, 9999, 9999, 9999, 9999, 9999, 9999, 9999, -3.15542E-16, 9999, 4.6655, 0, 0, 0, 0, 0, 8000, 0, 0, 0, 0
3, 0.00000, 11.6637, 1, 6.52649E-8, 0, 3.0947, 6.52649E-8, 3.435E-9, 0, 0, 3.435E-9, 4.97139E-8, 1, 1, 9999, 9999, 9999, 9999, 9999, 9999, 9999, 9999, 1.22829E-16, 9999, 4.6655, 0, 0, 0, 0, 0, 8000, 0, 0, 0, 0
4, 0.00000, 11.6637, -1, 0, 7.00627E-8, 3.0947, -7.00627E-8, 3.50313E-9, 0, 0, 3.50313E-9, -6.86999E-8, 1, 1, 9999, 9999, 9999, 9999, 9999, 9999, 9999, 9999, -1.04475E-15, 9999, 4.6655, 0, 0, 0, 0, 0, 8000, 0, 0, 0, 0
5, 0.00000, 11.6637, 1, 5.37733E-8, 0, 3.0947, 5.37733E-8, 2.83017E-9, 0, 0, 2.83017E-9, 6.65596E-8, 1, 1, 9999, 9999, 9999, 9999, 9999, 9999, 9999, 9999, 3.35505E-17, 9999, 4.6655, 0, 0, 0, 0, 0, 8000, 0, 0, 0, 0
