hour,t(sec),kWh,State,kWOut,kWIn,kvarOut,DCkW,kWTotalLosses,kWInvLosses,kWIdlingLosses,kWChDchLosses,"kWh Chng",InvEff,InverterON,Vref,"Vavg (DRC)","VV Oper","VW Oper","DRC Oper","VV_DRC Oper","WP Oper","WV Oper",kWDesired,"kW VW Limit","Limit kWOut Function","kVA Exceeded","Grid voltage",di/dt,it,"it History","Rated VDC","Avg duty cycle","Target (Amps)","Series L","Max. Amps (phase)"
1, 0.00000, 11.6637, -1, 0, 1.3539E-7, 3.0947, -1.3539E-7, 6.7695E-9, 0, 0, 6.7695E-9, -6.99825, 1, 1, 9999, 9999, 9999, 9999, 9999, 9999, 9999, 9999, -1.4583E-25, 9999, 4.6655, 0, 0, 0, 0, 0, 8000, 0, 0, 0, 0
2, 0.00000, 11.6637, -1, 0, 2.87164E-7, 3.0947, -2.87164E-7, 1.43582E-8, 0, 0, 1.43582E-8, 1.28621E-7, 1, 1, 9999, 9999, 9999, 9999, 9999, 9999, 9999, 9999, -1.55086E-24, 9999, 4.6655, 0, 0, 0, 0, 0, 8000, 0, 0, 0, 0
3, 0.00000, 11.6638, 1, 3.03534E-7, 0, 3.0947, 3.03534E-7, 1.59755E-8, 0, 0, 1.59755E-8, 2.72806E-7, 1, 1, 9999, 9999, 9999, 9999, 9999, 9999, 9999, 9999, 1.11687E-24, 9999, 4.6655, 0, 0, 0, 0, 0, 8000, 0, 0, 0, 0
4, 0.00000, 11.6637, 1, 3.31608E-7, 0, 3.0947, 3.31608E-7, 1.7453E-8, 0, 0, 1.7453E-8, -3.19509E-7, 1, 1, 9999, 9999, 9999, 9999, 9999, 9999, 9999, 9999, 1.32827E-25, 9999, 4.6655, 0, 0, 0, 0, 0, 8000, 0, 0, 0, 0
5, 0.00000, 11.6637, -1, 0, 2.51137E-7, 3.0947, -2.51137E-7, 1.25568E-8, 0, 0, 1.25568E-8, -3.49061E-7, 1, 1, 9999, 9999, 9999, 9999, 9999, 9999, 9999, 9999, -9.92492E-26, 9999, 4.6655, 0, 0, 0, 0, 0, 8000, 0, 0, 0, 0
