hour,t(sec),kWh,State,kWOut,kWIn,kvarOut,DCkW,kWTotalLosses,kWInvLosses,kWIdlingLosses,kWChDchLosses,"kWh Chng",InvEff,InverterON,Vref,"Vavg (DRC)","VV Oper","VW Oper","DRC Oper","VV_DRC Oper","WP Oper","WV Oper",kWDesired,"kW VW Limit","Limit kWOut Function","kVA Exceeded","Grid voltage",di/dt,it,"it History","Rated VDC","Avg duty cycle","Target (Amps)","Series L","Max. Amps (phase)"
1, 0.00000, 11.6637, -1, 0, 3.90312E-8, 3.0947, -3.90312E-8, 1.95156E-9, 0, 0, 1.95156E-9, -6.99825, 1, 1, 9999, 9999, 9999, 9999, 9999, 9999, 9999, 9999, -6.46218E-24, 9999, 4.6655, 0, 0, 0, 0, 0, 8000, 0, 0, 0, 0
2, 0.00000, 11.6637, 1, 6.59831E-8, 0, 3.0947, 6.59831E-8, 3.4728E-9, 0, 0, 3.4728E-9, 3.70797E-8, 1, 1, 9999, 9999, 9999, 9999, 9999, 9999, 9999, 9999, 3.57205E-23, 9999, 4.6655, 0, 0, 0, 0, 0, 8000, 0, 0, 0, 0
3, 0.00000, 11.6637, 0, 0, 7.05779E-8, 3.0947, -7.05779E-8, 7.05779E-8, 0, 7.05779E-8, 0, -6.94559E-8, 1, 1, 9999, 9999, 9999, 9999, 9999, 9999, 9999, 9999, 0, 9999, 4.6655, 0, 0, 0, 0, 0, 8000, 0, 0, 0, 0
4, 0.00000, 11.6637, 1, 7.69639E-8, 0, 3.0947, 7.69639E-8, 4.05073E-9, 0, 0, 4.05073E-9, 0, 1, 1, 9999, 9999, 9999, 9999, 9999, 9999, 9999, 9999, 2.24397E-16, 9999, 4.6655, 0, 0, 0, 0, 0, 8000, 0, 0, 0, 0
5, 0.00000, 11.6637, 1, 5.77049E-8, 0, 3.0947, 5.77049E-8, 3.0371E-9, 0, 0, 3.0371E-9, -8.10146E-8, 1, 1, 9999, 9999, 9999, 9999, 9999, 9999, 9999, 9999, 1.47276E-23, 9999, 4.6655, 0, 0, 0, 0, 0, 8000, 0, 0, 0, 0
