hour,t(sec),kWh,State,kWOut,kWIn,kvarOut,DCkW,kWTotalLosses,kWInvLosses,kWIdlingLosses,kWChDchLosses,"kWh Chng",InvEff,InverterON,Vref,"Vavg (DRC)","VV Oper","VW Oper","DRC Oper","VV_DRC Oper","WP Oper","WV Oper",kWDesired,"kW VW Limit","Limit kWOut Function","kVA Exceeded","Grid voltage",di/dt,it,"it History","Rated VDC","Avg duty cycle","Target (Amps)","Series L","Max. Amps (phase)"
1, 0.00000, 71.4613, 1, 2.16997E-6, 0, -18.9608, 2.16997E-6, 1.14209E-7, 0, 0, 1.14209E-7, -42.8768, 1, 1, 9999, 9999, 9999, 9999, 9999, 9999, 9999, 9999, 2.24508E-16, 9999, 28.5845, 0, 0, 0, 0, 0, 8000, 0, 0, 0, 0
2, 0.00000, 71.4613, -1, 0, 2.24459E-6, -18.9608, -2.24459E-6, 1.1223E-7, 0, 0, 1.1223E-7, -2.28418E-6, 1, 1, 9999, 9999, 9999, 9999, 9999, 9999, 9999, 9999, -1.53759E-17, 9999, 28.5845, 0, 0, 0, 0, 0, 8000, 0, 0, 0, 0
3, 0.00000, 71.4613, 1, 2.80958E-6, 0, -18.9608, 2.80958E-6, 1.47872E-7, 0, 0, 1.47872E-7, 2.13236E-6, 1, 1, 9999, 9999, 9999, 9999, 9999, 9999, 9999, 9999, 2.31646E-17, 9999, 28.5845, 0, 0, 0, 0, 0, 8000, 0, 0, 0, 0
4, 0.00000, 71.4613, 1, 3.03884E-6, 0, -18.9608, 3.03884E-6, 1.59939E-7, 0, 0, 1.59939E-7, -2.95745E-6, 1, 1, 9999, 9999, 9999, 9999, 9999, 9999, 9999, 9999, 6.54156E-17, 9999, 28.5845, 0, 0, 0, 0, 0, 8000, 0, 0, 0, 0
5, 0.00000, 71.4612, -1, 0, 2.33665E-6, -18.9608, -2.33665E-6, 1.16832E-7, 0, 0, 1.16832E-7, -3.19878E-6, 1, 1, 9999, 9999, 9999, 9999, 9999, 9999, 9999, 9999, -1.80308E-18, 9999, 28.5845, 0, 0, 0, 0, 0, 8000, 0, 0, 0, 0
