hour,t(sec),kWh,State,kWOut,kWIn,kvarOut,DCkW,kWTotalLosses,kWInvLosses,kWIdlingLosses,kWChDchLosses,"kWh Chng",InvEff,InverterON,Vref,"Vavg (DRC)","VV Oper","VW Oper","DRC Oper","VV_DRC Oper","WP Oper","WV Oper",kWDesired,"kW VW Limit","Limit kWOut Function","kVA Exceeded","Grid voltage",di/dt,it,"it History","Rated VDC","Avg duty cycle","Target (Amps)","Series L","Max. Amps (phase)"
1, 0.00000, 5.83362, 0, 0, 1.80493E-7, -1.5478, -1.80493E-7, 1.80493E-7, 0, 1.80493E-7, 0, -3.50017, 1, 1, 9999, 9999, 9999, 9999, 9999, 9999, 9999, 9999, 0, 9999, 2.3335, 0, 0, 0, 0, 0, 8000, 0, 0, 0, 0
2, 0.00000, 5.83362, 1, 2.51097E-7, 0, -1.5478, 2.51097E-7, 1.32156E-8, 0, 0, 1.32156E-8, 0, 1, 1, 9999, 9999, 9999, 9999, 9999, 9999, 9999, 9999, 1.06006E-16, 9999, 2.3335, 0, 0, 0, 0, 0, 8000, 0, 0, 0, 0
3, 0.00000, 5.83362, -1, 0, 2.72577E-7, -1.5478, -2.72577E-7, 1.36288E-8, 0, 0, 1.36288E-8, -2.64312E-7, 1, 1, 9999, 9999, 9999, 9999, 9999, 9999, 9999, 9999, -5.65384E-17, 9999, 2.3335, 0, 0, 0, 0, 0, 8000, 0, 0, 0, 0
4, 0.00000, 5.83362, 1, 2.99342E-7, 0, -1.5478, 2.99342E-7, 1.57549E-8, 0, 0, 1.57549E-8, 2.58948E-7, 1, 1, 9999, 9999, 9999, 9999, 9999, 9999, 9999, 9999, 4.53119E-17, 9999, 2.3335, 0, 0, 0, 0, 0, 8000, 0, 0, 0, 0
5, 0.00000, 5.83362, -1, 0, 2.20786E-7, -1.5478, -2.20786E-7, 1.10393E-8, 0, 0, 1.10393E-8, -3.15097E-7, 1, 1, 9999, 9999, 9999, 9999, 9999, 9999, 9999, 9999, -1.30583E-17, 9999, 2.3335, 0, 0, 0, 0, 0, 8000, 0, 0, 0, 0
