hour,t(sec),kWh,State,kWOut,kWIn,kvarOut,DCkW,kWTotalLosses,kWInvLosses,kWIdlingLosses,kWChDchLosses,"kWh Chng",InvEff,InverterON,Vref,"Vavg (DRC)","VV Oper","VW Oper","DRC Oper","VV_DRC Oper","WP Oper","WV Oper",kWDesired,"kW VW Limit","Limit kWOut Function","kVA Exceeded","Grid voltage",di/dt,it,"it History","Rated VDC","Avg duty cycle","Target (Amps)","Series L","Max. Amps (phase)"
1, 0.00000, 11.6637, -1, 0, 3.36615E-7, 3.0947, -3.36615E-7, 1.68307E-8, 0, 0, 1.68307E-8, -6.99825, 1, 1, 9999, 9999, 9999, 9999, 9999, 9999, 9999, 9999, -2.75932E-17, 9999, 4.6655, 0, 0, 0, 0, 0, 8000, 0, 0, 0, 0
2, 0.00000, 11.6638, 1, 3.54473E-7, 0, 3.0947, 3.54473E-7, 1.86565E-8, 0, 0, 1.86565E-8, 3.19784E-7, 1, 1, 9999, 9999, 9999, 9999, 9999, 9999, 9999, 9999, 7.33557E-17, 9999, 4.6655, 0, 0, 0, 0, 0, 8000, 0, 0, 0, 0
3, 0.00000, 11.6637, -1, 0, 4.55427E-7, 3.0947, -4.55427E-7, 2.27713E-8, 0, 0, 2.27713E-8, -3.73129E-7, 1, 1, 9999, 9999, 9999, 9999, 9999, 9999, 9999, 9999, -6.2667E-17, 9999, 4.6655, 0, 0, 0, 0, 0, 8000, 0, 0, 0, 0
4, 0.00000, 11.6638, -1, 0, 4.92754E-7, 3.0947, -4.92754E-7, 2.46377E-8, 0, 0, 2.46377E-8, 4.32655E-7, 1, 1, 9999, 9999, 9999, 9999, 9999, 9999, 9999, 9999, -1.43292E-16, 9999, 4.6655, 0, 0, 0, 0, 0, 8000, 0, 0, 0, 0
5, 0.00000, 11.6638, 1, 3.69045E-7, 0, 3.0947, 3.69045E-7, 1.94234E-8, 0, 0, 1.94234E-8, 4.68117E-7, 1, 1, 9999, 9999, 9999, 9999, 9999, 9999, 9999, 9999, 1.60946E-16, 9999, 4.6655, 0, 0, 0, 0, 0, 8000, 0, 0, 0, 0
