hour,t(sec),kWh,State,kWOut,kWIn,kvarOut,DCkW,kWTotalLosses,kWInvLosses,kWIdlingLosses,kWChDchLosses,"kWh Chng",InvEff,InverterON,Vref,"Vavg (DRC)","VV Oper","VW Oper","DRC Oper","VV_DRC Oper","WP Oper","WV Oper",kWDesired,"kW VW Limit","Limit kWOut Function","kVA Exceeded","Grid voltage",di/dt,it,"it History","Rated VDC","Avg duty cycle","Target (Amps)","Series L","Max. Amps (phase)"
1, 0.00000, 11.6637, 0, 0, 1.2994E-7, 3.0947, -1.2994E-7, 1.2994E-7, 0, 1.2994E-7, 0, -6.99825, 1, 1, 9999, 9999, 9999, 9999, 9999, 9999, 9999, 9999, 0, 9999, 4.6655, 0, 0, 0, 0, 0, 8000, 0, 0, 0, 0
2, 0.00000, 11.6637, -1, 0, 2.57094E-7, 3.0947, -2.57094E-7, 1.28547E-8, 0, 0, 1.28547E-8, 0, 1, 1, 9999, 9999, 9999, 9999, 9999, 9999, 9999, 9999, -6.21069E-41, 9999, 4.6655, 0, 0, 0, 0, 0, 8000, 0, 0, 0, 0
3, 0.00000, 11.6638, 0, 0, 2.71421E-7, 3.0947, -2.71421E-7, 2.71421E-7, 0, 2.71421E-7, 0, 2.44239E-7, 1, 1, 9999, 9999, 9999, 9999, 9999, 9999, 9999, 9999, 0, 9999, 4.6655, 0, 0, 0, 0, 0, 8000, 0, 0, 0, 0
4, 0.00000, 11.6638, 1, 2.92997E-7, 0, 3.0947, 2.92997E-7, 1.54209E-8, 0, 0, 1.54209E-8, 0, 1, 1, 9999, 9999, 9999, 9999, 9999, 9999, 9999, 9999, 8.13477E-16, 9999, 4.6655, 0, 0, 0, 0, 0, 8000, 0, 0, 0, 0
5, 0.00000, 11.6637, 1, 2.20545E-7, 0, 3.0947, 2.20545E-7, 1.16076E-8, 0, 0, 1.16076E-8, -3.08418E-7, 1, 1, 9999, 9999, 9999, 9999, 9999, 9999, 9999, 9999, 6.15613E-24, 9999, 4.6655, 0, 0, 0, 0, 0, 8000, 0, 0, 0, 0
