hour,t(sec),kWh,State,kWOut,kWIn,kvarOut,DCkW,kWTotalLosses,kWInvLosses,kWIdlingLosses,kWChDchLosses,"kWh Chng",InvEff,InverterON,Vref,"Vavg (DRC)","VV Oper","VW Oper","DRC Oper","VV_DRC Oper","WP Oper","WV Oper",kWDesired,"kW VW Limit","Limit kWOut Function","kVA Exceeded","Grid voltage",di/dt,it,"it History","Rated VDC","Avg duty cycle","Target (Amps)","Series L","Max. Amps (phase)"
1, 0.00000, 5.83362, 1, 4.4314E-8, 0, 1.5478, 4.4314E-8, 2.33232E-9, 0, 0, 2.33232E-9, -3.50017, 1, 1, 9999, 9999, 9999, 9999, 9999, 9999, 9999, 9999, 3.26083E-23, 9999, 2.3335, 0, 0, 0, 0, 0, 8000, 0, 0, 0, 0
2, 0.00000, 5.83362, -1, 0, 7.55159E-8, 1.5478, -7.55159E-8, 3.77579E-9, 0, 0, 3.77579E-9, -4.66463E-8, 1, 1, 9999, 9999, 9999, 9999, 9999, 9999, 9999, 9999, -2.00802E-23, 9999, 2.3335, 0, 0, 0, 0, 0, 8000, 0, 0, 0, 0
3, 0.00000, 5.83362, 0, 0, 8.06102E-8, 1.5478, -8.06102E-8, 8.06102E-8, 0, 8.06102E-8, 0, 7.17401E-8, 1, 1, 9999, 9999, 9999, 9999, 9999, 9999, 9999, 9999, 0, 9999, 2.3335, 0, 0, 0, 0, 0, 8000, 0, 0, 0, 0
4, 0.00000, 5.83362, 1, 8.78409E-8, 0, 1.5478, 8.78409E-8, 4.62321E-9, 0, 0, 4.62321E-9, 0, 1, 1, 9999, 9999, 9999, 9999, 9999, 9999, 9999, 9999, 4.57529E-17, 9999, 2.3335, 0, 0, 0, 0, 0, 8000, 0, 0, 0, 0
5, 0.00000, 5.83362, -1, 0, 6.6031E-8, 1.5478, -6.6031E-8, 3.30155E-9, 0, 0, 3.30155E-9, -9.24641E-8, 1, 1, 9999, 9999, 9999, 9999, 9999, 9999, 9999, 9999, -9.26493E-24, 9999, 2.3335, 0, 0, 0, 0, 0, 8000, 0, 0, 0, 0
