hour,t(sec),kWh,State,kWOut,kWIn,kvarOut,DCkW,kWTotalLosses,kWInvLosses,kWIdlingLosses,kWChDchLosses,"kWh Chng",InvEff,InverterON,Vref,"Vavg (DRC)","VV Oper","VW Oper","DRC Oper","VV_DRC Oper","WP Oper","WV Oper",kWDesired,"kW VW Limit","Limit kWOut Function","kVA Exceeded","Grid voltage",di/dt,it,"it History","Rated VDC","Avg duty cycle","Target (Amps)","Series L","Max. Amps (phase)"
1, 0.00000, 5.83362, 1, 7.5349E-8, 0, 1.5478, 7.5349E-8, 3.96574E-9, 0, 0, 3.96574E-9, -3.50017, 1, 1, 9999, 9999, 9999, 9999, 9999, 9999, 9999, 9999, 9.10928E-18, 9999, 2.3335, 0, 0, 0, 0, 0, 8000, 0, 0, 0, 0
2, 0.00000, 5.83362, -1, 0, 1.07796E-7, 1.5478, -1.07796E-7, 5.3898E-9, 0, 0, 5.3898E-9, -7.93148E-8, 1, 1, 9999, 9999, 9999, 9999, 9999, 9999, 9999, 9999, -7.75165E-17, 9999, 2.3335, 0, 0, 0, 0, 0, 8000, 0, 0, 0, 0
3, 0.00000, 5.83362, -1, 0, 1.34458E-7, 1.5478, -1.34458E-7, 6.72288E-9, 0, 0, 6.72288E-9, 1.02406E-7, 1, 1, 9999, 9999, 9999, 9999, 9999, 9999, 9999, 9999, -2.01899E-16, 9999, 2.3335, 0, 0, 0, 0, 0, 8000, 0, 0, 0, 0
4, 0.00000, 5.83363, 1, 1.42517E-7, 0, 1.5478, 1.42517E-7, 7.50089E-9, 0, 0, 7.50089E-9, 1.27735E-7, 1, 1, 9999, 9999, 9999, 9999, 9999, 9999, 9999, 9999, 3.3243E-16, 9999, 2.3335, 0, 0, 0, 0, 0, 8000, 0, 0, 0, 0
5, 0.00000, 5.83362, -1, 0, 1.09925E-7, 1.5478, -1.09925E-7, 5.49626E-9, 0, 0, 5.49626E-9, -1.50018E-7, 1, 1, 9999, 9999, 9999, 9999, 9999, 9999, 9999, 9999, -8.26572E-17, 9999, 2.3335, 0, 0, 0, 0, 0, 8000, 0, 0, 0, 0
