hour,t(sec),kWh,State,kWOut,kWIn,kvarOut,DCkW,kWTotalLosses,kWInvLosses,kWIdlingLosses,kWChDchLosses,"kWh Chng",InvEff,InverterON,Vref,"Vavg (DRC)","VV Oper","VW Oper","DRC Oper","VV_DRC Oper","WP Oper","WV Oper",kWDesired,"kW VW Limit","Limit kWOut Function","kVA Exceeded","Grid voltage",di/dt,it,"it History","Rated VDC","Avg duty cycle","Target (Amps)","Series L","Max. Amps (phase)"
1, 0.00000, 11.6637, -1, 0, 3.60222E-7, -3.0947, -3.60222E-7, 1.80111E-8, 0, 0, 1.80111E-8, -6.99825, 1, 1, 9999, 9999, 9999, 9999, 9999, 9999, 9999, 9999, -1.13087E-16, 9999, 4.6655, 0, 0, 0, 0, 0, 8000, 0, 0, 0, 0
2, 0.00000, 11.6638, 1, 4.86048E-7, 0, -3.0947, 4.86048E-7, 2.55815E-8, 0, 0, 2.55815E-8, 3.42211E-7, 1, 1, 9999, 9999, 9999, 9999, 9999, 9999, 9999, 9999, 8.37224E-17, 9999, 4.6655, 0, 0, 0, 0, 0, 8000, 0, 0, 0, 0
3, 0.00000, 11.6637, 1, 5.2516E-7, 0, -3.0947, 5.2516E-7, 2.764E-8, 0, 0, 2.764E-8, -5.1163E-7, 1, 1, 9999, 9999, 9999, 9999, 9999, 9999, 9999, 9999, 2.59239E-16, 9999, 4.6655, 0, 0, 0, 0, 0, 8000, 0, 0, 0, 0
4, 0.00000, 11.6637, 1, 5.7832E-7, 0, -3.0947, 5.7832E-7, 3.04379E-8, 0, 0, 3.04379E-8, -5.528E-7, 1, 1, 9999, 9999, 9999, 9999, 9999, 9999, 9999, 9999, 6.06375E-17, 9999, 4.6655, 0, 0, 0, 0, 0, 8000, 0, 0, 0, 0
5, 0.00000, 11.6637, -1, 0, 4.33766E-7, -3.0947, -4.33766E-7, 2.16883E-8, 0, 0, 2.16883E-8, -6.08758E-7, 1, 1, 9999, 9999, 9999, 9999, 9999, 9999, 9999, 9999, -4.87405E-17, 9999, 4.6655, 0, 0, 0, 0, 0, 8000, 0, 0, 0, 0
