hour,t(sec),kWh,State,kWOut,kWIn,kvarOut,DCkW,kWTotalLosses,kWInvLosses,kWIdlingLosses,kWChDchLosses,"kWh Chng",InvEff,InverterON,Vref,"Vavg (DRC)","VV Oper","VW Oper","DRC Oper","VV_DRC Oper","WP Oper","WV Oper",kWDesired,"kW VW Limit","Limit kWOut Function","kVA Exceeded","Grid voltage",di/dt,it,"it History","Rated VDC","Avg duty cycle","Target (Amps)","Series L","Max. Amps (phase)"
1, 0.00000, 71.4613, 1, 2.01968E-6, 0, -18.9608, 2.01968E-6, 1.06299E-7, 0, 0, 1.06299E-7, -42.8768, 1, 1, 9999, 9999, 9999, 9999, 9999, 9999, 9999, 9999, 3.00938E-33, 9999, 28.5845, 0, 0, 0, 0, 0, 8000, 0, 0, 0, 0
2, 0.00000, 71.4613, 1, 2.84092E-6, 0, -18.9608, 2.84092E-6, 1.49522E-7, 0, 0, 1.49522E-7, -2.12598E-6, 1, 1, 9999, 9999, 9999, 9999, 9999, 9999, 9999, 9999, 1.27893E-32, 9999, 28.5845, 0, 0, 0, 0, 0, 8000, 0, 0, 0, 0
3, 0.00000, 71.4612, 1, 3.07042E-6, 0, -18.9608, 3.07042E-6, 1.61601E-7, 0, 0, 1.61601E-7, -2.99045E-6, 1, 1, 9999, 9999, 9999, 9999, 9999, 9999, 9999, 9999, 5.8947E-17, 9999, 28.5845, 0, 0, 0, 0, 0, 8000, 0, 0, 0, 0
4, 0.00000, 71.4612, 1, 3.37532E-6, 0, -18.9608, 3.37532E-6, 1.77648E-7, 0, 0, 1.77648E-7, -3.23202E-6, 1, 1, 9999, 9999, 9999, 9999, 9999, 9999, 9999, 9999, 3.63595E-16, 9999, 28.5845, 0, 0, 0, 0, 0, 8000, 0, 0, 0, 0
5, 0.00000, 71.4612, -1, 0, 2.51118E-6, -18.9608, -2.51118E-6, 1.25559E-7, 0, 0, 1.25559E-7, -3.55297E-6, 1, 1, 9999, 9999, 9999, 9999, 9999, 9999, 9999, 9999, -2.067E-17, 9999, 28.5845, 0, 0, 0, 0, 0, 8000, 0, 0, 0, 0
