hour,t(sec),kWh,State,kWOut,kWIn,kvarOut,DCkW,kWTotalLosses,kWInvLosses,kWIdlingLosses,kWChDchLosses,"kWh Chng",InvEff,InverterON,Vref,"Vavg (DRC)","VV Oper","VW Oper","DRC Oper","VV_DRC Oper","WP Oper","WV Oper",kWDesired,"kW VW Limit","Limit kWOut Function","kVA Exceeded","Grid voltage",di/dt,it,"it History","Rated VDC","Avg duty cycle","Target (Amps)","Series L","Max. Amps (phase)"
1, 0.00000, 11.6637, 1, 3.8556E-7, 0, -3.0947, 3.8556E-7, 2.02927E-8, 0, 0, 2.02927E-8, -6.99825, 1, 1, 9999, 9999, 9999, 9999, 9999, 9999, 9999, 9999, 6.75658E-17, 9999, 4.6655, 0, 0, 0, 0, 0, 8000, 0, 0, 0, 0
2, 0.00000, 11.6637, -1, 0, 3.87543E-7, -3.0947, -3.87543E-7, 1.93772E-8, 0, 0, 1.93772E-8, -4.05853E-7, 1, 1, 9999, 9999, 9999, 9999, 9999, 9999, 9999, 9999, -2.33882E-17, 9999, 4.6655, 0, 0, 0, 0, 0, 8000, 0, 0, 0, 0
3, 0.00000, 11.6637, 1, 4.79605E-7, 0, -3.0947, 4.79605E-7, 2.52424E-8, 0, 0, 2.52424E-8, 3.68166E-7, 1, 1, 9999, 9999, 9999, 9999, 9999, 9999, 9999, 9999, 3.4227E-17, 9999, 4.6655, 0, 0, 0, 0, 0, 8000, 0, 0, 0, 0
4, 0.00000, 11.6637, 1, 5.18806E-7, 0, -3.0947, 5.18806E-7, 2.73056E-8, 0, 0, 2.73056E-8, -5.04848E-7, 1, 1, 9999, 9999, 9999, 9999, 9999, 9999, 9999, 9999, 5.22209E-16, 9999, 4.6655, 0, 0, 0, 0, 0, 8000, 0, 0, 0, 0
5, 0.00000, 11.6637, 1, 3.95758E-7, 0, -3.0947, 3.95758E-7, 2.08294E-8, 0, 0, 2.08294E-8, -5.46111E-7, 1, 1, 9999, 9999, 9999, 9999, 9999, 9999, 9999, 9999, 1.08398E-16, 9999, 4.6655, 0, 0, 0, 0, 0, 8000, 0, 0, 0, 0
