hour,t(sec),kWh,State,kWOut,kWIn,kvarOut,DCkW,kWTotalLosses,kWInvLosses,kWIdlingLosses,kWChDchLosses,"kWh Chng",InvEff,InverterON,Vref,"Vavg (DRC)","VV Oper","VW Oper","DRC Oper","VV_DRC Oper","WP Oper","WV Oper",kWDesired,"kW VW Limit","Limit kWOut Function","kVA Exceeded","Grid voltage",di/dt,it,"it History","Rated VDC","Avg duty cycle","Target (Amps)","Series L","Max. Amps (phase)"
1, 0.00000, 5.83362, -1, 0, 1.15042E-7, 1.5478, -1.15042E-7, 5.75209E-9, 0, 0, 5.75209E-9, -3.50017, 1, 1, 9999, 9999, 9999, 9999, 9999, 9999, 9999, 9999, -6.73705E-17, 9999, 2.3335, 0, 0, 0, 0, 0, 8000, 0, 0, 0, 0
2, 0.00000, 5.83363, -1, 0, 1.27414E-7, 1.5478, -1.27414E-7, 6.37071E-9, 0, 0, 6.37071E-9, 1.0929E-7, 1, 1, 9999, 9999, 9999, 9999, 9999, 9999, 9999, 9999, -3.2739E-17, 9999, 2.3335, 0, 0, 0, 0, 0, 8000, 0, 0, 0, 0
3, 0.00000, 5.83363, -1, 0, 1.60033E-7, 1.5478, -1.60033E-7, 8.00167E-9, 0, 0, 8.00167E-9, 1.21043E-7, 1, 1, 9999, 9999, 9999, 9999, 9999, 9999, 9999, 9999, -2.15839E-16, 9999, 2.3335, 0, 0, 0, 0, 0, 8000, 0, 0, 0, 0
4, 0.00000, 5.83363, 1, 1.71625E-7, 0, 1.5478, 1.71625E-7, 9.03291E-9, 0, 0, 9.03291E-9, 1.52032E-7, 1, 1, 9999, 9999, 9999, 9999, 9999, 9999, 9999, 9999, 8.25476E-17, 9999, 2.3335, 0, 0, 0, 0, 0, 8000, 0, 0, 0, 0
5, 0.00000, 5.83363, -1, 0, 1.32129E-7, 1.5478, -1.32129E-7, 6.60643E-9, 0, 0, 6.60643E-9, -1.80658E-7, 1, 1, 9999, 9999, 9999, 9999, 9999, 9999, 9999, 9999, -3.63536E-17, 9999, 2.3335, 0, 0, 0, 0, 0, 8000, 0, 0, 0, 0
