hour,t(sec),kWh,State,kWOut,kWIn,kvarOut,DCkW,kWTotalLosses,kWInvLosses,kWIdlingLosses,kWChDchLosses,"kWh Chng",InvEff,InverterON,Vref,"Vavg (DRC)","VV Oper","VW Oper","DRC Oper","VV_DRC Oper","WP Oper","WV Oper",kWDesired,"kW VW Limit","Limit kWOut Function","kVA Exceeded","Grid voltage",di/dt,it,"it History","Rated VDC","Avg duty cycle","Target (Amps)","Series L","Max. Amps (phase)"
1, 0.00000, 5.83362, 0, 0, 6.62724E-8, 1.5478, -6.62724E-8, 6.62724E-8, 0, 6.62724E-8, 0, -3.50017, 1, 1, 9999, 9999, 9999, 9999, 9999, 9999, 9999, 9999, 0, 9999, 2.3335, 0, 0, 0, 0, 0, 8000, 0, 0, 0, 0
2, 0.00000, 5.83362, -1, 0, 1.35839E-7, 1.5478, -1.35839E-7, 6.79196E-9, 0, 0, 6.79196E-9, 0, 1, 1, 9999, 9999, 9999, 9999, 9999, 9999, 9999, 9999, -1.07311E-24, 9999, 2.3335, 0, 0, 0, 0, 0, 8000, 0, 0, 0, 0
3, 0.00000, 5.83363, -1, 0, 1.44185E-7, 1.5478, -1.44185E-7, 7.20925E-9, 0, 0, 7.20925E-9, 1.29047E-7, 1, 1, 9999, 9999, 9999, 9999, 9999, 9999, 9999, 9999, -4.29761E-25, 9999, 2.3335, 0, 0, 0, 0, 0, 8000, 0, 0, 0, 0
4, 0.00000, 5.83363, -1, 0, 1.57387E-7, 1.5478, -1.57387E-7, 7.86935E-9, 0, 0, 7.86935E-9, 1.36976E-7, 1, 1, 9999, 9999, 9999, 9999, 9999, 9999, 9999, 9999, -6.37162E-25, 9999, 2.3335, 0, 0, 0, 0, 0, 8000, 0, 0, 0, 0
5, 0.00000, 5.83363, 1, 1.18591E-7, 0, 1.5478, 1.18591E-7, 6.24161E-9, 0, 0, 6.24161E-9, 1.49518E-7, 1, 1, 9999, 9999, 9999, 9999, 9999, 9999, 9999, 9999, 6.0629E-25, 9999, 2.3335, 0, 0, 0, 0, 0, 8000, 0, 0, 0, 0
