hour,t(sec),kWh,State,kWOut,kWIn,kvarOut,DCkW,kWTotalLosses,kWInvLosses,kWIdlingLosses,kWChDchLosses,"kWh Chng",InvEff,InverterON,Vref,"Vavg (DRC)","VV Oper","VW Oper","DRC Oper","VV_DRC Oper","WP Oper","WV Oper",kWDesired,"kW VW Limit","Limit kWOut Function","kVA Exceeded","Grid voltage",di/dt,it,"it History","Rated VDC","Avg duty cycle","Target (Amps)","Series L","Max. Amps (phase)"
1, 0.00000, 5.83362, -1, 0, 1.93596E-7, -1.5478, -1.93596E-7, 9.67981E-9, 0, 0, 9.67981E-9, -3.50017, 1, 1, 9999, 9999, 9999, 9999, 9999, 9999, 9999, 9999, -1.00023E-16, 9999, 2.3335, 0, 0, 0, 0, 0, 8000, 0, 0, 0, 0
2, 0.00000, 5.83363, 1, 1.96135E-7, 0, -1.5478, 1.96135E-7, 1.03229E-8, 0, 0, 1.03229E-8, 1.83916E-7, 1, 1, 9999, 9999, 9999, 9999, 9999, 9999, 9999, 9999, 7.49123E-17, 9999, 2.3335, 0, 0, 0, 0, 0, 8000, 0, 0, 0, 0
3, 0.00000, 5.83362, -1, 0, 2.48818E-7, -1.5478, -2.48818E-7, 1.24409E-8, 0, 0, 1.24409E-8, -2.06458E-7, 1, 1, 9999, 9999, 9999, 9999, 9999, 9999, 9999, 9999, -1.26515E-16, 9999, 2.3335, 0, 0, 0, 0, 0, 8000, 0, 0, 0, 0
4, 0.00000, 5.83363, -1, 0, 2.69364E-7, -1.5478, -2.69364E-7, 1.34682E-8, 0, 0, 1.34682E-8, 2.36377E-7, 1, 1, 9999, 9999, 9999, 9999, 9999, 9999, 9999, 9999, -7.59741E-17, 9999, 2.3335, 0, 0, 0, 0, 0, 8000, 0, 0, 0, 0
5, 0.00000, 5.83363, -1, 0, 2.05217E-7, -1.5478, -2.05217E-7, 1.02608E-8, 0, 0, 1.02608E-8, 2.55896E-7, 1, 1, 9999, 9999, 9999, 9999, 9999, 9999, 9999, 9999, -2.393E-17, 9999, 2.3335, 0, 0, 0, 0, 0, 8000, 0, 0, 0, 0
