hour,t(sec),kWh,State,kWOut,kWIn,kvarOut,DCkW,kWTotalLosses,kWInvLosses,kWIdlingLosses,kWChDchLosses,"kWh Chng",InvEff,InverterON,Vref,"Vavg (DRC)","VV Oper","VW Oper","DRC Oper","VV_DRC Oper","WP Oper","WV Oper",kWDesired,"kW VW Limit","Limit kWOut Function","kVA Exceeded","Grid voltage",di/dt,it,"it History","Rated VDC","Avg duty cycle","Target (Amps)","Series L","Max. Amps (phase)"
1, 0.00000, 5.83362, -1, 0, 1.60152E-7, 1.5478, -1.60152E-7, 8.00762E-9, 0, 0, 8.00762E-9, -3.50017, 1, 1, 9999, 9999, 9999, 9999, 9999, 9999, 9999, 9999, -1.20385E-16, 9999, 2.3335, 0, 0, 0, 0, 0, 8000, 0, 0, 0, 0
2, 0.00000, 5.83363, -1, 0, 2.35508E-7, 1.5478, -2.35508E-7, 1.17754E-8, 0, 0, 1.17754E-8, 1.52145E-7, 1, 1, 9999, 9999, 9999, 9999, 9999, 9999, 9999, 9999, -4.76664E-17, 9999, 2.3335, 0, 0, 0, 0, 0, 8000, 0, 0, 0, 0
3, 0.00000, 5.83363, 0, 0, 2.52213E-7, 1.5478, -2.52213E-7, 2.52213E-7, 0, 2.52213E-7, 0, 2.23732E-7, 1, 1, 9999, 9999, 9999, 9999, 9999, 9999, 9999, 9999, 0, 9999, 2.3335, 0, 0, 0, 0, 0, 8000, 0, 0, 0, 0
4, 0.00000, 5.83363, 1, 2.74411E-7, 0, 1.5478, 2.74411E-7, 1.44427E-8, 0, 0, 1.44427E-8, 0, 1, 1, 9999, 9999, 9999, 9999, 9999, 9999, 9999, 9999, 2.90124E-16, 9999, 2.3335, 0, 0, 0, 0, 0, 8000, 0, 0, 0, 0
5, 0.00000, 5.83363, -1, 0, 2.05224E-7, 1.5478, -2.05224E-7, 1.02612E-8, 0, 0, 1.02612E-8, -2.88854E-7, 1, 1, 9999, 9999, 9999, 9999, 9999, 9999, 9999, 9999, -3.00928E-33, 9999, 2.3335, 0, 0, 0, 0, 0, 8000, 0, 0, 0, 0
