hour,t(sec),kWh,State,kWOut,kWIn,kvarOut,DCkW,kWTotalLosses,kWInvLosses,kWIdlingLosses,kWChDchLosses,"kWh Chng",InvEff,InverterON,Vref,"Vavg (DRC)","VV Oper","VW Oper","DRC Oper","VV_DRC Oper","WP Oper","WV Oper",kWDesired,"kW VW Limit","Limit kWOut Function","kVA Exceeded","Grid voltage",di/dt,it,"it History","Rated VDC","Avg duty cycle","Target (Amps)","Series L","Max. Amps (phase)"
1, 0.00000, 11.6637, 1, 1.68616, 0, 3.0947, 1.68616, 0.0887452, 0, 0, 0.0887452, -6.99825, 1, 1, 9999, 9999, 9999, 9999, 9999, 9999, 9999, 9999, 1.68616, 9999, 4.6655, 0, 0, 0, 0, 0, 8000, 0, 0, 0, 0
2, 0.00000, 9.88885, 1, 0.678408, 0, 3.0947, 0.678408, 0.0357057, 0, 0, 0.0357057, -1.7749, 1, 1, 9999, 9999, 9999, 9999, 9999, 9999, 9999, 9999, 0.67841, 9999, 4.6655, 0, 0, 0, 0, 0, 8000, 0, 0, 0, 0
3, 0.00000, 9.17473, 1, 0.359642, 0, 3.0947, 0.359642, 0.0189285, 0, 0, 0.0189285, -0.714114, 1, 1, 9999, 9999, 9999, 9999, 9999, 9999, 9999, 9999, 0.35964, 9999, 4.6655, 0, 0, 0, 0, 0, 8000, 0, 0, 0, 0
4, 0.00000, 8.79616, 1, 0.0000186156, 0, 3.09472, 0.0000186156, 9.79767E-7, 0, 0, 9.79767E-7, -0.378571, 1, 1, 9999, 9999, 9999, 9999, 9999, 9999, 9999, 9999, 1.04596E-19, 9999, 4.6655, 0, 0, 0, 0, 0, 8000, 0, 0, 0, 0
5, 0.00000, 8.79614, -1, 0, 0.0000822958, 3.09474, -0.0000822958, 4.11479E-6, 0, 0, 4.11479E-6, -0.0000195953, 1, 1, 9999, 9999, 9999, 9999, 9999, 9999, 9999, 9999, -4.02941E-19, 9999, 4.6655, 0, 0, 0, 0, 0, 8000, 0, 0, 0, 0
