hour,t(sec),kWh,State,kWOut,kWIn,kvarOut,DCkW,kWTotalLosses,kWInvLosses,kWIdlingLosses,kWChDchLosses,"kWh Chng",InvEff,InverterON,Vref,"Vavg (DRC)","VV Oper","VW Oper","DRC Oper","VV_DRC Oper","WP Oper","WV Oper",kWDesired,"kW VW Limit","Limit kWOut Function","kVA Exceeded","Grid voltage",di/dt,it,"it History","Rated VDC","Avg duty cycle","Target (Amps)","Series L","Max. Amps (phase)"
1, 0.00000, 11.6637, 1, 2.29029, 0, 3.09467, 2.29029, 0.120542, 0, 0, 0.120542, -6.99825, 1, 1, 9999, 9999, 9999, 9999, 9999, 9999, 9999, 9999, 2.29029, 9999, 4.6655, 0, 0, 0, 0, 0, 8000, 0, 0, 0, 0
2, 0.00000, 9.25291, 1, 1.32173, 0, 3.09456, 1.32173, 0.0695646, 0, 0, 0.0695646, -2.41084, 1, 1, 9999, 9999, 9999, 9999, 9999, 9999, 9999, 9999, 1.32164, 9999, 4.6655, 0, 0, 0, 0, 0, 8000, 0, 0, 0, 0
3, 0.00000, 7.86162, 1, 1.01155, 0, 3.09466, 1.01155, 0.0532397, 0, 0, 0.0532397, -1.39129, 1, 1, 9999, 9999, 9999, 9999, 9999, 9999, 9999, 9999, 1.01153, 9999, 4.6655, 0, 0, 0, 0, 0, 8000, 0, 0, 0, 0
4, 0.00000, 6.79683, 1, 0.689782, 0, 3.09491, 0.689782, 0.0363043, 0, 0, 0.0363043, -1.06479, 1, 1, 9999, 9999, 9999, 9999, 9999, 9999, 9999, 9999, 0.690074, 9999, 4.6655, 0, 0, 0, 0, 0, 8000, 0, 0, 0, 0
5, 0.00000, 6.07074, 1, 0.448625, 0, 3.0945, 0.448625, 0.0236118, 0, 0, 0.0236118, -0.726086, 1, 1, 9999, 9999, 9999, 9999, 9999, 9999, 9999, 9999, 0.448401, 9999, 4.6655, 0, 0, 0, 0, 0, 8000, 0, 0, 0, 0
