hour,t(sec),kWh,State,kWOut,kWIn,kvarOut,DCkW,kWTotalLosses,kWInvLosses,kWIdlingLosses,kWChDchLosses,"kWh Chng",InvEff,InverterON,Vref,"Vavg (DRC)","VV Oper","VW Oper","DRC Oper","VV_DRC Oper","WP Oper","WV Oper",kWDesired,"kW VW Limit","Limit kWOut Function","kVA Exceeded","Grid voltage",di/dt,it,"it History","Rated VDC","Avg duty cycle","Target (Amps)","Series L","Max. Amps (phase)"
1, 0.00000, 5.83362, 1, 1.00203, 0, 1.54779, 1.00203, 0.0527384, 0, 0, 0.0527384, -3.50017, 1, 1, 9999, 9999, 9999, 9999, 9999, 9999, 9999, 9999, 1.00203, 9999, 2.3335, 0, 0, 0, 0, 0, 8000, 0, 0, 0, 0
2, 0.00000, 4.77886, 1, 0.378885, 0, 1.54781, 0.378885, 0.0199413, 0, 0, 0.0199413, -1.05477, 1, 1, 9999, 9999, 9999, 9999, 9999, 9999, 9999, 9999, 0.37889, 9999, 2.3335, 0, 0, 0, 0, 0, 8000, 0, 0, 0, 0
3, 0.00000, 4.38003, 1, 0.0220468, 0, 1.54779, 0.0220468, 0.00116036, 0, 0, 0.00116036, -0.398826, 1, 1, 9999, 9999, 9999, 9999, 9999, 9999, 9999, 9999, 0.0220406, 9999, 2.3335, 0, 0, 0, 0, 0, 8000, 0, 0, 0, 0
4, 0.00000, 4.35682, 1, 0.0000366472, 0, 1.54784, 0.0000366472, 1.9288E-6, 0, 0, 1.9288E-6, -0.0232071, 1, 1, 9999, 9999, 9999, 9999, 9999, 9999, 9999, 9999, 4.40448E-20, 9999, 2.3335, 0, 0, 0, 0, 0, 8000, 0, 0, 0, 0
5, 0.00000, 4.35679, 0, 0, 0.000151627, 1.5479, -0.000151627, 0.000151627, 0, 0.000151627, 0, -0.0000385759, 1, 1, 9999, 9999, 9999, 9999, 9999, 9999, 9999, 9999, 0, 9999, 2.3335, 0, 0, 0, 0, 0, 8000, 0, 0, 0, 0
