hour,t(sec),kWh,State,kWOut,kWIn,kvarOut,DCkW,kWTotalLosses,kWInvLosses,kWIdlingLosses,kWChDchLosses,"kWh Chng",InvEff,InverterON,Vref,"Vavg (DRC)","VV Oper","VW Oper","DRC Oper","VV_DRC Oper","WP Oper","WV Oper",kWDesired,"kW VW Limit","Limit kWOut Function","kVA Exceeded","Grid voltage",di/dt,it,"it History","Rated VDC","Avg duty cycle","Target (Amps)","Series L","Max. Amps (phase)"
1, 0.00000, 11.6637, 1, 2.04624, 0, 3.09468, 2.04624, 0.107697, 0, 0, 0.107697, -6.99825, 1, 1, 9999, 9999, 9999, 9999, 9999, 9999, 9999, 9999, 2.04624, 9999, 4.6655, 0, 0, 0, 0, 0, 8000, 0, 0, 0, 0
2, 0.00000, 9.50981, 1, 1.18802, 0, 3.09461, 1.18802, 0.0625271, 0, 0, 0.0625271, -2.15394, 1, 1, 9999, 9999, 9999, 9999, 9999, 9999, 9999, 9999, 1.18798, 9999, 4.6655, 0, 0, 0, 0, 0, 8000, 0, 0, 0, 0
3, 0.00000, 8.25927, 1, 0.936845, 0, 3.09468, 0.936845, 0.0493076, 0, 0, 0.0493076, -1.25054, 1, 1, 9999, 9999, 9999, 9999, 9999, 9999, 9999, 9999, 0.936832, 9999, 4.6655, 0, 0, 0, 0, 0, 8000, 0, 0, 0, 0
4, 0.00000, 7.27312, 1, 0.668582, 0, 3.09467, 0.668582, 0.0351885, 0, 0, 0.0351885, -0.986153, 1, 1, 9999, 9999, 9999, 9999, 9999, 9999, 9999, 9999, 0.668566, 9999, 4.6655, 0, 0, 0, 0, 0, 8000, 0, 0, 0, 0
5, 0.00000, 6.56934, 1, 0.418262, 0, 3.09466, 0.418262, 0.0220138, 0, 0, 0.0220138, -0.70377, 1, 1, 9999, 9999, 9999, 9999, 9999, 9999, 9999, 9999, 0.418239, 9999, 4.6655, 0, 0, 0, 0, 0, 8000, 0, 0, 0, 0
6, 0.00000, 6.12907, 1, 0.504103, 0, 3.09471, 0.504103, 0.0265317, 0, 0, 0.0265317, -0.440276, 1, 1, 9999, 9999, 9999, 9999, 9999, 9999, 9999, 9999, 0.504107, 9999, 4.6655, 0, 0, 0, 0, 0, 8000, 0, 0, 0, 0
