hour,t(sec),kWh,State,kWOut,kWIn,kvarOut,DCkW,kWTotalLosses,kWInvLosses,kWIdlingLosses,kWChDchLosses,"kWh Chng",InvEff,InverterON,Vref,"Vavg (DRC)","VV Oper","VW Oper","DRC Oper","VV_DRC Oper","WP Oper","WV Oper",kWDesired,"kW VW Limit","Limit kWOut Function","kVA Exceeded","Grid voltage",di/dt,it,"it History","Rated VDC","Avg duty cycle","Target (Amps)","Series L","Max. Amps (phase)"
1, 0.00000, 5.83362, 1, 0.48244, 0, -1.54779, 0.48244, 0.0253916, 0, 0, 0.0253916, -3.50017, 1, 1, 9999, 9999, 9999, 9999, 9999, 9999, 9999, 9999, 0.482451, 9999, 2.3335, 0, 0, 0, 0, 0, 8000, 0, 0, 0, 0
2, 0.00000, 5.32579, 1, 0.6144, 0, -1.5478, 0.6144, 0.0323368, 0, 0, 0.0323368, -0.507831, 1, 1, 9999, 9999, 9999, 9999, 9999, 9999, 9999, 9999, 0.614481, 9999, 2.3335, 0, 0, 0, 0, 0, 8000, 0, 0, 0, 0
3, 0.00000, 4.67906, 1, 0.712976, 0, -1.5478, 0.712976, 0.0375251, 0, 0, 0.0375251, -0.646737, 1, 1, 9999, 9999, 9999, 9999, 9999, 9999, 9999, 9999, 0.713001, 9999, 2.3335, 0, 0, 0, 0, 0, 8000, 0, 0, 0, 0
4, 0.00000, 3.92856, 1, 0.779172, 0, -1.54774, 0.779172, 0.0410091, 0, 0, 0.0410091, -0.750501, 1, 1, 9999, 9999, 9999, 9999, 9999, 9999, 9999, 9999, 0.778969, 9999, 2.3335, 0, 0, 0, 0, 0, 8000, 0, 0, 0, 0
5, 0.00000, 3.10837, 1, 0.292818, 0, -1.54778, 0.292818, 0.0154114, 0, 0, 0.0154114, -0.820181, 1, 1, 9999, 9999, 9999, 9999, 9999, 9999, 9999, 9999, 0.292971, 9999, 2.3335, 0, 0, 0, 0, 0, 8000, 0, 0, 0, 0
