hour,t(sec),kWh,State,kWOut,kWIn,kvarOut,DCkW,kWTotalLosses,kWInvLosses,kWIdlingLosses,kWChDchLosses,"kWh Chng",InvEff,InverterON,Vref,"Vavg (DRC)","VV Oper","VW Oper","DRC Oper","VV_DRC Oper","WP Oper","WV Oper",kWDesired,"kW VW Limit","Limit kWOut Function","kVA Exceeded","Grid voltage",di/dt,it,"it History","Rated VDC","Avg duty cycle","Target (Amps)","Series L","Max. Amps (phase)"
1, 0.00000, 11.6637, 1, 1.64459, 0, 3.09469, 1.64459, 0.0865573, 0, 0, 0.0865573, -6.99825, 1, 1, 9999, 9999, 9999, 9999, 9999, 9999, 9999, 9999, 1.64459, 9999, 4.6655, 0, 0, 0, 0, 0, 8000, 0, 0, 0, 0
2, 0.00000, 9.9326, 1, 0.623885, 0, 3.09468, 0.623885, 0.032836, 0, 0, 0.032836, -1.73115, 1, 1, 9999, 9999, 9999, 9999, 9999, 9999, 9999, 9999, 0.623871, 9999, 4.6655, 0, 0, 0, 0, 0, 8000, 0, 0, 0, 0
3, 0.00000, 9.27588, 1, 0.273459, 0, 3.09469, 0.273459, 0.0143926, 0, 0, 0.0143926, -0.656721, 1, 1, 9999, 9999, 9999, 9999, 9999, 9999, 9999, 9999, 0.273454, 9999, 4.6655, 0, 0, 0, 0, 0, 8000, 0, 0, 0, 0
4, 0.00000, 8.98803, 1, 0.0224815, 0, 3.09469, 0.0224815, 0.00118324, 0, 0, 0.00118324, -0.287852, 1, 1, 9999, 9999, 9999, 9999, 9999, 9999, 9999, 9999, 0.022476, 9999, 4.6655, 0, 0, 0, 0, 0, 8000, 0, 0, 0, 0
5, 0.00000, 8.96437, 1, 0.0000946185, 0, 3.09469, 0.0000946185, 4.97992E-6, 0, 0, 4.97992E-6, -0.0236648, 1, 1, 9999, 9999, 9999, 9999, 9999, 9999, 9999, 9999, 0.0000871142, 9999, 4.6655, 0, 0, 0, 0, 0, 8000, 0, 0, 0, 0
6, 0.00000, 8.96427, 1, 0.0000855796, 0, 3.0948, 0.0000855796, 4.50419E-6, 0, 0, 4.50419E-6, -0.0000995984, 1, 1, 9999, 9999, 9999, 9999, 9999, 9999, 9999, 9999, 0.0000871142, 9999, 4.6655, 0, 0, 0, 0, 0, 8000, 0, 0, 0, 0
