hour,t(sec),kWh,State,kWOut,kWIn,kvarOut,DCkW,kWTotalLosses,kWInvLosses,kWIdlingLosses,kWChDchLosses,"kWh Chng",InvEff,InverterON,Vref,"Vavg (DRC)","VV Oper","VW Oper","DRC Oper","VV_DRC Oper","WP Oper","WV Oper",kWDesired,"kW VW Limit","Limit kWOut Function","kVA Exceeded","Grid voltage",di/dt,it,"it History","Rated VDC","Avg duty cycle","Target (Amps)","Series L","Max. Amps (phase)"
1, 0.00000, 5.83362, 1, 1.0718, 0, 1.54779, 1.0718, 0.0564105, 0, 0, 0.0564105, -3.50017, 1, 1, 9999, 9999, 9999, 9999, 9999, 9999, 9999, 9999, 1.0718, 9999, 2.3335, 0, 0, 0, 0, 0, 8000, 0, 0, 0, 0
2, 0.00000, 4.70541, 1, 0.722259, 0, 1.54775, 0.722259, 0.0380136, 0, 0, 0.0380136, -1.12821, 1, 1, 9999, 9999, 9999, 9999, 9999, 9999, 9999, 9999, 0.722242, 9999, 2.3335, 0, 0, 0, 0, 0, 8000, 0, 0, 0, 0
3, 0.00000, 3.94514, 1, 0.558646, 0, 1.54778, 0.558646, 0.0294024, 0, 0, 0.0294024, -0.760273, 1, 1, 9999, 9999, 9999, 9999, 9999, 9999, 9999, 9999, 0.55864, 9999, 2.3335, 0, 0, 0, 0, 0, 8000, 0, 0, 0, 0
4, 0.00000, 3.35709, 1, 0.392878, 0, 1.54787, 0.392878, 0.0206778, 0, 0, 0.0206778, -0.588048, 1, 1, 9999, 9999, 9999, 9999, 9999, 9999, 9999, 9999, 0.392938, 9999, 2.3335, 0, 0, 0, 0, 0, 8000, 0, 0, 0, 0
5, 0.00000, 2.94354, 1, 0.136283, 0, 1.54774, 0.136283, 0.0071728, 0, 0, 0.0071728, -0.413556, 1, 1, 9999, 9999, 9999, 9999, 9999, 9999, 9999, 9999, 0.13623, 9999, 2.3335, 0, 0, 0, 0, 0, 8000, 0, 0, 0, 0
