hour,t(sec),kWh,State,kWOut,kWIn,kvarOut,DCkW,kWTotalLosses,kWInvLosses,kWIdlingLosses,kWChDchLosses,"kWh Chng",InvEff,InverterON,Vref,"Vavg (DRC)","VV Oper","VW Oper","DRC Oper","VV_DRC Oper","WP Oper","WV Oper",kWDesired,"kW VW Limit","Limit kWOut Function","kVA Exceeded","Grid voltage",di/dt,it,"it History","Rated VDC","Avg duty cycle","Target (Amps)","Series L","Max. Amps (phase)"
1, 0.00000, 11.6637, 1, 1.96862, 0, -3.09469, 1.96862, 0.103612, 0, 0, 0.103612, -6.99825, 1, 1, 9999, 9999, 9999, 9999, 9999, 9999, 9999, 9999, 1.96865, 9999, 4.6655, 0, 0, 0, 0, 0, 8000, 0, 0, 0, 0
2, 0.00000, 9.59151, 1, 1.19097, 0, -1.5274, 1.19097, 0.0626824, 0, 0, 0.0626824, -2.07224, 1, 1, 9999, 9999, 9999, 9999, 9999, 9999, 9999, 9999, 1.19106, 9999, 4.6655, 0, 0, 0, 0, 0, 8000, 0, 0, 0, 0
3, 0.00000, 8.33786, 1, 0.970127, 0, -0.810584, 0.970127, 0.0510593, 0, 0, 0.0510593, -1.25365, 1, 1, 9999, 9999, 9999, 9999, 9999, 9999, 9999, 9999, 0.970144, 9999, 4.6655, 0, 0, 0, 0, 0, 8000, 0, 0, 0, 0
4, 0.00000, 7.31668, 1, 0.723144, 0, -0.179737, 0.723144, 0.0380602, 0, 0, 0.0380602, -1.02119, 1, 1, 9999, 9999, 9999, 9999, 9999, 9999, 9999, 9999, 0.723153, 9999, 4.6655, 0, 0, 0, 0, 0, 8000, 0, 0, 0, 0
5, 0.00000, 6.55547, 1, 0.406546, 0, -1.17029, 0.406546, 0.0213971, 0, 0, 0.0213971, -0.761204, 1, 1, 9999, 9999, 9999, 9999, 9999, 9999, 9999, 9999, 0.40657, 9999, 4.6655, 0, 0, 0, 0, 0, 8000, 0, 0, 0, 0
6, 0.00000, 6.12753, 1, 0.502479, 0, -1.1061, 0.502479, 0.0264463, 0, 0, 0.0264463, -0.427943, 1, 1, 9999, 9999, 9999, 9999, 9999, 9999, 9999, 9999, 0.502474, 9999, 4.6655, 0, 0, 0, 0, 0, 8000, 0, 0, 0, 0
