hour,t(sec),kWh,State,kWOut,kWIn,kvarOut,DCkW,kWTotalLosses,kWInvLosses,kWIdlingLosses,kWChDchLosses,"kWh Chng",InvEff,InverterON,Vref,"Vavg (DRC)","VV Oper","VW Oper","DRC Oper","VV_DRC Oper","WP Oper","WV Oper",kWDesired,"kW VW Limit","Limit kWOut Function","kVA Exceeded","Grid voltage",di/dt,it,"it History","Rated VDC","Avg duty cycle","Target (Amps)","Series L","Max. Amps (phase)"
1, 0.00000, 5.83362, 1, 0.914056, 0, 1.54779, 0.914056, 0.0481082, 0, 0, 0.0481082, -3.50017, 1, 1, 9999, 9999, 9999, 9999, 9999, 9999, 9999, 9999, 0.914055, 9999, 2.3335, 0, 0, 0, 0, 0, 8000, 0, 0, 0, 0
2, 0.00000, 4.87146, 1, 0.647705, 0, 1.54776, 0.647705, 0.0340897, 0, 0, 0.0340897, -0.962165, 1, 1, 9999, 9999, 9999, 9999, 9999, 9999, 9999, 9999, 0.647686, 9999, 2.3335, 0, 0, 0, 0, 0, 8000, 0, 0, 0, 0
3, 0.00000, 4.18967, 1, 0.57484, 0, 1.54779, 0.57484, 0.0302547, 0, 0, 0.0302547, -0.681794, 1, 1, 9999, 9999, 9999, 9999, 9999, 9999, 9999, 9999, 0.574834, 9999, 2.3335, 0, 0, 0, 0, 0, 8000, 0, 0, 0, 0
4, 0.00000, 3.58457, 1, 0.486643, 0, 1.54787, 0.486643, 0.0256128, 0, 0, 0.0256128, -0.605095, 1, 1, 9999, 9999, 9999, 9999, 9999, 9999, 9999, 9999, 0.486698, 9999, 2.3335, 0, 0, 0, 0, 0, 8000, 0, 0, 0, 0
5, 0.00000, 3.07232, 1, 0.258645, 0, 1.54774, 0.258645, 0.0136129, 0, 0, 0.0136129, -0.512256, 1, 1, 9999, 9999, 9999, 9999, 9999, 9999, 9999, 9999, 0.258598, 9999, 2.3335, 0, 0, 0, 0, 0, 8000, 0, 0, 0, 0
