hour,t(sec),kWh,State,kWOut,kWIn,kvarOut,DCkW,kWTotalLosses,kWInvLosses,kWIdlingLosses,kWChDchLosses,"kWh Chng",InvEff,InverterON,Vref,"Vavg (DRC)","VV Oper","VW Oper","DRC Oper","VV_DRC Oper","WP Oper","WV Oper",kWDesired,"kW VW Limit","Limit kWOut Function","kVA Exceeded","Grid voltage",di/dt,it,"it History","Rated VDC","Avg duty cycle","Target (Amps)","Series L","Max. Amps (phase)"
1, 0.00000, 5.83362, 1, 1.23962, 0, 1.54779, 1.23962, 0.0652434, 0, 0, 0.0652434, -3.50017, 1, 1, 9999, 9999, 9999, 9999, 9999, 9999, 9999, 9999, 1.23963, 9999, 2.3335, 0, 0, 0, 0, 0, 8000, 0, 0, 0, 0
2, 0.00000, 4.52876, 1, 0.767224, 0, 1.54775, 0.767224, 0.0403802, 0, 0, 0.0403802, -1.30487, 1, 1, 9999, 9999, 9999, 9999, 9999, 9999, 9999, 9999, 0.767208, 9999, 2.3335, 0, 0, 0, 0, 0, 8000, 0, 0, 0, 0
3, 0.00000, 3.72115, 1, 0.521777, 0, 1.54779, 0.521777, 0.0274619, 0, 0, 0.0274619, -0.807604, 1, 1, 9999, 9999, 9999, 9999, 9999, 9999, 9999, 9999, 0.521771, 9999, 2.3335, 0, 0, 0, 0, 0, 8000, 0, 0, 0, 0
4, 0.00000, 3.17191, 1, 0.310667, 0, 1.54778, 0.310667, 0.0163509, 0, 0, 0.0163509, -0.549239, 1, 1, 9999, 9999, 9999, 9999, 9999, 9999, 9999, 9999, 0.310659, 9999, 2.3335, 0, 0, 0, 0, 0, 8000, 0, 0, 0, 0
5, 0.00000, 2.8449, 1, 0.020203, 0, 1.54778, 0.020203, 0.00106332, 0, 0, 0.00106332, -0.327018, 1, 1, 9999, 9999, 9999, 9999, 9999, 9999, 9999, 9999, 0.0201878, 9999, 2.3335, 0, 0, 0, 0, 0, 8000, 0, 0, 0, 0
6, 0.00000, 2.82363, 1, 0.0224592, 0, 1.5478, 0.0224592, 0.00118206, 0, 0, 0.00118206, -0.0212663, 1, 1, 9999, 9999, 9999, 9999, 9999, 9999, 9999, 9999, 0.0224623, 9999, 2.3335, 0, 0, 0, 0, 0, 8000, 0, 0, 0, 0
