hour,t(sec),kWh,State,kWOut,kWIn,kvarOut,DCkW,kWTotalLosses,kWInvLosses,kWIdlingLosses,kWChDchLosses,"kWh Chng",InvEff,InverterON,Vref,"Vavg (DRC)","VV Oper","VW Oper","DRC Oper","VV_DRC Oper","WP Oper","WV Oper",kWDesired,"kW VW Limit","Limit kWOut Function","kVA Exceeded","Grid voltage",di/dt,it,"it History","Rated VDC","Avg duty cycle","Target (Amps)","Series L","Max. Amps (phase)"
1, 0.00000, 11.6637, 1, 0.104199, 0, -3.09468, 0.104199, 0.00548416, 0, 0, 0.00548416, -6.99825, 1, 1, 9999, 9999, 9999, 9999, 9999, 9999, 9999, 9999, 0.104218, 9999, 4.6655, 0, 0, 0, 0, 0, 8000, 0, 0, 0, 0
2, 0.00000, 11.5541, 1, 0.463815, 0, -3.09471, 0.463815, 0.0244113, 0, 0, 0.0244113, -0.109683, 1, 1, 9999, 9999, 9999, 9999, 9999, 9999, 9999, 9999, 0.463793, 9999, 4.6655, 0, 0, 0, 0, 0, 8000, 0, 0, 0, 0
3, 0.00000, 11.0658, 1, 0.611534, 0, -3.09469, 0.611534, 0.032186, 0, 0, 0.032186, -0.488226, 1, 1, 9999, 9999, 9999, 9999, 9999, 9999, 9999, 9999, 0.611554, 9999, 4.6655, 0, 0, 0, 0, 0, 8000, 0, 0, 0, 0
4, 0.00000, 10.4221, 1, 0.664668, 0, -3.09474, 0.664668, 0.0349825, 0, 0, 0.0349825, -0.64372, 1, 1, 9999, 9999, 9999, 9999, 9999, 9999, 9999, 9999, 0.664507, 9999, 4.6655, 0, 0, 0, 0, 0, 8000, 0, 0, 0, 0
5, 0.00000, 9.72247, 1, 0.000644735, 0, -3.09483, 0.000644735, 0.0000339334, 0, 0, 0.0000339334, -0.699651, 1, 1, 9999, 9999, 9999, 9999, 9999, 9999, 9999, 9999, 5.15444E-19, 9999, 4.6655, 0, 0, 0, 0, 0, 8000, 0, 0, 0, 0
