hour,t(sec),kWh,State,kWOut,kWIn,kvarOut,DCkW,kWTotalLosses,kWInvLosses,kWIdlingLosses,kWChDchLosses,"kWh Chng",InvEff,InverterON,Vref,"Vavg (DRC)","VV Oper","VW Oper","DRC Oper","VV_DRC Oper","WP Oper","WV Oper",kWDesired,"kW VW Limit","Limit kWOut Function","kVA Exceeded","Grid voltage",di/dt,it,"it History","Rated VDC","Avg duty cycle","Target (Amps)","Series L","Max. Amps (phase)"
1, 0.00000, 5.83362, 1, 0.461266, 0, 1.54779, 0.461266, 0.0242772, 0, 0, 0.0242772, -3.50017, 1, 1, 9999, 9999, 9999, 9999, 9999, 9999, 9999, 9999, 0.461263, 9999, 2.3335, 0, 0, 0, 0, 0, 8000, 0, 0, 0, 0
2, 0.00000, 5.34808, 1, 0.197494, 0, 1.54781, 0.197494, 0.0103944, 0, 0, 0.0103944, -0.485544, 1, 1, 9999, 9999, 9999, 9999, 9999, 9999, 9999, 9999, 0.1975, 9999, 2.3335, 0, 0, 0, 0, 0, 8000, 0, 0, 0, 0
3, 0.00000, 5.14019, 1, 0.0333794, 0, 1.54779, 0.0333794, 0.00175681, 0, 0, 0.00175681, -0.207889, 1, 1, 9999, 9999, 9999, 9999, 9999, 9999, 9999, 9999, 0.0333737, 9999, 2.3335, 0, 0, 0, 0, 0, 8000, 0, 0, 0, 0
4, 0.00000, 5.10506, 1, 0.0000346647, 0, 1.54783, 0.0000346647, 1.82446E-6, 0, 0, 1.82446E-6, -0.0351362, 1, 1, 9999, 9999, 9999, 9999, 9999, 9999, 9999, 9999, 3.20693E-19, 9999, 2.3335, 0, 0, 0, 0, 0, 8000, 0, 0, 0, 0
5, 0.00000, 5.10502, 1, 0.000145266, 0, 1.54789, 0.000145266, 7.64559E-6, 0, 0, 7.64559E-6, -0.0000364892, 1, 1, 9999, 9999, 9999, 9999, 9999, 9999, 9999, 9999, 1.31556E-20, 9999, 2.3335, 0, 0, 0, 0, 0, 8000, 0, 0, 0, 0
