hour,t(sec),kWh,State,kWOut,kWIn,kvarOut,DCkW,kWTotalLosses,kWInvLosses,kWIdlingLosses,kWChDchLosses,"kWh Chng",InvEff,InverterON,Vref,"Vavg (DRC)","VV Oper","VW Oper","DRC Oper","VV_DRC Oper","WP Oper","WV Oper",kWDesired,"kW VW Limit","Limit kWOut Function","kVA Exceeded","Grid voltage",di/dt,it,"it History","Rated VDC","Avg duty cycle","Target (Amps)","Series L","Max. Amps (phase)"
1, 0.00000, 11.6637, 1, 2.17212, 0, 3.09468, 2.17212, 0.114322, 0, 0, 0.114322, -6.99825, 1, 1, 9999, 9999, 9999, 9999, 9999, 9999, 9999, 9999, 2.17212, 9999, 4.6655, 0, 0, 0, 0, 0, 8000, 0, 0, 0, 0
2, 0.00000, 9.37731, 1, 1.30656, 0, 3.09461, 1.30656, 0.0687665, 0, 0, 0.0687665, -2.28644, 1, 1, 9999, 9999, 9999, 9999, 9999, 9999, 9999, 9999, 1.30653, 9999, 4.6655, 0, 0, 0, 0, 0, 8000, 0, 0, 0, 0
3, 0.00000, 8.00198, 1, 1.04289, 0, 3.09467, 1.04289, 0.054889, 0, 0, 0.054889, -1.37533, 1, 1, 9999, 9999, 9999, 9999, 9999, 9999, 9999, 9999, 1.04288, 9999, 4.6655, 0, 0, 0, 0, 0, 8000, 0, 0, 0, 0
4, 0.00000, 6.9042, 1, 0.763906, 0, 3.09483, 0.763906, 0.0402056, 0, 0, 0.0402056, -1.09778, 1, 1, 9999, 9999, 9999, 9999, 9999, 9999, 9999, 9999, 0.764022, 9999, 4.6655, 0, 0, 0, 0, 0, 8000, 0, 0, 0, 0
5, 0.00000, 6.10009, 1, 0.476443, 0, 3.09459, 0.476443, 0.0250759, 0, 0, 0.0250759, -0.804111, 1, 1, 9999, 9999, 9999, 9999, 9999, 9999, 9999, 9999, 0.476348, 9999, 4.6655, 0, 0, 0, 0, 0, 8000, 0, 0, 0, 0
