hour,t(sec),kWh,State,kWOut,kWIn,kvarOut,DCkW,kWTotalLosses,kWInvLosses,kWIdlingLosses,kWChDchLosses,"kWh Chng",InvEff,InverterON,Vref,"Vavg (DRC)","VV Oper","VW Oper","DRC Oper","VV_DRC Oper","WP Oper","WV Oper",kWDesired,"kW VW Limit","Limit kWOut Function","kVA Exceeded","Grid voltage",di/dt,it,"it History","Rated VDC","Avg duty cycle","Target (Amps)","Series L","Max. Amps (phase)"
1, 0.00000, 5.83362, 1, 1.04315, 0, -1.5478, 1.04315, 0.0549028, 0, 0, 0.0549028, -3.50017, 1, 1, 9999, 9999, 9999, 9999, 9999, 9999, 9999, 9999, 1.04317, 9999, 2.3335, 0, 0, 0, 0, 0, 8000, 0, 0, 0, 0
2, 0.00000, 4.73557, 1, 0.792468, 0, -1.5478, 0.792468, 0.0417089, 0, 0, 0.0417089, -1.09806, 1, 1, 9999, 9999, 9999, 9999, 9999, 9999, 9999, 9999, 0.79255, 9999, 2.3335, 0, 0, 0, 0, 0, 8000, 0, 0, 0, 0
3, 0.00000, 3.90139, 1, 0.613967, 0, -1.5478, 0.613967, 0.0323141, 0, 0, 0.0323141, -0.834177, 1, 1, 9999, 9999, 9999, 9999, 9999, 9999, 9999, 9999, 0.613991, 9999, 2.3335, 0, 0, 0, 0, 0, 8000, 0, 0, 0, 0
4, 0.00000, 3.25511, 1, 0.43233, 0, -1.54779, 0.43233, 0.0227542, 0, 0, 0.0227542, -0.646281, 1, 1, 9999, 9999, 9999, 9999, 9999, 9999, 9999, 9999, 0.432141, 9999, 2.3335, 0, 0, 0, 0, 0, 8000, 0, 0, 0, 0
5, 0.00000, 2.80014, -1, 0, 0.000135627, -1.54774, -0.000135627, 6.78136E-6, 0, 0, 6.78136E-6, -0.454971, 1, 1, 9999, 9999, 9999, 9999, 9999, 9999, 9999, 9999, -4.06706E-18, 9999, 2.3335, 0, 0, 0, 0, 0, 8000, 0, 0, 0, 0
