hour,t(sec),kWh,State,kWOut,kWIn,kvarOut,DCkW,kWTotalLosses,kWInvLosses,kWIdlingLosses,kWChDchLosses,"kWh Chng",InvEff,InverterON,Vref,"Vavg (DRC)","VV Oper","VW Oper","DRC Oper","VV_DRC Oper","WP Oper","WV Oper",kWDesired,"kW VW Limit","Limit kWOut Function","kVA Exceeded","Grid voltage",di/dt,it,"it History","Rated VDC","Avg duty cycle","Target (Amps)","Series L","Max. Amps (phase)"
1, 0.00000, 11.6637, 1, 2.17358, 0, -3.09469, 2.17358, 0.114399, 0, 0, 0.114399, -6.99825, 1, 1, 9999, 9999, 9999, 9999, 9999, 9999, 9999, 9999, 2.17361, 9999, 4.6655, 0, 0, 0, 0, 0, 8000, 0, 0, 0, 0
2, 0.00000, 9.37577, 1, 1.32766, 0, -2.85868, 1.32766, 0.0698769, 0, 0, 0.0698769, -2.28798, 1, 1, 9999, 9999, 9999, 9999, 9999, 9999, 9999, 9999, 1.3278, 9999, 4.6655, 0, 0, 0, 0, 0, 8000, 0, 0, 0, 0
3, 0.00000, 7.97823, 1, 1.06449, 0, -2.30409, 1.06449, 0.056026, 0, 0, 0.056026, -1.39754, 1, 1, 9999, 9999, 9999, 9999, 9999, 9999, 9999, 9999, 1.06453, 9999, 4.6655, 0, 0, 0, 0, 0, 8000, 0, 0, 0, 0
4, 0.00000, 6.85771, 1, 0.772912, 0, -1.81119, 0.772912, 0.0406796, 0, 0, 0.0406796, -1.12052, 1, 1, 9999, 9999, 9999, 9999, 9999, 9999, 9999, 9999, 0.7727, 9999, 4.6655, 0, 0, 0, 0, 0, 8000, 0, 0, 0, 0
5, 0.00000, 6.04412, 1, 0.423028, 0, -2.58061, 0.423028, 0.0222647, 0, 0, 0.0222647, -0.813592, 1, 1, 9999, 9999, 9999, 9999, 9999, 9999, 9999, 9999, 0.423245, 9999, 4.6655, 0, 0, 0, 0, 0, 8000, 0, 0, 0, 0
