hour,t(sec),kWh,State,kWOut,kWIn,kvarOut,DCkW,kWTotalLosses,kWInvLosses,kWIdlingLosses,kWChDchLosses,"kWh Chng",InvEff,InverterON,Vref,"Vavg (DRC)","VV Oper","VW Oper","DRC Oper","VV_DRC Oper","WP Oper","WV Oper",kWDesired,"kW VW Limit","Limit kWOut Function","kVA Exceeded","Grid voltage",di/dt,it,"it History","Rated VDC","Avg duty cycle","Target (Amps)","Series L","Max. Amps (phase)"
1, 0.00000, 5.83362, 1, 0.43563, 0, -1.54779, 0.43563, 0.0229279, 0, 0, 0.0229279, -3.50017, 1, 1, 9999, 9999, 9999, 9999, 9999, 9999, 9999, 9999, 0.435641, 9999, 2.3335, 0, 0, 0, 0, 0, 8000, 0, 0, 0, 0
2, 0.00000, 5.37507, 1, 0.414791, 0, -1.54781, 0.414791, 0.0218311, 0, 0, 0.0218311, -0.458557, 1, 1, 9999, 9999, 9999, 9999, 9999, 9999, 9999, 9999, 0.41478, 9999, 2.3335, 0, 0, 0, 0, 0, 8000, 0, 0, 0, 0
3, 0.00000, 4.93845, 1, 0.430077, 0, -1.5478, 0.430077, 0.0226357, 0, 0, 0.0226357, -0.436622, 1, 1, 9999, 9999, 9999, 9999, 9999, 9999, 9999, 9999, 0.430087, 9999, 2.3335, 0, 0, 0, 0, 0, 8000, 0, 0, 0, 0
4, 0.00000, 4.48573, 1, 0.180429, 0, -1.54784, 0.180429, 0.00949626, 0, 0, 0.00949626, -0.452713, 1, 1, 9999, 9999, 9999, 9999, 9999, 9999, 9999, 9999, 0.180356, 9999, 2.3335, 0, 0, 0, 0, 0, 8000, 0, 0, 0, 0
5, 0.00000, 4.29581, 1, 0.000295255, 0, -1.5479, 0.000295255, 0.0000155397, 0, 0, 0.0000155397, -0.189925, 1, 1, 9999, 9999, 9999, 9999, 9999, 9999, 9999, 9999, 6.23441E-19, 9999, 2.3335, 0, 0, 0, 0, 0, 8000, 0, 0, 0, 0
