hour,t(sec),kWh,State,kWOut,kWIn,kvarOut,DCkW,kWTotalLosses,kWInvLosses,kWIdlingLosses,kWChDchLosses,"kWh Chng",InvEff,InverterON,Vref,"Vavg (DRC)","VV Oper","VW Oper","DRC Oper","VV_DRC Oper","WP Oper","WV Oper",kWDesired,"kW VW Limit","Limit kWOut Function","kVA Exceeded","Grid voltage",di/dt,it,"it History","Rated VDC","Avg duty cycle","Target (Amps)","Series L","Max. Amps (phase)"
1, 0.00000, 11.6637, 1, 2.25764, 0, 3.09468, 2.25764, 0.118823, 0, 0, 0.118823, -6.99825, 1, 1, 9999, 9999, 9999, 9999, 9999, 9999, 9999, 9999, 2.25764, 9999, 4.6655, 0, 0, 0, 0, 0, 8000, 0, 0, 0, 0
2, 0.00000, 9.28729, 1, 1.31561, 0, 3.09461, 1.31561, 0.0692428, 0, 0, 0.0692428, -2.37646, 1, 1, 9999, 9999, 9999, 9999, 9999, 9999, 9999, 9999, 1.31558, 9999, 4.6655, 0, 0, 0, 0, 0, 8000, 0, 0, 0, 0
3, 0.00000, 7.90243, 1, 1.01681, 0, 3.09467, 1.01681, 0.0535164, 0, 0, 0.0535164, -1.38486, 1, 1, 9999, 9999, 9999, 9999, 9999, 9999, 9999, 9999, 1.0168, 9999, 4.6655, 0, 0, 0, 0, 0, 8000, 0, 0, 0, 0
4, 0.00000, 6.83211, 1, 0.702926, 0, 3.09483, 0.702926, 0.0369961, 0, 0, 0.0369961, -1.07033, 1, 1, 9999, 9999, 9999, 9999, 9999, 9999, 9999, 9999, 0.703044, 9999, 4.6655, 0, 0, 0, 0, 0, 8000, 0, 0, 0, 0
5, 0.00000, 6.09219, 1, 0.468932, 0, 3.09458, 0.468932, 0.0246806, 0, 0, 0.0246806, -0.739922, 1, 1, 9999, 9999, 9999, 9999, 9999, 9999, 9999, 9999, 0.468836, 9999, 4.6655, 0, 0, 0, 0, 0, 8000, 0, 0, 0, 0
