hour,t(sec),kWh,State,kWOut,kWIn,kvarOut,DCkW,kWTotalLosses,kWInvLosses,kWIdlingLosses,kWChDchLosses,"kWh Chng",InvEff,InverterON,Vref,"Vavg (DRC)","VV Oper","VW Oper","DRC Oper","VV_DRC Oper","WP Oper","WV Oper",kWDesired,"kW VW Limit","Limit kWOut Function","kVA Exceeded","Grid voltage",di/dt,it,"it History","Rated VDC","Avg duty cycle","Target (Amps)","Series L","Max. Amps (phase)"
1, 0.00000, 11.6637, 1, 1.50833, 0, -3.09469, 1.50833, 0.0793857, 0, 0, 0.0793857, -6.99825, 1, 1, 9999, 9999, 9999, 9999, 9999, 9999, 9999, 9999, 1.50836, 9999, 4.6655, 0, 0, 0, 0, 0, 8000, 0, 0, 0, 0
2, 0.00000, 10.076, 1, 0.586104, 0, -3.09471, 0.586104, 0.0308476, 0, 0, 0.0308476, -1.58771, 1, 1, 9999, 9999, 9999, 9999, 9999, 9999, 9999, 9999, 0.58608, 9999, 4.6655, 0, 0, 0, 0, 0, 8000, 0, 0, 0, 0
3, 0.00000, 9.45908, 1, 0.30015, 0, -3.09469, 0.30015, 0.0157974, 0, 0, 0.0157974, -0.616951, 1, 1, 9999, 9999, 9999, 9999, 9999, 9999, 9999, 9999, 0.300169, 9999, 4.6655, 0, 0, 0, 0, 0, 8000, 0, 0, 0, 0
4, 0.00000, 9.14314, 1, 0.000182313, 0, -3.09477, 0.000182313, 9.59542E-6, 0, 0, 9.59542E-6, -0.315947, 1, 1, 9999, 9999, 9999, 9999, 9999, 9999, 9999, 9999, 0.0000305991, 9999, 4.6655, 0, 0, 0, 0, 0, 8000, 0, 0, 0, 0
5, 0.00000, 9.14295, -1, 0, 0.000676057, -3.09481, -0.000676057, 0.0000338028, 0, 0, 0.0000338028, -0.000191908, 1, 1, 9999, 9999, 9999, 9999, 9999, 9999, 9999, 9999, -1.85617E-19, 9999, 4.6655, 0, 0, 0, 0, 0, 8000, 0, 0, 0, 0
