hour,t(sec),kWh,State,kWOut,kWIn,kvarOut,DCkW,kWTotalLosses,kWInvLosses,kWIdlingLosses,kWChDchLosses,"kWh Chng",InvEff,InverterON,Vref,"Vavg (DRC)","VV Oper","VW Oper","DRC Oper","VV_DRC Oper","WP Oper","WV Oper",kWDesired,"kW VW Limit","Limit kWOut Function","kVA Exceeded","Grid voltage",di/dt,it,"it History","Rated VDC","Avg duty cycle","Target (Amps)","Series L","Max. Amps (phase)"
1, 0.00000, 11.6637, 1, 2.21509, 0, 3.09467, 2.21509, 0.116583, 0, 0, 0.116583, -6.99825, 1, 1, 9999, 9999, 9999, 9999, 9999, 9999, 9999, 9999, 2.21509, 9999, 4.6655, 0, 0, 0, 0, 0, 8000, 0, 0, 0, 0
2, 0.00000, 9.33208, 1, 1.24022, 0, 3.09466, 1.24022, 0.0652749, 0, 0, 0.0652749, -2.33167, 1, 1, 9999, 9999, 9999, 9999, 9999, 9999, 9999, 9999, 1.24014, 9999, 4.6655, 0, 0, 0, 0, 0, 8000, 0, 0, 0, 0
3, 0.00000, 8.02658, 1, 0.924637, 0, 3.09476, 0.924637, 0.0486651, 0, 0, 0.0486651, -1.3055, 1, 1, 9999, 9999, 9999, 9999, 9999, 9999, 9999, 9999, 0.924609, 9999, 4.6655, 0, 0, 0, 0, 0, 8000, 0, 0, 0, 0
4, 0.00000, 7.05328, 1, 0.592272, 0, 3.09476, 0.592272, 0.0311722, 0, 0, 0.0311722, -0.973302, 1, 1, 9999, 9999, 9999, 9999, 9999, 9999, 9999, 9999, 0.592239, 9999, 4.6655, 0, 0, 0, 0, 0, 8000, 0, 0, 0, 0
5, 0.00000, 6.42984, 1, 0.368025, 0, 3.09465, 0.368025, 0.0193697, 0, 0, 0.0193697, -0.623444, 1, 1, 9999, 9999, 9999, 9999, 9999, 9999, 9999, 9999, 0.367977, 9999, 4.6655, 0, 0, 0, 0, 0, 8000, 0, 0, 0, 0
6, 0.00000, 6.04244, 1, 0.42191, 0, 3.09481, 0.42191, 0.0222058, 0, 0, 0.0222058, -0.387394, 1, 1, 9999, 9999, 9999, 9999, 9999, 9999, 9999, 9999, 0.42192, 9999, 4.6655, 0, 0, 0, 0, 0, 8000, 0, 0, 0, 0
