hour,t(sec),kWh,State,kWOut,kWIn,kvarOut,DCkW,kWTotalLosses,kWInvLosses,kWIdlingLosses,kWChDchLosses,"kWh Chng",InvEff,InverterON,Vref,"Vavg (DRC)","VV Oper","VW Oper","DRC Oper","VV_DRC Oper","WP Oper","WV Oper",kWDesired,"kW VW Limit","Limit kWOut Function","kVA Exceeded","Grid voltage",di/dt,it,"it History","Rated VDC","Avg duty cycle","Target (Amps)","Series L","Max. Amps (phase)"
1, 0.00000, 11.6637, 1, 1.84696, 0, -0.459126, 1.84696, 0.0972086, 0, 0, 0.0972086, -6.99825, 1, 1, 9999, 9999, 9999, 9999, 9999, 9999, 9999, 9999, 1.84698, 9999, 4.6655, 0, 0, 0, 0, 0, 8000, 0, 0, 0, 0
2, 0.00000, 9.71958, 1, 1.20162, 0, 1.34132, 1.20162, 0.0632431, 0, 0, 0.0632431, -1.94417, 1, 1, 9999, 9999, 9999, 9999, 9999, 9999, 9999, 9999, 1.2016, 9999, 4.6655, 0, 0, 0, 0, 0, 8000, 0, 0, 0, 0
3, 0.00000, 8.45472, 1, 1.0184, 0, 1.83717, 1.0184, 0.0535999, 0, 0, 0.0535999, -1.26486, 1, 1, 9999, 9999, 9999, 9999, 9999, 9999, 9999, 9999, 1.01839, 9999, 4.6655, 0, 0, 0, 0, 0, 8000, 0, 0, 0, 0
4, 0.00000, 7.38272, 1, 0.798196, 0, 2.37597, 0.798196, 0.0420103, 0, 0, 0.0420103, -1.072, 1, 1, 9999, 9999, 9999, 9999, 9999, 9999, 9999, 9999, 0.798174, 9999, 4.6655, 0, 0, 0, 0, 0, 8000, 0, 0, 0, 0
5, 0.00000, 6.54251, 1, 0.414131, 0, 1.60727, 0.414131, 0.0217964, 0, 0, 0.0217964, -0.840206, 1, 1, 9999, 9999, 9999, 9999, 9999, 9999, 9999, 9999, 0.41411, 9999, 4.6655, 0, 0, 0, 0, 0, 8000, 0, 0, 0, 0
6, 0.00000, 6.10659, 1, 0.482642, 0, 1.67761, 0.482642, 0.0254022, 0, 0, 0.0254022, -0.435927, 1, 1, 9999, 9999, 9999, 9999, 9999, 9999, 9999, 9999, 0.482646, 9999, 4.6655, 0, 0, 0, 0, 0, 8000, 0, 0, 0, 0
