hour,t(sec),kWh,State,kWOut,kWIn,kvarOut,DCkW,kWTotalLosses,kWInvLosses,kWIdlingLosses,kWChDchLosses,"kWh Chng",InvEff,InverterON,Vref,"Vavg (DRC)","VV Oper","VW Oper","DRC Oper","VV_DRC Oper","WP Oper","WV Oper",kWDesired,"kW VW Limit","Limit kWOut Function","kVA Exceeded","Grid voltage",di/dt,it,"it History","Rated VDC","Avg duty cycle","Target (Amps)","Series L","Max. Amps (phase)"
1, 0.00000, 5.83362, 1, 0.541398, 0, 1.54779, 0.541398, 0.0284947, 0, 0, 0.0284947, -3.50017, 1, 1, 9999, 9999, 9999, 9999, 9999, 9999, 9999, 9999, 0.541395, 9999, 2.3335, 0, 0, 0, 0, 0, 8000, 0, 0, 0, 0
2, 0.00000, 5.26373, 1, 0.698247, 0, 1.54775, 0.698247, 0.0367499, 0, 0, 0.0367499, -0.569893, 1, 1, 9999, 9999, 9999, 9999, 9999, 9999, 9999, 9999, 0.69823, 9999, 2.3335, 0, 0, 0, 0, 0, 8000, 0, 0, 0, 0
3, 0.00000, 4.52873, 1, 0.684514, 0, 1.54779, 0.684514, 0.0360271, 0, 0, 0.0360271, -0.734997, 1, 1, 9999, 9999, 9999, 9999, 9999, 9999, 9999, 9999, 0.684509, 9999, 2.3335, 0, 0, 0, 0, 0, 8000, 0, 0, 0, 0
4, 0.00000, 3.80819, 1, 0.653922, 0, 1.54778, 0.653922, 0.034417, 0, 0, 0.034417, -0.720541, 1, 1, 9999, 9999, 9999, 9999, 9999, 9999, 9999, 9999, 0.653917, 9999, 2.3335, 0, 0, 0, 0, 0, 8000, 0, 0, 0, 0
5, 0.00000, 3.11985, 1, 0.124139, 0, 1.54778, 0.124139, 0.00653364, 0, 0, 0.00653364, -0.688339, 1, 1, 9999, 9999, 9999, 9999, 9999, 9999, 9999, 9999, 0.124126, 9999, 2.3335, 0, 0, 0, 0, 0, 8000, 0, 0, 0, 0
6, 0.00000, 2.98918, 1, 0.17974, 0, 1.5478, 0.17974, 0.00946, 0, 0, 0.00946, -0.130673, 1, 1, 9999, 9999, 9999, 9999, 9999, 9999, 9999, 9999, 0.179743, 9999, 2.3335, 0, 0, 0, 0, 0, 8000, 0, 0, 0, 0
