hour,t(sec),kWh,State,kWOut,kWIn,kvarOut,DCkW,kWTotalLosses,kWInvLosses,kWIdlingLosses,kWChDchLosses,"kWh Chng",InvEff,InverterON,Vref,"Vavg (DRC)","VV Oper","VW Oper","DRC Oper","VV_DRC Oper","WP Oper","WV Oper",kWDesired,"kW VW Limit","Limit kWOut Function","kVA Exceeded","Grid voltage",di/dt,it,"it History","Rated VDC","Avg duty cycle","Target (Amps)","Series L","Max. Amps (phase)"
1, 0.00000, 5.83362, 1, 1.01486, 0, 1.54789, 1.01486, 0.0534138, 0, 0, 0.0534138, -3.50017, 1, 1, 9999, 9999, 9999, 9999, 9999, 9999, 9999, 9999, 1.01486, 9999, 2.3335, 0, 0, 0, 0, 0, 8000, 0, 0, 0, 0
2, 0.00000, 4.76535, 1, 0.614114, 0, 1.54785, 0.614114, 0.0323218, 0, 0, 0.0323218, -1.06828, 1, 1, 9999, 9999, 9999, 9999, 9999, 9999, 9999, 9999, 0.614084, 9999, 2.3335, 0, 0, 0, 0, 0, 8000, 0, 0, 0, 0
3, 0.00000, 4.11891, 1, 0.486311, 0, 1.54779, 0.486311, 0.0255953, 0, 0, 0.0255953, -0.646435, 1, 1, 9999, 9999, 9999, 9999, 9999, 9999, 9999, 9999, 0.486301, 9999, 2.3335, 0, 0, 0, 0, 0, 8000, 0, 0, 0, 0
4, 0.00000, 3.60701, 1, 0.350129, 0, 1.54779, 0.350129, 0.0184279, 0, 0, 0.0184279, -0.511906, 1, 1, 9999, 9999, 9999, 9999, 9999, 9999, 9999, 9999, 0.350118, 9999, 2.3335, 0, 0, 0, 0, 0, 8000, 0, 0, 0, 0
5, 0.00000, 3.23845, 1, 0.189466, 0, 1.54788, 0.189466, 0.00997191, 0, 0, 0.00997191, -0.368557, 1, 1, 9999, 9999, 9999, 9999, 9999, 9999, 9999, 9999, 0.18945, 9999, 2.3335, 0, 0, 0, 0, 0, 8000, 0, 0, 0, 0
6, 0.00000, 3.03901, 1, 0.227098, 0, 1.5478, 0.227098, 0.0119525, 0, 0, 0.0119525, -0.199438, 1, 1, 9999, 9999, 9999, 9999, 9999, 9999, 9999, 9999, 0.227101, 9999, 2.3335, 0, 0, 0, 0, 0, 8000, 0, 0, 0, 0
