hour,t(sec),kWh,State,kWOut,kWIn,kvarOut,DCkW,kWTotalLosses,kWInvLosses,kWIdlingLosses,kWChDchLosses,"kWh Chng",InvEff,InverterON,Vref,"Vavg (DRC)","VV Oper","VW Oper","DRC Oper","VV_DRC Oper","WP Oper","WV Oper",kWDesired,"kW VW Limit","Limit kWOut Function","kVA Exceeded","Grid voltage",di/dt,it,"it History","Rated VDC","Avg duty cycle","Target (Amps)","Series L","Max. Amps (phase)"
1, 0.00000, 5.83362, 1, 0.992042, 0, 1.54789, 0.992042, 0.0522127, 0, 0, 0.0522127, -3.50017, 1, 1, 9999, 9999, 9999, 9999, 9999, 9999, 9999, 9999, 0.992041, 9999, 2.3335, 0, 0, 0, 0, 0, 8000, 0, 0, 0, 0
2, 0.00000, 4.78937, 1, 0.606292, 0, 1.54786, 0.606292, 0.0319101, 0, 0, 0.0319101, -1.04425, 1, 1, 9999, 9999, 9999, 9999, 9999, 9999, 9999, 9999, 0.606267, 9999, 2.3335, 0, 0, 0, 0, 0, 8000, 0, 0, 0, 0
3, 0.00000, 4.15117, 1, 0.484023, 0, 1.54789, 0.484023, 0.0254749, 0, 0, 0.0254749, -0.638203, 1, 1, 9999, 9999, 9999, 9999, 9999, 9999, 9999, 9999, 0.484015, 9999, 2.3335, 0, 0, 0, 0, 0, 8000, 0, 0, 0, 0
4, 0.00000, 3.64167, 1, 0.355635, 0, 1.54789, 0.355635, 0.0187176, 0, 0, 0.0187176, -0.509498, 1, 1, 9999, 9999, 9999, 9999, 9999, 9999, 9999, 9999, 0.355625, 9999, 2.3335, 0, 0, 0, 0, 0, 8000, 0, 0, 0, 0
5, 0.00000, 3.26732, 1, 0.199631, 0, 1.54788, 0.199631, 0.0105069, 0, 0, 0.0105069, -0.374353, 1, 1, 9999, 9999, 9999, 9999, 9999, 9999, 9999, 9999, 0.199617, 9999, 2.3335, 0, 0, 0, 0, 0, 8000, 0, 0, 0, 0
6, 0.00000, 3.05718, 1, 0.244361, 0, 1.5478, 0.244361, 0.0128611, 0, 0, 0.0128611, -0.210138, 1, 1, 9999, 9999, 9999, 9999, 9999, 9999, 9999, 9999, 0.244364, 9999, 2.3335, 0, 0, 0, 0, 0, 8000, 0, 0, 0, 0
