hour,t(sec),kWh,State,kWOut,kWIn,kvarOut,DCkW,kWTotalLosses,kWInvLosses,kWIdlingLosses,kWChDchLosses,"kWh Chng",InvEff,InverterON,Vref,"Vavg (DRC)","VV Oper","VW Oper","DRC Oper","VV_DRC Oper","WP Oper","WV Oper",kWDesired,"kW VW Limit","Limit kWOut Function","kVA Exceeded","Grid voltage",di/dt,it,"it History","Rated VDC","Avg duty cycle","Target (Amps)","Series L","Max. Amps (phase)"
1, 0.00000, 11.6637, 1, 2.24154, 0, 3.09468, 2.24154, 0.117976, 0, 0, 0.117976, -6.99825, 1, 1, 9999, 9999, 9999, 9999, 9999, 9999, 9999, 9999, 2.24154, 9999, 4.6655, 0, 0, 0, 0, 0, 8000, 0, 0, 0, 0
2, 0.00000, 9.30423, 1, 1.24162, 0, 3.09473, 1.24162, 0.0653482, 0, 0, 0.0653482, -2.35952, 1, 1, 9999, 9999, 9999, 9999, 9999, 9999, 9999, 9999, 1.24158, 9999, 4.6655, 0, 0, 0, 0, 0, 8000, 0, 0, 0, 0
3, 0.00000, 7.99727, 1, 0.920234, 0, 3.09468, 0.920234, 0.0484334, 0, 0, 0.0484334, -1.30696, 1, 1, 9999, 9999, 9999, 9999, 9999, 9999, 9999, 9999, 0.920223, 9999, 4.6655, 0, 0, 0, 0, 0, 8000, 0, 0, 0, 0
4, 0.00000, 7.0286, 1, 0.580168, 0, 3.09468, 0.580168, 0.0305352, 0, 0, 0.0305352, -0.968668, 1, 1, 9999, 9999, 9999, 9999, 9999, 9999, 9999, 9999, 0.580155, 9999, 4.6655, 0, 0, 0, 0, 0, 8000, 0, 0, 0, 0
5, 0.00000, 6.4179, 1, 0.361274, 0, 3.09477, 0.361274, 0.0190144, 0, 0, 0.0190144, -0.610704, 1, 1, 9999, 9999, 9999, 9999, 9999, 9999, 9999, 9999, 0.361254, 9999, 4.6655, 0, 0, 0, 0, 0, 8000, 0, 0, 0, 0
6, 0.00000, 6.03761, 1, 0.417152, 0, 3.09471, 0.417152, 0.0219554, 0, 0, 0.0219554, -0.380289, 1, 1, 9999, 9999, 9999, 9999, 9999, 9999, 9999, 9999, 0.417156, 9999, 4.6655, 0, 0, 0, 0, 0, 8000, 0, 0, 0, 0
