hour,t(sec),kWh,State,kWOut,kWIn,kvarOut,DCkW,kWTotalLosses,kWInvLosses,kWIdlingLosses,kWChDchLosses,"kWh Chng",InvEff,InverterON,Vref,"Vavg (DRC)","VV Oper","VW Oper","DRC Oper","VV_DRC Oper","WP Oper","WV Oper",kWDesired,"kW VW Limit","Limit kWOut Function","kVA Exceeded","Grid voltage",di/dt,it,"it History","Rated VDC","Avg duty cycle","Target (Amps)","Series L","Max. Amps (phase)"
1, 0.00000, 11.6637, 1, 2.5665, 0, -3.09479, 2.5665, 0.135079, 0, 0, 0.135079, -6.99825, 1, 1, 9999, 9999, 9999, 9999, 9999, 9999, 9999, 9999, 2.56654, 9999, 4.6655, 0, 0, 0, 0, 0, 8000, 0, 0, 0, 0
2, 0.00000, 8.96217, 1, 1.57706, 0, -3.0948, 1.57706, 0.083003, 0, 0, 0.083003, -2.70158, 1, 1, 9999, 9999, 9999, 9999, 9999, 9999, 9999, 9999, 1.57722, 9999, 4.6655, 0, 0, 0, 0, 0, 8000, 0, 0, 0, 0
3, 0.00000, 7.30211, 1, 1.06042, 0, -3.09469, 1.06042, 0.0558117, 0, 0, 0.0558117, -1.66006, 1, 1, 9999, 9999, 9999, 9999, 9999, 9999, 9999, 9999, 1.06047, 9999, 4.6655, 0, 0, 0, 0, 0, 8000, 0, 0, 0, 0
4, 0.00000, 6.18587, 1, 0.547311, 0, -3.09468, 0.547311, 0.0288058, 0, 0, 0.0288058, -1.11623, 1, 1, 9999, 9999, 9999, 9999, 9999, 9999, 9999, 9999, 0.547356, 9999, 4.6655, 0, 0, 0, 0, 0, 8000, 0, 0, 0, 0
5, 0.00000, 5.60976, 1, 0.000273051, 0, -3.09477, 0.000273051, 0.0000143711, 0, 0, 0.0000143711, -0.576116, 1, 1, 9999, 9999, 9999, 9999, 9999, 9999, 9999, 9999, 0.000329412, 9999, 4.6655, 0, 0, 0, 0, 0, 8000, 0, 0, 0, 0
6, 0.00000, 5.60947, 1, 0.0100779, 0, -3.09471, 0.0100779, 0.000530415, 0, 0, 0.000530415, -0.000287422, 1, 1, 9999, 9999, 9999, 9999, 9999, 9999, 9999, 9999, 0.0100663, 9999, 4.6655, 0, 0, 0, 0, 0, 8000, 0, 0, 0, 0
