hour,t(sec),kWh,State,kWOut,kWIn,kvarOut,DCkW,kWTotalLosses,kWInvLosses,kWIdlingLosses,kWChDchLosses,"kWh Chng",InvEff,InverterON,Vref,"Vavg (DRC)","VV Oper","VW Oper","DRC Oper","VV_DRC Oper","WP Oper","WV Oper",kWDesired,"kW VW Limit","Limit kWOut Function","kVA Exceeded","Grid voltage",di/dt,it,"it History","Rated VDC","Avg duty cycle","Target (Amps)","Series L","Max. Amps (phase)"
1, 0.00000, 5.83362, 1, 0.778932, 0, -1.54779, 0.778932, 0.0409964, 0, 0, 0.0409964, -3.50017, 1, 1, 9999, 9999, 9999, 9999, 9999, 9999, 9999, 9999, 0.778946, 9999, 2.3335, 0, 0, 0, 0, 0, 8000, 0, 0, 0, 0
2, 0.00000, 5.0137, 1, 0.644899, 0, -1.5478, 0.644899, 0.0339421, 0, 0, 0.0339421, -0.819929, 1, 1, 9999, 9999, 9999, 9999, 9999, 9999, 9999, 9999, 0.644979, 9999, 2.3335, 0, 0, 0, 0, 0, 8000, 0, 0, 0, 0
3, 0.00000, 4.33485, 1, 0.616347, 0, -1.5478, 0.616347, 0.0324393, 0, 0, 0.0324393, -0.678842, 1, 1, 9999, 9999, 9999, 9999, 9999, 9999, 9999, 9999, 0.616371, 9999, 2.3335, 0, 0, 0, 0, 0, 8000, 0, 0, 0, 0
4, 0.00000, 3.68607, 1, 0.552606, 0, -1.54776, 0.552606, 0.0290845, 0, 0, 0.0290845, -0.648786, 1, 1, 9999, 9999, 9999, 9999, 9999, 9999, 9999, 9999, 0.552409, 9999, 2.3335, 0, 0, 0, 0, 0, 8000, 0, 0, 0, 0
5, 0.00000, 3.10438, 1, 0.289015, 0, -1.54778, 0.289015, 0.0152113, 0, 0, 0.0152113, -0.58169, 1, 1, 9999, 9999, 9999, 9999, 9999, 9999, 9999, 9999, 0.289167, 9999, 2.3335, 0, 0, 0, 0, 0, 8000, 0, 0, 0, 0
