hour,t(sec),kWh,State,kWOut,kWIn,kvarOut,DCkW,kWTotalLosses,kWInvLosses,kWIdlingLosses,kWChDchLosses,"kWh Chng",InvEff,InverterON,Vref,"Vavg (DRC)","VV Oper","VW Oper","DRC Oper","VV_DRC Oper","WP Oper","WV Oper",kWDesired,"kW VW Limit","Limit kWOut Function","kVA Exceeded","Grid voltage",di/dt,it,"it History","Rated VDC","Avg duty cycle","Target (Amps)","Series L","Max. Amps (phase)"
1, 0.00000, 5.83362, 1, 1.05006, 0, -1.5478, 1.05006, 0.0552665, 0, 0, 0.0552665, -3.50017, 1, 1, 9999, 9999, 9999, 9999, 9999, 9999, 9999, 9999, 1.05008, 9999, 2.3335, 0, 0, 0, 0, 0, 8000, 0, 0, 0, 0
2, 0.00000, 4.72829, 1, 0.711448, 0, -1.5478, 0.711448, 0.0374446, 0, 0, 0.0374446, -1.10533, 1, 1, 9999, 9999, 9999, 9999, 9999, 9999, 9999, 9999, 0.711437, 9999, 2.3335, 0, 0, 0, 0, 0, 8000, 0, 0, 0, 0
3, 0.00000, 3.9794, 1, 0.617646, 0, -1.5478, 0.617646, 0.0325077, 0, 0, 0.0325077, -0.748892, 1, 1, 9999, 9999, 9999, 9999, 9999, 9999, 9999, 9999, 0.617654, 9999, 2.3335, 0, 0, 0, 0, 0, 8000, 0, 0, 0, 0
4, 0.00000, 3.32925, 1, 0.502741, 0, -1.54782, 0.502741, 0.02646, 0, 0, 0.02646, -0.650153, 1, 1, 9999, 9999, 9999, 9999, 9999, 9999, 9999, 9999, 0.502683, 9999, 2.3335, 0, 0, 0, 0, 0, 8000, 0, 0, 0, 0
5, 0.00000, 2.80014, 0, 0, 0.000205755, -1.54788, -0.000205755, 0.000205755, 0, 0.000205755, 0, -0.529109, 1, 1, 9999, 9999, 9999, 9999, 9999, 9999, 9999, 9999, 1.28301E-18, 9999, 2.3335, 0, 0, 0, 0, 0, 8000, 0, 0, 0, 0
