hour,t(sec),kWh,State,kWOut,kWIn,kvarOut,DCkW,kWTotalLosses,kWInvLosses,kWIdlingLosses,kWChDchLosses,"kWh Chng",InvEff,InverterON,Vref,"Vavg (DRC)","VV Oper","VW Oper","DRC Oper","VV_DRC Oper","WP Oper","WV Oper",kWDesired,"kW VW Limit","Limit kWOut Function","kVA Exceeded","Grid voltage",di/dt,it,"it History","Rated VDC","Avg duty cycle","Target (Amps)","Series L","Max. Amps (phase)"
1, 0.00000, 11.6637, 1, 2.20498, 0, -3.09469, 2.20498, 0.116051, 0, 0, 0.116051, -6.99825, 1, 1, 9999, 9999, 9999, 9999, 9999, 9999, 9999, 9999, 2.20501, 9999, 4.6655, 0, 0, 0, 0, 0, 8000, 0, 0, 0, 0
2, 0.00000, 9.34272, 1, 1.40407, 0, -3.09467, 1.40407, 0.0738984, 0, 0, 0.0738984, -2.32103, 1, 1, 9999, 9999, 9999, 9999, 9999, 9999, 9999, 9999, 1.40422, 9999, 4.6655, 0, 0, 0, 0, 0, 8000, 0, 0, 0, 0
3, 0.00000, 7.86475, 1, 1.10036, 0, -3.09469, 1.10036, 0.0579138, 0, 0, 0.0579138, -1.47797, 1, 1, 9999, 9999, 9999, 9999, 9999, 9999, 9999, 9999, 1.1004, 9999, 4.6655, 0, 0, 0, 0, 0, 8000, 0, 0, 0, 0
4, 0.00000, 6.70648, 1, 0.792781, 0, -3.09474, 0.792781, 0.0417253, 0, 0, 0.0417253, -1.15828, 1, 1, 9999, 9999, 9999, 9999, 9999, 9999, 9999, 9999, 0.792435, 9999, 4.6655, 0, 0, 0, 0, 0, 8000, 0, 0, 0, 0
5, 0.00000, 5.87197, 1, 0.259598, 0, -3.09457, 0.259598, 0.0136631, 0, 0, 0.0136631, -0.834506, 1, 1, 9999, 9999, 9999, 9999, 9999, 9999, 9999, 9999, 0.25985, 9999, 4.6655, 0, 0, 0, 0, 0, 8000, 0, 0, 0, 0
