hour,t(sec),kWh,State,kWOut,kWIn,kvarOut,DCkW,kWTotalLosses,kWInvLosses,kWIdlingLosses,kWChDchLosses,"kWh Chng",InvEff,InverterON,Vref,"Vavg (DRC)","VV Oper","VW Oper","DRC Oper","VV_DRC Oper","WP Oper","WV Oper",kWDesired,"kW VW Limit","Limit kWOut Function","kVA Exceeded","Grid voltage",di/dt,it,"it History","Rated VDC","Avg duty cycle","Target (Amps)","Series L","Max. Amps (phase)"
1, 0.00000, 11.6637, 1, 1.6151, 0, 3.09469, 1.6151, 0.0850054, 0, 0, 0.0850054, -6.99825, 1, 1, 9999, 9999, 9999, 9999, 9999, 9999, 9999, 9999, 1.6151, 9999, 4.6655, 0, 0, 0, 0, 0, 8000, 0, 0, 0, 0
2, 0.00000, 9.96364, 1, 0.68099, 0, 3.09468, 0.68099, 0.0358416, 0, 0, 0.0358416, -1.70011, 1, 1, 9999, 9999, 9999, 9999, 9999, 9999, 9999, 9999, 0.680976, 9999, 4.6655, 0, 0, 0, 0, 0, 8000, 0, 0, 0, 0
3, 0.00000, 9.24681, 1, 0.376314, 0, 3.09469, 0.376314, 0.019806, 0, 0, 0.019806, -0.716832, 1, 1, 9999, 9999, 9999, 9999, 9999, 9999, 9999, 9999, 0.37631, 9999, 4.6655, 0, 0, 0, 0, 0, 8000, 0, 0, 0, 0
4, 0.00000, 8.85069, 1, 0.0424918, 0, 3.09469, 0.0424918, 0.00223641, 0, 0, 0.00223641, -0.39612, 1, 1, 9999, 9999, 9999, 9999, 9999, 9999, 9999, 9999, 0.0424864, 9999, 4.6655, 0, 0, 0, 0, 0, 8000, 0, 0, 0, 0
5, 0.00000, 8.80596, 1, 0.0000946477, 0, 3.09469, 0.0000946477, 4.98146E-6, 0, 0, 4.98146E-6, -0.0447283, 1, 1, 9999, 9999, 9999, 9999, 9999, 9999, 9999, 9999, 0.0000871142, 9999, 4.6655, 0, 0, 0, 0, 0, 8000, 0, 0, 0, 0
6, 0.00000, 8.80586, 1, 0.0000855735, 0, 3.0948, 0.0000855735, 4.50387E-6, 0, 0, 4.50387E-6, -0.0000996292, 1, 1, 9999, 9999, 9999, 9999, 9999, 9999, 9999, 9999, 0.0000871142, 9999, 4.6655, 0, 0, 0, 0, 0, 8000, 0, 0, 0, 0
