hour,t(sec),kWh,State,kWOut,kWIn,kvarOut,DCkW,kWTotalLosses,kWInvLosses,kWIdlingLosses,kWChDchLosses,"kWh Chng",InvEff,InverterON,Vref,"Vavg (DRC)","VV Oper","VW Oper","DRC Oper","VV_DRC Oper","WP Oper","WV Oper",kWDesired,"kW VW Limit","Limit kWOut Function","kVA Exceeded","Grid voltage",di/dt,it,"it History","Rated VDC","Avg duty cycle","Target (Amps)","Series L","Max. Amps (phase)"
1, 0.00000, 11.6637, 1, 1.60092, 0, 3.09469, 1.60092, 0.084259, 0, 0, 0.084259, -6.99825, 1, 1, 9999, 9999, 9999, 9999, 9999, 9999, 9999, 9999, 1.60092, 9999, 4.6655, 0, 0, 0, 0, 0, 8000, 0, 0, 0, 0
2, 0.00000, 9.97857, 1, 0.674645, 0, 3.09468, 0.674645, 0.0355076, 0, 0, 0.0355076, -1.68518, 1, 1, 9999, 9999, 9999, 9999, 9999, 9999, 9999, 9999, 0.674631, 9999, 4.6655, 0, 0, 0, 0, 0, 8000, 0, 0, 0, 0
3, 0.00000, 9.26842, 1, 0.376454, 0, 3.09469, 0.376454, 0.0198134, 0, 0, 0.0198134, -0.710153, 1, 1, 9999, 9999, 9999, 9999, 9999, 9999, 9999, 9999, 0.37645, 9999, 4.6655, 0, 0, 0, 0, 0, 8000, 0, 0, 0, 0
4, 0.00000, 8.87215, 1, 0.050225, 0, 3.09473, 0.050225, 0.00264342, 0, 0, 0.00264342, -0.396268, 1, 1, 9999, 9999, 9999, 9999, 9999, 9999, 9999, 9999, 0.0502661, 9999, 4.6655, 0, 0, 0, 0, 0, 8000, 0, 0, 0, 0
5, 0.00000, 8.81928, 1, 0.0000322608, 0, 3.09467, 0.0000322608, 1.69794E-6, 0, 0, 1.69794E-6, -0.0528684, 1, 1, 9999, 9999, 9999, 9999, 9999, 9999, 9999, 9999, 2.33872E-18, 9999, 4.6655, 0, 0, 0, 0, 0, 8000, 0, 0, 0, 0
