hour,t(sec),kWh,State,kWOut,kWIn,kvarOut,DCkW,kWTotalLosses,kWInvLosses,kWIdlingLosses,kWChDchLosses,"kWh Chng",InvEff,InverterON,Vref,"Vavg (DRC)","VV Oper","VW Oper","DRC Oper","VV_DRC Oper","WP Oper","WV Oper",kWDesired,"kW VW Limit","Limit kWOut Function","kVA Exceeded","Grid voltage",di/dt,it,"it History","Rated VDC","Avg duty cycle","Target (Amps)","Series L","Max. Amps (phase)"
1, 0.00000, 11.6637, 1, 1.88062, 0, 3.09468, 1.88062, 0.0989799, 0, 0, 0.0989799, -6.99825, 1, 1, 9999, 9999, 9999, 9999, 9999, 9999, 9999, 9999, 1.88062, 9999, 4.6655, 0, 0, 0, 0, 0, 8000, 0, 0, 0, 0
2, 0.00000, 9.68415, 1, 1.32393, 0, 3.09461, 1.32393, 0.0696805, 0, 0, 0.0696805, -1.9796, 1, 1, 9999, 9999, 9999, 9999, 9999, 9999, 9999, 9999, 1.32388, 9999, 4.6655, 0, 0, 0, 0, 0, 8000, 0, 0, 0, 0
3, 0.00000, 8.29054, 1, 1.15505, 0, 3.09468, 1.15505, 0.0607922, 0, 0, 0.0607922, -1.39361, 1, 1, 9999, 9999, 9999, 9999, 9999, 9999, 9999, 9999, 1.15504, 9999, 4.6655, 0, 0, 0, 0, 0, 8000, 0, 0, 0, 0
4, 0.00000, 7.0747, 1, 0.948811, 0, 3.09484, 0.948811, 0.0499374, 0, 0, 0.0499374, -1.21584, 1, 1, 9999, 9999, 9999, 9999, 9999, 9999, 9999, 9999, 0.948963, 9999, 4.6655, 0, 0, 0, 0, 0, 8000, 0, 0, 0, 0
5, 0.00000, 6.07595, 1, 0.453479, 0, 3.09458, 0.453479, 0.0238673, 0, 0, 0.0238673, -0.998748, 1, 1, 9999, 9999, 9999, 9999, 9999, 9999, 9999, 9999, 0.453356, 9999, 4.6655, 0, 0, 0, 0, 0, 8000, 0, 0, 0, 0
