hour,t(sec),kWh,State,kWOut,kWIn,kvarOut,DCkW,kWTotalLosses,kWInvLosses,kWIdlingLosses,kWChDchLosses,"kWh Chng",InvEff,InverterON,Vref,"Vavg (DRC)","VV Oper","VW Oper","DRC Oper","VV_DRC Oper","WP Oper","WV Oper",kWDesired,"kW VW Limit","Limit kWOut Function","kVA Exceeded","Grid voltage",di/dt,it,"it History","Rated VDC","Avg duty cycle","Target (Amps)","Series L","Max. Amps (phase)"
1, 0.00000, 11.6637, 1, 2.44323, 0, 3.09468, 2.44323, 0.128591, 0, 0, 0.128591, -6.99825, 1, 1, 9999, 9999, 9999, 9999, 9999, 9999, 9999, 9999, 2.44323, 9999, 4.6655, 0, 0, 0, 0, 0, 8000, 0, 0, 0, 0
2, 0.00000, 9.09193, 1, 1.44476, 0, 3.09472, 1.44476, 0.07604, 0, 0, 0.07604, -2.57182, 1, 1, 9999, 9999, 9999, 9999, 9999, 9999, 9999, 9999, 1.44477, 9999, 4.6655, 0, 0, 0, 0, 0, 8000, 0, 0, 0, 0
3, 0.00000, 7.57113, 1, 1.10983, 0, 3.09469, 1.10983, 0.0584123, 0, 0, 0.0584123, -1.5208, 1, 1, 9999, 9999, 9999, 9999, 9999, 9999, 9999, 9999, 1.10983, 9999, 4.6655, 0, 0, 0, 0, 0, 8000, 0, 0, 0, 0
4, 0.00000, 6.40288, 1, 0.764024, 0, 3.09476, 0.764024, 0.0402118, 0, 0, 0.0402118, -1.16825, 1, 1, 9999, 9999, 9999, 9999, 9999, 9999, 9999, 9999, 0.764069, 9999, 4.6655, 0, 0, 0, 0, 0, 8000, 0, 0, 0, 0
5, 0.00000, 5.59865, 1, 0.000244168, 0, 3.09482, 0.000244168, 0.0000128509, 0, 0, 0.0000128509, -0.804236, 1, 1, 9999, 9999, 9999, 9999, 9999, 9999, 9999, 9999, 1.5642E-19, 9999, 4.6655, 0, 0, 0, 0, 0, 8000, 0, 0, 0, 0
