hour,t(sec),kWh,State,kWOut,kWIn,kvarOut,DCkW,kWTotalLosses,kWInvLosses,kWIdlingLosses,kWChDchLosses,"kWh Chng",InvEff,InverterON,Vref,"Vavg (DRC)","VV Oper","VW Oper","DRC Oper","VV_DRC Oper","WP Oper","WV Oper",kWDesired,"kW VW Limit","Limit kWOut Function","kVA Exceeded","Grid voltage",di/dt,it,"it History","Rated VDC","Avg duty cycle","Target (Amps)","Series L","Max. Amps (phase)"
1, 0.00000, 5.83362, 1, 0.57543, 0, -1.54779, 0.57543, 0.0302858, 0, 0, 0.0302858, -3.50017, 1, 1, 9999, 9999, 9999, 9999, 9999, 9999, 9999, 9999, 0.575441, 9999, 2.3335, 0, 0, 0, 0, 0, 8000, 0, 0, 0, 0
2, 0.00000, 5.22791, 1, 0.739358, 0, -1.5478, 0.739358, 0.0389136, 0, 0, 0.0389136, -0.605716, 1, 1, 9999, 9999, 9999, 9999, 9999, 9999, 9999, 9999, 0.739346, 9999, 2.3335, 0, 0, 0, 0, 0, 8000, 0, 0, 0, 0
3, 0.00000, 4.44964, 1, 0.810484, 0, -1.5478, 0.810484, 0.042657, 0, 0, 0.042657, -0.778272, 1, 1, 9999, 9999, 9999, 9999, 9999, 9999, 9999, 9999, 0.810495, 9999, 2.3335, 0, 0, 0, 0, 0, 8000, 0, 0, 0, 0
4, 0.00000, 3.5965, 1, 0.756694, 0, -1.54781, 0.756694, 0.039826, 0, 0, 0.039826, -0.853141, 1, 1, 9999, 9999, 9999, 9999, 9999, 9999, 9999, 9999, 0.756614, 9999, 2.3335, 0, 0, 0, 0, 0, 8000, 0, 0, 0, 0
5, 0.00000, 2.80014, -1, 0, 0.000264603, -1.54789, -0.000264603, 0.0000132301, 0, 0, 0.0000132301, -0.796357, 1, 1, 9999, 9999, 9999, 9999, 9999, 9999, 9999, 9999, -1.54851E-18, 9999, 2.3335, 0, 0, 0, 0, 0, 8000, 0, 0, 0, 0
