hour,t(sec),kWh,State,kWOut,kWIn,kvarOut,DCkW,kWTotalLosses,kWInvLosses,kWIdlingLosses,kWChDchLosses,"kWh Chng",InvEff,InverterON,Vref,"Vavg (DRC)","VV Oper","VW Oper","DRC Oper","VV_DRC Oper","WP Oper","WV Oper",kWDesired,"kW VW Limit","Limit kWOut Function","kVA Exceeded","Grid voltage",di/dt,it,"it History","Rated VDC","Avg duty cycle","Target (Amps)","Series L","Max. Amps (phase)"
1, 0.00000, 5.83362, 1, 1.03911, 0, 1.54779, 1.03911, 0.0546899, 0, 0, 0.0546899, -3.50017, 1, 1, 9999, 9999, 9999, 9999, 9999, 9999, 9999, 9999, 1.03911, 9999, 2.3335, 0, 0, 0, 0, 0, 8000, 0, 0, 0, 0
2, 0.00000, 4.73983, 1, 0.651858, 0, 1.54775, 0.651858, 0.0343083, 0, 0, 0.0343083, -1.0938, 1, 1, 9999, 9999, 9999, 9999, 9999, 9999, 9999, 9999, 0.65184, 9999, 2.3335, 0, 0, 0, 0, 0, 8000, 0, 0, 0, 0
3, 0.00000, 4.05366, 1, 0.535824, 0, 1.54779, 0.535824, 0.0282013, 0, 0, 0.0282013, -0.686167, 1, 1, 9999, 9999, 9999, 9999, 9999, 9999, 9999, 9999, 0.535818, 9999, 2.3335, 0, 0, 0, 0, 0, 8000, 0, 0, 0, 0
4, 0.00000, 3.48963, 1, 0.408048, 0, 1.54787, 0.408048, 0.0214762, 0, 0, 0.0214762, -0.564026, 1, 1, 9999, 9999, 9999, 9999, 9999, 9999, 9999, 9999, 0.408106, 9999, 2.3335, 0, 0, 0, 0, 0, 8000, 0, 0, 0, 0
5, 0.00000, 3.06011, 1, 0.247048, 0, 1.54774, 0.247048, 0.0130026, 0, 0, 0.0130026, -0.429524, 1, 1, 9999, 9999, 9999, 9999, 9999, 9999, 9999, 9999, 0.247001, 9999, 2.3335, 0, 0, 0, 0, 0, 8000, 0, 0, 0, 0
