hour,t(sec),kWh,State,kWOut,kWIn,kvarOut,DCkW,kWTotalLosses,kWInvLosses,kWIdlingLosses,kWChDchLosses,"kWh Chng",InvEff,InverterON,Vref,"Vavg (DRC)","VV Oper","VW Oper","DRC Oper","VV_DRC Oper","WP Oper","WV Oper",kWDesired,"kW VW Limit","Limit kWOut Function","kVA Exceeded","Grid voltage",di/dt,it,"it History","Rated VDC","Avg duty cycle","Target (Amps)","Series L","Max. Amps (phase)"
1, 0.00000, 11.6637, 1, 0.453227, 0, -3.09468, 0.453227, 0.0238541, 0, 0, 0.0238541, -6.99825, 1, 1, 9999, 9999, 9999, 9999, 9999, 9999, 9999, 9999, 0.453249, 9999, 4.6655, 0, 0, 0, 0, 0, 8000, 0, 0, 0, 0
2, 0.00000, 11.1867, 1, 0.535343, 0, -3.09471, 0.535343, 0.0281759, 0, 0, 0.0281759, -0.477081, 1, 1, 9999, 9999, 9999, 9999, 9999, 9999, 9999, 9999, 0.535319, 9999, 4.6655, 0, 0, 0, 0, 0, 8000, 0, 0, 0, 0
3, 0.00000, 10.6231, 1, 0.619278, 0, -3.09469, 0.619278, 0.0325936, 0, 0, 0.0325936, -0.563518, 1, 1, 9999, 9999, 9999, 9999, 9999, 9999, 9999, 9999, 0.619298, 9999, 4.6655, 0, 0, 0, 0, 0, 8000, 0, 0, 0, 0
4, 0.00000, 9.97128, 1, 0.575186, 0, -3.09474, 0.575186, 0.030273, 0, 0, 0.030273, -0.651872, 1, 1, 9999, 9999, 9999, 9999, 9999, 9999, 9999, 9999, 0.575023, 9999, 4.6655, 0, 0, 0, 0, 0, 8000, 0, 0, 0, 0
5, 0.00000, 9.36582, 1, 0.000665174, 0, -3.09481, 0.000665174, 0.0000350092, 0, 0, 0.0000350092, -0.605459, 1, 1, 9999, 9999, 9999, 9999, 9999, 9999, 9999, 9999, 5.07E-19, 9999, 4.6655, 0, 0, 0, 0, 0, 8000, 0, 0, 0, 0
