hour,t(sec),kWh,State,kWOut,kWIn,kvarOut,DCkW,kWTotalLosses,kWInvLosses,kWIdlingLosses,kWChDchLosses,"kWh Chng",InvEff,InverterON,Vref,"Vavg (DRC)","VV Oper","VW Oper","DRC Oper","VV_DRC Oper","WP Oper","WV Oper",kWDesired,"kW VW Limit","Limit kWOut Function","kVA Exceeded","Grid voltage",di/dt,it,"it History","Rated VDC","Avg duty cycle","Target (Amps)","Series L","Max. Amps (phase)"
1, 0.00000, 11.6637, 1, 2.51638, 0, 3.09468, 2.51638, 0.132441, 0, 0, 0.132441, -6.99825, 1, 1, 9999, 9999, 9999, 9999, 9999, 9999, 9999, 9999, 2.51638, 9999, 4.6655, 0, 0, 0, 0, 0, 8000, 0, 0, 0, 0
2, 0.00000, 9.01493, 1, 1.54078, 0, 3.09472, 1.54078, 0.0810935, 0, 0, 0.0810935, -2.64883, 1, 1, 9999, 9999, 9999, 9999, 9999, 9999, 9999, 9999, 1.54078, 9999, 4.6655, 0, 0, 0, 0, 0, 8000, 0, 0, 0, 0
3, 0.00000, 7.39305, 1, 1.15868, 0, 3.09469, 1.15868, 0.0609832, 0, 0, 0.0609832, -1.62187, 1, 1, 9999, 9999, 9999, 9999, 9999, 9999, 9999, 9999, 1.15868, 9999, 4.6655, 0, 0, 0, 0, 0, 8000, 0, 0, 0, 0
4, 0.00000, 6.17339, 1, 0.546002, 0, 3.09476, 0.546002, 0.028737, 0, 0, 0.028737, -1.21966, 1, 1, 9999, 9999, 9999, 9999, 9999, 9999, 9999, 9999, 0.54605, 9999, 4.6655, 0, 0, 0, 0, 0, 8000, 0, 0, 0, 0
5, 0.00000, 5.59865, -1, 0, 0.000243748, 3.09482, -0.000243748, 0.0000121874, 0, 0, 0.0000121874, -0.574739, 1, 1, 9999, 9999, 9999, 9999, 9999, 9999, 9999, 9999, -4.74341E-20, 9999, 4.6655, 0, 0, 0, 0, 0, 8000, 0, 0, 0, 0
