hour,t(sec),kWh,State,kWOut,kWIn,kvarOut,DCkW,kWTotalLosses,kWInvLosses,kWIdlingLosses,kWChDchLosses,"kWh Chng",InvEff,InverterON,Vref,"Vavg (DRC)","VV Oper","VW Oper","DRC Oper","VV_DRC Oper","WP Oper","WV Oper",kWDesired,"kW VW Limit","Limit kWOut Function","kVA Exceeded","Grid voltage",di/dt,it,"it History","Rated VDC","Avg duty cycle","Target (Amps)","Series L","Max. Amps (phase)"
1, 0.00000, 11.6637, 1, 2.16181, 0, 3.09468, 2.16181, 0.113779, 0, 0, 0.113779, -6.99825, 1, 1, 9999, 9999, 9999, 9999, 9999, 9999, 9999, 9999, 2.16181, 9999, 4.6655, 0, 0, 0, 0, 0, 8000, 0, 0, 0, 0
2, 0.00000, 9.38816, 1, 1.32573, 0, 3.09463, 1.32573, 0.0697755, 0, 0, 0.0697755, -2.27559, 1, 1, 9999, 9999, 9999, 9999, 9999, 9999, 9999, 9999, 1.3257, 9999, 4.6655, 0, 0, 0, 0, 0, 8000, 0, 0, 0, 0
3, 0.00000, 7.99265, 1, 1.06379, 0, 3.09468, 1.06379, 0.055989, 0, 0, 0.055989, -1.39551, 1, 1, 9999, 9999, 9999, 9999, 9999, 9999, 9999, 9999, 1.06378, 9999, 4.6655, 0, 0, 0, 0, 0, 8000, 0, 0, 0, 0
4, 0.00000, 6.87287, 1, 0.788922, 0, 3.0948, 0.788922, 0.0415222, 0, 0, 0.0415222, -1.11978, 1, 1, 9999, 9999, 9999, 9999, 9999, 9999, 9999, 9999, 0.789029, 9999, 4.6655, 0, 0, 0, 0, 0, 8000, 0, 0, 0, 0
5, 0.00000, 6.04243, 1, 0.421656, 0, 3.09461, 0.421656, 0.0221924, 0, 0, 0.0221924, -0.830445, 1, 1, 9999, 9999, 9999, 9999, 9999, 9999, 9999, 9999, 0.42157, 9999, 4.6655, 0, 0, 0, 0, 0, 8000, 0, 0, 0, 0
