hour,t(sec),kWh,State,kWOut,kWIn,kvarOut,DCkW,kWTotalLosses,kWInvLosses,kWIdlingLosses,kWChDchLosses,"kWh Chng",InvEff,InverterON,Vref,"Vavg (DRC)","VV Oper","VW Oper","DRC Oper","VV_DRC Oper","WP Oper","WV Oper",kWDesired,"kW VW Limit","Limit kWOut Function","kVA Exceeded","Grid voltage",di/dt,it,"it History","Rated VDC","Avg duty cycle","Target (Amps)","Series L","Max. Amps (phase)"
1, 0.00000, 11.6637, 1, 1.90205, 0, -3.09469, 1.90205, 0.100108, 0, 0, 0.100108, -6.99825, 1, 1, 9999, 9999, 9999, 9999, 9999, 9999, 9999, 9999, 1.90208, 9999, 4.6655, 0, 0, 0, 0, 0, 8000, 0, 0, 0, 0
2, 0.00000, 9.66159, 1, 1.29046, 0, -3.09471, 1.29046, 0.0679189, 0, 0, 0.0679189, -2.00216, 1, 1, 9999, 9999, 9999, 9999, 9999, 9999, 9999, 9999, 1.29062, 9999, 4.6655, 0, 0, 0, 0, 0, 8000, 0, 0, 0, 0
3, 0.00000, 8.30322, 1, 1.07083, 0, -3.0947, 1.07083, 0.0563592, 0, 0, 0.0563592, -1.35838, 1, 1, 9999, 9999, 9999, 9999, 9999, 9999, 9999, 9999, 1.07087, 9999, 4.6655, 0, 0, 0, 0, 0, 8000, 0, 0, 0, 0
4, 0.00000, 7.17603, 1, 0.808248, 0, -3.09469, 0.808248, 0.0425394, 0, 0, 0.0425394, -1.12718, 1, 1, 9999, 9999, 9999, 9999, 9999, 9999, 9999, 9999, 0.808298, 9999, 4.6655, 0, 0, 0, 0, 0, 8000, 0, 0, 0, 0
5, 0.00000, 6.32524, 1, 0.314974, 0, -3.09468, 0.314974, 0.0165776, 0, 0, 0.0165776, -0.850788, 1, 1, 9999, 9999, 9999, 9999, 9999, 9999, 9999, 9999, 0.315038, 9999, 4.6655, 0, 0, 0, 0, 0, 8000, 0, 0, 0, 0
6, 0.00000, 5.99369, 1, 0.375059, 0, -3.0947, 0.375059, 0.0197399, 0, 0, 0.0197399, -0.331552, 1, 1, 9999, 9999, 9999, 9999, 9999, 9999, 9999, 9999, 0.375046, 9999, 4.6655, 0, 0, 0, 0, 0, 8000, 0, 0, 0, 0
