hour,t(sec),kWh,State,kWOut,kWIn,kvarOut,DCkW,kWTotalLosses,kWInvLosses,kWIdlingLosses,kWChDchLosses,"kWh Chng",InvEff,InverterON,Vref,"Vavg (DRC)","VV Oper","VW Oper","DRC Oper","VV_DRC Oper","WP Oper","WV Oper",kWDesired,"kW VW Limit","Limit kWOut Function","kVA Exceeded","Grid voltage",di/dt,it,"it History","Rated VDC","Avg duty cycle","Target (Amps)","Series L","Max. Amps (phase)"
1, 0.00000, 11.6637, 1, 0.987569, 0, -3.09469, 0.987569, 0.0519773, 0, 0, 0.0519773, -6.99825, 1, 1, 9999, 9999, 9999, 9999, 9999, 9999, 9999, 9999, 0.987593, 9999, 4.6655, 0, 0, 0, 0, 0, 8000, 0, 0, 0, 0
2, 0.00000, 10.6242, 1, 0.398898, 0, -3.09471, 0.398898, 0.0209946, 0, 0, 0.0209946, -1.03955, 1, 1, 9999, 9999, 9999, 9999, 9999, 9999, 9999, 9999, 0.398877, 9999, 4.6655, 0, 0, 0, 0, 0, 8000, 0, 0, 0, 0
3, 0.00000, 10.2043, 1, 0.240438, 0, -3.09469, 0.240438, 0.0126546, 0, 0, 0.0126546, -0.419893, 1, 1, 9999, 9999, 9999, 9999, 9999, 9999, 9999, 9999, 0.240455, 9999, 4.6655, 0, 0, 0, 0, 0, 8000, 0, 0, 0, 0
4, 0.00000, 9.95122, 1, 0.000137755, 0, -3.09478, 0.000137755, 7.25028E-6, 0, 0, 7.25028E-6, -0.253093, 1, 1, 9999, 9999, 9999, 9999, 9999, 9999, 9999, 9999, 1.18592E-18, 9999, 4.6655, 0, 0, 0, 0, 0, 8000, 0, 0, 0, 0
5, 0.00000, 9.95107, -1, 0, 0.000606797, -3.09487, -0.000606797, 0.0000303399, 0, 0, 0.0000303399, -0.000145005, 1, 1, 9999, 9999, 9999, 9999, 9999, 9999, 9999, 9999, -3.75647E-19, 9999, 4.6655, 0, 0, 0, 0, 0, 8000, 0, 0, 0, 0
