hour,t(sec),kWh,State,kWOut,kWIn,kvarOut,DCkW,kWTotalLosses,kWInvLosses,kWIdlingLosses,kWChDchLosses,"kWh Chng",InvEff,InverterON,Vref,"Vavg (DRC)","VV Oper","VW Oper","DRC Oper","VV_DRC Oper","WP Oper","WV Oper",kWDesired,"kW VW Limit","Limit kWOut Function","kVA Exceeded","Grid voltage",di/dt,it,"it History","Rated VDC","Avg duty cycle","Target (Amps)","Series L","Max. Amps (phase)"
1, 0.00000, 5.83362, 1, 0.709248, 0, 1.54778, 0.709248, 0.0373289, 0, 0, 0.0373289, -3.50017, 1, 1, 9999, 9999, 9999, 9999, 9999, 9999, 9999, 9999, 0.709244, 9999, 2.3335, 0, 0, 0, 0, 0, 8000, 0, 0, 0, 0
2, 0.00000, 5.08705, 1, 0.619725, 0, 1.54781, 0.619725, 0.0326171, 0, 0, 0.0326171, -0.746577, 1, 1, 9999, 9999, 9999, 9999, 9999, 9999, 9999, 9999, 0.619731, 9999, 2.3335, 0, 0, 0, 0, 0, 8000, 0, 0, 0, 0
3, 0.00000, 4.43471, 1, 0.611616, 0, 1.54779, 0.611616, 0.0321903, 0, 0, 0.0321903, -0.652342, 1, 1, 9999, 9999, 9999, 9999, 9999, 9999, 9999, 9999, 0.61161, 9999, 2.3335, 0, 0, 0, 0, 0, 8000, 0, 0, 0, 0
4, 0.00000, 3.7909, 1, 0.572332, 0, 1.54788, 0.572332, 0.0301227, 0, 0, 0.0301227, -0.643806, 1, 1, 9999, 9999, 9999, 9999, 9999, 9999, 9999, 9999, 0.572384, 9999, 2.3335, 0, 0, 0, 0, 0, 8000, 0, 0, 0, 0
5, 0.00000, 3.18845, 1, 0.163363, 0, 1.54795, 0.163363, 0.00859806, 0, 0, 0.00859806, -0.602455, 1, 1, 9999, 9999, 9999, 9999, 9999, 9999, 9999, 9999, 0.163653, 9999, 2.3335, 0, 0, 0, 0, 0, 8000, 0, 0, 0, 0
