hour,t(sec),kWh,State,kWOut,kWIn,kvarOut,DCkW,kWTotalLosses,kWInvLosses,kWIdlingLosses,kWChDchLosses,"kWh Chng",InvEff,InverterON,Vref,"Vavg (DRC)","VV Oper","VW Oper","DRC Oper","VV_DRC Oper","WP Oper","WV Oper",kWDesired,"kW VW Limit","Limit kWOut Function","kVA Exceeded","Grid voltage",di/dt,it,"it History","Rated VDC","Avg duty cycle","Target (Amps)","Series L","Max. Amps (phase)"
1, 0.00000, 11.6637, 1, 2.15364, 0, 2.58227, 2.15364, 0.113349, 0, 0, 0.113349, -6.99825, 1, 1, 9999, 9999, 9999, 9999, 9999, 9999, 9999, 9999, 2.15364, 9999, 4.6655, 0, 0, 0, 0, 0, 8000, 0, 0, 0, 0
2, 0.00000, 9.39676, 1, 1.22039, 0, 3.09467, 1.22039, 0.0642311, 0, 0, 0.0642311, -2.26699, 1, 1, 9999, 9999, 9999, 9999, 9999, 9999, 9999, 9999, 1.22031, 9999, 4.6655, 0, 0, 0, 0, 0, 8000, 0, 0, 0, 0
3, 0.00000, 8.11214, 1, 0.937886, 0, 3.09476, 0.937886, 0.0493624, 0, 0, 0.0493624, -1.28462, 1, 1, 9999, 9999, 9999, 9999, 9999, 9999, 9999, 9999, 0.937859, 9999, 4.6655, 0, 0, 0, 0, 0, 8000, 0, 0, 0, 0
4, 0.00000, 7.12489, 1, 0.631927, 0, 3.09476, 0.631927, 0.0332593, 0, 0, 0.0332593, -0.987248, 1, 1, 9999, 9999, 9999, 9999, 9999, 9999, 9999, 9999, 0.631895, 9999, 4.6655, 0, 0, 0, 0, 0, 8000, 0, 0, 0, 0
5, 0.00000, 6.4597, 1, 0.367607, 0, 3.09465, 0.367607, 0.0193478, 0, 0, 0.0193478, -0.665186, 1, 1, 9999, 9999, 9999, 9999, 9999, 9999, 9999, 9999, 0.367562, 9999, 4.6655, 0, 0, 0, 0, 0, 8000, 0, 0, 0, 0
6, 0.00000, 6.07275, 1, 0.450739, 0, 3.09471, 0.450739, 0.0237231, 0, 0, 0.0237231, -0.386955, 1, 1, 9999, 9999, 9999, 9999, 9999, 9999, 9999, 9999, 0.450748, 9999, 4.6655, 0, 0, 0, 0, 0, 8000, 0, 0, 0, 0
