hour,t(sec),kWh,State,kWOut,kWIn,kvarOut,DCkW,kWTotalLosses,kWInvLosses,kWIdlingLosses,kWChDchLosses,"kWh Chng",InvEff,InverterON,Vref,"Vavg (DRC)","VV Oper","VW Oper","DRC Oper","VV_DRC Oper","WP Oper","WV Oper",kWDesired,"kW VW Limit","Limit kWOut Function","kVA Exceeded","Grid voltage",di/dt,it,"it History","Rated VDC","Avg duty cycle","Target (Amps)","Series L","Max. Amps (phase)"
1, 0.00000, 11.6637, 1, 2.25577, 0, 2.50287, 2.25577, 0.118725, 0, 0, 0.118725, -6.99825, 1, 1, 9999, 9999, 9999, 9999, 9999, 9999, 9999, 9999, 2.25577, 9999, 4.6655, 0, 0, 0, 0, 0, 8000, 0, 0, 0, 0
2, 0.00000, 9.28926, 1, 1.31393, 0, 3.09457, 1.31393, 0.0691544, 0, 0, 0.0691544, -2.37449, 1, 1, 9999, 9999, 9999, 9999, 9999, 9999, 9999, 9999, 1.31385, 9999, 4.6655, 0, 0, 0, 0, 0, 8000, 0, 0, 0, 0
3, 0.00000, 7.90617, 1, 1.01491, 0, 3.09466, 1.01491, 0.0534164, 0, 0, 0.0534164, -1.38309, 1, 1, 9999, 9999, 9999, 9999, 9999, 9999, 9999, 9999, 1.01489, 9999, 4.6655, 0, 0, 0, 0, 0, 8000, 0, 0, 0, 0
4, 0.00000, 6.83784, 1, 0.69567, 0, 3.0949, 0.69567, 0.0366142, 0, 0, 0.0366142, -1.06833, 1, 1, 9999, 9999, 9999, 9999, 9999, 9999, 9999, 9999, 0.695953, 9999, 4.6655, 0, 0, 0, 0, 0, 8000, 0, 0, 0, 0
5, 0.00000, 6.10556, 1, 0.481645, 0, 3.09451, 0.481645, 0.0253497, 0, 0, 0.0253497, -0.732285, 1, 1, 9999, 9999, 9999, 9999, 9999, 9999, 9999, 9999, 0.481433, 9999, 4.6655, 0, 0, 0, 0, 0, 8000, 0, 0, 0, 0
