hour,t(sec),kWh,State,kWOut,kWIn,kvarOut,DCkW,kWTotalLosses,kWInvLosses,kWIdlingLosses,kWChDchLosses,"kWh Chng",InvEff,InverterON,Vref,"Vavg (DRC)","VV Oper","VW Oper","DRC Oper","VV_DRC Oper","WP Oper","WV Oper",kWDesired,"kW VW Limit","Limit kWOut Function","kVA Exceeded","Grid voltage",di/dt,it,"it History","Rated VDC","Avg duty cycle","Target (Amps)","Series L","Max. Amps (phase)"
1, 0.00000, 11.6637, 1, 1.80102, 0, 2.30257, 1.80102, 0.0947906, 0, 0, 0.0947906, -6.99825, 1, 1, 9999, 9999, 9999, 9999, 9999, 9999, 9999, 9999, 1.80102, 9999, 4.6655, 0, 0, 0, 0, 0, 8000, 0, 0, 0, 0
2, 0.00000, 9.76794, 1, 1.20924, 0, 3.09457, 1.20924, 0.0636444, 0, 0, 0.0636444, -1.89581, 1, 1, 9999, 9999, 9999, 9999, 9999, 9999, 9999, 9999, 1.20916, 9999, 4.6655, 0, 0, 0, 0, 0, 8000, 0, 0, 0, 0
3, 0.00000, 8.49505, 1, 1.03623, 0, 3.09466, 1.03623, 0.0545386, 0, 0, 0.0545386, -1.27289, 1, 1, 9999, 9999, 9999, 9999, 9999, 9999, 9999, 9999, 1.03621, 9999, 4.6655, 0, 0, 0, 0, 0, 8000, 0, 0, 0, 0
4, 0.00000, 7.40428, 1, 0.830863, 0, 3.09466, 0.830863, 0.0437296, 0, 0, 0.0437296, -1.09077, 1, 1, 9999, 9999, 9999, 9999, 9999, 9999, 9999, 9999, 0.830832, 9999, 4.6655, 0, 0, 0, 0, 0, 8000, 0, 0, 0, 0
5, 0.00000, 6.52968, 1, 0.406855, 0, 3.09465, 0.406855, 0.0214134, 0, 0, 0.0214134, -0.874592, 1, 1, 9999, 9999, 9999, 9999, 9999, 9999, 9999, 9999, 0.406808, 9999, 4.6655, 0, 0, 0, 0, 0, 8000, 0, 0, 0, 0
6, 0.00000, 6.10142, 1, 0.478018, 0, 3.09471, 0.478018, 0.0251588, 0, 0, 0.0251588, -0.428268, 1, 1, 9999, 9999, 9999, 9999, 9999, 9999, 9999, 9999, 0.478027, 9999, 4.6655, 0, 0, 0, 0, 0, 8000, 0, 0, 0, 0
