hour,t(sec),kWh,State,kWOut,kWIn,kvarOut,DCkW,kWTotalLosses,kWInvLosses,kWIdlingLosses,kWChDchLosses,"kWh Chng",InvEff,InverterON,Vref,"Vavg (DRC)","VV Oper","VW Oper","DRC Oper","VV_DRC Oper","WP Oper","WV Oper",kWDesired,"kW VW Limit","Limit kWOut Function","kVA Exceeded","Grid voltage",di/dt,it,"it History","Rated VDC","Avg duty cycle","Target (Amps)","Series L","Max. Amps (phase)"
1, 0.00000, 30.625, 1, 3.41066, 0, 8.12564, 3.41066, 0.179508, 0, 0, 0.179508, -18.375, 1, 1, 9999, 9999, 9999, 9999, 9999, 9999, 9999, 9999, 3.41065, 9999, 12.25, 0, 0, 0, 0, 0, 8000, 0, 0, 0, 0
2, 0.00000, 27.0348, 1, 2.38385, 0, 8.12545, 2.38385, 0.125466, 0, 0, 0.125466, -3.59017, 1, 1, 9999, 9999, 9999, 9999, 9999, 9999, 9999, 9999, 2.38373, 9999, 12.25, 0, 0, 0, 0, 0, 8000, 0, 0, 0, 0
3, 0.00000, 24.5255, 1, 2.14832, 0, 8.12563, 2.14832, 0.113069, 0, 0, 0.113069, -2.50932, 1, 1, 9999, 9999, 9999, 9999, 9999, 9999, 9999, 9999, 2.14828, 9999, 12.25, 0, 0, 0, 0, 0, 8000, 0, 0, 0, 0
4, 0.00000, 22.2641, 1, 1.79491, 0, 8.12562, 1.79491, 0.0944691, 0, 0, 0.0944691, -2.26139, 1, 1, 9999, 9999, 9999, 9999, 9999, 9999, 9999, 9999, 1.79487, 9999, 12.25, 0, 0, 0, 0, 0, 8000, 0, 0, 0, 0
5, 0.00000, 20.3747, 1, 0.0795745, 0, 8.1256, 0.0795745, 0.00418813, 0, 0, 0.00418813, -1.88938, 1, 1, 9999, 9999, 9999, 9999, 9999, 9999, 9999, 9999, 0.0794951, 9999, 12.25, 0, 0, 0, 0, 0, 8000, 0, 0, 0, 0
6, 0.00000, 20.291, 1, 0.269031, 0, 8.12572, 0.269031, 0.0141595, 0, 0, 0.0141595, -0.0837626, 1, 1, 9999, 9999, 9999, 9999, 9999, 9999, 9999, 9999, 0.269047, 9999, 12.25, 0, 0, 0, 0, 0, 8000, 0, 0, 0, 0
