hour,t(sec),kWh,State,kWOut,kWIn,kvarOut,DCkW,kWTotalLosses,kWInvLosses,kWIdlingLosses,kWChDchLosses,"kWh Chng",InvEff,InverterON,Vref,"Vavg (DRC)","VV Oper","VW Oper","DRC Oper","VV_DRC Oper","WP Oper","WV Oper",kWDesired,"kW VW Limit","Limit kWOut Function","kVA Exceeded","Grid voltage",di/dt,it,"it History","Rated VDC","Avg duty cycle","Target (Amps)","Series L","Max. Amps (phase)"
1, 0.00000, 11.6637, 1, 2.11867, 0, -3.09479, 2.11867, 0.111509, 0, 0, 0.111509, -6.99825, 1, 1, 9999, 9999, 9999, 9999, 9999, 9999, 9999, 9999, 2.1187, 9999, 4.6655, 0, 0, 0, 0, 0, 8000, 0, 0, 0, 0
2, 0.00000, 9.43357, 1, 1.20862, 0, -3.0947, 1.20862, 0.0636117, 0, 0, 0.0636117, -2.23018, 1, 1, 9999, 9999, 9999, 9999, 9999, 9999, 9999, 9999, 1.20878, 9999, 4.6655, 0, 0, 0, 0, 0, 8000, 0, 0, 0, 0
3, 0.00000, 8.16134, 1, 0.928854, 0, -3.09469, 0.928854, 0.0488871, 0, 0, 0.0488871, -1.27223, 1, 1, 9999, 9999, 9999, 9999, 9999, 9999, 9999, 9999, 0.928901, 9999, 4.6655, 0, 0, 0, 0, 0, 8000, 0, 0, 0, 0
4, 0.00000, 7.1836, 1, 0.646822, 0, -3.09469, 0.646822, 0.0340433, 0, 0, 0.0340433, -0.977741, 1, 1, 9999, 9999, 9999, 9999, 9999, 9999, 9999, 9999, 0.646872, 9999, 4.6655, 0, 0, 0, 0, 0, 8000, 0, 0, 0, 0
5, 0.00000, 6.50273, 1, 0.384069, 0, -3.09468, 0.384069, 0.0202142, 0, 0, 0.0202142, -0.680865, 1, 1, 9999, 9999, 9999, 9999, 9999, 9999, 9999, 9999, 0.384134, 9999, 4.6655, 0, 0, 0, 0, 0, 8000, 0, 0, 0, 0
6, 0.00000, 6.09845, 1, 0.474541, 0, -3.0947, 0.474541, 0.0249759, 0, 0, 0.0249759, -0.404284, 1, 1, 9999, 9999, 9999, 9999, 9999, 9999, 9999, 9999, 0.474528, 9999, 4.6655, 0, 0, 0, 0, 0, 8000, 0, 0, 0, 0
