hour,t(sec),kWh,State,kWOut,kWIn,kvarOut,DCkW,kWTotalLosses,kWInvLosses,kWIdlingLosses,kWChDchLosses,"kWh Chng",InvEff,InverterON,Vref,"Vavg (DRC)","VV Oper","VW Oper","DRC Oper","VV_DRC Oper","WP Oper","WV Oper",kWDesired,"kW VW Limit","Limit kWOut Function","kVA Exceeded","Grid voltage",di/dt,it,"it History","Rated VDC","Avg duty cycle","Target (Amps)","Series L","Max. Amps (phase)"
1, 0.00000, 5.83362, 1, 0.847483, 0, 1.54778, 0.847483, 0.0446043, 0, 0, 0.0446043, -3.50017, 1, 1, 9999, 9999, 9999, 9999, 9999, 9999, 9999, 9999, 0.847481, 9999, 2.3335, 0, 0, 0, 0, 0, 8000, 0, 0, 0, 0
2, 0.00000, 4.94154, 1, 0.5914, 0, 1.54773, 0.5914, 0.0311263, 0, 0, 0.0311263, -0.892087, 1, 1, 9999, 9999, 9999, 9999, 9999, 9999, 9999, 9999, 0.591356, 9999, 2.3335, 0, 0, 0, 0, 0, 8000, 0, 0, 0, 0
3, 0.00000, 4.31901, 1, 0.528808, 0, 1.54778, 0.528808, 0.027832, 0, 0, 0.027832, -0.622526, 1, 1, 9999, 9999, 9999, 9999, 9999, 9999, 9999, 9999, 0.528794, 9999, 2.3335, 0, 0, 0, 0, 0, 8000, 0, 0, 0, 0
4, 0.00000, 3.76237, 1, 0.434326, 0, 1.54788, 0.434326, 0.0228593, 0, 0, 0.0228593, -0.55664, 1, 1, 9999, 9999, 9999, 9999, 9999, 9999, 9999, 9999, 0.434311, 9999, 2.3335, 0, 0, 0, 0, 0, 8000, 0, 0, 0, 0
5, 0.00000, 3.30519, 1, 0.222595, 0, 1.54777, 0.222595, 0.0117155, 0, 0, 0.0117155, -0.457186, 1, 1, 9999, 9999, 9999, 9999, 9999, 9999, 9999, 9999, 0.222572, 9999, 2.3335, 0, 0, 0, 0, 0, 8000, 0, 0, 0, 0
6, 0.00000, 3.07088, 1, 0.257404, 0, 1.54781, 0.257404, 0.0135476, 0, 0, 0.0135476, -0.23431, 1, 1, 9999, 9999, 9999, 9999, 9999, 9999, 9999, 9999, 0.257408, 9999, 2.3335, 0, 0, 0, 0, 0, 8000, 0, 0, 0, 0
