hour,t(sec),kWh,State,kWOut,kWIn,kvarOut,DCkW,kWTotalLosses,kWInvLosses,kWIdlingLosses,kWChDchLosses,"kWh Chng",InvEff,InverterON,Vref,"Vavg (DRC)","VV Oper","VW Oper","DRC Oper","VV_DRC Oper","WP Oper","WV Oper",kWDesired,"kW VW Limit","Limit kWOut Function","kVA Exceeded","Grid voltage",di/dt,it,"it History","Rated VDC","Avg duty cycle","Target (Amps)","Series L","Max. Amps (phase)"
1, 0.00000, 11.6637, 1, 1.64478, 0, 3.0947, 1.64478, 0.0865672, 0, 0, 0.0865672, -6.99825, 1, 1, 9999, 9999, 9999, 9999, 9999, 9999, 9999, 9999, 1.64478, 9999, 4.6655, 0, 0, 0, 0, 0, 8000, 0, 0, 0, 0
2, 0.00000, 9.93241, 1, 0.703322, 0, 3.0947, 0.703322, 0.0370169, 0, 0, 0.0370169, -1.73134, 1, 1, 9999, 9999, 9999, 9999, 9999, 9999, 9999, 9999, 0.703324, 9999, 4.6655, 0, 0, 0, 0, 0, 8000, 0, 0, 0, 0
3, 0.00000, 9.19207, 1, 0.408252, 0, 3.0947, 0.408252, 0.021487, 0, 0, 0.021487, -0.740339, 1, 1, 9999, 9999, 9999, 9999, 9999, 9999, 9999, 9999, 0.40825, 9999, 4.6655, 0, 0, 0, 0, 0, 8000, 0, 0, 0, 0
4, 0.00000, 8.76233, 1, 0.114072, 0, 3.09472, 0.114072, 0.00600379, 0, 0, 0.00600379, -0.429739, 1, 1, 9999, 9999, 9999, 9999, 9999, 9999, 9999, 9999, 0.11409, 9999, 4.6655, 0, 0, 0, 0, 0, 8000, 0, 0, 0, 0
5, 0.00000, 8.64225, 1, 0.0000821013, 0, 3.09474, 0.0000821013, 4.32112E-6, 0, 0, 4.32112E-6, -0.120076, 1, 1, 9999, 9999, 9999, 9999, 9999, 9999, 9999, 9999, 4.42411E-19, 9999, 4.6655, 0, 0, 0, 0, 0, 8000, 0, 0, 0, 0
