hour,t(sec),kWh,State,kWOut,kWIn,kvarOut,DCkW,kWTotalLosses,kWInvLosses,kWIdlingLosses,kWChDchLosses,"kWh Chng",InvEff,InverterON,Vref,"Vavg (DRC)","VV Oper","VW Oper","DRC Oper","VV_DRC Oper","WP Oper","WV Oper",kWDesired,"kW VW Limit","Limit kWOut Function","kVA Exceeded","Grid voltage",di/dt,it,"it History","Rated VDC","Avg duty cycle","Target (Amps)","Series L","Max. Amps (phase)"
1, 0.00000, 5.83362, 1, 1.31745, 0, -1.5479, 1.31745, 0.0693397, 0, 0, 0.0693397, -3.50017, 1, 1, 9999, 9999, 9999, 9999, 9999, 9999, 9999, 9999, 1.31747, 9999, 2.3335, 0, 0, 0, 0, 0, 8000, 0, 0, 0, 0
2, 0.00000, 4.44683, 1, 0.882749, 0, -1.5479, 0.882749, 0.0464605, 0, 0, 0.0464605, -1.38679, 1, 1, 9999, 9999, 9999, 9999, 9999, 9999, 9999, 9999, 0.882833, 9999, 2.3335, 0, 0, 0, 0, 0, 8000, 0, 0, 0, 0
3, 0.00000, 3.51762, 1, 0.532715, 0, -1.5479, 0.532715, 0.0280376, 0, 0, 0.0280376, -0.92921, 1, 1, 9999, 9999, 9999, 9999, 9999, 9999, 9999, 9999, 0.532738, 9999, 2.3335, 0, 0, 0, 0, 0, 8000, 0, 0, 0, 0
4, 0.00000, 2.95687, 1, 0.145938, 0, -1.54789, 0.145938, 0.00768096, 0, 0, 0.00768096, -0.560753, 1, 1, 9999, 9999, 9999, 9999, 9999, 9999, 9999, 9999, 0.14596, 9999, 2.3335, 0, 0, 0, 0, 0, 8000, 0, 0, 0, 0
5, 0.00000, 2.80325, 1, 0.0000468659, 0, -1.54778, 0.0000468659, 2.46663E-6, 0, 0, 2.46663E-6, -0.153619, 1, 1, 9999, 9999, 9999, 9999, 9999, 9999, 9999, 9999, 0.0000751994, 9999, 2.3335, 0, 0, 0, 0, 0, 8000, 0, 0, 0, 0
6, 0.00000, 2.8032, 1, 0.00280253, 0, -1.5478, 0.00280253, 0.000147501, 0, 0, 0.000147501, -0.0000493325, 1, 1, 9999, 9999, 9999, 9999, 9999, 9999, 9999, 9999, 0.0027967, 9999, 2.3335, 0, 0, 0, 0, 0, 8000, 0, 0, 0, 0
