hour,t(sec),kWh,State,kWOut,kWIn,kvarOut,DCkW,kWTotalLosses,kWInvLosses,kWIdlingLosses,kWChDchLosses,"kWh Chng",InvEff,InverterON,Vref,"Vavg (DRC)","VV Oper","VW Oper","DRC Oper","VV_DRC Oper","WP Oper","WV Oper",kWDesired,"kW VW Limit","Limit kWOut Function","kVA Exceeded","Grid voltage",di/dt,it,"it History","Rated VDC","Avg duty cycle","Target (Amps)","Series L","Max. Amps (phase)"
1, 0.00000, 21.875, 1, 3.6603, 0, 5.80404, 3.6603, 0.192647, 0, 0, 0.192647, -13.125, 1, 1, 9999, 9999, 9999, 9999, 9999, 9999, 9999, 9999, 3.6603, 9999, 8.75, 0, 0, 0, 0, 0, 8000, 0, 0, 0, 0
2, 0.00000, 18.0221, 1, 2.43788, 0, 5.80385, 2.43788, 0.128309, 0, 0, 0.128309, -3.85295, 1, 1, 9999, 9999, 9999, 9999, 9999, 9999, 9999, 9999, 2.43775, 9999, 8.75, 0, 0, 0, 0, 0, 8000, 0, 0, 0, 0
3, 0.00000, 15.4559, 1, 2.08201, 0, 5.80403, 2.08201, 0.10958, 0, 0, 0.10958, -2.56619, 1, 1, 9999, 9999, 9999, 9999, 9999, 9999, 9999, 9999, 2.08197, 9999, 8.75, 0, 0, 0, 0, 0, 8000, 0, 0, 0, 0
4, 0.00000, 13.2643, 1, 1.67413, 0, 5.80453, 1.67413, 0.0881122, 0, 0, 0.0881122, -2.19159, 1, 1, 9999, 9999, 9999, 9999, 9999, 9999, 9999, 9999, 1.67457, 9999, 8.75, 0, 0, 0, 0, 0, 8000, 0, 0, 0, 0
5, 0.00000, 11.502, 1, 0.952084, 0, 5.80371, 0.952084, 0.0501097, 0, 0, 0.0501097, -1.76224, 1, 1, 9999, 9999, 9999, 9999, 9999, 9999, 9999, 9999, 0.951738, 9999, 8.75, 0, 0, 0, 0, 0, 8000, 0, 0, 0, 0
