hour,t(sec),kWh,State,kWOut,kWIn,kvarOut,DCkW,kWTotalLosses,kWInvLosses,kWIdlingLosses,kWChDchLosses,"kWh Chng",InvEff,InverterON,Vref,"Vavg (DRC)","VV Oper","VW Oper","DRC Oper","VV_DRC Oper","WP Oper","WV Oper",kWDesired,"kW VW Limit","Limit kWOut Function","kVA Exceeded","Grid voltage",di/dt,it,"it History","Rated VDC","Avg duty cycle","Target (Amps)","Series L","Max. Amps (phase)"
1, 0.00000, 5.83362, 1, 0.709301, 0, -1.54779, 0.709301, 0.0373316, 0, 0, 0.0373316, -3.50017, 1, 1, 9999, 9999, 9999, 9999, 9999, 9999, 9999, 9999, 0.709314, 9999, 2.3335, 0, 0, 0, 0, 0, 8000, 0, 0, 0, 0
2, 0.00000, 5.08699, 1, 0.574779, 0, -1.5478, 0.574779, 0.0302515, 0, 0, 0.0302515, -0.746633, 1, 1, 9999, 9999, 9999, 9999, 9999, 9999, 9999, 9999, 0.574858, 9999, 2.3335, 0, 0, 0, 0, 0, 8000, 0, 0, 0, 0
3, 0.00000, 4.48196, 1, 0.55619, 0, -1.5478, 0.55619, 0.0292731, 0, 0, 0.0292731, -0.60503, 1, 1, 9999, 9999, 9999, 9999, 9999, 9999, 9999, 9999, 0.556213, 9999, 2.3335, 0, 0, 0, 0, 0, 8000, 0, 0, 0, 0
4, 0.00000, 3.8965, 1, 0.525175, 0, -1.5478, 0.525175, 0.0276408, 0, 0, 0.0276408, -0.585463, 1, 1, 9999, 9999, 9999, 9999, 9999, 9999, 9999, 9999, 0.525201, 9999, 2.3335, 0, 0, 0, 0, 0, 8000, 0, 0, 0, 0
5, 0.00000, 3.34368, 1, 0.236958, 0, -1.54779, 0.236958, 0.0124715, 0, 0, 0.0124715, -0.552816, 1, 1, 9999, 9999, 9999, 9999, 9999, 9999, 9999, 9999, 0.23699, 9999, 2.3335, 0, 0, 0, 0, 0, 8000, 0, 0, 0, 0
6, 0.00000, 3.09425, 1, 0.279373, 0, -1.5478, 0.279373, 0.0147039, 0, 0, 0.0147039, -0.24943, 1, 1, 9999, 9999, 9999, 9999, 9999, 9999, 9999, 9999, 0.279367, 9999, 2.3335, 0, 0, 0, 0, 0, 8000, 0, 0, 0, 0
