hour,t(sec),kWh,State,kWOut,kWIn,kvarOut,DCkW,kWTotalLosses,kWInvLosses,kWIdlingLosses,kWChDchLosses,"kWh Chng",InvEff,InverterON,Vref,"Vavg (DRC)","VV Oper","VW Oper","DRC Oper","VV_DRC Oper","WP Oper","WV Oper",kWDesired,"kW VW Limit","Limit kWOut Function","kVA Exceeded","Grid voltage",di/dt,it,"it History","Rated VDC","Avg duty cycle","Target (Amps)","Series L","Max. Amps (phase)"
1, 0.00000, 11.6637, 1, 2.55427, 0, 3.09468, 2.55427, 0.134435, 0, 0, 0.134435, -6.99825, 1, 1, 9999, 9999, 9999, 9999, 9999, 9999, 9999, 9999, 2.55427, 9999, 4.6655, 0, 0, 0, 0, 0, 8000, 0, 0, 0, 0
2, 0.00000, 8.97505, 1, 1.47257, 0, 3.09472, 1.47257, 0.0775035, 0, 0, 0.0775035, -2.6887, 1, 1, 9999, 9999, 9999, 9999, 9999, 9999, 9999, 9999, 1.47257, 9999, 4.6655, 0, 0, 0, 0, 0, 8000, 0, 0, 0, 0
3, 0.00000, 7.42498, 1, 1.11287, 0, 3.09468, 1.11287, 0.058572, 0, 0, 0.058572, -1.55007, 1, 1, 9999, 9999, 9999, 9999, 9999, 9999, 9999, 9999, 1.11286, 9999, 4.6655, 0, 0, 0, 0, 0, 8000, 0, 0, 0, 0
4, 0.00000, 6.25354, 1, 0.622184, 0, 3.09478, 0.622184, 0.0327465, 0, 0, 0.0327465, -1.17144, 1, 1, 9999, 9999, 9999, 9999, 9999, 9999, 9999, 9999, 0.622238, 9999, 4.6655, 0, 0, 0, 0, 0, 8000, 0, 0, 0, 0
5, 0.00000, 5.59861, -1, 0, 0.000286498, 3.09487, -0.000286498, 0.0000143249, 0, 0, 0.0000143249, -0.654931, 1, 1, 9999, 9999, 9999, 9999, 9999, 9999, 9999, 9999, -1.95484E-18, 9999, 4.6655, 0, 0, 0, 0, 0, 8000, 0, 0, 0, 0
