hour,t(sec),kWh,State,kWOut,kWIn,kvarOut,DCkW,kWTotalLosses,kWInvLosses,kWIdlingLosses,kWChDchLosses,"kWh Chng",InvEff,InverterON,Vref,"Vavg (DRC)","VV Oper","VW Oper","DRC Oper","VV_DRC Oper","WP Oper","WV Oper",kWDesired,"kW VW Limit","Limit kWOut Function","kVA Exceeded","Grid voltage",di/dt,it,"it History","Rated VDC","Avg duty cycle","Target (Amps)","Series L","Max. Amps (phase)"
1, 0.00000, 5.83362, 1, 0.746092, 0, 1.54779, 0.746092, 0.039268, 0, 0, 0.039268, -3.50017, 1, 1, 9999, 9999, 9999, 9999, 9999, 9999, 9999, 9999, 0.74609, 9999, 2.3335, 0, 0, 0, 0, 0, 8000, 0, 0, 0, 0
2, 0.00000, 5.04826, 1, 0.0975962, 0, 1.54781, 0.0975962, 0.00513664, 0, 0, 0.00513664, -0.78536, 1, 1, 9999, 9999, 9999, 9999, 9999, 9999, 9999, 9999, 0.0976033, 9999, 2.3335, 0, 0, 0, 0, 0, 8000, 0, 0, 0, 0
3, 0.00000, 4.94553, 1, 5.92136E-6, 0, 1.54779, 5.92136E-6, 3.11651E-7, 0, 0, 3.11651E-7, -0.102733, 1, 1, 9999, 9999, 9999, 9999, 9999, 9999, 9999, 9999, 1.96275E-19, 9999, 2.3335, 0, 0, 0, 0, 0, 8000, 0, 0, 0, 0
4, 0.00000, 4.94553, -1, 0, 0.0000353553, 1.54783, -0.0000353553, 1.76776E-6, 0, 0, 1.76776E-6, -6.23301E-6, 1, 1, 9999, 9999, 9999, 9999, 9999, 9999, 9999, 9999, -5.87762E-36, 9999, 2.3335, 0, 0, 0, 0, 0, 8000, 0, 0, 0, 0
5, 0.00000, 4.94556, 0, 0, 0.00014699, 1.54789, -0.00014699, 0.00014699, 0, 0.00014699, 0, 0.0000335875, 1, 1, 9999, 9999, 9999, 9999, 9999, 9999, 9999, 9999, 0, 9999, 2.3335, 0, 0, 0, 0, 0, 8000, 0, 0, 0, 0
