hour,t(sec),kWh,State,kWOut,kWIn,kvarOut,DCkW,kWTotalLosses,kWInvLosses,kWIdlingLosses,kWChDchLosses,"kWh Chng",InvEff,InverterON,Vref,"Vavg (DRC)","VV Oper","VW Oper","DRC Oper","VV_DRC Oper","WP Oper","WV Oper",kWDesired,"kW VW Limit","Limit kWOut Function","kVA Exceeded","Grid voltage",di/dt,it,"it History","Rated VDC","Avg duty cycle","Target (Amps)","Series L","Max. Amps (phase)"
1, 0.00000, 11.6637, 1, 1.51396, 0, 3.09478, 1.51396, 0.079682, 0, 0, 0.079682, -6.99825, 1, 1, 9999, 9999, 9999, 9999, 9999, 9999, 9999, 9999, 1.51395, 9999, 4.6655, 0, 0, 0, 0, 0, 8000, 0, 0, 0, 0
2, 0.00000, 10.0701, 1, 1.207, 0, 3.09471, 1.207, 0.0635265, 0, 0, 0.0635265, -1.59364, 1, 1, 9999, 9999, 9999, 9999, 9999, 9999, 9999, 9999, 1.20696, 9999, 4.6655, 0, 0, 0, 0, 0, 8000, 0, 0, 0, 0
3, 0.00000, 8.79958, 1, 1.12682, 0, 3.09477, 1.12682, 0.0593065, 0, 0, 0.0593065, -1.27053, 1, 1, 9999, 9999, 9999, 9999, 9999, 9999, 9999, 9999, 1.12681, 9999, 4.6655, 0, 0, 0, 0, 0, 8000, 0, 0, 0, 0
4, 0.00000, 7.61345, 1, 1.00291, 0, 3.09477, 1.00291, 0.0527847, 0, 0, 0.0527847, -1.18613, 1, 1, 9999, 9999, 9999, 9999, 9999, 9999, 9999, 9999, 1.0029, 9999, 4.6655, 0, 0, 0, 0, 0, 8000, 0, 0, 0, 0
5, 0.00000, 6.55776, 1, 0.414782, 0, 3.09476, 0.414782, 0.0218306, 0, 0, 0.0218306, -1.05569, 1, 1, 9999, 9999, 9999, 9999, 9999, 9999, 9999, 9999, 0.414758, 9999, 4.6655, 0, 0, 0, 0, 0, 8000, 0, 0, 0, 0
6, 0.00000, 6.12114, 1, 0.496545, 0, 3.09471, 0.496545, 0.0261339, 0, 0, 0.0261339, -0.436612, 1, 1, 9999, 9999, 9999, 9999, 9999, 9999, 9999, 9999, 0.496549, 9999, 4.6655, 0, 0, 0, 0, 0, 8000, 0, 0, 0, 0
