hour,t(sec),kWh,State,kWOut,kWIn,kvarOut,DCkW,kWTotalLosses,kWInvLosses,kWIdlingLosses,kWChDchLosses,"kWh Chng",InvEff,InverterON,Vref,"Vavg (DRC)","VV Oper","VW Oper","DRC Oper","VV_DRC Oper","WP Oper","WV Oper",kWDesired,"kW VW Limit","Limit kWOut Function","kVA Exceeded","Grid voltage",di/dt,it,"it History","Rated VDC","Avg duty cycle","Target (Amps)","Series L","Max. Amps (phase)"
1, 0.00000, 5.83362, 1, 1.05663, 0, 1.54779, 1.05663, 0.0556122, 0, 0, 0.0556122, -3.50017, 1, 1, 9999, 9999, 9999, 9999, 9999, 9999, 9999, 9999, 1.05663, 9999, 2.3335, 0, 0, 0, 0, 0, 8000, 0, 0, 0, 0
2, 0.00000, 4.72138, 1, 0.657563, 0, 1.54775, 0.657563, 0.0346086, 0, 0, 0.0346086, -1.11224, 1, 1, 9999, 9999, 9999, 9999, 9999, 9999, 9999, 9999, 0.657534, 9999, 2.3335, 0, 0, 0, 0, 0, 8000, 0, 0, 0, 0
3, 0.00000, 4.02921, 1, 0.535314, 0, 1.54779, 0.535314, 0.0281744, 0, 0, 0.0281744, -0.692171, 1, 1, 9999, 9999, 9999, 9999, 9999, 9999, 9999, 9999, 0.535305, 9999, 2.3335, 0, 0, 0, 0, 0, 8000, 0, 0, 0, 0
4, 0.00000, 3.46572, 1, 0.401988, 0, 1.54788, 0.401988, 0.0211573, 0, 0, 0.0211573, -0.563488, 1, 1, 9999, 9999, 9999, 9999, 9999, 9999, 9999, 9999, 0.402085, 9999, 2.3335, 0, 0, 0, 0, 0, 8000, 0, 0, 0, 0
5, 0.00000, 3.04258, 1, 0.230423, 0, 1.54773, 0.230423, 0.0121275, 0, 0, 0.0121275, -0.423145, 1, 1, 9999, 9999, 9999, 9999, 9999, 9999, 9999, 9999, 0.230347, 9999, 2.3335, 0, 0, 0, 0, 0, 8000, 0, 0, 0, 0
