hour,t(sec),kWh,State,kWOut,kWIn,kvarOut,DCkW,kWTotalLosses,kWInvLosses,kWIdlingLosses,kWChDchLosses,"kWh Chng",InvEff,InverterON,Vref,"Vavg (DRC)","VV Oper","VW Oper","DRC Oper","VV_DRC Oper","WP Oper","WV Oper",kWDesired,"kW VW Limit","Limit kWOut Function","kVA Exceeded","Grid voltage",di/dt,it,"it History","Rated VDC","Avg duty cycle","Target (Amps)","Series L","Max. Amps (phase)"
1, 0.00000, 11.6637, 1, 2.29552, 0, 3.09468, 2.29552, 0.120817, 0, 0, 0.120817, -6.99825, 1, 1, 9999, 9999, 9999, 9999, 9999, 9999, 9999, 9999, 2.29552, 9999, 4.6655, 0, 0, 0, 0, 0, 8000, 0, 0, 0, 0
2, 0.00000, 9.24741, 1, 1.3165, 0, 3.09461, 1.3165, 0.0692895, 0, 0, 0.0692895, -2.41634, 1, 1, 9999, 9999, 9999, 9999, 9999, 9999, 9999, 9999, 1.31646, 9999, 4.6655, 0, 0, 0, 0, 0, 8000, 0, 0, 0, 0
3, 0.00000, 7.86162, 1, 1.00636, 0, 3.09468, 1.00636, 0.0529663, 0, 0, 0.0529663, -1.38579, 1, 1, 9999, 9999, 9999, 9999, 9999, 9999, 9999, 9999, 1.00635, 9999, 4.6655, 0, 0, 0, 0, 0, 8000, 0, 0, 0, 0
4, 0.00000, 6.8023, 1, 0.681605, 0, 3.09482, 0.681605, 0.035874, 0, 0, 0.035874, -1.05933, 1, 1, 9999, 9999, 9999, 9999, 9999, 9999, 9999, 9999, 0.681723, 9999, 4.6655, 0, 0, 0, 0, 0, 8000, 0, 0, 0, 0
5, 0.00000, 6.08482, 1, 0.461913, 0, 3.09459, 0.461913, 0.0243112, 0, 0, 0.0243112, -0.717479, 1, 1, 9999, 9999, 9999, 9999, 9999, 9999, 9999, 9999, 0.461819, 9999, 4.6655, 0, 0, 0, 0, 0, 8000, 0, 0, 0, 0
