hour,t(sec),kWh,State,kWOut,kWIn,kvarOut,DCkW,kWTotalLosses,kWInvLosses,kWIdlingLosses,kWChDchLosses,"kWh Chng",InvEff,InverterON,Vref,"Vavg (DRC)","VV Oper","VW Oper","DRC Oper","VV_DRC Oper","WP Oper","WV Oper",kWDesired,"kW VW Limit","Limit kWOut Function","kVA Exceeded","Grid voltage",di/dt,it,"it History","Rated VDC","Avg duty cycle","Target (Amps)","Series L","Max. Amps (phase)"
1, 0.00000, 11.6637, 1, 1.07717, 0, 3.0947, 1.07717, 0.0566933, 0, 0, 0.0566933, -6.99825, 1, 1, 9999, 9999, 9999, 9999, 9999, 9999, 9999, 9999, 1.07717, 9999, 4.6655, 0, 0, 0, 0, 0, 8000, 0, 0, 0, 0
2, 0.00000, 10.5299, 1, 0.420582, 0, 3.09468, 0.420582, 0.0221359, 0, 0, 0.0221359, -1.13387, 1, 1, 9999, 9999, 9999, 9999, 9999, 9999, 9999, 9999, 0.420567, 9999, 4.6655, 0, 0, 0, 0, 0, 8000, 0, 0, 0, 0
3, 0.00000, 10.0872, 1, 0.327644, 0, 3.09469, 0.327644, 0.0172444, 0, 0, 0.0172444, -0.442718, 1, 1, 9999, 9999, 9999, 9999, 9999, 9999, 9999, 9999, 0.327639, 9999, 4.6655, 0, 0, 0, 0, 0, 8000, 0, 0, 0, 0
4, 0.00000, 9.74228, 1, 0.237535, 0, 3.09469, 0.237535, 0.0125018, 0, 0, 0.0125018, -0.344888, 1, 1, 9999, 9999, 9999, 9999, 9999, 9999, 9999, 9999, 0.23753, 9999, 4.6655, 0, 0, 0, 0, 0, 8000, 0, 0, 0, 0
5, 0.00000, 9.49224, 1, 0.000178301, 0, 3.09469, 0.000178301, 9.38427E-6, 0, 0, 9.38427E-6, -0.250037, 1, 1, 9999, 9999, 9999, 9999, 9999, 9999, 9999, 9999, 0.000170832, 9999, 4.6655, 0, 0, 0, 0, 0, 8000, 0, 0, 0, 0
6, 0.00000, 9.49205, 1, 0.297989, 0, 3.0948, 0.297989, 0.0156836, 0, 0, 0.0156836, -0.000187685, 1, 1, 9999, 9999, 9999, 9999, 9999, 9999, 9999, 9999, 0.29799, 9999, 4.6655, 0, 0, 0, 0, 0, 8000, 0, 0, 0, 0
