hour,t(sec),kWh,State,kWOut,kWIn,kvarOut,DCkW,kWTotalLosses,kWInvLosses,kWIdlingLosses,kWChDchLosses,"kWh Chng",InvEff,InverterON,Vref,"Vavg (DRC)","VV Oper","VW Oper","DRC Oper","VV_DRC Oper","WP Oper","WV Oper",kWDesired,"kW VW Limit","Limit kWOut Function","kVA Exceeded","Grid voltage",di/dt,it,"it History","Rated VDC","Avg duty cycle","Target (Amps)","Series L","Max. Amps (phase)"
1, 0.00000, 5.83362, 1, 0.946632, 0, 1.54778, 0.946632, 0.0498227, 0, 0, 0.0498227, -3.50017, 1, 1, 9999, 9999, 9999, 9999, 9999, 9999, 9999, 9999, 0.946631, 9999, 2.3335, 0, 0, 0, 0, 0, 8000, 0, 0, 0, 0
2, 0.00000, 4.83717, 1, 0.643762, 0, 1.54773, 0.643762, 0.0338822, 0, 0, 0.0338822, -0.996455, 1, 1, 9999, 9999, 9999, 9999, 9999, 9999, 9999, 9999, 0.643719, 9999, 2.3335, 0, 0, 0, 0, 0, 8000, 0, 0, 0, 0
3, 0.00000, 4.15953, 1, 0.571604, 0, 1.54778, 0.571604, 0.0300844, 0, 0, 0.0300844, -0.677644, 1, 1, 9999, 9999, 9999, 9999, 9999, 9999, 9999, 9999, 0.571591, 9999, 2.3335, 0, 0, 0, 0, 0, 8000, 0, 0, 0, 0
4, 0.00000, 3.55784, 1, 0.459395, 0, 1.54793, 0.459395, 0.0241787, 0, 0, 0.0241787, -0.601688, 1, 1, 9999, 9999, 9999, 9999, 9999, 9999, 9999, 9999, 0.459536, 9999, 2.3335, 0, 0, 0, 0, 0, 8000, 0, 0, 0, 0
5, 0.00000, 3.07426, 1, 0.260529, 0, 1.54769, 0.260529, 0.0137121, 0, 0, 0.0137121, -0.483574, 1, 1, 9999, 9999, 9999, 9999, 9999, 9999, 9999, 9999, 0.260419, 9999, 2.3335, 0, 0, 0, 0, 0, 8000, 0, 0, 0, 0
