hour,t(sec),kWh,State,kWOut,kWIn,kvarOut,DCkW,kWTotalLosses,kWInvLosses,kWIdlingLosses,kWChDchLosses,"kWh Chng",InvEff,InverterON,Vref,"Vavg (DRC)","VV Oper","VW Oper","DRC Oper","VV_DRC Oper","WP Oper","WV Oper",kWDesired,"kW VW Limit","Limit kWOut Function","kVA Exceeded","Grid voltage",di/dt,it,"it History","Rated VDC","Avg duty cycle","Target (Amps)","Series L","Max. Amps (phase)"
1, 0.00000, 11.6637, 1, 2.28264, 0, 3.09469, 2.28264, 0.120139, 0, 0, 0.120139, -6.99825, 1, 1, 9999, 9999, 9999, 9999, 9999, 9999, 9999, 9999, 2.28264, 9999, 4.6655, 0, 0, 0, 0, 0, 8000, 0, 0, 0, 0
2, 0.00000, 9.26097, 1, 1.24623, 0, 3.09465, 1.24623, 0.0655909, 0, 0, 0.0655909, -2.40278, 1, 1, 9999, 9999, 9999, 9999, 9999, 9999, 9999, 9999, 1.2462, 9999, 4.6655, 0, 0, 0, 0, 0, 8000, 0, 0, 0, 0
3, 0.00000, 7.94915, 1, 0.916079, 0, 3.09469, 0.916079, 0.0482147, 0, 0, 0.0482147, -1.31182, 1, 1, 9999, 9999, 9999, 9999, 9999, 9999, 9999, 9999, 0.916071, 9999, 4.6655, 0, 0, 0, 0, 0, 8000, 0, 0, 0, 0
4, 0.00000, 6.98486, 1, 0.568921, 0, 3.09477, 0.568921, 0.0299432, 0, 0, 0.0299432, -0.964294, 1, 1, 9999, 9999, 9999, 9999, 9999, 9999, 9999, 9999, 0.569004, 9999, 4.6655, 0, 0, 0, 0, 0, 8000, 0, 0, 0, 0
5, 0.00000, 6.38599, 1, 0.379581, 0, 3.09463, 0.379581, 0.0199779, 0, 0, 0.0199779, -0.598864, 1, 1, 9999, 9999, 9999, 9999, 9999, 9999, 9999, 9999, 0.379515, 9999, 4.6655, 0, 0, 0, 0, 0, 8000, 0, 0, 0, 0
