hour,t(sec),kWh,State,kWOut,kWIn,kvarOut,DCkW,kWTotalLosses,kWInvLosses,kWIdlingLosses,kWChDchLosses,"kWh Chng",InvEff,InverterON,Vref,"Vavg (DRC)","VV Oper","VW Oper","DRC Oper","VV_DRC Oper","WP Oper","WV Oper",kWDesired,"kW VW Limit","Limit kWOut Function","kVA Exceeded","Grid voltage",di/dt,it,"it History","Rated VDC","Avg duty cycle","Target (Amps)","Series L","Max. Amps (phase)"
1, 0.00000, 11.6637, 1, 1.38624, 0, -2.16349, 1.38624, 0.07296, 0, 0, 0.07296, -6.99825, 1, 1, 9999, 9999, 9999, 9999, 9999, 9999, 9999, 9999, 1.38626, 9999, 4.6655, 0, 0, 0, 0, 0, 8000, 0, 0, 0, 0
2, 0.00000, 10.2045, 1, 1.41822, 0, 0.186669, 1.41822, 0.0746434, 0, 0, 0.0746434, -1.4592, 1, 1, 9999, 9999, 9999, 9999, 9999, 9999, 9999, 9999, 1.41822, 9999, 4.6655, 0, 0, 0, 0, 0, 8000, 0, 0, 0, 0
3, 0.00000, 8.71168, 1, 1.4749, 0, 0.979429, 1.4749, 0.0776264, 0, 0, 0.0776264, -1.49287, 1, 1, 9999, 9999, 9999, 9999, 9999, 9999, 9999, 9999, 1.4749, 9999, 4.6655, 0, 0, 0, 0, 0, 8000, 0, 0, 0, 0
4, 0.00000, 7.15915, 1, 1.48253, 0, 1.7278, 1.48253, 0.0780278, 0, 0, 0.0780278, -1.55253, 1, 1, 9999, 9999, 9999, 9999, 9999, 9999, 9999, 9999, 1.48256, 9999, 4.6655, 0, 0, 0, 0, 0, 8000, 0, 0, 0, 0
5, 0.00000, 5.5986, -1, 0, 0.000096859, 0.567987, -0.000096859, 4.84295E-6, 0, 0, 4.84295E-6, -1.56055, 1, 1, 9999, 9999, 9999, 9999, 9999, 9999, 9999, 9999, -5.7367E-19, 9999, 4.6655, 0, 0, 0, 0, 0, 8000, 0, 0, 0, 0
