hour,t(sec),kWh,State,kWOut,kWIn,kvarOut,DCkW,kWTotalLosses,kWInvLosses,kWIdlingLosses,kWChDchLosses,"kWh Chng",InvEff,InverterON,Vref,"Vavg (DRC)","VV Oper","VW Oper","DRC Oper","VV_DRC Oper","WP Oper","WV Oper",kWDesired,"kW VW Limit","Limit kWOut Function","kVA Exceeded","Grid voltage",di/dt,it,"it History","Rated VDC","Avg duty cycle","Target (Amps)","Series L","Max. Amps (phase)"
1, 0.00000, 5.83362, 1, 0.986044, 0, 1.54779, 0.986044, 0.0518971, 0, 0, 0.0518971, -3.50017, 1, 1, 9999, 9999, 9999, 9999, 9999, 9999, 9999, 9999, 0.986044, 9999, 2.3335, 0, 0, 0, 0, 0, 8000, 0, 0, 0, 0
2, 0.00000, 4.79568, 1, 0.604886, 0, 1.54775, 0.604886, 0.0318361, 0, 0, 0.0318361, -1.03794, 1, 1, 9999, 9999, 9999, 9999, 9999, 9999, 9999, 9999, 0.604867, 9999, 2.3335, 0, 0, 0, 0, 0, 8000, 0, 0, 0, 0
3, 0.00000, 4.15896, 1, 0.496412, 0, 1.54779, 0.496412, 0.0261269, 0, 0, 0.0261269, -0.636722, 1, 1, 9999, 9999, 9999, 9999, 9999, 9999, 9999, 9999, 0.496405, 9999, 2.3335, 0, 0, 0, 0, 0, 8000, 0, 0, 0, 0
4, 0.00000, 3.63642, 1, 0.36702, 0, 1.54779, 0.36702, 0.0193169, 0, 0, 0.0193169, -0.522539, 1, 1, 9999, 9999, 9999, 9999, 9999, 9999, 9999, 9999, 0.367013, 9999, 2.3335, 0, 0, 0, 0, 0, 8000, 0, 0, 0, 0
5, 0.00000, 3.25009, 1, 0.201834, 0, 1.54778, 0.201834, 0.0106228, 0, 0, 0.0106228, -0.386337, 1, 1, 9999, 9999, 9999, 9999, 9999, 9999, 9999, 9999, 0.201822, 9999, 2.3335, 0, 0, 0, 0, 0, 8000, 0, 0, 0, 0
6, 0.00000, 3.03763, 1, 0.225754, 0, 1.5478, 0.225754, 0.0118818, 0, 0, 0.0118818, -0.212457, 1, 1, 9999, 9999, 9999, 9999, 9999, 9999, 9999, 9999, 0.225757, 9999, 2.3335, 0, 0, 0, 0, 0, 8000, 0, 0, 0, 0
