hour,t(sec),kWh,State,kWOut,kWIn,kvarOut,DCkW,kWTotalLosses,kWInvLosses,kWIdlingLosses,kWChDchLosses,"kWh Chng",InvEff,InverterON,Vref,"Vavg (DRC)","VV Oper","VW Oper","DRC Oper","VV_DRC Oper","WP Oper","WV Oper",kWDesired,"kW VW Limit","Limit kWOut Function","kVA Exceeded","Grid voltage",di/dt,it,"it History","Rated VDC","Avg duty cycle","Target (Amps)","Series L","Max. Amps (phase)"
1, 0.00000, 11.6637, 1, 1.52079, 0, -3.09469, 1.52079, 0.0800414, 0, 0, 0.0800414, -6.99825, 1, 1, 9999, 9999, 9999, 9999, 9999, 9999, 9999, 9999, 1.52081, 9999, 4.6655, 0, 0, 0, 0, 0, 8000, 0, 0, 0, 0
2, 0.00000, 10.0629, 1, 0.602013, 0, -3.09471, 0.602013, 0.0316849, 0, 0, 0.0316849, -1.60083, 1, 1, 9999, 9999, 9999, 9999, 9999, 9999, 9999, 9999, 0.601989, 9999, 4.6655, 0, 0, 0, 0, 0, 8000, 0, 0, 0, 0
3, 0.00000, 9.42922, 1, 0.31599, 0, -3.09469, 0.31599, 0.016631, 0, 0, 0.016631, -0.633698, 1, 1, 9999, 9999, 9999, 9999, 9999, 9999, 9999, 9999, 0.316008, 9999, 4.6655, 0, 0, 0, 0, 0, 8000, 0, 0, 0, 0
4, 0.00000, 9.0966, 1, 0.00562827, 0, -3.09476, 0.00562827, 0.000296225, 0, 0, 0.000296225, -0.332621, 1, 1, 9999, 9999, 9999, 9999, 9999, 9999, 9999, 9999, 0.00547776, 9999, 4.6655, 0, 0, 0, 0, 0, 8000, 0, 0, 0, 0
5, 0.00000, 9.09068, -1, 0, 0.000681948, -3.09479, -0.000681948, 0.0000340974, 0, 0, 0.0000340974, -0.0059245, 1, 1, 9999, 9999, 9999, 9999, 9999, 9999, 9999, 9999, -1.316E-19, 9999, 4.6655, 0, 0, 0, 0, 0, 8000, 0, 0, 0, 0
