hour,t(sec),kWh,State,kWOut,kWIn,kvarOut,DCkW,kWTotalLosses,kWInvLosses,kWIdlingLosses,kWChDchLosses,"kWh Chng",InvEff,InverterON,Vref,"Vavg (DRC)","VV Oper","VW Oper","DRC Oper","VV_DRC Oper","WP Oper","WV Oper",kWDesired,"kW VW Limit","Limit kWOut Function","kVA Exceeded","Grid voltage",di/dt,it,"it History","Rated VDC","Avg duty cycle","Target (Amps)","Series L","Max. Amps (phase)"
1, 0.00000, 11.6637, 1, 1.31625, 0, -3.09469, 1.31625, 0.0692764, 0, 0, 0.0692764, -6.99825, 1, 1, 9999, 9999, 9999, 9999, 9999, 9999, 9999, 9999, 1.31628, 9999, 4.6655, 0, 0, 0, 0, 0, 8000, 0, 0, 0, 0
2, 0.00000, 10.2782, 1, 0.451674, 0, -3.08991, 0.451674, 0.0237723, 0, 0, 0.0237723, -1.38553, 1, 1, 9999, 9999, 9999, 9999, 9999, 9999, 9999, 9999, 0.451653, 9999, 4.6655, 0, 0, 0, 0, 0, 8000, 0, 0, 0, 0
3, 0.00000, 9.80278, 1, 0.176984, 0, -2.93229, 0.176984, 0.00931494, 0, 0, 0.00931494, -0.475447, 1, 1, 9999, 9999, 9999, 9999, 9999, 9999, 9999, 9999, 0.177, 9999, 4.6655, 0, 0, 0, 0, 0, 8000, 0, 0, 0, 0
4, 0.00000, 9.61648, -1, 0, 0.000124457, -2.78148, -0.000124457, 6.22283E-6, 0, 0, 6.22283E-6, -0.186299, 1, 1, 9999, 9999, 9999, 9999, 9999, 9999, 9999, 9999, -7.94861E-19, 9999, 4.6655, 0, 0, 0, 0, 0, 8000, 0, 0, 0, 0
5, 0.00000, 9.61659, -1, 0, 0.000591723, -3.00958, -0.000591723, 0.0000295862, 0, 0, 0.0000295862, 0.000118234, 1, 1, 9999, 9999, 9999, 9999, 9999, 9999, 9999, 9999, -8.07318E-19, 9999, 4.6655, 0, 0, 0, 0, 0, 8000, 0, 0, 0, 0
