hour,t(sec),kWh,State,kWOut,kWIn,kvarOut,DCkW,kWTotalLosses,kWInvLosses,kWIdlingLosses,kWChDchLosses,"kWh Chng",InvEff,InverterON,Vref,"Vavg (DRC)","VV Oper","VW Oper","DRC Oper","VV_DRC Oper","WP Oper","WV Oper",kWDesired,"kW VW Limit","Limit kWOut Function","kVA Exceeded","Grid voltage",di/dt,it,"it History","Rated VDC","Avg duty cycle","Target (Amps)","Series L","Max. Amps (phase)"
1, 0.00000, 11.6637, 1, 2.31698, 0, 3.09468, 2.31698, 0.121946, 0, 0, 0.121946, -6.99825, 1, 1, 9999, 9999, 9999, 9999, 9999, 9999, 9999, 9999, 2.31698, 9999, 4.6655, 0, 0, 0, 0, 0, 8000, 0, 0, 0, 0
2, 0.00000, 9.22482, 1, 1.43366, 0, 3.09472, 1.43366, 0.0754555, 0, 0, 0.0754555, -2.43893, 1, 1, 9999, 9999, 9999, 9999, 9999, 9999, 9999, 9999, 1.43366, 9999, 4.6655, 0, 0, 0, 0, 0, 8000, 0, 0, 0, 0
3, 0.00000, 7.71571, 1, 1.15028, 0, 3.09468, 1.15028, 0.0605413, 0, 0, 0.0605413, -1.50911, 1, 1, 9999, 9999, 9999, 9999, 9999, 9999, 9999, 9999, 1.15028, 9999, 4.6655, 0, 0, 0, 0, 0, 8000, 0, 0, 0, 0
4, 0.00000, 6.50489, 1, 0.860968, 0, 3.09478, 0.860968, 0.0453141, 0, 0, 0.0453141, -1.21083, 1, 1, 9999, 9999, 9999, 9999, 9999, 9999, 9999, 9999, 0.861018, 9999, 4.6655, 0, 0, 0, 0, 0, 8000, 0, 0, 0, 0
5, 0.00000, 5.5986, -1, 0, 0.000291455, 3.09487, -0.000291455, 0.0000145728, 0, 0, 0.0000145728, -0.906282, 1, 1, 9999, 9999, 9999, 9999, 9999, 9999, 9999, 9999, -8.75574E-20, 9999, 4.6655, 0, 0, 0, 0, 0, 8000, 0, 0, 0, 0
