hour,t(sec),kWh,State,kWOut,kWIn,kvarOut,DCkW,kWTotalLosses,kWInvLosses,kWIdlingLosses,kWChDchLosses,"kWh Chng",InvEff,InverterON,Vref,"Vavg (DRC)","VV Oper","VW Oper","DRC Oper","VV_DRC Oper","WP Oper","WV Oper",kWDesired,"kW VW Limit","Limit kWOut Function","kVA Exceeded","Grid voltage",di/dt,it,"it History","Rated VDC","Avg duty cycle","Target (Amps)","Series L","Max. Amps (phase)"
1, 0.00000, 5.83362, 1, 0.833133, 0, 1.54778, 0.833133, 0.0438491, 0, 0, 0.0438491, -3.50017, 1, 1, 9999, 9999, 9999, 9999, 9999, 9999, 9999, 9999, 0.83313, 9999, 2.3335, 0, 0, 0, 0, 0, 8000, 0, 0, 0, 0
2, 0.00000, 4.95664, 1, 0.578118, 0, 1.54781, 0.578118, 0.0304273, 0, 0, 0.0304273, -0.876982, 1, 1, 9999, 9999, 9999, 9999, 9999, 9999, 9999, 9999, 0.578125, 9999, 2.3335, 0, 0, 0, 0, 0, 8000, 0, 0, 0, 0
3, 0.00000, 4.3481, 1, 0.506212, 0, 1.54779, 0.506212, 0.0266427, 0, 0, 0.0266427, -0.608545, 1, 1, 9999, 9999, 9999, 9999, 9999, 9999, 9999, 9999, 0.506206, 9999, 2.3335, 0, 0, 0, 0, 0, 8000, 0, 0, 0, 0
4, 0.00000, 3.81524, 1, 0.413019, 0, 1.54787, 0.413019, 0.0217378, 0, 0, 0.0217378, -0.532855, 1, 1, 9999, 9999, 9999, 9999, 9999, 9999, 9999, 9999, 0.413076, 9999, 2.3335, 0, 0, 0, 0, 0, 8000, 0, 0, 0, 0
5, 0.00000, 3.38049, 1, 0.0183282, 0, 1.54792, 0.0183282, 0.000964645, 0, 0, 0.000964645, -0.434757, 1, 1, 9999, 9999, 9999, 9999, 9999, 9999, 9999, 9999, 0.0186276, 9999, 2.3335, 0, 0, 0, 0, 0, 8000, 0, 0, 0, 0
