hour,t(sec),kWh,State,kWOut,kWIn,kvarOut,DCkW,kWTotalLosses,kWInvLosses,kWIdlingLosses,kWChDchLosses,"kWh Chng",InvEff,InverterON,Vref,"Vavg (DRC)","VV Oper","VW Oper","DRC Oper","VV_DRC Oper","WP Oper","WV Oper",kWDesired,"kW VW Limit","Limit kWOut Function","kVA Exceeded","Grid voltage",di/dt,it,"it History","Rated VDC","Avg duty cycle","Target (Amps)","Series L","Max. Amps (phase)"
1, 0.00000, 11.6637, 1, 0.506822, 0, 3.09468, 0.506822, 0.0266748, 0, 0, 0.0266748, -6.99825, 1, 1, 9999, 9999, 9999, 9999, 9999, 9999, 9999, 9999, 0.506813, 9999, 4.6655, 0, 0, 0, 0, 0, 8000, 0, 0, 0, 0
2, 0.00000, 11.1303, -1, 0, 0.0000147673, 3.09472, -0.0000147673, 7.38366E-7, 0, 0, 7.38366E-7, -0.533497, 1, 1, 9999, 9999, 9999, 9999, 9999, 9999, 9999, 9999, -3.60867E-19, 9999, 4.6655, 0, 0, 0, 0, 0, 8000, 0, 0, 0, 0
3, 0.00000, 11.1303, 1, 0.0000114028, 0, 3.09468, 0.0000114028, 6.00148E-7, 0, 0, 6.00148E-7, 0.000014029, 1, 1, 9999, 9999, 9999, 9999, 9999, 9999, 9999, 9999, 1.78843E-19, 9999, 4.6655, 0, 0, 0, 0, 0, 8000, 0, 0, 0, 0
4, 0.00000, 11.1303, 1, 0.0000685184, 0, 3.09477, 0.0000685184, 3.60623E-6, 0, 0, 3.60623E-6, -0.0000120029, 1, 1, 9999, 9999, 9999, 9999, 9999, 9999, 9999, 9999, 5.29814E-21, 9999, 4.6655, 0, 0, 0, 0, 0, 8000, 0, 0, 0, 0
5, 0.00000, 11.1302, 1, 0.000287903, 0, 3.09488, 0.000287903, 0.0000151528, 0, 0, 0.0000151528, -0.0000721246, 1, 1, 9999, 9999, 9999, 9999, 9999, 9999, 9999, 9999, 2.35099E-35, 9999, 4.6655, 0, 0, 0, 0, 0, 8000, 0, 0, 0, 0
