hour,t(sec),kWh,State,kWOut,kWIn,kvarOut,DCkW,kWTotalLosses,kWInvLosses,kWIdlingLosses,kWChDchLosses,"kWh Chng",InvEff,InverterON,Vref,"Vavg (DRC)","VV Oper","VW Oper","DRC Oper","VV_DRC Oper","WP Oper","WV Oper",kWDesired,"kW VW Limit","Limit kWOut Function","kVA Exceeded","Grid voltage",di/dt,it,"it History","Rated VDC","Avg duty cycle","Target (Amps)","Series L","Max. Amps (phase)"
1, 0.00000, 11.6637, 1, 2.23086, 0, 3.09479, 2.23086, 0.117413, 0, 0, 0.117413, -6.99825, 1, 1, 9999, 9999, 9999, 9999, 9999, 9999, 9999, 9999, 2.23086, 9999, 4.6655, 0, 0, 0, 0, 0, 8000, 0, 0, 0, 0
2, 0.00000, 9.31548, 1, 1.19141, 0, 3.09465, 1.19141, 0.0627057, 0, 0, 0.0627057, -2.34827, 1, 1, 9999, 9999, 9999, 9999, 9999, 9999, 9999, 9999, 1.19138, 9999, 4.6655, 0, 0, 0, 0, 0, 8000, 0, 0, 0, 0
3, 0.00000, 8.06137, 1, 0.850436, 0, 3.09469, 0.850436, 0.0447598, 0, 0, 0.0447598, -1.25411, 1, 1, 9999, 9999, 9999, 9999, 9999, 9999, 9999, 9999, 0.850427, 9999, 4.6655, 0, 0, 0, 0, 0, 8000, 0, 0, 0, 0
4, 0.00000, 7.16617, 1, 0.496, 0, 3.09469, 0.496, 0.0261053, 0, 0, 0.0261053, -0.895196, 1, 1, 9999, 9999, 9999, 9999, 9999, 9999, 9999, 9999, 0.495989, 9999, 4.6655, 0, 0, 0, 0, 0, 8000, 0, 0, 0, 0
5, 0.00000, 6.64407, 1, 0.299223, 0, 3.09468, 0.299223, 0.0157486, 0, 0, 0.0157486, -0.522105, 1, 1, 9999, 9999, 9999, 9999, 9999, 9999, 9999, 9999, 0.299208, 9999, 4.6655, 0, 0, 0, 0, 0, 8000, 0, 0, 0, 0
6, 0.00000, 6.3291, 1, 0.352112, 0, 3.0948, 0.352112, 0.0185322, 0, 0, 0.0185322, -0.314972, 1, 1, 9999, 9999, 9999, 9999, 9999, 9999, 9999, 9999, 0.352115, 9999, 4.6655, 0, 0, 0, 0, 0, 8000, 0, 0, 0, 0
