hour,t(sec),kWh,State,kWOut,kWIn,kvarOut,DCkW,kWTotalLosses,kWInvLosses,kWIdlingLosses,kWChDchLosses,"kWh Chng",InvEff,InverterON,Vref,"Vavg (DRC)","VV Oper","VW Oper","DRC Oper","VV_DRC Oper","WP Oper","WV Oper",kWDesired,"kW VW Limit","Limit kWOut Function","kVA Exceeded","Grid voltage",di/dt,it,"it History","Rated VDC","Avg duty cycle","Target (Amps)","Series L","Max. Amps (phase)"
1, 0.00000, 11.6637, 1, 2.20319, 0, 3.09478, 2.20319, 0.115957, 0, 0, 0.115957, -6.99825, 1, 1, 9999, 9999, 9999, 9999, 9999, 9999, 9999, 9999, 2.20319, 9999, 4.6655, 0, 0, 0, 0, 0, 8000, 0, 0, 0, 0
2, 0.00000, 9.3446, 1, 1.2245, 0, 3.09471, 1.2245, 0.0644473, 0, 0, 0.0644473, -2.31915, 1, 1, 9999, 9999, 9999, 9999, 9999, 9999, 9999, 9999, 1.22446, 9999, 4.6655, 0, 0, 0, 0, 0, 8000, 0, 0, 0, 0
3, 0.00000, 8.05566, 1, 0.914824, 0, 3.09478, 0.914824, 0.0481486, 0, 0, 0.0481486, -1.28895, 1, 1, 9999, 9999, 9999, 9999, 9999, 9999, 9999, 9999, 0.914811, 9999, 4.6655, 0, 0, 0, 0, 0, 8000, 0, 0, 0, 0
4, 0.00000, 7.09269, 1, 0.593514, 0, 3.09477, 0.593514, 0.0312376, 0, 0, 0.0312376, -0.962973, 1, 1, 9999, 9999, 9999, 9999, 9999, 9999, 9999, 9999, 0.593498, 9999, 4.6655, 0, 0, 0, 0, 0, 8000, 0, 0, 0, 0
5, 0.00000, 6.46793, 1, 0.37826, 0, 3.09477, 0.37826, 0.0199084, 0, 0, 0.0199084, -0.624752, 1, 1, 9999, 9999, 9999, 9999, 9999, 9999, 9999, 9999, 0.378237, 9999, 4.6655, 0, 0, 0, 0, 0, 8000, 0, 0, 0, 0
6, 0.00000, 6.06977, 1, 0.447757, 0, 3.09471, 0.447757, 0.0235662, 0, 0, 0.0235662, -0.398169, 1, 1, 9999, 9999, 9999, 9999, 9999, 9999, 9999, 9999, 0.447762, 9999, 4.6655, 0, 0, 0, 0, 0, 8000, 0, 0, 0, 0
