hour,t(sec),kWh,State,kWOut,kWIn,kvarOut,DCkW,kWTotalLosses,kWInvLosses,kWIdlingLosses,kWChDchLosses,"kWh Chng",InvEff,InverterON,Vref,"Vavg (DRC)","VV Oper","VW Oper","DRC Oper","VV_DRC Oper","WP Oper","WV Oper",kWDesired,"kW VW Limit","Limit kWOut Function","kVA Exceeded","Grid voltage",di/dt,it,"it History","Rated VDC","Avg duty cycle","Target (Amps)","Series L","Max. Amps (phase)"
1, 0.00000, 71.4613, 1, 8.24219, 0, -18.9607, 8.24219, 0.433799, 0, 0, 0.433799, -42.8768, 1, 1, 9999, 9999, 9999, 9999, 9999, 9999, 9999, 9999, 8.24234, 9999, 28.5845, 0, 0, 0, 0, 0, 8000, 0, 0, 0, 0
2, 0.00000, 62.7853, 1, 2.9408, 0, -18.9605, 2.9408, 0.154779, 0, 0, 0.154779, -8.67599, 1, 1, 9999, 9999, 9999, 9999, 9999, 9999, 9999, 9999, 2.94163, 9999, 28.5845, 0, 0, 0, 0, 0, 8000, 0, 0, 0, 0
3, 0.00000, 59.6897, 1, 1.93256, 0, -18.9607, 1.93256, 0.101714, 0, 0, 0.101714, -3.09558, 1, 1, 9999, 9999, 9999, 9999, 9999, 9999, 9999, 9999, 1.9328, 9999, 28.5845, 0, 0, 0, 0, 0, 8000, 0, 0, 0, 0
4, 0.00000, 57.6554, 1, 0.784508, 0, -18.9607, 0.784508, 0.0412899, 0, 0, 0.0412899, -2.03427, 1, 1, 9999, 9999, 9999, 9999, 9999, 9999, 9999, 9999, 0.784759, 9999, 28.5845, 0, 0, 0, 0, 0, 8000, 0, 0, 0, 0
5, 0.00000, 56.8296, 1, 0.000329717, 0, -18.9607, 0.000329717, 0.0000173535, 0, 0, 0.0000173535, -0.825797, 1, 1, 9999, 9999, 9999, 9999, 9999, 9999, 9999, 9999, 3.22405E-18, 9999, 28.5845, 0, 0, 0, 0, 0, 8000, 0, 0, 0, 0
6, 0.00000, 56.8293, 1, 0.507272, 0, -18.9608, 0.507272, 0.0266985, 0, 0, 0.0266985, -0.00034707, 1, 1, 9999, 9999, 9999, 9999, 9999, 9999, 9999, 9999, 0.507203, 9999, 28.5845, 0, 0, 0, 0, 0, 8000, 0, 0, 0, 0
