hour,t(sec),kWh,State,kWOut,kWIn,kvarOut,DCkW,kWTotalLosses,kWInvLosses,kWIdlingLosses,kWChDchLosses,"kWh Chng",InvEff,InverterON,Vref,"Vavg (DRC)","VV Oper","VW Oper","DRC Oper","VV_DRC Oper","WP Oper","WV Oper",kWDesired,"kW VW Limit","Limit kWOut Function","kVA Exceeded","Grid voltage",di/dt,it,"it History","Rated VDC","Avg duty cycle","Target (Amps)","Series L","Max. Amps (phase)"
1, 0.00000, 11.6637, 1, 1.16677, 0, -3.09469, 1.16677, 0.0614089, 0, 0, 0.0614089, -6.99825, 1, 1, 9999, 9999, 9999, 9999, 9999, 9999, 9999, 9999, 1.16679, 9999, 4.6655, 0, 0, 0, 0, 0, 8000, 0, 0, 0, 0
2, 0.00000, 10.4356, 1, 0.451004, 0, -3.09471, 0.451004, 0.0237371, 0, 0, 0.0237371, -1.22818, 1, 1, 9999, 9999, 9999, 9999, 9999, 9999, 9999, 9999, 0.450981, 9999, 4.6655, 0, 0, 0, 0, 0, 8000, 0, 0, 0, 0
3, 0.00000, 9.96083, 1, 0.285547, 0, -3.09469, 0.285547, 0.0150288, 0, 0, 0.0150288, -0.474741, 1, 1, 9999, 9999, 9999, 9999, 9999, 9999, 9999, 9999, 0.285566, 9999, 4.6655, 0, 0, 0, 0, 0, 8000, 0, 0, 0, 0
4, 0.00000, 9.66025, 1, 0.1062, 0, -3.09476, 0.1062, 0.0055895, 0, 0, 0.0055895, -0.300576, 1, 1, 9999, 9999, 9999, 9999, 9999, 9999, 9999, 9999, 0.106047, 9999, 4.6655, 0, 0, 0, 0, 0, 8000, 0, 0, 0, 0
5, 0.00000, 9.54846, -1, 0, 0.000672082, -3.09479, -0.000672082, 0.0000336041, 0, 0, 0.0000336041, -0.11179, 1, 1, 9999, 9999, 9999, 9999, 9999, 9999, 9999, 9999, -1.85421E-19, 9999, 4.6655, 0, 0, 0, 0, 0, 8000, 0, 0, 0, 0
