hour,t(sec),kWh,State,kWOut,kWIn,kvarOut,DCkW,kWTotalLosses,kWInvLosses,kWIdlingLosses,kWChDchLosses,"kWh Chng",InvEff,InverterON,Vref,"Vavg (DRC)","VV Oper","VW Oper","DRC Oper","VV_DRC Oper","WP Oper","WV Oper",kWDesired,"kW VW Limit","Limit kWOut Function","kVA Exceeded","Grid voltage",di/dt,it,"it History","Rated VDC","Avg duty cycle","Target (Amps)","Series L","Max. Amps (phase)"
1, 0.00000, 11.6637, 1, 2.0078, 0, 3.09468, 2.0078, 0.105674, 0, 0, 0.105674, -6.99825, 1, 1, 9999, 9999, 9999, 9999, 9999, 9999, 9999, 9999, 2.0078, 9999, 4.6655, 0, 0, 0, 0, 0, 8000, 0, 0, 0, 0
2, 0.00000, 9.55028, 1, 1.62844, 0, 3.09473, 1.62844, 0.0857074, 0, 0, 0.0857074, -2.11347, 1, 1, 9999, 9999, 9999, 9999, 9999, 9999, 9999, 9999, 1.62845, 9999, 4.6655, 0, 0, 0, 0, 0, 8000, 0, 0, 0, 0
3, 0.00000, 7.83613, 1, 1.40376, 0, 3.09468, 1.40376, 0.0738821, 0, 0, 0.0738821, -1.71415, 1, 1, 9999, 9999, 9999, 9999, 9999, 9999, 9999, 9999, 1.40376, 9999, 4.6655, 0, 0, 0, 0, 0, 8000, 0, 0, 0, 0
4, 0.00000, 6.35849, 1, 0.721794, 0, 3.09478, 0.721794, 0.0379891, 0, 0, 0.0379891, -1.47764, 1, 1, 9999, 9999, 9999, 9999, 9999, 9999, 9999, 9999, 0.721846, 9999, 4.6655, 0, 0, 0, 0, 0, 8000, 0, 0, 0, 0
5, 0.00000, 5.5987, 1, 0.000289001, 0, 3.09487, 0.000289001, 0.0000152106, 0, 0, 0.0000152106, -0.759783, 1, 1, 9999, 9999, 9999, 9999, 9999, 9999, 9999, 9999, 9.9935E-18, 9999, 4.6655, 0, 0, 0, 0, 0, 8000, 0, 0, 0, 0
