hour,t(sec),kWh,State,kWOut,kWIn,kvarOut,DCkW,kWTotalLosses,kWInvLosses,kWIdlingLosses,kWChDchLosses,"kWh Chng",InvEff,InverterON,Vref,"Vavg (DRC)","VV Oper","VW Oper","DRC Oper","VV_DRC Oper","WP Oper","WV Oper",kWDesired,"kW VW Limit","Limit kWOut Function","kVA Exceeded","Grid voltage",di/dt,it,"it History","Rated VDC","Avg duty cycle","Target (Amps)","Series L","Max. Amps (phase)"
1, 0.00000, 11.6637, 1, 1.86933, 0, 3.09468, 1.86933, 0.0983857, 0, 0, 0.0983857, -6.99825, 1, 1, 9999, 9999, 9999, 9999, 9999, 9999, 9999, 9999, 1.86933, 9999, 4.6655, 0, 0, 0, 0, 0, 8000, 0, 0, 0, 0
2, 0.00000, 9.69604, 1, 1.29639, 0, 3.09461, 1.29639, 0.0682311, 0, 0, 0.0682311, -1.96771, 1, 1, 9999, 9999, 9999, 9999, 9999, 9999, 9999, 9999, 1.29636, 9999, 4.6655, 0, 0, 0, 0, 0, 8000, 0, 0, 0, 0
3, 0.00000, 8.33141, 1, 1.13713, 0, 3.09468, 1.13713, 0.0598491, 0, 0, 0.0598491, -1.36462, 1, 1, 9999, 9999, 9999, 9999, 9999, 9999, 9999, 9999, 1.13712, 9999, 4.6655, 0, 0, 0, 0, 0, 8000, 0, 0, 0, 0
4, 0.00000, 7.13443, 1, 0.95142, 0, 3.09483, 0.95142, 0.0500747, 0, 0, 0.0500747, -1.19698, 1, 1, 9999, 9999, 9999, 9999, 9999, 9999, 9999, 9999, 0.951529, 9999, 4.6655, 0, 0, 0, 0, 0, 8000, 0, 0, 0, 0
5, 0.00000, 6.13294, 1, 0.507698, 0, 3.09459, 0.507698, 0.026721, 0, 0, 0.026721, -1.00149, 1, 1, 9999, 9999, 9999, 9999, 9999, 9999, 9999, 9999, 0.507606, 9999, 4.6655, 0, 0, 0, 0, 0, 8000, 0, 0, 0, 0
