hour,t(sec),kWh,State,kWOut,kWIn,kvarOut,DCkW,kWTotalLosses,kWInvLosses,kWIdlingLosses,kWChDchLosses,"kWh Chng",InvEff,InverterON,Vref,"Vavg (DRC)","VV Oper","VW Oper","DRC Oper","VV_DRC Oper","WP Oper","WV Oper",kWDesired,"kW VW Limit","Limit kWOut Function","kVA Exceeded","Grid voltage",di/dt,it,"it History","Rated VDC","Avg duty cycle","Target (Amps)","Series L","Max. Amps (phase)"
1, 0.00000, 5.83362, 1, 1.07418, 0, 1.54779, 1.07418, 0.0565358, 0, 0, 0.0565358, -3.50017, 1, 1, 9999, 9999, 9999, 9999, 9999, 9999, 9999, 9999, 1.07418, 9999, 2.3335, 0, 0, 0, 0, 0, 8000, 0, 0, 0, 0
2, 0.00000, 4.70291, 1, 0.740043, 0, 1.54781, 0.740043, 0.0389496, 0, 0, 0.0389496, -1.13072, 1, 1, 9999, 9999, 9999, 9999, 9999, 9999, 9999, 9999, 0.740046, 9999, 2.3335, 0, 0, 0, 0, 0, 8000, 0, 0, 0, 0
3, 0.00000, 3.92392, 1, 0.619407, 0, 1.54779, 0.619407, 0.0326004, 0, 0, 0.0326004, -0.778993, 1, 1, 9999, 9999, 9999, 9999, 9999, 9999, 9999, 9999, 0.619404, 9999, 2.3335, 0, 0, 0, 0, 0, 8000, 0, 0, 0, 0
4, 0.00000, 3.27191, 1, 0.448241, 0, 1.54784, 0.448241, 0.0235916, 0, 0, 0.0235916, -0.652007, 1, 1, 9999, 9999, 9999, 9999, 9999, 9999, 9999, 9999, 0.448265, 9999, 2.3335, 0, 0, 0, 0, 0, 8000, 0, 0, 0, 0
5, 0.00000, 2.80014, 0, 0, 0.00014533, 1.54789, -0.00014533, 0.00014533, 0, 0.00014533, 0, -0.471768, 1, 1, 9999, 9999, 9999, 9999, 9999, 9999, 9999, 9999, 1.92047E-17, 9999, 2.3335, 0, 0, 0, 0, 0, 8000, 0, 0, 0, 0
