hour,t(sec),kWh,State,kWOut,kWIn,kvarOut,DCkW,kWTotalLosses,kWInvLosses,kWIdlingLosses,kWChDchLosses,"kWh Chng",InvEff,InverterON,Vref,"Vavg (DRC)","VV Oper","VW Oper","DRC Oper","VV_DRC Oper","WP Oper","WV Oper",kWDesired,"kW VW Limit","Limit kWOut Function","kVA Exceeded","Grid voltage",di/dt,it,"it History","Rated VDC","Avg duty cycle","Target (Amps)","Series L","Max. Amps (phase)"
1, 0.00000, 11.6637, 1, 1.3216, 0, 2.67067, 1.3216, 0.069558, 0, 0, 0.069558, -6.99825, 1, 1, 9999, 9999, 9999, 9999, 9999, 9999, 9999, 9999, 1.3216, 9999, 4.6655, 0, 0, 0, 0, 0, 8000, 0, 0, 0, 0
2, 0.00000, 10.2726, 1, 0.401184, 0, 2.96512, 0.401184, 0.021115, 0, 0, 0.021115, -1.39116, 1, 1, 9999, 9999, 9999, 9999, 9999, 9999, 9999, 9999, 0.4012, 9999, 4.6655, 0, 0, 0, 0, 0, 8000, 0, 0, 0, 0
3, 0.00000, 9.85029, 1, 0.114661, 0, 3.07838, 0.114661, 0.00603478, 0, 0, 0.00603478, -0.422299, 1, 1, 9999, 9999, 9999, 9999, 9999, 9999, 9999, 9999, 0.114645, 9999, 4.6655, 0, 0, 0, 0, 0, 8000, 0, 0, 0, 0
4, 0.00000, 9.72959, 1, 0.000136144, 0, 3.09479, 0.000136144, 7.16545E-6, 0, 0, 7.16545E-6, -0.120696, 1, 1, 9999, 9999, 9999, 9999, 9999, 9999, 9999, 9999, 6.21491E-19, 9999, 4.6655, 0, 0, 0, 0, 0, 8000, 0, 0, 0, 0
5, 0.00000, 9.72945, -1, 0, 0.000590007, 3.0205, -0.000590007, 0.0000295004, 0, 0, 0.0000295004, -0.000143309, 1, 1, 9999, 9999, 9999, 9999, 9999, 9999, 9999, 9999, -9.67018E-20, 9999, 4.6655, 0, 0, 0, 0, 0, 8000, 0, 0, 0, 0
