hour,t(sec),kWh,State,kWOut,kWIn,kvarOut,DCkW,kWTotalLosses,kWInvLosses,kWIdlingLosses,kWChDchLosses,"kWh Chng",InvEff,InverterON,Vref,"Vavg (DRC)","VV Oper","VW Oper","DRC Oper","VV_DRC Oper","WP Oper","WV Oper",kWDesired,"kW VW Limit","Limit kWOut Function","kVA Exceeded","Grid voltage",di/dt,it,"it History","Rated VDC","Avg duty cycle","Target (Amps)","Series L","Max. Amps (phase)"
1, 0.00000, 5.83362, 1, 0.963907, 0, -1.5478, 0.963907, 0.050732, 0, 0, 0.050732, -3.50017, 1, 1, 9999, 9999, 9999, 9999, 9999, 9999, 9999, 9999, 0.963922, 9999, 2.3335, 0, 0, 0, 0, 0, 8000, 0, 0, 0, 0
2, 0.00000, 4.81899, 1, 0.592162, 0, -1.5478, 0.592162, 0.0311664, 0, 0, 0.0311664, -1.01464, 1, 1, 9999, 9999, 9999, 9999, 9999, 9999, 9999, 9999, 0.592149, 9999, 2.3335, 0, 0, 0, 0, 0, 8000, 0, 0, 0, 0
3, 0.00000, 4.19566, 1, 0.475697, 0, -1.5478, 0.475697, 0.0250367, 0, 0, 0.0250367, -0.623328, 1, 1, 9999, 9999, 9999, 9999, 9999, 9999, 9999, 9999, 0.475707, 9999, 2.3335, 0, 0, 0, 0, 0, 8000, 0, 0, 0, 0
4, 0.00000, 3.69492, 1, 0.340984, 0, -1.54782, 0.340984, 0.0179466, 0, 0, 0.0179466, -0.500733, 1, 1, 9999, 9999, 9999, 9999, 9999, 9999, 9999, 9999, 0.340901, 9999, 2.3335, 0, 0, 0, 0, 0, 8000, 0, 0, 0, 0
5, 0.00000, 3.33599, -1, 0, 0.000338457, -1.54785, -0.000338457, 0.0000169229, 0, 0, 0.0000169229, -0.358931, 1, 1, 9999, 9999, 9999, 9999, 9999, 9999, 9999, 9999, -1.27463E-19, 9999, 2.3335, 0, 0, 0, 0, 0, 8000, 0, 0, 0, 0
