hour,t(sec),kWh,State,kWOut,kWIn,kvarOut,DCkW,kWTotalLosses,kWInvLosses,kWIdlingLosses,kWChDchLosses,"kWh Chng",InvEff,InverterON,Vref,"Vavg (DRC)","VV Oper","VW Oper","DRC Oper","VV_DRC Oper","WP Oper","WV Oper",kWDesired,"kW VW Limit","Limit kWOut Function","kVA Exceeded","Grid voltage",di/dt,it,"it History","Rated VDC","Avg duty cycle","Target (Amps)","Series L","Max. Amps (phase)"
1, 0.00000, 21.875, 1, 3.49694, 0, 5.80414, 3.49694, 0.184049, 0, 0, 0.184049, -13.125, 1, 1, 9999, 9999, 9999, 9999, 9999, 9999, 9999, 9999, 3.49694, 9999, 8.75, 0, 0, 0, 0, 0, 8000, 0, 0, 0, 0
2, 0.00000, 18.194, 1, 2.26874, 0, 5.80395, 2.26874, 0.119408, 0, 0, 0.119408, -3.68099, 1, 1, 9999, 9999, 9999, 9999, 9999, 9999, 9999, 9999, 2.26861, 9999, 8.75, 0, 0, 0, 0, 0, 8000, 0, 0, 0, 0
3, 0.00000, 15.8059, 1, 1.90395, 0, 5.80413, 1.90395, 0.100208, 0, 0, 0.100208, -2.38815, 1, 1, 9999, 9999, 9999, 9999, 9999, 9999, 9999, 9999, 1.90391, 9999, 8.75, 0, 0, 0, 0, 0, 8000, 0, 0, 0, 0
4, 0.00000, 13.8017, 1, 1.49192, 0, 5.80412, 1.49192, 0.0785223, 0, 0, 0.0785223, -2.00416, 1, 1, 9999, 9999, 9999, 9999, 9999, 9999, 9999, 9999, 1.49188, 9999, 8.75, 0, 0, 0, 0, 0, 8000, 0, 0, 0, 0
5, 0.00000, 12.2313, 1, 0.755059, 0, 5.804, 0.755059, 0.03974, 0, 0, 0.03974, -1.57045, 1, 1, 9999, 9999, 9999, 9999, 9999, 9999, 9999, 9999, 0.754985, 9999, 8.75, 0, 0, 0, 0, 0, 8000, 0, 0, 0, 0
6, 0.00000, 11.4365, 1, 0.889948, 0, 5.80412, 0.889948, 0.0468393, 0, 0, 0.0468393, -0.794799, 1, 1, 9999, 9999, 9999, 9999, 9999, 9999, 9999, 9999, 0.889962, 9999, 8.75, 0, 0, 0, 0, 0, 8000, 0, 0, 0, 0
