hour,t(sec),kWh,State,kWOut,kWIn,kvarOut,DCkW,kWTotalLosses,kWInvLosses,kWIdlingLosses,kWChDchLosses,"kWh Chng",InvEff,InverterON,Vref,"Vavg (DRC)","VV Oper","VW Oper","DRC Oper","VV_DRC Oper","WP Oper","WV Oper",kWDesired,"kW VW Limit","Limit kWOut Function","kVA Exceeded","Grid voltage",di/dt,it,"it History","Rated VDC","Avg duty cycle","Target (Amps)","Series L","Max. Amps (phase)"
1, 0.00000, 11.6637, 1, 1.98163, 0, 3.09469, 1.98163, 0.104296, 0, 0, 0.104296, -6.99825, 1, 1, 9999, 9999, 9999, 9999, 9999, 9999, 9999, 9999, 1.98162, 9999, 4.6655, 0, 0, 0, 0, 0, 8000, 0, 0, 0, 0
2, 0.00000, 9.57783, 1, 1.17312, 0, 3.09465, 1.17312, 0.0617431, 0, 0, 0.0617431, -2.08592, 1, 1, 9999, 9999, 9999, 9999, 9999, 9999, 9999, 9999, 1.17309, 9999, 4.6655, 0, 0, 0, 0, 0, 8000, 0, 0, 0, 0
3, 0.00000, 8.34297, 1, 0.917012, 0, 3.09469, 0.917012, 0.0482638, 0, 0, 0.0482638, -1.23486, 1, 1, 9999, 9999, 9999, 9999, 9999, 9999, 9999, 9999, 0.917004, 9999, 4.6655, 0, 0, 0, 0, 0, 8000, 0, 0, 0, 0
4, 0.00000, 7.37769, 1, 0.6285, 0, 3.09469, 0.6285, 0.0330789, 0, 0, 0.0330789, -0.965276, 1, 1, 9999, 9999, 9999, 9999, 9999, 9999, 9999, 9999, 0.628489, 9999, 4.6655, 0, 0, 0, 0, 0, 8000, 0, 0, 0, 0
5, 0.00000, 6.71611, 1, 0.300245, 0, 3.09468, 0.300245, 0.0158024, 0, 0, 0.0158024, -0.661578, 1, 1, 9999, 9999, 9999, 9999, 9999, 9999, 9999, 9999, 0.30023, 9999, 4.6655, 0, 0, 0, 0, 0, 8000, 0, 0, 0, 0
6, 0.00000, 6.40006, 1, 0.367489, 0, 3.0947, 0.367489, 0.0193415, 0, 0, 0.0193415, -0.316047, 1, 1, 9999, 9999, 9999, 9999, 9999, 9999, 9999, 9999, 0.367492, 9999, 4.6655, 0, 0, 0, 0, 0, 8000, 0, 0, 0, 0
