hour,t(sec),kWh,State,kWOut,kWIn,kvarOut,DCkW,kWTotalLosses,kWInvLosses,kWIdlingLosses,kWChDchLosses,"kWh Chng",InvEff,InverterON,Vref,"Vavg (DRC)","VV Oper","VW Oper","DRC Oper","VV_DRC Oper","WP Oper","WV Oper",kWDesired,"kW VW Limit","Limit kWOut Function","kVA Exceeded","Grid voltage",di/dt,it,"it History","Rated VDC","Avg duty cycle","Target (Amps)","Series L","Max. Amps (phase)"
1, 0.00000, 11.6637, 1, 1.89216, 0, -3.09469, 1.89216, 0.0995873, 0, 0, 0.0995873, -6.99825, 1, 1, 9999, 9999, 9999, 9999, 9999, 9999, 9999, 9999, 1.89219, 9999, 4.6655, 0, 0, 0, 0, 0, 8000, 0, 0, 0, 0
2, 0.00000, 9.672, 1, 1.30198, 0, -3.09471, 1.30198, 0.0685254, 0, 0, 0.0685254, -1.99175, 1, 1, 9999, 9999, 9999, 9999, 9999, 9999, 9999, 9999, 1.30214, 9999, 4.6655, 0, 0, 0, 0, 0, 8000, 0, 0, 0, 0
3, 0.00000, 8.3015, 1, 1.15257, 0, -3.0947, 1.15257, 0.0606613, 0, 0, 0.0606613, -1.37051, 1, 1, 9999, 9999, 9999, 9999, 9999, 9999, 9999, 9999, 1.15261, 9999, 4.6655, 0, 0, 0, 0, 0, 8000, 0, 0, 0, 0
4, 0.00000, 7.08827, 1, 0.975199, 0, -3.09461, 0.975199, 0.0513263, 0, 0, 0.0513263, -1.21323, 1, 1, 9999, 9999, 9999, 9999, 9999, 9999, 9999, 9999, 0.97481, 9999, 4.6655, 0, 0, 0, 0, 0, 8000, 0, 0, 0, 0
5, 0.00000, 6.06174, 1, 0.439845, 0, -3.09467, 0.439845, 0.0231497, 0, 0, 0.0231497, -1.02653, 1, 1, 9999, 9999, 9999, 9999, 9999, 9999, 9999, 9999, 0.440148, 9999, 4.6655, 0, 0, 0, 0, 0, 8000, 0, 0, 0, 0
