hour,t(sec),kWh,State,kWOut,kWIn,kvarOut,DCkW,kWTotalLosses,kWInvLosses,kWIdlingLosses,kWChDchLosses,"kWh Chng",InvEff,InverterON,Vref,"Vavg (DRC)","VV Oper","VW Oper","DRC Oper","VV_DRC Oper","WP Oper","WV Oper",kWDesired,"kW VW Limit","Limit kWOut Function","kVA Exceeded","Grid voltage",di/dt,it,"it History","Rated VDC","Avg duty cycle","Target (Amps)","Series L","Max. Amps (phase)"
1, 0.00000, 11.6637, 1, 2.05506, 0, 3.09468, 2.05506, 0.108161, 0, 0, 0.108161, -6.99825, 1, 1, 9999, 9999, 9999, 9999, 9999, 9999, 9999, 9999, 2.05506, 9999, 4.6655, 0, 0, 0, 0, 0, 8000, 0, 0, 0, 0
2, 0.00000, 9.50053, 1, 1.21642, 0, 3.09463, 1.21642, 0.0640223, 0, 0, 0.0640223, -2.16322, 1, 1, 9999, 9999, 9999, 9999, 9999, 9999, 9999, 9999, 1.21639, 9999, 4.6655, 0, 0, 0, 0, 0, 8000, 0, 0, 0, 0
3, 0.00000, 8.22008, 1, 0.950886, 0, 3.09468, 0.950886, 0.0500467, 0, 0, 0.0500467, -1.28045, 1, 1, 9999, 9999, 9999, 9999, 9999, 9999, 9999, 9999, 0.950876, 9999, 4.6655, 0, 0, 0, 0, 0, 8000, 0, 0, 0, 0
4, 0.00000, 7.21915, 1, 0.668159, 0, 3.09468, 0.668159, 0.0351663, 0, 0, 0.0351663, -1.00093, 1, 1, 9999, 9999, 9999, 9999, 9999, 9999, 9999, 9999, 0.668146, 9999, 4.6655, 0, 0, 0, 0, 0, 8000, 0, 0, 0, 0
5, 0.00000, 6.51582, 1, 0.391185, 0, 3.09467, 0.391185, 0.0205887, 0, 0, 0.0205887, -0.703326, 1, 1, 9999, 9999, 9999, 9999, 9999, 9999, 9999, 9999, 0.391165, 9999, 4.6655, 0, 0, 0, 0, 0, 8000, 0, 0, 0, 0
6, 0.00000, 6.10405, 1, 0.480309, 0, 3.09471, 0.480309, 0.0252794, 0, 0, 0.0252794, -0.411773, 1, 1, 9999, 9999, 9999, 9999, 9999, 9999, 9999, 9999, 0.480313, 9999, 4.6655, 0, 0, 0, 0, 0, 8000, 0, 0, 0, 0
