hour,t(sec),kWh,State,kWOut,kWIn,kvarOut,DCkW,kWTotalLosses,kWInvLosses,kWIdlingLosses,kWChDchLosses,"kWh Chng",InvEff,InverterON,Vref,"Vavg (DRC)","VV Oper","VW Oper","DRC Oper","VV_DRC Oper","WP Oper","WV Oper",kWDesired,"kW VW Limit","Limit kWOut Function","kVA Exceeded","Grid voltage",di/dt,it,"it History","Rated VDC","Avg duty cycle","Target (Amps)","Series L","Max. Amps (phase)"
1, 0.00000, 11.6637, 1, 2.39224, 0, 3.09468, 2.39224, 0.125907, 0, 0, 0.125907, -6.99825, 1, 1, 9999, 9999, 9999, 9999, 9999, 9999, 9999, 9999, 2.39224, 9999, 4.6655, 0, 0, 0, 0, 0, 8000, 0, 0, 0, 0
2, 0.00000, 9.14561, 1, 1.64496, 0, 3.09472, 1.64496, 0.0865767, 0, 0, 0.0865767, -2.51814, 1, 1, 9999, 9999, 9999, 9999, 9999, 9999, 9999, 9999, 1.64496, 9999, 4.6655, 0, 0, 0, 0, 0, 8000, 0, 0, 0, 0
3, 0.00000, 7.41407, 1, 1.27168, 0, 3.09468, 1.27168, 0.0669305, 0, 0, 0.0669305, -1.73153, 1, 1, 9999, 9999, 9999, 9999, 9999, 9999, 9999, 9999, 1.27168, 9999, 4.6655, 0, 0, 0, 0, 0, 8000, 0, 0, 0, 0
4, 0.00000, 6.07546, 1, 0.452931, 0, 3.09477, 0.452931, 0.0238385, 0, 0, 0.0238385, -1.33861, 1, 1, 9999, 9999, 9999, 9999, 9999, 9999, 9999, 9999, 0.452987, 9999, 4.6655, 0, 0, 0, 0, 0, 8000, 0, 0, 0, 0
5, 0.00000, 5.59869, -1, 0, 0.0002808, 3.09486, -0.0002808, 0.00001404, 0, 0, 0.00001404, -0.476769, 1, 1, 9999, 9999, 9999, 9999, 9999, 9999, 9999, 9999, -1.6472E-18, 9999, 4.6655, 0, 0, 0, 0, 0, 8000, 0, 0, 0, 0
