hour,t(sec),kWh,State,kWOut,kWIn,kvarOut,DCkW,kWTotalLosses,kWInvLosses,kWIdlingLosses,kWChDchLosses,"kWh Chng",InvEff,InverterON,Vref,"Vavg (DRC)","VV Oper","VW Oper","DRC Oper","VV_DRC Oper","WP Oper","WV Oper",kWDesired,"kW VW Limit","Limit kWOut Function","kVA Exceeded","Grid voltage",di/dt,it,"it History","Rated VDC","Avg duty cycle","Target (Amps)","Series L","Max. Amps (phase)"
1, 0.00000, 5.83362, 1, 0.445127, 0, -1.54779, 0.445127, 0.0234277, 0, 0, 0.0234277, -3.50017, 1, 1, 9999, 9999, 9999, 9999, 9999, 9999, 9999, 9999, 0.445138, 9999, 2.3335, 0, 0, 0, 0, 0, 8000, 0, 0, 0, 0
2, 0.00000, 5.36507, 1, 0.580122, 0, -1.5478, 0.580122, 0.0305327, 0, 0, 0.0305327, -0.468555, 1, 1, 9999, 9999, 9999, 9999, 9999, 9999, 9999, 9999, 0.580201, 9999, 2.3335, 0, 0, 0, 0, 0, 8000, 0, 0, 0, 0
3, 0.00000, 4.75442, 1, 0.66507, 0, -1.5478, 0.66507, 0.0350037, 0, 0, 0.0350037, -0.610654, 1, 1, 9999, 9999, 9999, 9999, 9999, 9999, 9999, 9999, 0.665094, 9999, 2.3335, 0, 0, 0, 0, 0, 8000, 0, 0, 0, 0
4, 0.00000, 4.05434, 1, 0.700233, 0, -1.5478, 0.700233, 0.0368544, 0, 0, 0.0368544, -0.700073, 1, 1, 9999, 9999, 9999, 9999, 9999, 9999, 9999, 9999, 0.70026, 9999, 2.3335, 0, 0, 0, 0, 0, 8000, 0, 0, 0, 0
5, 0.00000, 3.31726, 1, 0.208749, 0, -1.54779, 0.208749, 0.0109868, 0, 0, 0.0109868, -0.737087, 1, 1, 9999, 9999, 9999, 9999, 9999, 9999, 9999, 9999, 0.208781, 9999, 2.3335, 0, 0, 0, 0, 0, 8000, 0, 0, 0, 0
6, 0.00000, 3.09752, 1, 0.28243, 0, -1.5478, 0.28243, 0.0148647, 0, 0, 0.0148647, -0.219735, 1, 1, 9999, 9999, 9999, 9999, 9999, 9999, 9999, 9999, 0.282423, 9999, 2.3335, 0, 0, 0, 0, 0, 8000, 0, 0, 0, 0
