hour,t(sec),kWh,State,kWOut,kWIn,kvarOut,DCkW,kWTotalLosses,kWInvLosses,kWIdlingLosses,kWChDchLosses,"kWh Chng",InvEff,InverterON,Vref,"Vavg (DRC)","VV Oper","VW Oper","DRC Oper","VV_DRC Oper","WP Oper","WV Oper",kWDesired,"kW VW Limit","Limit kWOut Function","kVA Exceeded","Grid voltage",di/dt,it,"it History","Rated VDC","Avg duty cycle","Target (Amps)","Series L","Max. Amps (phase)"
1, 0.00000, 11.6637, 1, 0.62203, 0, -3.09468, 0.62203, 0.0327384, 0, 0, 0.0327384, -6.99825, 1, 1, 9999, 9999, 9999, 9999, 9999, 9999, 9999, 9999, 0.622051, 9999, 4.6655, 0, 0, 0, 0, 0, 8000, 0, 0, 0, 0
2, 0.00000, 11.009, 1, 0.310901, 0, -3.09471, 0.310901, 0.0163632, 0, 0, 0.0163632, -0.654768, 1, 1, 9999, 9999, 9999, 9999, 9999, 9999, 9999, 9999, 0.310881, 9999, 4.6655, 0, 0, 0, 0, 0, 8000, 0, 0, 0, 0
3, 0.00000, 10.6817, 1, 0.248323, 0, -3.09469, 0.248323, 0.0130696, 0, 0, 0.0130696, -0.327264, 1, 1, 9999, 9999, 9999, 9999, 9999, 9999, 9999, 9999, 0.24834, 9999, 4.6655, 0, 0, 0, 0, 0, 8000, 0, 0, 0, 0
4, 0.00000, 10.4203, 1, 0.108307, 0, -3.09478, 0.108307, 0.00570036, 0, 0, 0.00570036, -0.261393, 1, 1, 9999, 9999, 9999, 9999, 9999, 9999, 9999, 9999, 0.10817, 9999, 4.6655, 0, 0, 0, 0, 0, 8000, 0, 0, 0, 0
5, 0.00000, 10.3063, -1, 0, 0.000586988, -3.09489, -0.000586988, 0.0000293494, 0, 0, 0.0000293494, -0.114007, 1, 1, 9999, 9999, 9999, 9999, 9999, 9999, 9999, 9999, -1.21686E-18, 9999, 4.6655, 0, 0, 0, 0, 0, 8000, 0, 0, 0, 0
