hour,t(sec),kWh,State,kWOut,kWIn,kvarOut,DCkW,kWTotalLosses,kWInvLosses,kWIdlingLosses,kWChDchLosses,"kWh Chng",InvEff,InverterON,Vref,"Vavg (DRC)","VV Oper","VW Oper","DRC Oper","VV_DRC Oper","WP Oper","WV Oper",kWDesired,"kW VW Limit","Limit kWOut Function","kVA Exceeded","Grid voltage",di/dt,it,"it History","Rated VDC","Avg duty cycle","Target (Amps)","Series L","Max. Amps (phase)"
1, 0.00000, 21.875, 1, 3.71595, 0, 5.80404, 3.71595, 0.195576, 0, 0, 0.195576, -13.125, 1, 1, 9999, 9999, 9999, 9999, 9999, 9999, 9999, 9999, 3.71595, 9999, 8.75, 0, 0, 0, 0, 0, 8000, 0, 0, 0, 0
2, 0.00000, 17.9635, 1, 2.44532, 0, 5.80386, 2.44532, 0.128701, 0, 0, 0.128701, -3.91153, 1, 1, 9999, 9999, 9999, 9999, 9999, 9999, 9999, 9999, 2.44519, 9999, 8.75, 0, 0, 0, 0, 0, 8000, 0, 0, 0, 0
3, 0.00000, 15.3895, 1, 2.07038, 0, 5.80403, 2.07038, 0.108967, 0, 0, 0.108967, -2.57402, 1, 1, 9999, 9999, 9999, 9999, 9999, 9999, 9999, 9999, 2.07034, 9999, 8.75, 0, 0, 0, 0, 0, 8000, 0, 0, 0, 0
4, 0.00000, 13.2101, 1, 1.64166, 0, 5.80451, 1.64166, 0.086403, 0, 0, 0.086403, -2.17935, 1, 1, 9999, 9999, 9999, 9999, 9999, 9999, 9999, 9999, 1.64211, 9999, 8.75, 0, 0, 0, 0, 0, 8000, 0, 0, 0, 0
5, 0.00000, 11.482, 1, 0.933016, 0, 5.80373, 0.933016, 0.0491061, 0, 0, 0.0491061, -1.72806, 1, 1, 9999, 9999, 9999, 9999, 9999, 9999, 9999, 9999, 0.932662, 9999, 8.75, 0, 0, 0, 0, 0, 8000, 0, 0, 0, 0
