hour,t(sec),kWh,State,kWOut,kWIn,kvarOut,DCkW,kWTotalLosses,kWInvLosses,kWIdlingLosses,kWChDchLosses,"kWh Chng",InvEff,InverterON,Vref,"Vavg (DRC)","VV Oper","VW Oper","DRC Oper","VV_DRC Oper","WP Oper","WV Oper",kWDesired,"kW VW Limit","Limit kWOut Function","kVA Exceeded","Grid voltage",di/dt,it,"it History","Rated VDC","Avg duty cycle","Target (Amps)","Series L","Max. Amps (phase)"
1, 0.00000, 11.6637, 1, 2.34147, 0, 3.09469, 2.34147, 0.123236, 0, 0, 0.123236, -6.99825, 1, 1, 9999, 9999, 9999, 9999, 9999, 9999, 9999, 9999, 2.34147, 9999, 4.6655, 0, 0, 0, 0, 0, 8000, 0, 0, 0, 0
2, 0.00000, 9.19904, 1, 1.47094, 0, 3.09471, 1.47094, 0.0774176, 0, 0, 0.0774176, -2.46471, 1, 1, 9999, 9999, 9999, 9999, 9999, 9999, 9999, 9999, 1.47094, 9999, 4.6655, 0, 0, 0, 0, 0, 8000, 0, 0, 0, 0
3, 0.00000, 7.65069, 1, 1.15938, 0, 3.09469, 1.15938, 0.06102, 0, 0, 0.06102, -1.54835, 1, 1, 9999, 9999, 9999, 9999, 9999, 9999, 9999, 9999, 1.15938, 9999, 4.6655, 0, 0, 0, 0, 0, 8000, 0, 0, 0, 0
4, 0.00000, 6.43029, 1, 0.754471, 0, 3.09475, 0.754471, 0.039709, 0, 0, 0.039709, -1.2204, 1, 1, 9999, 9999, 9999, 9999, 9999, 9999, 9999, 9999, 0.754505, 9999, 4.6655, 0, 0, 0, 0, 0, 8000, 0, 0, 0, 0
5, 0.00000, 5.63611, 1, 0.000182452, 0, 3.09479, 0.000182452, 9.60275E-6, 0, 0, 9.60275E-6, -0.79418, 1, 1, 9999, 9999, 9999, 9999, 9999, 9999, 9999, 9999, 5.04527E-19, 9999, 4.6655, 0, 0, 0, 0, 0, 8000, 0, 0, 0, 0
