hour,t(sec),kWh,State,kWOut,kWIn,kvarOut,DCkW,kWTotalLosses,kWInvLosses,kWIdlingLosses,kWChDchLosses,"kWh Chng",InvEff,InverterON,Vref,"Vavg (DRC)","VV Oper","VW Oper","DRC Oper","VV_DRC Oper","WP Oper","WV Oper",kWDesired,"kW VW Limit","Limit kWOut Function","kVA Exceeded","Grid voltage",di/dt,it,"it History","Rated VDC","Avg duty cycle","Target (Amps)","Series L","Max. Amps (phase)"
1, 0.00000, 61.25, 1, 1.61223, 0, 16.2514, 1.61223, 0.0848542, 0, 0, 0.0848542, -36.75, 1, 1, 9999, 9999, 9999, 9999, 9999, 9999, 9999, 9999, 1.61217, 9999, 24.5, 0, 0, 0, 0, 0, 8000, 0, 0, 0, 0
2, 0.00000, 59.5529, 1, 0.0000887375, 0, 16.2516, 0.0000887375, 4.67039E-6, 0, 0, 4.67039E-6, -1.69708, 1, 1, 9999, 9999, 9999, 9999, 9999, 9999, 9999, 9999, 4.24855E-20, 9999, 24.5, 0, 0, 0, 0, 0, 8000, 0, 0, 0, 0
3, 0.00000, 59.5528, 1, 0.0000678656, 0, 16.2514, 0.0000678656, 3.57188E-6, 0, 0, 3.57188E-6, -0.0000934079, 1, 1, 9999, 9999, 9999, 9999, 9999, 9999, 9999, 9999, 2.83441E-20, 9999, 24.5, 0, 0, 0, 0, 0, 8000, 0, 0, 0, 0
4, 0.00000, 59.5528, 1, 0.000391896, 0, 16.2519, 0.000391896, 0.0000206261, 0, 0, 0.0000206261, -0.0000714375, 1, 1, 9999, 9999, 9999, 9999, 9999, 9999, 9999, 9999, 1.86857E-20, 9999, 24.5, 0, 0, 0, 0, 0, 8000, 0, 0, 0, 0
5, 0.00000, 59.5523, 1, 0.00160858, 0, 16.2526, 0.00160858, 0.0000846621, 0, 0, 0.0000846621, -0.000412522, 1, 1, 9999, 9999, 9999, 9999, 9999, 9999, 9999, 9999, 5.28465E-20, 9999, 24.5, 0, 0, 0, 0, 0, 8000, 0, 0, 0, 0
