hour,t(sec),kWh,State,kWOut,kWIn,kvarOut,DCkW,kWTotalLosses,kWInvLosses,kWIdlingLosses,kWChDchLosses,"kWh Chng",InvEff,InverterON,Vref,"Vavg (DRC)","VV Oper","VW Oper","DRC Oper","VV_DRC Oper","WP Oper","WV Oper",kWDesired,"kW VW Limit","Limit kWOut Function","kVA Exceeded","Grid voltage",di/dt,it,"it History","Rated VDC","Avg duty cycle","Target (Amps)","Series L","Max. Amps (phase)"
1, 0.00000, 11.6637, 1, 2.11918, 0, -3.09469, 2.11918, 0.111536, 0, 0, 0.111536, -6.99825, 1, 1, 9999, 9999, 9999, 9999, 9999, 9999, 9999, 9999, 2.11921, 9999, 4.6655, 0, 0, 0, 0, 0, 8000, 0, 0, 0, 0
2, 0.00000, 9.43303, 1, 1.25409, 0, -2.91137, 1.25409, 0.0660045, 0, 0, 0.0660045, -2.23072, 1, 1, 9999, 9999, 9999, 9999, 9999, 9999, 9999, 9999, 1.25423, 9999, 4.6655, 0, 0, 0, 0, 0, 8000, 0, 0, 0, 0
3, 0.00000, 8.11294, 1, 0.965213, 0, -2.20749, 0.965213, 0.0508007, 0, 0, 0.0508007, -1.32009, 1, 1, 9999, 9999, 9999, 9999, 9999, 9999, 9999, 9999, 0.965245, 9999, 4.6655, 0, 0, 0, 0, 0, 8000, 0, 0, 0, 0
4, 0.00000, 7.09693, 1, 0.657109, 0, -1.71249, 0.657109, 0.0345847, 0, 0, 0.0345847, -1.01601, 1, 1, 9999, 9999, 9999, 9999, 9999, 9999, 9999, 9999, 0.657136, 9999, 4.6655, 0, 0, 0, 0, 0, 8000, 0, 0, 0, 0
5, 0.00000, 6.40524, 1, 0.349828, 0, -2.61207, 0.349828, 0.018412, 0, 0, 0.018412, -0.691694, 1, 1, 9999, 9999, 9999, 9999, 9999, 9999, 9999, 9999, 0.349875, 9999, 4.6655, 0, 0, 0, 0, 0, 8000, 0, 0, 0, 0
6, 0.00000, 6.037, 1, 0.416326, 0, -2.56721, 0.416326, 0.0219119, 0, 0, 0.0219119, -0.36824, 1, 1, 9999, 9999, 9999, 9999, 9999, 9999, 9999, 9999, 0.416317, 9999, 4.6655, 0, 0, 0, 0, 0, 8000, 0, 0, 0, 0
