hour,t(sec),kWh,State,kWOut,kWIn,kvarOut,DCkW,kWTotalLosses,kWInvLosses,kWIdlingLosses,kWChDchLosses,"kWh Chng",InvEff,InverterON,Vref,"Vavg (DRC)","VV Oper","VW Oper","DRC Oper","VV_DRC Oper","WP Oper","WV Oper",kWDesired,"kW VW Limit","Limit kWOut Function","kVA Exceeded","Grid voltage",di/dt,it,"it History","Rated VDC","Avg duty cycle","Target (Amps)","Series L","Max. Amps (phase)"
1, 0.00000, 11.6637, 1, 2.04797, 0, 3.09467, 2.04797, 0.107788, 0, 0, 0.107788, -6.99825, 1, 1, 9999, 9999, 9999, 9999, 9999, 9999, 9999, 9999, 2.04797, 9999, 4.6655, 0, 0, 0, 0, 0, 8000, 0, 0, 0, 0
2, 0.00000, 9.50799, 1, 1.31029, 0, 3.09458, 1.31029, 0.0689624, 0, 0, 0.0689624, -2.15576, 1, 1, 9999, 9999, 9999, 9999, 9999, 9999, 9999, 9999, 1.31021, 9999, 4.6655, 0, 0, 0, 0, 0, 8000, 0, 0, 0, 0
3, 0.00000, 8.12875, 1, 1.02541, 0, 3.09467, 1.02541, 0.0539688, 0, 0, 0.0539688, -1.37925, 1, 1, 9999, 9999, 9999, 9999, 9999, 9999, 9999, 9999, 1.02538, 9999, 4.6655, 0, 0, 0, 0, 0, 8000, 0, 0, 0, 0
4, 0.00000, 7.04937, 1, 0.717768, 0, 3.09466, 0.717768, 0.0377773, 0, 0, 0.0377773, -1.07938, 1, 1, 9999, 9999, 9999, 9999, 9999, 9999, 9999, 9999, 0.717741, 9999, 4.6655, 0, 0, 0, 0, 0, 8000, 0, 0, 0, 0
5, 0.00000, 6.29382, 1, 0.299409, 0, 3.09466, 0.299409, 0.0157584, 0, 0, 0.0157584, -0.755546, 1, 1, 9999, 9999, 9999, 9999, 9999, 9999, 9999, 9999, 0.299366, 9999, 4.6655, 0, 0, 0, 0, 0, 8000, 0, 0, 0, 0
6, 0.00000, 5.97866, 1, 0.361297, 0, 3.09471, 0.361297, 0.0190156, 0, 0, 0.0190156, -0.315167, 1, 1, 9999, 9999, 9999, 9999, 9999, 9999, 9999, 9999, 0.361306, 9999, 4.6655, 0, 0, 0, 0, 0, 8000, 0, 0, 0, 0
