hour,t(sec),kWh,State,kWOut,kWIn,kvarOut,DCkW,kWTotalLosses,kWInvLosses,kWIdlingLosses,kWChDchLosses,"kWh Chng",InvEff,InverterON,Vref,"Vavg (DRC)","VV Oper","VW Oper","DRC Oper","VV_DRC Oper","WP Oper","WV Oper",kWDesired,"kW VW Limit","Limit kWOut Function","kVA Exceeded","Grid voltage",di/dt,it,"it History","Rated VDC","Avg duty cycle","Target (Amps)","Series L","Max. Amps (phase)"
1, 0.00000, 11.6637, 1, 2.14781, 0, 3.09468, 2.14781, 0.113043, 0, 0, 0.113043, -6.99825, 1, 1, 9999, 9999, 9999, 9999, 9999, 9999, 9999, 9999, 2.14781, 9999, 4.6655, 0, 0, 0, 0, 0, 8000, 0, 0, 0, 0
2, 0.00000, 9.4029, 1, 1.21312, 0, 3.09461, 1.21312, 0.0638482, 0, 0, 0.0638482, -2.26085, 1, 1, 9999, 9999, 9999, 9999, 9999, 9999, 9999, 9999, 1.21308, 9999, 4.6655, 0, 0, 0, 0, 0, 8000, 0, 0, 0, 0
3, 0.00000, 8.12593, 1, 0.922756, 0, 3.09467, 0.922756, 0.0485661, 0, 0, 0.0485661, -1.27696, 1, 1, 9999, 9999, 9999, 9999, 9999, 9999, 9999, 9999, 0.922743, 9999, 4.6655, 0, 0, 0, 0, 0, 8000, 0, 0, 0, 0
4, 0.00000, 7.15461, 1, 0.620294, 0, 3.09477, 0.620294, 0.0326471, 0, 0, 0.0326471, -0.971322, 1, 1, 9999, 9999, 9999, 9999, 9999, 9999, 9999, 9999, 0.620278, 9999, 4.6655, 0, 0, 0, 0, 0, 8000, 0, 0, 0, 0
5, 0.00000, 6.50167, 1, 0.396554, 0, 3.09466, 0.396554, 0.0208713, 0, 0, 0.0208713, -0.652941, 1, 1, 9999, 9999, 9999, 9999, 9999, 9999, 9999, 9999, 0.39653, 9999, 4.6655, 0, 0, 0, 0, 0, 8000, 0, 0, 0, 0
6, 0.00000, 6.08425, 1, 0.461553, 0, 3.09471, 0.461553, 0.0242923, 0, 0, 0.0242923, -0.417426, 1, 1, 9999, 9999, 9999, 9999, 9999, 9999, 9999, 9999, 0.461558, 9999, 4.6655, 0, 0, 0, 0, 0, 8000, 0, 0, 0, 0
