hour,t(sec),kWh,State,kWOut,kWIn,kvarOut,DCkW,kWTotalLosses,kWInvLosses,kWIdlingLosses,kWChDchLosses,"kWh Chng",InvEff,InverterON,Vref,"Vavg (DRC)","VV Oper","VW Oper","DRC Oper","VV_DRC Oper","WP Oper","WV Oper",kWDesired,"kW VW Limit","Limit kWOut Function","kVA Exceeded","Grid voltage",di/dt,it,"it History","Rated VDC","Avg duty cycle","Target (Amps)","Series L","Max. Amps (phase)"
1, 0.00000, 11.6637, 1, 1.77421, 0, -3.09469, 1.77421, 0.0933797, 0, 0, 0.0933797, -6.99825, 1, 1, 9999, 9999, 9999, 9999, 9999, 9999, 9999, 9999, 1.77424, 9999, 4.6655, 0, 0, 0, 0, 0, 8000, 0, 0, 0, 0
2, 0.00000, 9.79615, 1, 1.25468, 0, -3.09467, 1.25468, 0.0660358, 0, 0, 0.0660358, -1.86759, 1, 1, 9999, 9999, 9999, 9999, 9999, 9999, 9999, 9999, 1.25483, 9999, 4.6655, 0, 0, 0, 0, 0, 8000, 0, 0, 0, 0
3, 0.00000, 8.47544, 1, 1.08161, 0, -3.09469, 1.08161, 0.0569266, 0, 0, 0.0569266, -1.32072, 1, 1, 9999, 9999, 9999, 9999, 9999, 9999, 9999, 9999, 1.08165, 9999, 4.6655, 0, 0, 0, 0, 0, 8000, 0, 0, 0, 0
4, 0.00000, 7.33691, 1, 0.875761, 0, -3.09468, 0.875761, 0.0460927, 0, 0, 0.0460927, -1.13853, 1, 1, 9999, 9999, 9999, 9999, 9999, 9999, 9999, 9999, 0.875808, 9999, 4.6655, 0, 0, 0, 0, 0, 8000, 0, 0, 0, 0
5, 0.00000, 6.41505, 1, 0.342284, 0, -3.09467, 0.342284, 0.0180149, 0, 0, 0.0180149, -0.921854, 1, 1, 9999, 9999, 9999, 9999, 9999, 9999, 9999, 9999, 0.34234, 9999, 4.6655, 0, 0, 0, 0, 0, 8000, 0, 0, 0, 0
6, 0.00000, 6.05475, 1, 0.433054, 0, -3.09471, 0.433054, 0.0227923, 0, 0, 0.0227923, -0.360299, 1, 1, 9999, 9999, 9999, 9999, 9999, 9999, 9999, 9999, 0.433042, 9999, 4.6655, 0, 0, 0, 0, 0, 8000, 0, 0, 0, 0
