hour,t(sec),kWh,State,kWOut,kWIn,kvarOut,DCkW,kWTotalLosses,kWInvLosses,kWIdlingLosses,kWChDchLosses,"kWh Chng",InvEff,InverterON,Vref,"Vavg (DRC)","VV Oper","VW Oper","DRC Oper","VV_DRC Oper","WP Oper","WV Oper",kWDesired,"kW VW Limit","Limit kWOut Function","kVA Exceeded","Grid voltage",di/dt,it,"it History","Rated VDC","Avg duty cycle","Target (Amps)","Series L","Max. Amps (phase)"
1, 0.00000, 5.83362, 1, 0.896042, 0, 1.54778, 0.896042, 0.0471601, 0, 0, 0.0471601, -3.50017, 1, 1, 9999, 9999, 9999, 9999, 9999, 9999, 9999, 9999, 0.896041, 9999, 2.3335, 0, 0, 0, 0, 0, 8000, 0, 0, 0, 0
2, 0.00000, 4.89042, 1, 0.646679, 0, 1.54773, 0.646679, 0.0340357, 0, 0, 0.0340357, -0.943202, 1, 1, 9999, 9999, 9999, 9999, 9999, 9999, 9999, 9999, 0.646636, 9999, 2.3335, 0, 0, 0, 0, 0, 8000, 0, 0, 0, 0
3, 0.00000, 4.20971, 1, 0.577321, 0, 1.54778, 0.577321, 0.0303853, 0, 0, 0.0303853, -0.680714, 1, 1, 9999, 9999, 9999, 9999, 9999, 9999, 9999, 9999, 0.577308, 9999, 2.3335, 0, 0, 0, 0, 0, 8000, 0, 0, 0, 0
4, 0.00000, 3.602, 1, 0.497946, 0, 1.54793, 0.497946, 0.0262077, 0, 0, 0.0262077, -0.607706, 1, 1, 9999, 9999, 9999, 9999, 9999, 9999, 9999, 9999, 0.498086, 9999, 2.3335, 0, 0, 0, 0, 0, 8000, 0, 0, 0, 0
5, 0.00000, 3.07785, 1, 0.263912, 0, 1.54769, 0.263912, 0.0138901, 0, 0, 0.0138901, -0.524154, 1, 1, 9999, 9999, 9999, 9999, 9999, 9999, 9999, 9999, 0.263802, 9999, 2.3335, 0, 0, 0, 0, 0, 8000, 0, 0, 0, 0
