hour,t(sec),kWh,State,kWOut,kWIn,kvarOut,DCkW,kWTotalLosses,kWInvLosses,kWIdlingLosses,kWChDchLosses,"kWh Chng",InvEff,InverterON,Vref,"Vavg (DRC)","VV Oper","VW Oper","DRC Oper","VV_DRC Oper","WP Oper","WV Oper",kWDesired,"kW VW Limit","Limit kWOut Function","kVA Exceeded","Grid voltage",di/dt,it,"it History","Rated VDC","Avg duty cycle","Target (Amps)","Series L","Max. Amps (phase)"
1, 0.00000, 11.6637, 1, 2.50584, 0, 3.09469, 2.50584, 0.131886, 0, 0, 0.131886, -6.99825, 1, 1, 9999, 9999, 9999, 9999, 9999, 9999, 9999, 9999, 2.50584, 9999, 4.6655, 0, 0, 0, 0, 0, 8000, 0, 0, 0, 0
2, 0.00000, 9.02602, 1, 1.4415, 0, 3.09471, 1.4415, 0.0758682, 0, 0, 0.0758682, -2.63773, 1, 1, 9999, 9999, 9999, 9999, 9999, 9999, 9999, 9999, 1.4415, 9999, 4.6655, 0, 0, 0, 0, 0, 8000, 0, 0, 0, 0
3, 0.00000, 7.50866, 1, 1.08431, 0, 3.09469, 1.08431, 0.0570691, 0, 0, 0.0570691, -1.51736, 1, 1, 9999, 9999, 9999, 9999, 9999, 9999, 9999, 9999, 1.08431, 9999, 4.6655, 0, 0, 0, 0, 0, 8000, 0, 0, 0, 0
4, 0.00000, 6.36728, 1, 0.73021, 0, 3.09475, 0.73021, 0.0384321, 0, 0, 0.0384321, -1.14138, 1, 1, 9999, 9999, 9999, 9999, 9999, 9999, 9999, 9999, 0.730244, 9999, 4.6655, 0, 0, 0, 0, 0, 8000, 0, 0, 0, 0
5, 0.00000, 5.59864, 1, 0.000182571, 0, 3.09479, 0.000182571, 9.60902E-6, 0, 0, 9.60902E-6, -0.768643, 1, 1, 9999, 9999, 9999, 9999, 9999, 9999, 9999, 9999, 9.39258E-17, 9999, 4.6655, 0, 0, 0, 0, 0, 8000, 0, 0, 0, 0
