hour,t(sec),kWh,State,kWOut,kWIn,kvarOut,DCkW,kWTotalLosses,kWInvLosses,kWIdlingLosses,kWChDchLosses,"kWh Chng",InvEff,InverterON,Vref,"Vavg (DRC)","VV Oper","VW Oper","DRC Oper","VV_DRC Oper","WP Oper","WV Oper",kWDesired,"kW VW Limit","Limit kWOut Function","kVA Exceeded","Grid voltage",di/dt,it,"it History","Rated VDC","Avg duty cycle","Target (Amps)","Series L","Max. Amps (phase)"
1, 0.00000, 11.6637, 1, 1.7274, 0, 3.09478, 1.7274, 0.090916, 0, 0, 0.090916, -6.99825, 1, 1, 9999, 9999, 9999, 9999, 9999, 9999, 9999, 9999, 1.7274, 9999, 4.6655, 0, 0, 0, 0, 0, 8000, 0, 0, 0, 0
2, 0.00000, 9.84543, 1, 1.17248, 0, 3.09472, 1.17248, 0.0617094, 0, 0, 0.0617094, -1.81832, 1, 1, 9999, 9999, 9999, 9999, 9999, 9999, 9999, 9999, 1.17244, 9999, 4.6655, 0, 0, 0, 0, 0, 8000, 0, 0, 0, 0
3, 0.00000, 8.61124, 1, 1.03692, 0, 3.09478, 1.03692, 0.0545747, 0, 0, 0.0545747, -1.23419, 1, 1, 9999, 9999, 9999, 9999, 9999, 9999, 9999, 9999, 1.03691, 9999, 4.6655, 0, 0, 0, 0, 0, 8000, 0, 0, 0, 0
4, 0.00000, 7.51975, 1, 0.857206, 0, 3.09477, 0.857206, 0.0451161, 0, 0, 0.0451161, -1.09149, 1, 1, 9999, 9999, 9999, 9999, 9999, 9999, 9999, 9999, 0.857192, 9999, 4.6655, 0, 0, 0, 0, 0, 8000, 0, 0, 0, 0
5, 0.00000, 6.61743, 1, 0.437609, 0, 3.09477, 0.437609, 0.0230321, 0, 0, 0.0230321, -0.902322, 1, 1, 9999, 9999, 9999, 9999, 9999, 9999, 9999, 9999, 0.437587, 9999, 4.6655, 0, 0, 0, 0, 0, 8000, 0, 0, 0, 0
6, 0.00000, 6.15679, 1, 0.530416, 0, 3.09471, 0.530416, 0.0279166, 0, 0, 0.0279166, -0.460641, 1, 1, 9999, 9999, 9999, 9999, 9999, 9999, 9999, 9999, 0.530421, 9999, 4.6655, 0, 0, 0, 0, 0, 8000, 0, 0, 0, 0
