hour,t(sec),kWh,State,kWOut,kWIn,kvarOut,DCkW,kWTotalLosses,kWInvLosses,kWIdlingLosses,kWChDchLosses,"kWh Chng",InvEff,InverterON,Vref,"Vavg (DRC)","VV Oper","VW Oper","DRC Oper","VV_DRC Oper","WP Oper","WV Oper",kWDesired,"kW VW Limit","Limit kWOut Function","kVA Exceeded","Grid voltage",di/dt,it,"it History","Rated VDC","Avg duty cycle","Target (Amps)","Series L","Max. Amps (phase)"
1, 0.00000, 5.83362, 1, 0.861133, 0, 1.54779, 0.861133, 0.0453228, 0, 0, 0.0453228, -3.50017, 1, 1, 9999, 9999, 9999, 9999, 9999, 9999, 9999, 9999, 0.861131, 9999, 2.3335, 0, 0, 0, 0, 0, 8000, 0, 0, 0, 0
2, 0.00000, 4.92717, 1, 0.596765, 0, 1.54776, 0.596765, 0.0314087, 0, 0, 0.0314087, -0.906456, 1, 1, 9999, 9999, 9999, 9999, 9999, 9999, 9999, 9999, 0.596746, 9999, 2.3335, 0, 0, 0, 0, 0, 8000, 0, 0, 0, 0
3, 0.00000, 4.299, 1, 0.526794, 0, 1.54779, 0.526794, 0.027726, 0, 0, 0.027726, -0.628174, 1, 1, 9999, 9999, 9999, 9999, 9999, 9999, 9999, 9999, 0.526788, 9999, 2.3335, 0, 0, 0, 0, 0, 8000, 0, 0, 0, 0
4, 0.00000, 3.74448, 1, 0.437935, 0, 1.54779, 0.437935, 0.0230492, 0, 0, 0.0230492, -0.55452, 1, 1, 9999, 9999, 9999, 9999, 9999, 9999, 9999, 9999, 0.437928, 9999, 2.3335, 0, 0, 0, 0, 0, 8000, 0, 0, 0, 0
5, 0.00000, 3.28349, 1, 0.210251, 0, 1.54778, 0.210251, 0.0110658, 0, 0, 0.0110658, -0.460984, 1, 1, 9999, 9999, 9999, 9999, 9999, 9999, 9999, 9999, 0.210239, 9999, 2.3335, 0, 0, 0, 0, 0, 8000, 0, 0, 0, 0
6, 0.00000, 3.06217, 1, 0.249075, 0, 1.5478, 0.249075, 0.0131092, 0, 0, 0.0131092, -0.221317, 1, 1, 9999, 9999, 9999, 9999, 9999, 9999, 9999, 9999, 0.249078, 9999, 2.3335, 0, 0, 0, 0, 0, 8000, 0, 0, 0, 0
