hour,t(sec),kWh,State,kWOut,kWIn,kvarOut,DCkW,kWTotalLosses,kWInvLosses,kWIdlingLosses,kWChDchLosses,"kWh Chng",InvEff,InverterON,Vref,"Vavg (DRC)","VV Oper","VW Oper","DRC Oper","VV_DRC Oper","WP Oper","WV Oper",kWDesired,"kW VW Limit","Limit kWOut Function","kVA Exceeded","Grid voltage",di/dt,it,"it History","Rated VDC","Avg duty cycle","Target (Amps)","Series L","Max. Amps (phase)"
1, 0.00000, 11.6637, 1, 1.34264, 0, 3.0947, 1.34264, 0.0706652, 0, 0, 0.0706652, -6.99825, 1, 1, 9999, 9999, 9999, 9999, 9999, 9999, 9999, 9999, 1.34264, 9999, 4.6655, 0, 0, 0, 0, 0, 8000, 0, 0, 0, 0
2, 0.00000, 10.2504, 1, 0.608938, 0, 3.0947, 0.608938, 0.0320494, 0, 0, 0.0320494, -1.4133, 1, 1, 9999, 9999, 9999, 9999, 9999, 9999, 9999, 9999, 0.608941, 9999, 4.6655, 0, 0, 0, 0, 0, 8000, 0, 0, 0, 0
3, 0.00000, 9.60946, 1, 0.438998, 0, 3.0947, 0.438998, 0.0231051, 0, 0, 0.0231051, -0.640988, 1, 1, 9999, 9999, 9999, 9999, 9999, 9999, 9999, 9999, 0.438996, 9999, 4.6655, 0, 0, 0, 0, 0, 8000, 0, 0, 0, 0
4, 0.00000, 9.14736, 1, 0.127668, 0, 3.09472, 0.127668, 0.00671934, 0, 0, 0.00671934, -0.462103, 1, 1, 9999, 9999, 9999, 9999, 9999, 9999, 9999, 9999, 0.127685, 9999, 4.6655, 0, 0, 0, 0, 0, 8000, 0, 0, 0, 0
5, 0.00000, 9.01297, -1, 0, 0.0000809325, 3.09474, -0.0000809325, 4.04662E-6, 0, 0, 4.04662E-6, -0.134387, 1, 1, 9999, 9999, 9999, 9999, 9999, 9999, 9999, 9999, -2.17562E-18, 9999, 4.6655, 0, 0, 0, 0, 0, 8000, 0, 0, 0, 0
