hour,t(sec),kWh,State,kWOut,kWIn,kvarOut,DCkW,kWTotalLosses,kWInvLosses,kWIdlingLosses,kWChDchLosses,"kWh Chng",InvEff,InverterON,Vref,"Vavg (DRC)","VV Oper","VW Oper","DRC Oper","VV_DRC Oper","WP Oper","WV Oper",kWDesired,"kW VW Limit","Limit kWOut Function","kVA Exceeded","Grid voltage",di/dt,it,"it History","Rated VDC","Avg duty cycle","Target (Amps)","Series L","Max. Amps (phase)"
1, 0.00000, 5.83362, 1, 1.20026, 0, 1.54779, 1.20026, 0.0631715, 0, 0, 0.0631715, -3.50017, 1, 1, 9999, 9999, 9999, 9999, 9999, 9999, 9999, 9999, 1.20026, 9999, 2.3335, 0, 0, 0, 0, 0, 8000, 0, 0, 0, 0
2, 0.00000, 4.57019, 1, 0.500438, 0, 1.54781, 0.500438, 0.0263388, 0, 0, 0.0263388, -1.26343, 1, 1, 9999, 9999, 9999, 9999, 9999, 9999, 9999, 9999, 0.500442, 9999, 2.3335, 0, 0, 0, 0, 0, 8000, 0, 0, 0, 0
3, 0.00000, 4.04342, 0, 0, 6.55691E-6, 1.54779, -6.55691E-6, 6.55691E-6, 0, 6.55691E-6, 0, -0.526776, 1, 1, 9999, 9999, 9999, 9999, 9999, 9999, 9999, 9999, 0, 9999, 2.3335, 0, 0, 0, 0, 0, 8000, 0, 0, 0, 0
4, 0.00000, 4.04342, -1, 0, 0.0000377867, 1.54784, -0.0000377867, 1.88934E-6, 0, 0, 1.88934E-6, 0, 1, 1, 9999, 9999, 9999, 9999, 9999, 9999, 9999, 9999, -4.93349E-19, 9999, 2.3335, 0, 0, 0, 0, 0, 8000, 0, 0, 0, 0
5, 0.00000, 4.04345, -1, 0, 0.000154545, 1.5479, -0.000154545, 7.72726E-6, 0, 0, 7.72726E-6, 0.0000358974, 1, 1, 9999, 9999, 9999, 9999, 9999, 9999, 9999, 9999, -3.03145E-20, 9999, 2.3335, 0, 0, 0, 0, 0, 8000, 0, 0, 0, 0
