hour,t(sec),kWh,State,kWOut,kWIn,kvarOut,DCkW,kWTotalLosses,kWInvLosses,kWIdlingLosses,kWChDchLosses,"kWh Chng",InvEff,InverterON,Vref,"Vavg (DRC)","VV Oper","VW Oper","DRC Oper","VV_DRC Oper","WP Oper","WV Oper",kWDesired,"kW VW Limit","Limit kWOut Function","kVA Exceeded","Grid voltage",di/dt,it,"it History","Rated VDC","Avg duty cycle","Target (Amps)","Series L","Max. Amps (phase)"
1, 0.00000, 11.6637, 1, 1.19605, 0, 3.09468, 1.19605, 0.0629502, 0, 0, 0.0629502, -6.99825, 1, 1, 9999, 9999, 9999, 9999, 9999, 9999, 9999, 9999, 1.19605, 9999, 4.6655, 0, 0, 0, 0, 0, 8000, 0, 0, 0, 0
2, 0.00000, 10.4047, 1, 0.0249829, 0, 3.09472, 0.0249829, 0.00131489, 0, 0, 0.00131489, -1.259, 1, 1, 9999, 9999, 9999, 9999, 9999, 9999, 9999, 9999, 0.0249987, 9999, 4.6655, 0, 0, 0, 0, 0, 8000, 0, 0, 0, 0
3, 0.00000, 10.3784, 1, 0.0000122796, 0, 3.09468, 0.0000122796, 6.46294E-7, 0, 0, 6.46294E-7, -0.0262977, 1, 1, 9999, 9999, 9999, 9999, 9999, 9999, 9999, 9999, 2.09752E-19, 9999, 4.6655, 0, 0, 0, 0, 0, 8000, 0, 0, 0, 0
4, 0.00000, 10.3784, 0, 0, 0.0000726913, 3.09477, -0.0000726913, 0.0000726913, 0, 0.0000726913, 0, -0.0000129259, 1, 1, 9999, 9999, 9999, 9999, 9999, 9999, 9999, 9999, 0, 9999, 4.6655, 0, 0, 0, 0, 0, 8000, 0, 0, 0, 0
5, 0.00000, 10.3784, -1, 0, 0.000302006, 3.09489, -0.000302006, 0.0000151003, 0, 0, 0.0000151003, 0, 1, 1, 9999, 9999, 9999, 9999, 9999, 9999, 9999, 9999, -6.17945E-20, 9999, 4.6655, 0, 0, 0, 0, 0, 8000, 0, 0, 0, 0
