hour,t(sec),kWh,State,kWOut,kWIn,kvarOut,DCkW,kWTotalLosses,kWInvLosses,kWIdlingLosses,kWChDchLosses,"kWh Chng",InvEff,InverterON,Vref,"Vavg (DRC)","VV Oper","VW Oper","DRC Oper","VV_DRC Oper","WP Oper","WV Oper",kWDesired,"kW VW Limit","Limit kWOut Function","kVA Exceeded","Grid voltage",di/dt,it,"it History","Rated VDC","Avg duty cycle","Target (Amps)","Series L","Max. Amps (phase)"
1, 0.00000, 5.83362, 1, 0.410615, 0, -1.54779, 0.410615, 0.0216113, 0, 0, 0.0216113, -3.50017, 1, 1, 9999, 9999, 9999, 9999, 9999, 9999, 9999, 9999, 0.410626, 9999, 2.3335, 0, 0, 0, 0, 0, 8000, 0, 0, 0, 0
2, 0.00000, 5.4014, 1, 0.282714, 0, -1.54781, 0.282714, 0.0148797, 0, 0, 0.0148797, -0.432226, 1, 1, 9999, 9999, 9999, 9999, 9999, 9999, 9999, 9999, 0.282704, 9999, 2.3335, 0, 0, 0, 0, 0, 8000, 0, 0, 0, 0
3, 0.00000, 5.10381, 1, 0.262253, 0, -1.54779, 0.262253, 0.0138028, 0, 0, 0.0138028, -0.297594, 1, 1, 9999, 9999, 9999, 9999, 9999, 9999, 9999, 9999, 0.262262, 9999, 2.3335, 0, 0, 0, 0, 0, 8000, 0, 0, 0, 0
4, 0.00000, 4.82775, 1, 0.182845, 0, -1.54783, 0.182845, 0.0096234, 0, 0, 0.0096234, -0.276056, 1, 1, 9999, 9999, 9999, 9999, 9999, 9999, 9999, 9999, 0.182774, 9999, 2.3335, 0, 0, 0, 0, 0, 8000, 0, 0, 0, 0
5, 0.00000, 4.63528, 1, 0.000288761, 0, -1.54789, 0.000288761, 0.0000151979, 0, 0, 0.0000151979, -0.192468, 1, 1, 9999, 9999, 9999, 9999, 9999, 9999, 9999, 9999, 1.73064E-18, 9999, 2.3335, 0, 0, 0, 0, 0, 8000, 0, 0, 0, 0
