hour,t(sec),kWh,State,kWOut,kWIn,kvarOut,DCkW,kWTotalLosses,kWInvLosses,kWIdlingLosses,kWChDchLosses,"kWh Chng",InvEff,InverterON,Vref,"Vavg (DRC)","VV Oper","VW Oper","DRC Oper","VV_DRC Oper","WP Oper","WV Oper",kWDesired,"kW VW Limit","Limit kWOut Function","kVA Exceeded","Grid voltage",di/dt,it,"it History","Rated VDC","Avg duty cycle","Target (Amps)","Series L","Max. Amps (phase)"
1, 0.00000, 5.83362, 1, 0.826512, 0, -1.5478, 0.826512, 0.0435006, 0, 0, 0.0435006, -3.50017, 1, 1, 9999, 9999, 9999, 9999, 9999, 9999, 9999, 9999, 0.826526, 9999, 2.3335, 0, 0, 0, 0, 0, 8000, 0, 0, 0, 0
2, 0.00000, 4.96361, 1, 0.531677, 0, -1.5478, 0.531677, 0.027983, 0, 0, 0.027983, -0.870012, 1, 1, 9999, 9999, 9999, 9999, 9999, 9999, 9999, 9999, 0.531665, 9999, 2.3335, 0, 0, 0, 0, 0, 8000, 0, 0, 0, 0
3, 0.00000, 4.40395, 1, 0.424546, 0, -1.5478, 0.424546, 0.0223445, 0, 0, 0.0223445, -0.55966, 1, 1, 9999, 9999, 9999, 9999, 9999, 9999, 9999, 9999, 0.424557, 9999, 2.3335, 0, 0, 0, 0, 0, 8000, 0, 0, 0, 0
4, 0.00000, 3.95706, 1, 0.299845, 0, -1.54781, 0.299845, 0.0157813, 0, 0, 0.0157813, -0.446891, 1, 1, 9999, 9999, 9999, 9999, 9999, 9999, 9999, 9999, 0.299761, 9999, 2.3335, 0, 0, 0, 0, 0, 8000, 0, 0, 0, 0
5, 0.00000, 3.64143, -1, 0, 0.00035027, -1.54782, -0.00035027, 0.0000175135, 0, 0, 0.0000175135, -0.315626, 1, 1, 9999, 9999, 9999, 9999, 9999, 9999, 9999, 9999, -4.58509E-20, 9999, 2.3335, 0, 0, 0, 0, 0, 8000, 0, 0, 0, 0
