hour,t(sec),kWh,State,kWOut,kWIn,kvarOut,DCkW,kWTotalLosses,kWInvLosses,kWIdlingLosses,kWChDchLosses,"kWh Chng",InvEff,InverterON,Vref,"Vavg (DRC)","VV Oper","VW Oper","DRC Oper","VV_DRC Oper","WP Oper","WV Oper",kWDesired,"kW VW Limit","Limit kWOut Function","kVA Exceeded","Grid voltage",di/dt,it,"it History","Rated VDC","Avg duty cycle","Target (Amps)","Series L","Max. Amps (phase)"
1, 0.00000, 40.8363, 1, 5.28635, 0, 10.835, 5.28635, 0.278229, 0, 0, 0.278229, -24.5018, 1, 1, 9999, 9999, 9999, 9999, 9999, 9999, 9999, 9999, 5.28633, 9999, 16.3345, 0, 0, 0, 0, 0, 8000, 0, 0, 0, 0
2, 0.00000, 35.2717, 1, 2.30123, 0, 10.8348, 2.30123, 0.121117, 0, 0, 0.121117, -5.56458, 1, 1, 9999, 9999, 9999, 9999, 9999, 9999, 9999, 9999, 2.30104, 9999, 16.3345, 0, 0, 0, 0, 0, 8000, 0, 0, 0, 0
3, 0.00000, 32.8493, 1, 1.51719, 0, 10.835, 1.51719, 0.0798522, 0, 0, 0.0798522, -2.42234, 1, 1, 9999, 9999, 9999, 9999, 9999, 9999, 9999, 9999, 1.51713, 9999, 16.3345, 0, 0, 0, 0, 0, 8000, 0, 0, 0, 0
4, 0.00000, 31.2523, 1, 0.613335, 0, 10.835, 0.613335, 0.0322808, 0, 0, 0.0322808, -1.59704, 1, 1, 9999, 9999, 9999, 9999, 9999, 9999, 9999, 9999, 0.613262, 9999, 16.3345, 0, 0, 0, 0, 0, 8000, 0, 0, 0, 0
5, 0.00000, 30.6067, 1, 0.0844531, 0, 10.835, 0.0844531, 0.0044449, 0, 0, 0.0044449, -0.645616, 1, 1, 9999, 9999, 9999, 9999, 9999, 9999, 9999, 9999, 0.0843465, 9999, 16.3345, 0, 0, 0, 0, 0, 8000, 0, 0, 0, 0
6, 0.00000, 30.5178, 1, 0.359779, 0, 10.8351, 0.359779, 0.0189357, 0, 0, 0.0189357, -0.088898, 1, 1, 9999, 9999, 9999, 9999, 9999, 9999, 9999, 9999, 0.3598, 9999, 16.3345, 0, 0, 0, 0, 0, 8000, 0, 0, 0, 0
