hour,t(sec),kWh,State,kWOut,kWIn,kvarOut,DCkW,kWTotalLosses,kWInvLosses,kWIdlingLosses,kWChDchLosses,"kWh Chng",InvEff,InverterON,Vref,"Vavg (DRC)","VV Oper","VW Oper","DRC Oper","VV_DRC Oper","WP Oper","WV Oper",kWDesired,"kW VW Limit","Limit kWOut Function","kVA Exceeded","Grid voltage",di/dt,it,"it History","Rated VDC","Avg duty cycle","Target (Amps)","Series L","Max. Amps (phase)"
1, 0.00000, 21.875, 1, 2.95488, 0, 5.80405, 2.95488, 0.15552, 0, 0, 0.15552, -13.125, 1, 1, 9999, 9999, 9999, 9999, 9999, 9999, 9999, 9999, 2.95487, 9999, 8.75, 0, 0, 0, 0, 0, 8000, 0, 0, 0, 0
2, 0.00000, 18.7646, 1, 2.1152, 0, 5.80414, 2.1152, 0.111327, 0, 0, 0.111327, -3.1104, 1, 1, 9999, 9999, 9999, 9999, 9999, 9999, 9999, 9999, 2.11523, 9999, 8.75, 0, 0, 0, 0, 0, 8000, 0, 0, 0, 0
3, 0.00000, 16.5381, 1, 1.88678, 0, 5.80406, 1.88678, 0.0993042, 0, 0, 0.0993042, -2.22653, 1, 1, 9999, 9999, 9999, 9999, 9999, 9999, 9999, 9999, 1.88676, 9999, 8.75, 0, 0, 0, 0, 0, 8000, 0, 0, 0, 0
4, 0.00000, 14.552, 1, 1.60895, 0, 5.80434, 1.60895, 0.0846816, 0, 0, 0.0846816, -1.98608, 1, 1, 9999, 9999, 9999, 9999, 9999, 9999, 9999, 9999, 1.60913, 9999, 8.75, 0, 0, 0, 0, 0, 8000, 0, 0, 0, 0
5, 0.00000, 12.8583, 1, 0.351863, 0, 5.8046, 0.351863, 0.0185191, 0, 0, 0.0185191, -1.69363, 1, 1, 9999, 9999, 9999, 9999, 9999, 9999, 9999, 9999, 0.352818, 9999, 8.75, 0, 0, 0, 0, 0, 8000, 0, 0, 0, 0
