hour,t(sec),kWh,State,kWOut,kWIn,kvarOut,DCkW,kWTotalLosses,kWInvLosses,kWIdlingLosses,kWChDchLosses,"kWh Chng",InvEff,InverterON,Vref,"Vavg (DRC)","VV Oper","VW Oper","DRC Oper","VV_DRC Oper","WP Oper","WV Oper",kWDesired,"kW VW Limit","Limit kWOut Function","kVA Exceeded","Grid voltage",di/dt,it,"it History","Rated VDC","Avg duty cycle","Target (Amps)","Series L","Max. Amps (phase)"
1, 0.00000, 11.6637, 1, 1.77425, 0, 3.09478, 1.77425, 0.0933813, 0, 0, 0.0933813, -6.99825, 1, 1, 9999, 9999, 9999, 9999, 9999, 9999, 9999, 9999, 1.77424, 9999, 4.6655, 0, 0, 0, 0, 0, 8000, 0, 0, 0, 0
2, 0.00000, 9.79612, 1, 1.22096, 0, 3.09472, 1.22096, 0.0642612, 0, 0, 0.0642612, -1.86763, 1, 1, 9999, 9999, 9999, 9999, 9999, 9999, 9999, 9999, 1.22091, 9999, 4.6655, 0, 0, 0, 0, 0, 8000, 0, 0, 0, 0
3, 0.00000, 8.5109, 1, 1.08068, 0, 3.09468, 1.08068, 0.0568781, 0, 0, 0.0568781, -1.28522, 1, 1, 9999, 9999, 9999, 9999, 9999, 9999, 9999, 9999, 1.08067, 9999, 4.6655, 0, 0, 0, 0, 0, 8000, 0, 0, 0, 0
4, 0.00000, 7.37334, 1, 0.889261, 0, 3.09467, 0.889261, 0.0468032, 0, 0, 0.0468032, -1.13756, 1, 1, 9999, 9999, 9999, 9999, 9999, 9999, 9999, 9999, 0.889244, 9999, 4.6655, 0, 0, 0, 0, 0, 8000, 0, 0, 0, 0
5, 0.00000, 6.43727, 1, 0.37204, 0, 3.09477, 0.37204, 0.0195811, 0, 0, 0.0195811, -0.936064, 1, 1, 9999, 9999, 9999, 9999, 9999, 9999, 9999, 9999, 0.372013, 9999, 4.6655, 0, 0, 0, 0, 0, 8000, 0, 0, 0, 0
6, 0.00000, 6.04565, 1, 0.424956, 0, 3.09471, 0.424956, 0.0223661, 0, 0, 0.0223661, -0.391621, 1, 1, 9999, 9999, 9999, 9999, 9999, 9999, 9999, 9999, 0.424962, 9999, 4.6655, 0, 0, 0, 0, 0, 8000, 0, 0, 0, 0
