hour,t(sec),kWh,State,kWOut,kWIn,kvarOut,DCkW,kWTotalLosses,kWInvLosses,kWIdlingLosses,kWChDchLosses,"kWh Chng",InvEff,InverterON,Vref,"Vavg (DRC)","VV Oper","VW Oper","DRC Oper","VV_DRC Oper","WP Oper","WV Oper",kWDesired,"kW VW Limit","Limit kWOut Function","kVA Exceeded","Grid voltage",di/dt,it,"it History","Rated VDC","Avg duty cycle","Target (Amps)","Series L","Max. Amps (phase)"
1, 0.00000, 5.83362, 1, 0.379828, 0, 1.54779, 0.379828, 0.0199909, 0, 0, 0.0199909, -3.50017, 1, 1, 9999, 9999, 9999, 9999, 9999, 9999, 9999, 9999, 0.379824, 9999, 2.3335, 0, 0, 0, 0, 0, 8000, 0, 0, 0, 0
2, 0.00000, 5.43381, 1, 0.665206, 0, 1.54775, 0.665206, 0.0350108, 0, 0, 0.0350108, -0.399819, 1, 1, 9999, 9999, 9999, 9999, 9999, 9999, 9999, 9999, 0.665188, 9999, 2.3335, 0, 0, 0, 0, 0, 8000, 0, 0, 0, 0
3, 0.00000, 4.73359, 1, 0.774586, 0, 1.54778, 0.774586, 0.0407677, 0, 0, 0.0407677, -0.700217, 1, 1, 9999, 9999, 9999, 9999, 9999, 9999, 9999, 9999, 0.774582, 9999, 2.3335, 0, 0, 0, 0, 0, 8000, 0, 0, 0, 0
4, 0.00000, 3.91824, 1, 0.808069, 0, 1.54789, 0.808069, 0.04253, 0, 0, 0.04253, -0.815354, 1, 1, 9999, 9999, 9999, 9999, 9999, 9999, 9999, 9999, 0.808114, 9999, 2.3335, 0, 0, 0, 0, 0, 8000, 0, 0, 0, 0
5, 0.00000, 3.06764, 1, 0.25419, 0, 1.54774, 0.25419, 0.0133784, 0, 0, 0.0133784, -0.850599, 1, 1, 9999, 9999, 9999, 9999, 9999, 9999, 9999, 9999, 0.254141, 9999, 2.3335, 0, 0, 0, 0, 0, 8000, 0, 0, 0, 0
