hour,t(sec),kWh,State,kWOut,kWIn,kvarOut,DCkW,kWTotalLosses,kWInvLosses,kWIdlingLosses,kWChDchLosses,"kWh Chng",InvEff,InverterON,Vref,"Vavg (DRC)","VV Oper","VW Oper","DRC Oper","VV_DRC Oper","WP Oper","WV Oper",kWDesired,"kW VW Limit","Limit kWOut Function","kVA Exceeded","Grid voltage",di/dt,it,"it History","Rated VDC","Avg duty cycle","Target (Amps)","Series L","Max. Amps (phase)"
1, 0.00000, 5.83362, 1, 0.884445, 0, 1.54778, 0.884445, 0.0465497, 0, 0, 0.0465497, -3.50017, 1, 1, 9999, 9999, 9999, 9999, 9999, 9999, 9999, 9999, 0.884443, 9999, 2.3335, 0, 0, 0, 0, 0, 8000, 0, 0, 0, 0
2, 0.00000, 4.90263, 1, 0.60624, 0, 1.54773, 0.60624, 0.0319074, 0, 0, 0.0319074, -0.930995, 1, 1, 9999, 9999, 9999, 9999, 9999, 9999, 9999, 9999, 0.606197, 9999, 2.3335, 0, 0, 0, 0, 0, 8000, 0, 0, 0, 0
3, 0.00000, 4.26448, 1, 0.510023, 0, 1.54778, 0.510023, 0.0268433, 0, 0, 0.0268433, -0.638147, 1, 1, 9999, 9999, 9999, 9999, 9999, 9999, 9999, 9999, 0.51001, 9999, 2.3335, 0, 0, 0, 0, 0, 8000, 0, 0, 0, 0
4, 0.00000, 3.72762, 1, 0.438807, 0, 1.54778, 0.438807, 0.0230951, 0, 0, 0.0230951, -0.536867, 1, 1, 9999, 9999, 9999, 9999, 9999, 9999, 9999, 9999, 0.438791, 9999, 2.3335, 0, 0, 0, 0, 0, 8000, 0, 0, 0, 0
5, 0.00000, 3.26571, 1, 0.185736, 0, 1.54777, 0.185736, 0.00977556, 0, 0, 0.00977556, -0.461902, 1, 1, 9999, 9999, 9999, 9999, 9999, 9999, 9999, 9999, 0.185712, 9999, 2.3335, 0, 0, 0, 0, 0, 8000, 0, 0, 0, 0
6, 0.00000, 3.0702, 1, 0.25675, 0, 1.54791, 0.25675, 0.0135132, 0, 0, 0.0135132, -0.195511, 1, 1, 9999, 9999, 9999, 9999, 9999, 9999, 9999, 9999, 0.256755, 9999, 2.3335, 0, 0, 0, 0, 0, 8000, 0, 0, 0, 0
