hour,t(sec),kWh,State,kWOut,kWIn,kvarOut,DCkW,kWTotalLosses,kWInvLosses,kWIdlingLosses,kWChDchLosses,"kWh Chng",InvEff,InverterON,Vref,"Vavg (DRC)","VV Oper","VW Oper","DRC Oper","VV_DRC Oper","WP Oper","WV Oper",kWDesired,"kW VW Limit","Limit kWOut Function","kVA Exceeded","Grid voltage",di/dt,it,"it History","Rated VDC","Avg duty cycle","Target (Amps)","Series L","Max. Amps (phase)"
1, 0.00000, 5.83362, 1, 0.352641, 0, 0.875962, 0.352641, 0.0185601, 0, 0, 0.0185601, -3.50017, 1, 1, 9999, 9999, 9999, 9999, 9999, 9999, 9999, 9999, 0.352639, 9999, 2.3335, 0, 0, 0, 0, 0, 8000, 0, 0, 0, 0
2, 0.00000, 5.46242, 1, 0.374101, 0, 1.31201, 0.374101, 0.0196895, 0, 0, 0.0196895, -0.371201, 1, 1, 9999, 9999, 9999, 9999, 9999, 9999, 9999, 9999, 0.374107, 9999, 2.3335, 0, 0, 0, 0, 0, 8000, 0, 0, 0, 0
3, 0.00000, 5.06863, 1, 0.413245, 0, 1.46039, 0.413245, 0.0217497, 0, 0, 0.0217497, -0.39379, 1, 1, 9999, 9999, 9999, 9999, 9999, 9999, 9999, 9999, 0.41324, 9999, 2.3335, 0, 0, 0, 0, 0, 8000, 0, 0, 0, 0
4, 0.00000, 4.63364, 1, 0.415121, 0, 1.54786, 0.415121, 0.0218485, 0, 0, 0.0218485, -0.434995, 1, 1, 9999, 9999, 9999, 9999, 9999, 9999, 9999, 9999, 0.415176, 9999, 2.3335, 0, 0, 0, 0, 0, 8000, 0, 0, 0, 0
5, 0.00000, 4.19667, 1, 0.000260019, 0, 1.38469, 0.000260019, 0.0000136852, 0, 0, 0.0000136852, -0.43697, 1, 1, 9999, 9999, 9999, 9999, 9999, 9999, 9999, 9999, 7.95583E-20, 9999, 2.3335, 0, 0, 0, 0, 0, 8000, 0, 0, 0, 0
