hour,t(sec),kWh,State,kWOut,kWIn,kvarOut,DCkW,kWTotalLosses,kWInvLosses,kWIdlingLosses,kWChDchLosses,"kWh Chng",InvEff,InverterON,Vref,"Vavg (DRC)","VV Oper","VW Oper","DRC Oper","VV_DRC Oper","WP Oper","WV Oper",kWDesired,"kW VW Limit","Limit kWOut Function","kVA Exceeded","Grid voltage",di/dt,it,"it History","Rated VDC","Avg duty cycle","Target (Amps)","Series L","Max. Amps (phase)"
1, 0.00000, 5.83362, 1, 1.03784, 0, -1.5478, 1.03784, 0.054623, 0, 0, 0.054623, -3.50017, 1, 1, 9999, 9999, 9999, 9999, 9999, 9999, 9999, 9999, 1.03785, 9999, 2.3335, 0, 0, 0, 0, 0, 8000, 0, 0, 0, 0
2, 0.00000, 4.74116, 1, 0.700713, 0, -1.5478, 0.700713, 0.0368796, 0, 0, 0.0368796, -1.09246, 1, 1, 9999, 9999, 9999, 9999, 9999, 9999, 9999, 9999, 0.700703, 9999, 2.3335, 0, 0, 0, 0, 0, 8000, 0, 0, 0, 0
3, 0.00000, 4.00357, 1, 0.554199, 0, -1.5478, 0.554199, 0.0291684, 0, 0, 0.0291684, -0.737592, 1, 1, 9999, 9999, 9999, 9999, 9999, 9999, 9999, 9999, 0.554206, 9999, 2.3335, 0, 0, 0, 0, 0, 8000, 0, 0, 0, 0
4, 0.00000, 3.42021, 1, 0.403698, 0, -1.54782, 0.403698, 0.0212472, 0, 0, 0.0212472, -0.583367, 1, 1, 9999, 9999, 9999, 9999, 9999, 9999, 9999, 9999, 0.403649, 9999, 2.3335, 0, 0, 0, 0, 0, 8000, 0, 0, 0, 0
5, 0.00000, 2.99526, 1, 0.000178337, 0, -1.54787, 0.000178337, 9.38618E-6, 0, 0, 9.38618E-6, -0.424945, 1, 1, 9999, 9999, 9999, 9999, 9999, 9999, 9999, 9999, 9.40424E-35, 9999, 2.3335, 0, 0, 0, 0, 0, 8000, 0, 0, 0, 0
