hour,t(sec),kWh,State,kWOut,kWIn,kvarOut,DCkW,kWTotalLosses,kWInvLosses,kWIdlingLosses,kWChDchLosses,"kWh Chng",InvEff,InverterON,Vref,"Vavg (DRC)","VV Oper","VW Oper","DRC Oper","VV_DRC Oper","WP Oper","WV Oper",kWDesired,"kW VW Limit","Limit kWOut Function","kVA Exceeded","Grid voltage",di/dt,it,"it History","Rated VDC","Avg duty cycle","Target (Amps)","Series L","Max. Amps (phase)"
1, 0.00000, 11.6637, 1, 1.58553, 0, 3.09468, 1.58553, 0.0834488, 0, 0, 0.0834488, -6.99825, 1, 1, 9999, 9999, 9999, 9999, 9999, 9999, 9999, 9999, 1.58552, 9999, 4.6655, 0, 0, 0, 0, 0, 8000, 0, 0, 0, 0
2, 0.00000, 9.99477, 1, 1.28571, 0, 3.09461, 1.28571, 0.0676689, 0, 0, 0.0676689, -1.66898, 1, 1, 9999, 9999, 9999, 9999, 9999, 9999, 9999, 9999, 1.28567, 9999, 4.6655, 0, 0, 0, 0, 0, 8000, 0, 0, 0, 0
3, 0.00000, 8.6414, 1, 1.22144, 0, 3.09467, 1.22144, 0.0642863, 0, 0, 0.0642863, -1.35338, 1, 1, 9999, 9999, 9999, 9999, 9999, 9999, 9999, 9999, 1.22143, 9999, 4.6655, 0, 0, 0, 0, 0, 8000, 0, 0, 0, 0
4, 0.00000, 7.35567, 1, 1.1129, 0, 3.09484, 1.1129, 0.0585735, 0, 0, 0.0585735, -1.28573, 1, 1, 9999, 9999, 9999, 9999, 9999, 9999, 9999, 9999, 1.113, 9999, 4.6655, 0, 0, 0, 0, 0, 8000, 0, 0, 0, 0
5, 0.00000, 6.1842, 1, 0.55636, 0, 3.09458, 0.55636, 0.0292821, 0, 0, 0.0292821, -1.17147, 1, 1, 9999, 9999, 9999, 9999, 9999, 9999, 9999, 9999, 0.556268, 9999, 4.6655, 0, 0, 0, 0, 0, 8000, 0, 0, 0, 0
