hour,t(sec),kWh,State,kWOut,kWIn,kvarOut,DCkW,kWTotalLosses,kWInvLosses,kWIdlingLosses,kWChDchLosses,"kWh Chng",InvEff,InverterON,Vref,"Vavg (DRC)","VV Oper","VW Oper","DRC Oper","VV_DRC Oper","WP Oper","WV Oper",kWDesired,"kW VW Limit","Limit kWOut Function","kVA Exceeded","Grid voltage",di/dt,it,"it History","Rated VDC","Avg duty cycle","Target (Amps)","Series L","Max. Amps (phase)"
1, 0.00000, 21.875, 1, 3.50272, 0, 5.80414, 3.50272, 0.184353, 0, 0, 0.184353, -13.125, 1, 1, 9999, 9999, 9999, 9999, 9999, 9999, 9999, 9999, 3.50271, 9999, 8.75, 0, 0, 0, 0, 0, 8000, 0, 0, 0, 0
2, 0.00000, 18.1879, 1, 2.24162, 0, 5.80396, 2.24162, 0.11798, 0, 0, 0.11798, -3.68707, 1, 1, 9999, 9999, 9999, 9999, 9999, 9999, 9999, 9999, 2.24149, 9999, 8.75, 0, 0, 0, 0, 0, 8000, 0, 0, 0, 0
3, 0.00000, 15.8283, 1, 1.88269, 0, 5.80413, 1.88269, 0.0990891, 0, 0, 0.0990891, -2.3596, 1, 1, 9999, 9999, 9999, 9999, 9999, 9999, 9999, 9999, 1.88265, 9999, 8.75, 0, 0, 0, 0, 0, 8000, 0, 0, 0, 0
4, 0.00000, 13.8465, 1, 1.47381, 0, 5.80413, 1.47381, 0.0775691, 0, 0, 0.0775691, -1.98178, 1, 1, 9999, 9999, 9999, 9999, 9999, 9999, 9999, 9999, 1.47376, 9999, 8.75, 0, 0, 0, 0, 0, 8000, 0, 0, 0, 0
5, 0.00000, 12.2952, 1, 0.784381, 0, 5.80401, 0.784381, 0.0412832, 0, 0, 0.0412832, -1.55138, 1, 1, 9999, 9999, 9999, 9999, 9999, 9999, 9999, 9999, 0.784306, 9999, 8.75, 0, 0, 0, 0, 0, 8000, 0, 0, 0, 0
6, 0.00000, 11.4695, 1, 0.92136, 0, 5.80412, 0.92136, 0.0484926, 0, 0, 0.0484926, -0.825665, 1, 1, 9999, 9999, 9999, 9999, 9999, 9999, 9999, 9999, 0.921375, 9999, 8.75, 0, 0, 0, 0, 0, 8000, 0, 0, 0, 0
