hour,t(sec),kWh,State,kWOut,kWIn,kvarOut,DCkW,kWTotalLosses,kWInvLosses,kWIdlingLosses,kWChDchLosses,"kWh Chng",InvEff,InverterON,Vref,"Vavg (DRC)","VV Oper","VW Oper","DRC Oper","VV_DRC Oper","WP Oper","WV Oper",kWDesired,"kW VW Limit","Limit kWOut Function","kVA Exceeded","Grid voltage",di/dt,it,"it History","Rated VDC","Avg duty cycle","Target (Amps)","Series L","Max. Amps (phase)"
1, 0.00000, 11.6637, 1, 2.26372, 0, -3.09469, 2.26372, 0.119143, 0, 0, 0.119143, -6.99825, 1, 1, 9999, 9999, 9999, 9999, 9999, 9999, 9999, 9999, 2.26375, 9999, 4.6655, 0, 0, 0, 0, 0, 8000, 0, 0, 0, 0
2, 0.00000, 9.28089, 1, 1.37878, 0, -3.09467, 1.37878, 0.0725675, 0, 0, 0.0725675, -2.38286, 1, 1, 9999, 9999, 9999, 9999, 9999, 9999, 9999, 9999, 1.37894, 9999, 4.6655, 0, 0, 0, 0, 0, 8000, 0, 0, 0, 0
3, 0.00000, 7.82954, 1, 1.01344, 0, -3.09469, 1.01344, 0.0533391, 0, 0, 0.0533391, -1.45135, 1, 1, 9999, 9999, 9999, 9999, 9999, 9999, 9999, 9999, 1.01349, 9999, 4.6655, 0, 0, 0, 0, 0, 8000, 0, 0, 0, 0
4, 0.00000, 6.76276, 1, 0.630919, 0, -3.09468, 0.630919, 0.0332062, 0, 0, 0.0332062, -1.06678, 1, 1, 9999, 9999, 9999, 9999, 9999, 9999, 9999, 9999, 0.630962, 9999, 4.6655, 0, 0, 0, 0, 0, 8000, 0, 0, 0, 0
5, 0.00000, 6.09863, 1, 0.236893, 0, -3.09466, 0.236893, 0.012468, 0, 0, 0.012468, -0.664125, 1, 1, 9999, 9999, 9999, 9999, 9999, 9999, 9999, 9999, 0.236947, 9999, 4.6655, 0, 0, 0, 0, 0, 8000, 0, 0, 0, 0
6, 0.00000, 5.84927, 1, 0.237938, 0, -3.09471, 0.237938, 0.012523, 0, 0, 0.012523, -0.249361, 1, 1, 9999, 9999, 9999, 9999, 9999, 9999, 9999, 9999, 0.237926, 9999, 4.6655, 0, 0, 0, 0, 0, 8000, 0, 0, 0, 0
