hour,t(sec),kWh,State,kWOut,kWIn,kvarOut,DCkW,kWTotalLosses,kWInvLosses,kWIdlingLosses,kWChDchLosses,"kWh Chng",InvEff,InverterON,Vref,"Vavg (DRC)","VV Oper","VW Oper","DRC Oper","VV_DRC Oper","WP Oper","WV Oper",kWDesired,"kW VW Limit","Limit kWOut Function","kVA Exceeded","Grid voltage",di/dt,it,"it History","Rated VDC","Avg duty cycle","Target (Amps)","Series L","Max. Amps (phase)"
1, 0.00000, 11.6637, 1, 2.27711, 0, -3.09469, 2.27711, 0.119848, 0, 0, 0.119848, -6.99825, 1, 1, 9999, 9999, 9999, 9999, 9999, 9999, 9999, 9999, 2.27714, 9999, 4.6655, 0, 0, 0, 0, 0, 8000, 0, 0, 0, 0
2, 0.00000, 9.2668, 1, 1.47544, 0, -3.0947, 1.47544, 0.077655, 0, 0, 0.077655, -2.39695, 1, 1, 9999, 9999, 9999, 9999, 9999, 9999, 9999, 9999, 1.4756, 9999, 4.6655, 0, 0, 0, 0, 0, 8000, 0, 0, 0, 0
3, 0.00000, 7.7137, 1, 1.15168, 0, -3.09469, 1.15168, 0.0606147, 0, 0, 0.0606147, -1.5531, 1, 1, 9999, 9999, 9999, 9999, 9999, 9999, 9999, 9999, 1.15173, 9999, 4.6655, 0, 0, 0, 0, 0, 8000, 0, 0, 0, 0
4, 0.00000, 6.5014, 1, 0.824441, 0, -3.09468, 0.824441, 0.0433917, 0, 0, 0.0433917, -1.21229, 1, 1, 9999, 9999, 9999, 9999, 9999, 9999, 9999, 9999, 0.824067, 9999, 4.6655, 0, 0, 0, 0, 0, 8000, 0, 0, 0, 0
5, 0.00000, 5.63357, 1, 0.0330376, 0, -3.09459, 0.0330376, 0.00173882, 0, 0, 0.00173882, -0.867833, 1, 1, 9999, 9999, 9999, 9999, 9999, 9999, 9999, 9999, 0.0333079, 9999, 4.6655, 0, 0, 0, 0, 0, 8000, 0, 0, 0, 0
