hour,t(sec),kWh,State,kWOut,kWIn,kvarOut,DCkW,kWTotalLosses,kWInvLosses,kWIdlingLosses,kWChDchLosses,"kWh Chng",InvEff,InverterON,Vref,"Vavg (DRC)","VV Oper","VW Oper","DRC Oper","VV_DRC Oper","WP Oper","WV Oper",kWDesired,"kW VW Limit","Limit kWOut Function","kVA Exceeded","Grid voltage",di/dt,it,"it History","Rated VDC","Avg duty cycle","Target (Amps)","Series L","Max. Amps (phase)"
1, 0.00000, 11.6637, 1, 1.20622, 0, 1.67308, 1.20622, 0.0634853, 0, 0, 0.0634853, -6.99825, 1, 1, 9999, 9999, 9999, 9999, 9999, 9999, 9999, 9999, 1.20622, 9999, 4.6655, 0, 0, 0, 0, 0, 8000, 0, 0, 0, 0
2, 0.00000, 10.394, 1, 0.371153, 0, 2.05511, 0.371153, 0.0195344, 0, 0, 0.0195344, -1.26971, 1, 1, 9999, 9999, 9999, 9999, 9999, 9999, 9999, 9999, 0.371164, 9999, 4.6655, 0, 0, 0, 0, 0, 8000, 0, 0, 0, 0
3, 0.00000, 10.0034, 1, 0.114264, 0, 2.18179, 0.114264, 0.00601391, 0, 0, 0.00601391, -0.390688, 1, 1, 9999, 9999, 9999, 9999, 9999, 9999, 9999, 9999, 0.114253, 9999, 4.6655, 0, 0, 0, 0, 0, 8000, 0, 0, 0, 0
4, 0.00000, 9.88308, -1, 0, 0.000105191, 2.32227, -0.000105191, 5.25955E-6, 0, 0, 5.25955E-6, -0.120278, 1, 1, 9999, 9999, 9999, 9999, 9999, 9999, 9999, 9999, -8.61811E-20, 9999, 4.6655, 0, 0, 0, 0, 0, 8000, 0, 0, 0, 0
5, 0.00000, 9.88318, 1, 0.000405152, 0, 2.12034, 0.000405152, 0.0000213238, 0, 0, 0.0000213238, 0.0000999315, 1, 1, 9999, 9999, 9999, 9999, 9999, 9999, 9999, 9999, 8.87238E-19, 9999, 4.6655, 0, 0, 0, 0, 0, 8000, 0, 0, 0, 0
