hour,t(sec),kWh,State,kWOut,kWIn,kvarOut,DCkW,kWTotalLosses,kWInvLosses,kWIdlingLosses,kWChDchLosses,"kWh Chng",InvEff,InverterON,Vref,"Vavg (DRC)","VV Oper","VW Oper","DRC Oper","VV_DRC Oper","WP Oper","WV Oper",kWDesired,"kW VW Limit","Limit kWOut Function","kVA Exceeded","Grid voltage",di/dt,it,"it History","Rated VDC","Avg duty cycle","Target (Amps)","Series L","Max. Amps (phase)"
1, 0.00000, 11.6637, 1, 1.51635, 0, -3.09469, 1.51635, 0.0798081, 0, 0, 0.0798081, -6.99825, 1, 1, 9999, 9999, 9999, 9999, 9999, 9999, 9999, 9999, 1.51638, 9999, 4.6655, 0, 0, 0, 0, 0, 8000, 0, 0, 0, 0
2, 0.00000, 10.0676, 1, 0.547706, 0, -3.09471, 0.547706, 0.0288267, 0, 0, 0.0288267, -1.59616, 1, 1, 9999, 9999, 9999, 9999, 9999, 9999, 9999, 9999, 0.547683, 9999, 4.6655, 0, 0, 0, 0, 0, 8000, 0, 0, 0, 0
3, 0.00000, 9.49106, 1, 0.244463, 0, -3.09469, 0.244463, 0.0128665, 0, 0, 0.0128665, -0.576533, 1, 1, 9999, 9999, 9999, 9999, 9999, 9999, 9999, 9999, 0.244482, 9999, 4.6655, 0, 0, 0, 0, 0, 8000, 0, 0, 0, 0
4, 0.00000, 9.23373, 1, 0.000153693, 0, -3.09476, 0.000153693, 8.08909E-6, 0, 0, 8.08909E-6, -0.257329, 1, 1, 9999, 9999, 9999, 9999, 9999, 9999, 9999, 9999, 8.60691E-20, 9999, 4.6655, 0, 0, 0, 0, 0, 8000, 0, 0, 0, 0
5, 0.00000, 9.23357, 1, 0.000678441, 0, -3.0948, 0.000678441, 0.0000357074, 0, 0, 0.0000357074, -0.000161782, 1, 1, 9999, 9999, 9999, 9999, 9999, 9999, 9999, 9999, 7.36216E-19, 9999, 4.6655, 0, 0, 0, 0, 0, 8000, 0, 0, 0, 0
