hour,t(sec),kWh,State,kWOut,kWIn,kvarOut,DCkW,kWTotalLosses,kWInvLosses,kWIdlingLosses,kWChDchLosses,"kWh Chng",InvEff,InverterON,Vref,"Vavg (DRC)","VV Oper","VW Oper","DRC Oper","VV_DRC Oper","WP Oper","WV Oper",kWDesired,"kW VW Limit","Limit kWOut Function","kVA Exceeded","Grid voltage",di/dt,it,"it History","Rated VDC","Avg duty cycle","Target (Amps)","Series L","Max. Amps (phase)"
1, 0.00000, 11.6637, 1, 1.88001, 0, 2.36167, 1.88001, 0.0989478, 0, 0, 0.0989478, -6.99825, 1, 1, 9999, 9999, 9999, 9999, 9999, 9999, 9999, 9999, 1.88001, 9999, 4.6655, 0, 0, 0, 0, 0, 8000, 0, 0, 0, 0
2, 0.00000, 9.68479, 1, 1.30078, 0, 3.09457, 1.30078, 0.0684621, 0, 0, 0.0684621, -1.97896, 1, 1, 9999, 9999, 9999, 9999, 9999, 9999, 9999, 9999, 1.30069, 9999, 4.6655, 0, 0, 0, 0, 0, 8000, 0, 0, 0, 0
3, 0.00000, 8.31555, 1, 1.13724, 0, 3.09466, 1.13724, 0.0598548, 0, 0, 0.0598548, -1.36924, 1, 1, 9999, 9999, 9999, 9999, 9999, 9999, 9999, 9999, 1.13722, 9999, 4.6655, 0, 0, 0, 0, 0, 8000, 0, 0, 0, 0
4, 0.00000, 7.11846, 1, 0.945512, 0, 3.09493, 0.945512, 0.0497638, 0, 0, 0.0497638, -1.1971, 1, 1, 9999, 9999, 9999, 9999, 9999, 9999, 9999, 9999, 0.94579, 9999, 4.6655, 0, 0, 0, 0, 0, 8000, 0, 0, 0, 0
5, 0.00000, 6.12318, 1, 0.4984, 0, 3.0945, 0.4984, 0.0262316, 0, 0, 0.0262316, -0.995275, 1, 1, 9999, 9999, 9999, 9999, 9999, 9999, 9999, 9999, 0.498182, 9999, 4.6655, 0, 0, 0, 0, 0, 8000, 0, 0, 0, 0
