hour,t(sec),kWh,State,kWOut,kWIn,kvarOut,DCkW,kWTotalLosses,kWInvLosses,kWIdlingLosses,kWChDchLosses,"kWh Chng",InvEff,InverterON,Vref,"Vavg (DRC)","VV Oper","VW Oper","DRC Oper","VV_DRC Oper","WP Oper","WV Oper",kWDesired,"kW VW Limit","Limit kWOut Function","kVA Exceeded","Grid voltage",di/dt,it,"it History","Rated VDC","Avg duty cycle","Target (Amps)","Series L","Max. Amps (phase)"
1, 0.00000, 11.6637, 1, 0.930287, 0, -3.09469, 0.930287, 0.0489625, 0, 0, 0.0489625, -6.99825, 1, 1, 9999, 9999, 9999, 9999, 9999, 9999, 9999, 9999, 0.930301, 9999, 4.6655, 0, 0, 0, 0, 0, 8000, 0, 0, 0, 0
2, 0.00000, 10.6845, 1, 0.278361, 0, -3.09471, 0.278361, 0.0146506, 0, 0, 0.0146506, -0.97925, 1, 1, 9999, 9999, 9999, 9999, 9999, 9999, 9999, 9999, 0.278348, 9999, 4.6655, 0, 0, 0, 0, 0, 8000, 0, 0, 0, 0
3, 0.00000, 10.3915, 1, 0.207437, 0, -3.09469, 0.207437, 0.0109177, 0, 0, 0.0109177, -0.293012, 1, 1, 9999, 9999, 9999, 9999, 9999, 9999, 9999, 9999, 0.207447, 9999, 4.6655, 0, 0, 0, 0, 0, 8000, 0, 0, 0, 0
4, 0.00000, 10.1731, 1, 0.0672359, 0, -3.09475, 0.0672359, 0.00353873, 0, 0, 0.00353873, -0.218354, 1, 1, 9999, 9999, 9999, 9999, 9999, 9999, 9999, 9999, 0.0671645, 9999, 4.6655, 0, 0, 0, 0, 0, 8000, 0, 0, 0, 0
5, 0.00000, 10.1024, 1, 0.00030525, 0, -3.09484, 0.00030525, 0.0000160658, 0, 0, 0.0000160658, -0.0707747, 1, 1, 9999, 9999, 9999, 9999, 9999, 9999, 9999, 9999, 8.82853E-19, 9999, 4.6655, 0, 0, 0, 0, 0, 8000, 0, 0, 0, 0
