hour,t(sec),kWh,State,kWOut,kWIn,kvarOut,DCkW,kWTotalLosses,kWInvLosses,kWIdlingLosses,kWChDchLosses,"kWh Chng",InvEff,InverterON,Vref,"Vavg (DRC)","VV Oper","VW Oper","DRC Oper","VV_DRC Oper","WP Oper","WV Oper",kWDesired,"kW VW Limit","Limit kWOut Function","kVA Exceeded","Grid voltage",di/dt,it,"it History","Rated VDC","Avg duty cycle","Target (Amps)","Series L","Max. Amps (phase)"
1, 0.00000, 11.6637, 1, 2.0583, 0, -3.09479, 2.0583, 0.108331, 0, 0, 0.108331, -6.99825, 1, 1, 9999, 9999, 9999, 9999, 9999, 9999, 9999, 9999, 2.05833, 9999, 4.6655, 0, 0, 0, 0, 0, 8000, 0, 0, 0, 0
2, 0.00000, 9.49712, 1, 1.2271, 0, -3.09479, 1.2271, 0.0645842, 0, 0, 0.0645842, -2.16663, 1, 1, 9999, 9999, 9999, 9999, 9999, 9999, 9999, 9999, 1.22726, 9999, 4.6655, 0, 0, 0, 0, 0, 8000, 0, 0, 0, 0
3, 0.00000, 8.20544, 1, 0.972244, 0, -3.09469, 0.972244, 0.0511707, 0, 0, 0.0511707, -1.29168, 1, 1, 9999, 9999, 9999, 9999, 9999, 9999, 9999, 9999, 0.97229, 9999, 4.6655, 0, 0, 0, 0, 0, 8000, 0, 0, 0, 0
4, 0.00000, 7.18202, 1, 0.720864, 0, -3.09469, 0.720864, 0.0379402, 0, 0, 0.0379402, -1.02341, 1, 1, 9999, 9999, 9999, 9999, 9999, 9999, 9999, 9999, 0.720913, 9999, 4.6655, 0, 0, 0, 0, 0, 8000, 0, 0, 0, 0
5, 0.00000, 6.42322, 1, 0.374516, 0, -3.09468, 0.374516, 0.0197114, 0, 0, 0.0197114, -0.758804, 1, 1, 9999, 9999, 9999, 9999, 9999, 9999, 9999, 9999, 0.374579, 9999, 4.6655, 0, 0, 0, 0, 0, 8000, 0, 0, 0, 0
6, 0.00000, 6.02899, 1, 0.408548, 0, -3.0947, 0.408548, 0.0215025, 0, 0, 0.0215025, -0.394227, 1, 1, 9999, 9999, 9999, 9999, 9999, 9999, 9999, 9999, 0.408534, 9999, 4.6655, 0, 0, 0, 0, 0, 8000, 0, 0, 0, 0
