hour,t(sec),kWh,State,kWOut,kWIn,kvarOut,DCkW,kWTotalLosses,kWInvLosses,kWIdlingLosses,kWChDchLosses,"kWh Chng",InvEff,InverterON,Vref,"Vavg (DRC)","VV Oper","VW Oper","DRC Oper","VV_DRC Oper","WP Oper","WV Oper",kWDesired,"kW VW Limit","Limit kWOut Function","kVA Exceeded","Grid voltage",di/dt,it,"it History","Rated VDC","Avg duty cycle","Target (Amps)","Series L","Max. Amps (phase)"
1, 0.00000, 5.83362, 1, 0.879194, 0, 1.54779, 0.879194, 0.0462734, 0, 0, 0.0462734, -3.50017, 1, 1, 9999, 9999, 9999, 9999, 9999, 9999, 9999, 9999, 0.879193, 9999, 2.3335, 0, 0, 0, 0, 0, 8000, 0, 0, 0, 0
2, 0.00000, 4.90816, 1, 0.568811, 0, 1.54775, 0.568811, 0.0299374, 0, 0, 0.0299374, -0.925467, 1, 1, 9999, 9999, 9999, 9999, 9999, 9999, 9999, 9999, 0.568791, 9999, 2.3335, 0, 0, 0, 0, 0, 8000, 0, 0, 0, 0
3, 0.00000, 4.30941, 1, 0.481804, 0, 1.54779, 0.481804, 0.0253581, 0, 0, 0.0253581, -0.598749, 1, 1, 9999, 9999, 9999, 9999, 9999, 9999, 9999, 9999, 0.481798, 9999, 2.3335, 0, 0, 0, 0, 0, 8000, 0, 0, 0, 0
4, 0.00000, 3.80225, 1, 0.408137, 0, 1.54778, 0.408137, 0.0214809, 0, 0, 0.0214809, -0.507162, 1, 1, 9999, 9999, 9999, 9999, 9999, 9999, 9999, 9999, 0.408129, 9999, 2.3335, 0, 0, 0, 0, 0, 8000, 0, 0, 0, 0
5, 0.00000, 3.37263, 1, 0.266591, 0, 1.54778, 0.266591, 0.0140311, 0, 0, 0.0140311, -0.429618, 1, 1, 9999, 9999, 9999, 9999, 9999, 9999, 9999, 9999, 0.266579, 9999, 2.3335, 0, 0, 0, 0, 0, 8000, 0, 0, 0, 0
6, 0.00000, 3.09201, 1, 0.277427, 0, 1.5478, 0.277427, 0.0146014, 0, 0, 0.0146014, -0.280622, 1, 1, 9999, 9999, 9999, 9999, 9999, 9999, 9999, 9999, 0.27743, 9999, 2.3335, 0, 0, 0, 0, 0, 8000, 0, 0, 0, 0
