bus,P_L,Q_L,P_der,Q_der,busType
1,6.667,3.333,0,2.33345,0
2,0,0,0,0,0
3,6.667,3.333,0,2.33345,0
4,6.667,3.333,0,2.33345,1
5,35,25,0,12.25,0
6,70,50,0,24.5,3
7,46.67,31.67,0,16.3345,0
8,13.33,6.667,0,4.6655,0
9,6.667,3.333,0,2.33345,0
10,0,0,0,0,0
