hour,t(sec),kWh,State,kWOut,kWIn,kvarOut,DCkW,kWTotalLosses,kWInvLosses,kWIdlingLosses,kWChDchLosses,"kWh Chng",InvEff,InverterON,Vref,"Vavg (DRC)","VV Oper","VW Oper","DRC Oper","VV_DRC Oper","WP Oper","WV Oper",kWDesired,"kW VW Limit","Limit kWOut Function","kVA Exceeded","Grid voltage",di/dt,it,"it History","Rated VDC","Avg duty cycle","Target (Amps)","Series L","Max. Amps (phase)"
1, 0.00000, 5.83362, 1, 0.755991, 0, 1.54772, 0.755991, 0.039789, 0, 0, 0.039789, -3.50017, 1, 1, 9999, 9999, 9999, 9999, 9999, 9999, 9999, 9999, 0.755961, 9999, 2.3335, 0, 0, 0, 0, 0, 8000, 0, 0, 0, 0
2, 0.00000, 5.03785, 1, 0.741026, 0, 1.5478, 0.741026, 0.0390014, 0, 0, 0.0390014, -0.79578, 1, 1, 9999, 9999, 9999, 9999, 9999, 9999, 9999, 9999, 0.741026, 9999, 2.3335, 0, 0, 0, 0, 0, 8000, 0, 0, 0, 0
3, 0.00000, 4.25782, 1, 0.712254, 0, 1.5478, 0.712254, 0.0374871, 0, 0, 0.0374871, -0.780028, 1, 1, 9999, 9999, 9999, 9999, 9999, 9999, 9999, 9999, 0.712254, 9999, 2.3335, 0, 0, 0, 0, 0, 8000, 0, 0, 0, 0
4, 0.00000, 3.50808, 1, 0.672608, 0, 1.5478, 0.672608, 0.0354004, 0, 0, 0.0354004, -0.749741, 1, 1, 9999, 9999, 9999, 9999, 9999, 9999, 9999, 9999, 0.672608, 9999, 2.3335, 0, 0, 0, 0, 0, 8000, 0, 0, 0, 0
