hour,t(sec),kWh,State,kWOut,kWIn,kvarOut,DCkW,kWTotalLosses,kWInvLosses,kWIdlingLosses,kWChDchLosses,"kWh Chng",InvEff,InverterON,Vref,"Vavg (DRC)","VV Oper","VW Oper","DRC Oper","VV_DRC Oper","WP Oper","WV Oper",kWDesired,"kW VW Limit","Limit kWOut Function","kVA Exceeded","Grid voltage",di/dt,it,"it History","Rated VDC","Avg duty cycle","Target (Amps)","Series L","Max. Amps (phase)"
1, 0.00000, 11.6637, 1, 1.39649, 0, 3.09458, 1.39649, 0.0734994, 0, 0, 0.0734994, -6.99825, 1, 1, 9999, 9999, 9999, 9999, 9999, 9999, 9999, 9999, 1.39643, 9999, 4.6655, 0, 0, 0, 0, 0, 8000, 0, 0, 0, 0
2, 0.00000, 10.1938, 1, 1.41761, 0, 3.0947, 1.41761, 0.0746112, 0, 0, 0.0746112, -1.46999, 1, 1, 9999, 9999, 9999, 9999, 9999, 9999, 9999, 9999, 1.41761, 9999, 4.6655, 0, 0, 0, 0, 0, 8000, 0, 0, 0, 0
3, 0.00000, 8.70154, 1, 1.45438, 0, 3.0947, 1.45438, 0.0765461, 0, 0, 0.0765461, -1.49222, 1, 1, 9999, 9999, 9999, 9999, 9999, 9999, 9999, 9999, 1.45438, 9999, 4.6655, 0, 0, 0, 0, 0, 8000, 0, 0, 0, 0
4, 0.00000, 7.17062, 1, 1.49347, 0, 3.0947, 1.49347, 0.0786038, 0, 0, 0.0786038, -1.53092, 1, 1, 9999, 9999, 9999, 9999, 9999, 9999, 9999, 9999, 1.49347, 9999, 4.6655, 0, 0, 0, 0, 0, 8000, 0, 0, 0, 0
