hour,t(sec),kWh,State,kWOut,kWIn,kvarOut,DCkW,kWTotalLosses,kWInvLosses,kWIdlingLosses,kWChDchLosses,"kWh Chng",InvEff,InverterON,Vref,"Vavg (DRC)","VV Oper","VW Oper","DRC Oper","VV_DRC Oper","WP Oper","WV Oper",kWDesired,"kW VW Limit","Limit kWOut Function","kVA Exceeded","Grid voltage",di/dt,it,"it History","Rated VDC","Avg duty cycle","Target (Amps)","Series L","Max. Amps (phase)"
1, 0.00000, 11.6637, 1, 1.45649, 0, 3.09445, 1.45649, 0.0766576, 0, 0, 0.0766576, -6.99825, 1, 1, 9999, 9999, 9999, 9999, 9999, 9999, 9999, 9999, 1.45634, 9999, 4.6655, 0, 0, 0, 0, 0, 8000, 0, 0, 0, 0
2, 0.00000, 10.1306, 1, 1.4534, 0, 3.0947, 1.4534, 0.0764946, 0, 0, 0.0764946, -1.53315, 1, 1, 9999, 9999, 9999, 9999, 9999, 9999, 9999, 9999, 1.4534, 9999, 4.6655, 0, 0, 0, 0, 0, 8000, 0, 0, 0, 0
3, 0.00000, 8.60071, 1, 1.44201, 0, 3.0947, 1.44201, 0.0758954, 0, 0, 0.0758954, -1.52989, 1, 1, 9999, 9999, 9999, 9999, 9999, 9999, 9999, 9999, 1.44201, 9999, 4.6655, 0, 0, 0, 0, 0, 8000, 0, 0, 0, 0
4, 0.00000, 7.0828, 1, 1.41015, 0, 3.0947, 1.41015, 0.0742183, 0, 0, 0.0742183, -1.51791, 1, 1, 9999, 9999, 9999, 9999, 9999, 9999, 9999, 9999, 1.41015, 9999, 4.6655, 0, 0, 0, 0, 0, 8000, 0, 0, 0, 0
