hour,t(sec),kWh,State,kWOut,kWIn,kvarOut,DCkW,kWTotalLosses,kWInvLosses,kWIdlingLosses,kWChDchLosses,"kWh Chng",InvEff,InverterON,Vref,"Vavg (DRC)","VV Oper","VW Oper","DRC Oper","VV_DRC Oper","WP Oper","WV Oper",kWDesired,"kW VW Limit","Limit kWOut Function","kVA Exceeded","Grid voltage",di/dt,it,"it History","Rated VDC","Avg duty cycle","Target (Amps)","Series L","Max. Amps (phase)"
1, 0.00000, 11.6637, 1, 1.44432, 0, 3.09446, 1.44432, 0.0760167, 0, 0, 0.0760167, -6.99825, 1, 1, 9999, 9999, 9999, 9999, 9999, 9999, 9999, 9999, 1.44411, 9999, 4.6655, 0, 0, 0, 0, 0, 8000, 0, 0, 0, 0
2, 0.00000, 10.1434, 1, 1.44337, 0, 3.0947, 1.44337, 0.0759666, 0, 0, 0.0759666, -1.52033, 1, 1, 9999, 9999, 9999, 9999, 9999, 9999, 9999, 9999, 1.44337, 9999, 4.6655, 0, 0, 0, 0, 0, 8000, 0, 0, 0, 0
3, 0.00000, 8.62408, 1, 1.44066, 0, 3.0947, 1.44066, 0.0758242, 0, 0, 0.0758242, -1.51933, 1, 1, 9999, 9999, 9999, 9999, 9999, 9999, 9999, 9999, 1.44066, 9999, 4.6655, 0, 0, 0, 0, 0, 8000, 0, 0, 0, 0
4, 0.00000, 7.1076, 1, 1.43375, 0, 3.0947, 1.43375, 0.0754608, 0, 0, 0.0754608, -1.51648, 1, 1, 9999, 9999, 9999, 9999, 9999, 9999, 9999, 9999, 1.43375, 9999, 4.6655, 0, 0, 0, 0, 0, 8000, 0, 0, 0, 0
