hour,t(sec),kWh,State,kWOut,kWIn,kvarOut,DCkW,kWTotalLosses,kWInvLosses,kWIdlingLosses,kWChDchLosses,"kWh Chng",InvEff,InverterON,Vref,"Vavg (DRC)","VV Oper","VW Oper","DRC Oper","VV_DRC Oper","WP Oper","WV Oper",kWDesired,"kW VW Limit","Limit kWOut Function","kVA Exceeded","Grid voltage",di/dt,it,"it History","Rated VDC","Avg duty cycle","Target (Amps)","Series L","Max. Amps (phase)"
1, 0.00000, 11.6637, 1, 1.3917, 0, 3.09446, 1.3917, 0.0732472, 0, 0, 0.0732472, -6.99825, 1, 1, 9999, 9999, 9999, 9999, 9999, 9999, 9999, 9999, 1.39153, 9999, 4.6655, 0, 0, 0, 0, 0, 8000, 0, 0, 0, 0
2, 0.00000, 10.1988, 1, 1.41211, 0, 3.0947, 1.41211, 0.0743214, 0, 0, 0.0743214, -1.46494, 1, 1, 9999, 9999, 9999, 9999, 9999, 9999, 9999, 9999, 1.41211, 9999, 4.6655, 0, 0, 0, 0, 0, 8000, 0, 0, 0, 0
3, 0.00000, 8.71238, 1, 1.45181, 0, 3.0947, 1.45181, 0.0764111, 0, 0, 0.0764111, -1.48643, 1, 1, 9999, 9999, 9999, 9999, 9999, 9999, 9999, 9999, 1.45181, 9999, 4.6655, 0, 0, 0, 0, 0, 8000, 0, 0, 0, 0
4, 0.00000, 7.18416, 1, 1.50644, 0, 3.0947, 1.50644, 0.0792865, 0, 0, 0.0792865, -1.52822, 1, 1, 9999, 9999, 9999, 9999, 9999, 9999, 9999, 9999, 1.50644, 9999, 4.6655, 0, 0, 0, 0, 0, 8000, 0, 0, 0, 0
