hour,t(sec),kWh,State,kWOut,kWIn,kvarOut,DCkW,kWTotalLosses,kWInvLosses,kWIdlingLosses,kWChDchLosses,"kWh Chng",InvEff,InverterON,Vref,"Vavg (DRC)","VV Oper","VW Oper","DRC Oper","VV_DRC Oper","WP Oper","WV Oper",kWDesired,"kW VW Limit","Limit kWOut Function","kVA Exceeded","Grid voltage",di/dt,it,"it History","Rated VDC","Avg duty cycle","Target (Amps)","Series L","Max. Amps (phase)"
1, 0.00000, 11.6637, 1, 1.3832, 0, 3.09455, 1.3832, 0.0727999, 0, 0, 0.0727999, -6.99825, 1, 1, 9999, 9999, 9999, 9999, 9999, 9999, 9999, 9999, 1.38313, 9999, 4.6655, 0, 0, 0, 0, 0, 8000, 0, 0, 0, 0
2, 0.00000, 10.2078, 1, 1.40609, 0, 3.0947, 1.40609, 0.0740047, 0, 0, 0.0740047, -1.456, 1, 1, 9999, 9999, 9999, 9999, 9999, 9999, 9999, 9999, 1.40609, 9999, 4.6655, 0, 0, 0, 0, 0, 8000, 0, 0, 0, 0
3, 0.00000, 8.72766, 1, 1.45195, 0, 3.0947, 1.45195, 0.0764184, 0, 0, 0.0764184, -1.48009, 1, 1, 9999, 9999, 9999, 9999, 9999, 9999, 9999, 9999, 1.45195, 9999, 4.6655, 0, 0, 0, 0, 0, 8000, 0, 0, 0, 0
4, 0.00000, 7.19929, 1, 1.52067, 0, 3.0947, 1.52067, 0.0800354, 0, 0, 0.0800354, -1.52837, 1, 1, 9999, 9999, 9999, 9999, 9999, 9999, 9999, 9999, 1.52067, 9999, 4.6655, 0, 0, 0, 0, 0, 8000, 0, 0, 0, 0
