hour,t(sec),kWh,State,kWOut,kWIn,kvarOut,DCkW,kWTotalLosses,kWInvLosses,kWIdlingLosses,kWChDchLosses,"kWh Chng",InvEff,InverterON,Vref,"Vavg (DRC)","VV Oper","VW Oper","DRC Oper","VV_DRC Oper","WP Oper","WV Oper",kWDesired,"kW VW Limit","Limit kWOut Function","kVA Exceeded","Grid voltage",di/dt,it,"it History","Rated VDC","Avg duty cycle","Target (Amps)","Series L","Max. Amps (phase)"
1, 0.00000, 5.83362, 1, 0.699758, 0, 1.54767, 0.699758, 0.0368294, 0, 0, 0.0368294, -3.50017, 1, 1, 9999, 9999, 9999, 9999, 9999, 9999, 9999, 9999, 0.699677, 9999, 2.3335, 0, 0, 0, 0, 0, 8000, 0, 0, 0, 0
2, 0.00000, 5.09704, 1, 0.703924, 0, 1.5478, 0.703924, 0.0370486, 0, 0, 0.0370486, -0.736588, 1, 1, 9999, 9999, 9999, 9999, 9999, 9999, 9999, 9999, 0.703924, 9999, 2.3335, 0, 0, 0, 0, 0, 8000, 0, 0, 0, 0
3, 0.00000, 4.35607, 1, 0.718928, 0, 1.5478, 0.718928, 0.0378383, 0, 0, 0.0378383, -0.740972, 1, 1, 9999, 9999, 9999, 9999, 9999, 9999, 9999, 9999, 0.718928, 9999, 2.3335, 0, 0, 0, 0, 0, 8000, 0, 0, 0, 0
4, 0.00000, 3.5993, 1, 0.759367, 0, 1.5478, 0.759367, 0.0399667, 0, 0, 0.0399667, -0.756766, 1, 1, 9999, 9999, 9999, 9999, 9999, 9999, 9999, 9999, 0.759368, 9999, 2.3335, 0, 0, 0, 0, 0, 8000, 0, 0, 0, 0
