hour,t(sec),kWh,State,kWOut,kWIn,kvarOut,DCkW,kWTotalLosses,kWInvLosses,kWIdlingLosses,kWChDchLosses,"kWh Chng",InvEff,InverterON,Vref,"Vavg (DRC)","VV Oper","VW Oper","DRC Oper","VV_DRC Oper","WP Oper","WV Oper",kWDesired,"kW VW Limit","Limit kWOut Function","kVA Exceeded","Grid voltage",di/dt,it,"it History","Rated VDC","Avg duty cycle","Target (Amps)","Series L","Max. Amps (phase)"
1, 0.00000, 11.6637, 1, 0.806782, 0, 3.09467, 0.806782, 0.0424622, 0, 0, 0.0424622, -6.99825, 1, 1, 9999, 9999, 9999, 9999, 9999, 9999, 9999, 9999, 0.806758, 9999, 4.6655, 0, 0, 0, 0, 0, 8000, 0, 0, 0, 0
2, 0.00000, 10.8145, 1, 0.890084, 0, 3.0947, 0.890084, 0.0468465, 0, 0, 0.0468465, -0.849244, 1, 1, 9999, 9999, 9999, 9999, 9999, 9999, 9999, 9999, 0.890084, 9999, 4.6655, 0, 0, 0, 0, 0, 8000, 0, 0, 0, 0
3, 0.00000, 9.87757, 1, 1.07344, 0, 3.0947, 1.07344, 0.0564967, 0, 0, 0.0564967, -0.936931, 1, 1, 9999, 9999, 9999, 9999, 9999, 9999, 9999, 9999, 1.07344, 9999, 4.6655, 0, 0, 0, 0, 0, 8000, 0, 0, 0, 0
4, 0.00000, 8.74764, 1, 1.39349, 0, 3.0947, 1.39349, 0.0733417, 0, 0, 0.0733417, -1.12993, 1, 1, 9999, 9999, 9999, 9999, 9999, 9999, 9999, 9999, 1.39349, 9999, 4.6655, 0, 0, 0, 0, 0, 8000, 0, 0, 0, 0
