hour,t(sec),kWh,State,kWOut,kWIn,kvarOut,DCkW,kWTotalLosses,kWInvLosses,kWIdlingLosses,kWChDchLosses,"kWh Chng",InvEff,InverterON,Vref,"Vavg (DRC)","VV Oper","VW Oper","DRC Oper","VV_DRC Oper","WP Oper","WV Oper",kWDesired,"kW VW Limit","Limit kWOut Function","kVA Exceeded","Grid voltage",di/dt,it,"it History","Rated VDC","Avg duty cycle","Target (Amps)","Series L","Max. Amps (phase)"
1, 0.00000, 5.83362, 1, 0.782941, 0, 1.54771, 0.782941, 0.0412074, 0, 0, 0.0412074, -3.50017, 1, 1, 9999, 9999, 9999, 9999, 9999, 9999, 9999, 9999, 0.782889, 9999, 2.3335, 0, 0, 0, 0, 0, 8000, 0, 0, 0, 0
2, 0.00000, 5.00948, 1, 0.757524, 0, 1.5478, 0.757524, 0.0398697, 0, 0, 0.0398697, -0.824149, 1, 1, 9999, 9999, 9999, 9999, 9999, 9999, 9999, 9999, 0.757524, 9999, 2.3335, 0, 0, 0, 0, 0, 8000, 0, 0, 0, 0
3, 0.00000, 4.21208, 1, 0.707284, 0, 1.5478, 0.707284, 0.0372255, 0, 0, 0.0372255, -0.797394, 1, 1, 9999, 9999, 9999, 9999, 9999, 9999, 9999, 9999, 0.707284, 9999, 2.3335, 0, 0, 0, 0, 0, 8000, 0, 0, 0, 0
4, 0.00000, 3.46757, 1, 0.634175, 0, 1.5478, 0.634175, 0.0333776, 0, 0, 0.0333776, -0.744509, 1, 1, 9999, 9999, 9999, 9999, 9999, 9999, 9999, 9999, 0.634175, 9999, 2.3335, 0, 0, 0, 0, 0, 8000, 0, 0, 0, 0
