hour,t(sec),kWh,State,kWOut,kWIn,kvarOut,DCkW,kWTotalLosses,kWInvLosses,kWIdlingLosses,kWChDchLosses,"kWh Chng",InvEff,InverterON,Vref,"Vavg (DRC)","VV Oper","VW Oper","DRC Oper","VV_DRC Oper","WP Oper","WV Oper",kWDesired,"kW VW Limit","Limit kWOut Function","kVA Exceeded","Grid voltage",di/dt,it,"it History","Rated VDC","Avg duty cycle","Target (Amps)","Series L","Max. Amps (phase)"
1, 0.00000, 11.6637, 1, 1.82911, 0, 3.09469, 1.82911, 0.096269, 0, 0, 0.096269, -6.99825, 1, 1, 9999, 9999, 9999, 9999, 9999, 9999, 9999, 9999, 1.82911, 9999, 4.6655, 0, 0, 0, 0, 0, 8000, 0, 0, 0, 0
2, 0.00000, 9.73837, 1, 1.58954, 0, 3.09469, 1.58954, 0.0836599, 0, 0, 0.0836599, -1.92538, 1, 1, 9999, 9999, 9999, 9999, 9999, 9999, 9999, 9999, 1.58954, 9999, 4.6655, 0, 0, 0, 0, 0, 8000, 0, 0, 0, 0
3, 0.00000, 8.06517, 1, 1.32463, 0, 3.09469, 1.32463, 0.0697175, 0, 0, 0.0697175, -1.6732, 1, 1, 9999, 9999, 9999, 9999, 9999, 9999, 9999, 9999, 1.32463, 9999, 4.6655, 0, 0, 0, 0, 0, 8000, 0, 0, 0, 0
4, 0.00000, 6.67082, 1, 1.01864, 0, 3.09466, 1.01864, 0.0536129, 0, 0, 0.0536129, -1.39435, 1, 1, 9999, 9999, 9999, 9999, 9999, 9999, 9999, 9999, 1.01862, 9999, 4.6655, 0, 0, 0, 0, 0, 8000, 0, 0, 0, 0
