hour,t(sec),kWh,State,kWOut,kWIn,kvarOut,DCkW,kWTotalLosses,kWInvLosses,kWIdlingLosses,kWChDchLosses,"kWh Chng",InvEff,InverterON,Vref,"Vavg (DRC)","VV Oper","VW Oper","DRC Oper","VV_DRC Oper","WP Oper","WV Oper",kWDesired,"kW VW Limit","Limit kWOut Function","kVA Exceeded","Grid voltage",di/dt,it,"it History","Rated VDC","Avg duty cycle","Target (Amps)","Series L","Max. Amps (phase)"
1, 0.00000, 11.6637, 1, 2.13443, 0, -3.09495, 2.13443, 0.112338, 0, 0, 0.112338, -6.99825, 1, 1, 9999, 9999, 9999, 9999, 9999, 9999, 9999, 9999, 2.13517, 9999, 4.6655, 0, 0, 0, 0, 0, 8000, 0, 0, 0, 0
2, 0.00000, 9.41698, 1, 1.22624, 0, -3.09472, 1.22624, 0.0645391, 0, 0, 0.0645391, -2.24677, 1, 1, 9999, 9999, 9999, 9999, 9999, 9999, 9999, 9999, 1.22633, 9999, 4.6655, 0, 0, 0, 0, 0, 8000, 0, 0, 0, 0
3, 0.00000, 8.1262, 1, 0.938505, 0, -3.0947, 0.938505, 0.049395, 0, 0, 0.049395, -1.29078, 1, 1, 9999, 9999, 9999, 9999, 9999, 9999, 9999, 9999, 0.938512, 9999, 4.6655, 0, 0, 0, 0, 0, 8000, 0, 0, 0, 0
4, 0.00000, 7.1383, 1, 0.633982, 0, -3.0947, 0.633982, 0.0333675, 0, 0, 0.0333675, -0.9879, 1, 1, 9999, 9999, 9999, 9999, 9999, 9999, 9999, 9999, 0.633995, 9999, 4.6655, 0, 0, 0, 0, 0, 8000, 0, 0, 0, 0
5, 0.00000, 6.47095, 1, 0.382606, 0, -3.09473, 0.382606, 0.0201371, 0, 0, 0.0201371, -0.667349, 1, 1, 9999, 9999, 9999, 9999, 9999, 9999, 9999, 9999, 0.38252, 9999, 4.6655, 0, 0, 0, 0, 0, 8000, 0, 0, 0, 0
6, 0.00000, 6.06821, 1, 0.445293, 0, -3.09466, 0.445293, 0.0234364, 0, 0, 0.0234364, -0.402743, 1, 1, 9999, 9999, 9999, 9999, 9999, 9999, 9999, 9999, 0.445378, 9999, 4.6655, 0, 0, 0, 0, 0, 8000, 0, 0, 0, 0
