hour,t(sec),kWh,State,kWOut,kWIn,kvarOut,DCkW,kWTotalLosses,kWInvLosses,kWIdlingLosses,kWChDchLosses,"kWh Chng",InvEff,InverterON,Vref,"Vavg (DRC)","VV Oper","VW Oper","DRC Oper","VV_DRC Oper","WP Oper","WV Oper",kWDesired,"kW VW Limit","Limit kWOut Function","kVA Exceeded","Grid voltage",di/dt,it,"it History","Rated VDC","Avg duty cycle","Target (Amps)","Series L","Max. Amps (phase)"
1, 0.00000, 11.6637, 1, 1.91728, 0, -3.0947, 1.91728, 0.10091, 0, 0, 0.10091, -6.99825, 1, 1, 9999, 9999, 9999, 9999, 9999, 9999, 9999, 9999, 1.91733, 9999, 4.6655, 0, 0, 0, 0, 0, 8000, 0, 0, 0, 0
2, 0.00000, 9.64556, 1, 1.92051, 0, -3.0947, 1.92051, 0.101079, 0, 0, 0.101079, -2.01819, 1, 1, 9999, 9999, 9999, 9999, 9999, 9999, 9999, 9999, 1.92051, 9999, 4.6655, 0, 0, 0, 0, 0, 8000, 0, 0, 0, 0
3, 0.00000, 7.62397, 1, 1.92405, 0, -3.0947, 1.92405, 0.101266, 0, 0, 0.101266, -2.02158, 1, 1, 9999, 9999, 9999, 9999, 9999, 9999, 9999, 9999, 1.92405, 9999, 4.6655, 0, 0, 0, 0, 0, 8000, 0, 0, 0, 0
