hour,t(sec),kWh,State,kWOut,kWIn,kvarOut,DCkW,kWTotalLosses,kWInvLosses,kWIdlingLosses,kWChDchLosses,"kWh Chng",InvEff,InverterON,Vref,"Vavg (DRC)","VV Oper","VW Oper","DRC Oper","VV_DRC Oper","WP Oper","WV Oper",kWDesired,"kW VW Limit","Limit kWOut Function","kVA Exceeded","Grid voltage",di/dt,it,"it History","Rated VDC","Avg duty cycle","Target (Amps)","Series L","Max. Amps (phase)"
1, 0.00000, 11.6637, 1, 0.893849, 0, 3.09439, 0.893849, 0.0470447, 0, 0, 0.0470447, -6.99825, 1, 1, 9999, 9999, 9999, 9999, 9999, 9999, 9999, 9999, 0.89363, 9999, 4.6655, 0, 0, 0, 0, 0, 8000, 0, 0, 0, 0
2, 0.00000, 10.7229, 1, 1.31215, 0, 3.09467, 1.31215, 0.0690604, 0, 0, 0.0690604, -0.940894, 1, 1, 9999, 9999, 9999, 9999, 9999, 9999, 9999, 9999, 1.31213, 9999, 4.6655, 0, 0, 0, 0, 0, 8000, 0, 0, 0, 0
3, 0.00000, 9.34165, 1, 1.49595, 0, 3.09469, 1.49595, 0.0787341, 0, 0, 0.0787341, -1.38121, 1, 1, 9999, 9999, 9999, 9999, 9999, 9999, 9999, 9999, 1.49595, 9999, 4.6655, 0, 0, 0, 0, 0, 8000, 0, 0, 0, 0
4, 0.00000, 7.76697, 1, 1.61958, 0, 3.09469, 1.61958, 0.0852413, 0, 0, 0.0852413, -1.57468, 1, 1, 9999, 9999, 9999, 9999, 9999, 9999, 9999, 9999, 1.61958, 9999, 4.6655, 0, 0, 0, 0, 0, 8000, 0, 0, 0, 0
5, 0.00000, 6.06214, 1, 0.0167237, 0, 3.09477, 0.0167237, 0.000880193, 0, 0, 0.000880193, -1.70483, 1, 1, 9999, 9999, 9999, 9999, 9999, 9999, 9999, 9999, 0.0167841, 9999, 4.6655, 0, 0, 0, 0, 0, 8000, 0, 0, 0, 0
6, 0.00000, 6.04454, 1, 0.423896, 0, 3.09462, 0.423896, 0.0223103, 0, 0, 0.0223103, -0.0176039, 1, 1, 9999, 9999, 9999, 9999, 9999, 9999, 9999, 9999, 0.423851, 9999, 4.6655, 0, 0, 0, 0, 0, 8000, 0, 0, 0, 0
