hour,t(sec),kWh,State,kWOut,kWIn,kvarOut,DCkW,kWTotalLosses,kWInvLosses,kWIdlingLosses,kWChDchLosses,"kWh Chng",InvEff,InverterON,Vref,"Vavg (DRC)","VV Oper","VW Oper","DRC Oper","VV_DRC Oper","WP Oper","WV Oper",kWDesired,"kW VW Limit","Limit kWOut Function","kVA Exceeded","Grid voltage",di/dt,it,"it History","Rated VDC","Avg duty cycle","Target (Amps)","Series L","Max. Amps (phase)"
1, 0.00000, 40.8363, 1, 6.09409, 0, 10.835, 6.09409, 0.320742, 0, 0, 0.320742, -24.5018, 1, 1, 9999, 9999, 9999, 9999, 9999, 9999, 9999, 9999, 6.09408, 9999, 16.3345, 0, 0, 0, 0, 0, 8000, 0, 0, 0, 0
2, 0.00000, 34.4214, 1, 3.93358, 0, 10.835, 3.93358, 0.20703, 0, 0, 0.20703, -6.41483, 1, 1, 9999, 9999, 9999, 9999, 9999, 9999, 9999, 9999, 3.93351, 9999, 16.3345, 0, 0, 0, 0, 0, 8000, 0, 0, 0, 0
3, 0.00000, 30.2808, 1, 3.25728, 0, 10.8351, 3.25728, 0.171436, 0, 0, 0.171436, -4.14061, 1, 1, 9999, 9999, 9999, 9999, 9999, 9999, 9999, 9999, 3.25726, 9999, 16.3345, 0, 0, 0, 0, 0, 8000, 0, 0, 0, 0
4, 0.00000, 26.8521, 1, 2.4881, 0, 10.8351, 2.4881, 0.130953, 0, 0, 0.130953, -3.42871, 1, 1, 9999, 9999, 9999, 9999, 9999, 9999, 9999, 9999, 2.48807, 9999, 16.3345, 0, 0, 0, 0, 0, 8000, 0, 0, 0, 0
5, 0.00000, 24.233, 1, 1.14585, 0, 10.8355, 1.14585, 0.0603078, 0, 0, 0.0603078, -2.61905, 1, 1, 9999, 9999, 9999, 9999, 9999, 9999, 9999, 9999, 1.14627, 9999, 16.3345, 0, 0, 0, 0, 0, 8000, 0, 0, 0, 0
