hour,t(sec),kWh,State,kWOut,kWIn,kvarOut,DCkW,kWTotalLosses,kWInvLosses,kWIdlingLosses,kWChDchLosses,"kWh Chng",InvEff,InverterON,Vref,"Vavg (DRC)","VV Oper","VW Oper","DRC Oper","VV_DRC Oper","WP Oper","WV Oper",kWDesired,"kW VW Limit","Limit kWOut Function","kVA Exceeded","Grid voltage",di/dt,it,"it History","Rated VDC","Avg duty cycle","Target (Amps)","Series L","Max. Amps (phase)"
1, 0.00000, 11.6637, 1, 1.50311, 0, -3.09469, 1.50311, 0.0791109, 0, 0, 0.0791109, -6.99825, 1, 1, 9999, 9999, 9999, 9999, 9999, 9999, 9999, 9999, 1.50313, 9999, 4.6655, 0, 0, 0, 0, 0, 8000, 0, 0, 0, 0
2, 0.00000, 10.0815, 1, 0.577711, 0, -3.09471, 0.577711, 0.0304059, 0, 0, 0.0304059, -1.58222, 1, 1, 9999, 9999, 9999, 9999, 9999, 9999, 9999, 9999, 0.577496, 9999, 4.6655, 0, 0, 0, 0, 0, 8000, 0, 0, 0, 0
3, 0.00000, 9.47342, 1, 0.236981, 0, -3.09472, 0.236981, 0.0124727, 0, 0, 0.0124727, -0.608117, 1, 1, 9999, 9999, 9999, 9999, 9999, 9999, 9999, 9999, 0.236755, 9999, 4.6655, 0, 0, 0, 0, 0, 8000, 0, 0, 0, 0
4, 0.00000, 9.22396, -1, 0, 0.000271403, -3.09475, -0.000271403, 0.0000135701, 0, 0, 0.0000135701, -0.249454, 1, 1, 9999, 9999, 9999, 9999, 9999, 9999, 9999, 9999, -1.90376E-19, 9999, 4.6655, 0, 0, 0, 0, 0, 8000, 0, 0, 0, 0
5, 0.00000, 9.22422, 0, 0, 0.000291164, -3.09479, -0.000291164, 0.000291164, 0, 0.000291164, 0, 0.000257833, 1, 1, 9999, 9999, 9999, 9999, 9999, 9999, 9999, 9999, 0, 9999, 4.6655, 0, 0, 0, 0, 0, 8000, 0, 0, 0, 0
