hour,t(sec),kWh,State,kWOut,kWIn,kvarOut,DCkW,kWTotalLosses,kWInvLosses,kWIdlingLosses,kWChDchLosses,"kWh Chng",InvEff,InverterON,Vref,"Vavg (DRC)","VV Oper","VW Oper","DRC Oper","VV_DRC Oper","WP Oper","WV Oper",kWDesired,"kW VW Limit","Limit kWOut Function","kVA Exceeded","Grid voltage",di/dt,it,"it History","Rated VDC","Avg duty cycle","Target (Amps)","Series L","Max. Amps (phase)"
1, 0.00000, 61.25, 1, 4.58766, 0, 16.2514, 4.58766, 0.241456, 0, 0, 0.241456, -36.75, 1, 1, 9999, 9999, 9999, 9999, 9999, 9999, 9999, 9999, 4.58763, 9999, 24.5, 0, 0, 0, 0, 0, 8000, 0, 0, 0, 0
2, 0.00000, 56.4209, 1, 3.54859, 0, 16.2515, 3.54859, 0.186768, 0, 0, 0.186768, -4.82911, 1, 1, 9999, 9999, 9999, 9999, 9999, 9999, 9999, 9999, 3.54858, 9999, 24.5, 0, 0, 0, 0, 0, 8000, 0, 0, 0, 0
3, 0.00000, 52.6855, 1, 2.41808, 0, 16.2515, 2.41808, 0.127267, 0, 0, 0.127267, -3.73536, 1, 1, 9999, 9999, 9999, 9999, 9999, 9999, 9999, 9999, 2.41805, 9999, 24.5, 0, 0, 0, 0, 0, 8000, 0, 0, 0, 0
4, 0.00000, 50.1402, 1, 0.636417, 0, 16.2513, 0.636417, 0.0334956, 0, 0, 0.0334956, -2.54535, 1, 1, 9999, 9999, 9999, 9999, 9999, 9999, 9999, 9999, 0.636216, 9999, 24.5, 0, 0, 0, 0, 0, 8000, 0, 0, 0, 0
