hour,t(sec),kWh,State,kWOut,kWIn,kvarOut,DCkW,kWTotalLosses,kWInvLosses,kWIdlingLosses,kWChDchLosses,"kWh Chng",InvEff,InverterON,Vref,"Vavg (DRC)","VV Oper","VW Oper","DRC Oper","VV_DRC Oper","WP Oper","WV Oper",kWDesired,"kW VW Limit","Limit kWOut Function","kVA Exceeded","Grid voltage",di/dt,it,"it History","Rated VDC","Avg duty cycle","Target (Amps)","Series L","Max. Amps (phase)"
1, 0.00000, 11.6637, 1, 2.22439, 0, -3.0947, 2.22439, 0.117073, 0, 0, 0.117073, -6.99825, 1, 1, 9999, 9999, 9999, 9999, 9999, 9999, 9999, 9999, 2.22442, 9999, 4.6655, 0, 0, 0, 0, 0, 8000, 0, 0, 0, 0
2, 0.00000, 9.32228, 1, 1.31424, 0, -3.0947, 1.31424, 0.0691704, 0, 0, 0.0691704, -2.34147, 1, 1, 9999, 9999, 9999, 9999, 9999, 9999, 9999, 9999, 1.31427, 9999, 4.6655, 0, 0, 0, 0, 0, 8000, 0, 0, 0, 0
3, 0.00000, 7.93887, 1, 1.02696, 0, -3.0947, 1.02696, 0.0540507, 0, 0, 0.0540507, -1.38341, 1, 1, 9999, 9999, 9999, 9999, 9999, 9999, 9999, 9999, 1.02697, 9999, 4.6655, 0, 0, 0, 0, 0, 8000, 0, 0, 0, 0
4, 0.00000, 6.85786, 1, 0.723933, 0, -3.0947, 0.723933, 0.0381017, 0, 0, 0.0381017, -1.08101, 1, 1, 9999, 9999, 9999, 9999, 9999, 9999, 9999, 9999, 0.723946, 9999, 4.6655, 0, 0, 0, 0, 0, 8000, 0, 0, 0, 0
5, 0.00000, 6.09583, 1, 0.472457, 0, -3.09475, 0.472457, 0.0248661, 0, 0, 0.0248661, -0.762034, 1, 1, 9999, 9999, 9999, 9999, 9999, 9999, 9999, 9999, 0.472289, 9999, 4.6655, 0, 0, 0, 0, 0, 8000, 0, 0, 0, 0
