hour,t(sec),kWh,State,kWOut,kWIn,kvarOut,DCkW,kWTotalLosses,kWInvLosses,kWIdlingLosses,kWChDchLosses,"kWh Chng",InvEff,InverterON,Vref,"Vavg (DRC)","VV Oper","VW Oper","DRC Oper","VV_DRC Oper","WP Oper","WV Oper",kWDesired,"kW VW Limit","Limit kWOut Function","kVA Exceeded","Grid voltage",di/dt,it,"it History","Rated VDC","Avg duty cycle","Target (Amps)","Series L","Max. Amps (phase)"
1, 0.00000, 11.6637, 1, 0.290926, 0, 3.09469, 0.290926, 0.0153119, 0, 0, 0.0153119, -6.99825, 1, 1, 9999, 9999, 9999, 9999, 9999, 9999, 9999, 9999, 0.290917, 9999, 4.6655, 0, 0, 0, 0, 0, 8000, 0, 0, 0, 0
2, 0.00000, 11.3575, 1, 0.14547, 0, 3.09476, 0.14547, 0.00765633, 0, 0, 0.00765633, -0.306237, 1, 1, 9999, 9999, 9999, 9999, 9999, 9999, 9999, 9999, 0.145545, 9999, 4.6655, 0, 0, 0, 0, 0, 8000, 0, 0, 0, 0
3, 0.00000, 11.2044, 1, 0.116655, 0, 3.09476, 0.116655, 0.00613975, 0, 0, 0.00613975, -0.153127, 1, 1, 9999, 9999, 9999, 9999, 9999, 9999, 9999, 9999, 0.116735, 9999, 4.6655, 0, 0, 0, 0, 0, 8000, 0, 0, 0, 0
4, 0.00000, 11.0816, 1, 0.0000989563, 0, 3.09476, 0.0000989563, 5.20823E-6, 0, 0, 5.20823E-6, -0.122795, 1, 1, 9999, 9999, 9999, 9999, 9999, 9999, 9999, 9999, 1.94635E-20, 9999, 4.6655, 0, 0, 0, 0, 0, 8000, 0, 0, 0, 0
5, 0.00000, 11.0815, -1, 0, 0.000151994, 3.09483, -0.000151994, 7.59968E-6, 0, 0, 7.59968E-6, -0.000104165, 1, 1, 9999, 9999, 9999, 9999, 9999, 9999, 9999, 9999, -6.5373E-19, 9999, 4.6655, 0, 0, 0, 0, 0, 8000, 0, 0, 0, 0
