hour,t(sec),kWh,State,kWOut,kWIn,kvarOut,DCkW,kWTotalLosses,kWInvLosses,kWIdlingLosses,kWChDchLosses,"kWh Chng",InvEff,InverterON,Vref,"Vavg (DRC)","VV Oper","VW Oper","DRC Oper","VV_DRC Oper","WP Oper","WV Oper",kWDesired,"kW VW Limit","Limit kWOut Function","kVA Exceeded","Grid voltage",di/dt,it,"it History","Rated VDC","Avg duty cycle","Target (Amps)","Series L","Max. Amps (phase)"
1, 0.00000, 11.6637, 1, 2.01037, 0, 3.09467, 2.01037, 0.105809, 0, 0, 0.105809, -6.99825, 1, 1, 9999, 9999, 9999, 9999, 9999, 9999, 9999, 9999, 2.01036, 9999, 4.6655, 0, 0, 0, 0, 0, 8000, 0, 0, 0, 0
2, 0.00000, 9.54757, 1, 1.97061, 0, 3.0947, 1.97061, 0.103717, 0, 0, 0.103717, -2.11618, 1, 1, 9999, 9999, 9999, 9999, 9999, 9999, 9999, 9999, 1.97061, 9999, 4.6655, 0, 0, 0, 0, 0, 8000, 0, 0, 0, 0
3, 0.00000, 7.47324, 1, 1.78087, 0, 3.0947, 1.78087, 0.0937299, 0, 0, 0.0937299, -2.07433, 1, 1, 9999, 9999, 9999, 9999, 9999, 9999, 9999, 9999, 1.78087, 9999, 4.6655, 0, 0, 0, 0, 0, 8000, 0, 0, 0, 0
