hour,t(sec),kWh,State,kWOut,kWIn,kvarOut,DCkW,kWTotalLosses,kWInvLosses,kWIdlingLosses,kWChDchLosses,"kWh Chng",InvEff,InverterON,Vref,"Vavg (DRC)","VV Oper","VW Oper","DRC Oper","VV_DRC Oper","WP Oper","WV Oper",kWDesired,"kW VW Limit","Limit kWOut Function","kVA Exceeded","Grid voltage",di/dt,it,"it History","Rated VDC","Avg duty cycle","Target (Amps)","Series L","Max. Amps (phase)"
1, 0.00000, 5.83362, 1, 1.04994, 0, 1.54778, 1.04994, 0.0552598, 0, 0, 0.0552598, -3.50017, 1, 1, 9999, 9999, 9999, 9999, 9999, 9999, 9999, 9999, 1.04993, 9999, 2.3335, 0, 0, 0, 0, 0, 8000, 0, 0, 0, 0
2, 0.00000, 4.72843, 1, 0.952675, 0, 1.5478, 0.952675, 0.0501408, 0, 0, 0.0501408, -1.1052, 1, 1, 9999, 9999, 9999, 9999, 9999, 9999, 9999, 9999, 0.952675, 9999, 2.3335, 0, 0, 0, 0, 0, 8000, 0, 0, 0, 0
3, 0.00000, 3.72561, 1, 0.879263, 0, 1.5478, 0.879263, 0.046277, 0, 0, 0.046277, -1.00282, 1, 1, 9999, 9999, 9999, 9999, 9999, 9999, 9999, 9999, 0.879263, 9999, 2.3335, 0, 0, 0, 0, 0, 8000, 0, 0, 0, 0
