hour,t(sec),kWh,State,kWOut,kWIn,kvarOut,DCkW,kWTotalLosses,kWInvLosses,kWIdlingLosses,kWChDchLosses,"kWh Chng",InvEff,InverterON,Vref,"Vavg (DRC)","VV Oper","VW Oper","DRC Oper","VV_DRC Oper","WP Oper","WV Oper",kWDesired,"kW VW Limit","Limit kWOut Function","kVA Exceeded","Grid voltage",di/dt,it,"it History","Rated VDC","Avg duty cycle","Target (Amps)","Series L","Max. Amps (phase)"
1, 0.00000, 5.83362, 1, 0.958556, 0, 1.5478, 0.958556, 0.0504503, 0, 0, 0.0504503, -3.50017, 1, 1, 9999, 9999, 9999, 9999, 9999, 9999, 9999, 9999, 0.958555, 9999, 2.3335, 0, 0, 0, 0, 0, 8000, 0, 0, 0, 0
2, 0.00000, 4.82462, 1, 0.960469, 0, 1.5478, 0.960469, 0.050551, 0, 0, 0.050551, -1.00901, 1, 1, 9999, 9999, 9999, 9999, 9999, 9999, 9999, 9999, 0.960469, 9999, 2.3335, 0, 0, 0, 0, 0, 8000, 0, 0, 0, 0
3, 0.00000, 3.8136, 1, 0.962849, 0, 1.5478, 0.962849, 0.0506763, 0, 0, 0.0506763, -1.01102, 1, 1, 9999, 9999, 9999, 9999, 9999, 9999, 9999, 9999, 0.962849, 9999, 2.3335, 0, 0, 0, 0, 0, 8000, 0, 0, 0, 0
