hour,t(sec),kWh,State,kWOut,kWIn,kvarOut,DCkW,kWTotalLosses,kWInvLosses,kWIdlingLosses,kWChDchLosses,"kWh Chng",InvEff,InverterON,Vref,"Vavg (DRC)","VV Oper","VW Oper","DRC Oper","VV_DRC Oper","WP Oper","WV Oper",kWDesired,"kW VW Limit","Limit kWOut Function","kVA Exceeded","Grid voltage",di/dt,it,"it History","Rated VDC","Avg duty cycle","Target (Amps)","Series L","Max. Amps (phase)"
1, 0.00000, 5.83362, -1, 0, 0.000318094, -1.54771, -0.000318094, 0.0000159047, 0, 0, 0.0000159047, -3.50017, 1, 1, 9999, 9999, 9999, 9999, 9999, 9999, 9999, 9999, -1.65517E-19, 9999, 2.3335, 0, 0, 0, 0, 0, 8000, 0, 0, 0, 0
2, 0.00000, 5.83393, 1, 0.489829, 0, -1.54781, 0.489829, 0.0257805, 0, 0, 0.0257805, 0.00030219, 1, 1, 9999, 9999, 9999, 9999, 9999, 9999, 9999, 9999, 0.489872, 9999, 2.3335, 0, 0, 0, 0, 0, 8000, 0, 0, 0, 0
3, 0.00000, 5.31832, 1, 0.756867, 0, -1.5478, 0.756867, 0.0398351, 0, 0, 0.0398351, -0.515609, 1, 1, 9999, 9999, 9999, 9999, 9999, 9999, 9999, 9999, 0.756871, 9999, 2.3335, 0, 0, 0, 0, 0, 8000, 0, 0, 0, 0
4, 0.00000, 4.52162, 1, 0.983796, 0, -1.5478, 0.983796, 0.0517787, 0, 0, 0.0517787, -0.796702, 1, 1, 9999, 9999, 9999, 9999, 9999, 9999, 9999, 9999, 0.983804, 9999, 2.3335, 0, 0, 0, 0, 0, 8000, 0, 0, 0, 0
5, 0.00000, 3.48604, 1, 0.287089, 0, -1.54781, 0.287089, 0.01511, 0, 0, 0.01511, -1.03557, 1, 1, 9999, 9999, 9999, 9999, 9999, 9999, 9999, 9999, 0.287044, 9999, 2.3335, 0, 0, 0, 0, 0, 8000, 0, 0, 0, 0
6, 0.00000, 3.18384, 1, 0.36419, 0, -1.54779, 0.36419, 0.0191679, 0, 0, 0.0191679, -0.302199, 1, 1, 9999, 9999, 9999, 9999, 9999, 9999, 9999, 9999, 0.364236, 9999, 2.3335, 0, 0, 0, 0, 0, 8000, 0, 0, 0, 0
