hour,t(sec),kWh,State,kWOut,kWIn,kvarOut,DCkW,kWTotalLosses,kWInvLosses,kWIdlingLosses,kWChDchLosses,"kWh Chng",InvEff,InverterON,Vref,"Vavg (DRC)","VV Oper","VW Oper","DRC Oper","VV_DRC Oper","WP Oper","WV Oper",kWDesired,"kW VW Limit","Limit kWOut Function","kVA Exceeded","Grid voltage",di/dt,it,"it History","Rated VDC","Avg duty cycle","Target (Amps)","Series L","Max. Amps (phase)"
1, 0.00000, 5.83362, 1, 0.86916, 0, 1.54779, 0.86916, 0.0457453, 0, 0, 0.0457453, -3.50017, 1, 1, 9999, 9999, 9999, 9999, 9999, 9999, 9999, 9999, 0.869159, 9999, 2.3335, 0, 0, 0, 0, 0, 8000, 0, 0, 0, 0
2, 0.00000, 4.91872, 1, 0.804755, 0, 1.5478, 0.804755, 0.0423555, 0, 0, 0.0423555, -0.914905, 1, 1, 9999, 9999, 9999, 9999, 9999, 9999, 9999, 9999, 0.804754, 9999, 2.3335, 0, 0, 0, 0, 0, 8000, 0, 0, 0, 0
3, 0.00000, 4.07161, 1, 0.72278, 0, 1.5478, 0.72278, 0.038041, 0, 0, 0.038041, -0.84711, 1, 1, 9999, 9999, 9999, 9999, 9999, 9999, 9999, 9999, 0.722778, 9999, 2.3335, 0, 0, 0, 0, 0, 8000, 0, 0, 0, 0
4, 0.00000, 3.31079, 1, 0.485218, 0, 1.54778, 0.485218, 0.0255378, 0, 0, 0.0255378, -0.760821, 1, 1, 9999, 9999, 9999, 9999, 9999, 9999, 9999, 9999, 0.485205, 9999, 2.3335, 0, 0, 0, 0, 0, 8000, 0, 0, 0, 0
