hour,t(sec),kWh,State,kWOut,kWIn,kvarOut,DCkW,kWTotalLosses,kWInvLosses,kWIdlingLosses,kWChDchLosses,"kWh Chng",InvEff,InverterON,Vref,"Vavg (DRC)","VV Oper","VW Oper","DRC Oper","VV_DRC Oper","WP Oper","WV Oper",kWDesired,"kW VW Limit","Limit kWOut Function","kVA Exceeded","Grid voltage",di/dt,it,"it History","Rated VDC","Avg duty cycle","Target (Amps)","Series L","Max. Amps (phase)"
1, 0.00000, 5.83362, 1, 0.614703, 0, -1.54779, 0.614703, 0.0323528, 0, 0, 0.0323528, -3.50017, 1, 1, 9999, 9999, 9999, 9999, 9999, 9999, 9999, 9999, 0.614714, 9999, 2.3335, 0, 0, 0, 0, 0, 8000, 0, 0, 0, 0
2, 0.00000, 5.18657, 1, 0.311826, 0, -1.54782, 0.311826, 0.0164119, 0, 0, 0.0164119, -0.647056, 1, 1, 9999, 9999, 9999, 9999, 9999, 9999, 9999, 9999, 0.311732, 9999, 2.3335, 0, 0, 0, 0, 0, 8000, 0, 0, 0, 0
3, 0.00000, 4.85833, 1, 0.212318, 0, -1.54782, 0.212318, 0.0111746, 0, 0, 0.0111746, -0.328238, 1, 1, 9999, 9999, 9999, 9999, 9999, 9999, 9999, 9999, 0.21222, 9999, 2.3335, 0, 0, 0, 0, 0, 8000, 0, 0, 0, 0
4, 0.00000, 4.63484, 1, 0.000114304, 0, -1.54784, 0.000114304, 6.01598E-6, 0, 0, 6.01598E-6, -0.223493, 1, 1, 9999, 9999, 9999, 9999, 9999, 9999, 9999, 9999, 2.26793E-19, 9999, 2.3335, 0, 0, 0, 0, 0, 8000, 0, 0, 0, 0
5, 0.00000, 4.63472, 0, 0, 0.000128138, -1.54786, -0.000128138, 0.000128138, 0, 0.000128138, 0, -0.00012032, 1, 1, 9999, 9999, 9999, 9999, 9999, 9999, 9999, 9999, 0, 9999, 2.3335, 0, 0, 0, 0, 0, 8000, 0, 0, 0, 0
