hour,t(sec),kWh,State,kWOut,kWIn,kvarOut,DCkW,kWTotalLosses,kWInvLosses,kWIdlingLosses,kWChDchLosses,"kWh Chng",InvEff,InverterON,Vref,"Vavg (DRC)","VV Oper","VW Oper","DRC Oper","VV_DRC Oper","WP Oper","WV Oper",kWDesired,"kW VW Limit","Limit kWOut Function","kVA Exceeded","Grid voltage",di/dt,it,"it History","Rated VDC","Avg duty cycle","Target (Amps)","Series L","Max. Amps (phase)"
1, 0.00000, 11.6637, 1, 1.00971, 0, 3.09469, 1.00971, 0.0531428, 0, 0, 0.0531428, -6.99825, 1, 1, 9999, 9999, 9999, 9999, 9999, 9999, 9999, 9999, 1.00971, 9999, 4.6655, 0, 0, 0, 0, 0, 8000, 0, 0, 0, 0
2, 0.00000, 10.6009, 1, 1.40955, 0, 3.09469, 1.40955, 0.0741868, 0, 0, 0.0741868, -1.06286, 1, 1, 9999, 9999, 9999, 9999, 9999, 9999, 9999, 9999, 1.40954, 9999, 4.6655, 0, 0, 0, 0, 0, 8000, 0, 0, 0, 0
3, 0.00000, 9.11716, 1, 1.58221, 0, 3.09469, 1.58221, 0.0832743, 0, 0, 0.0832743, -1.48374, 1, 1, 9999, 9999, 9999, 9999, 9999, 9999, 9999, 9999, 1.58221, 9999, 4.6655, 0, 0, 0, 0, 0, 8000, 0, 0, 0, 0
4, 0.00000, 7.45167, 1, 1.71733, 0, 3.09469, 1.71733, 0.0903856, 0, 0, 0.0903856, -1.66549, 1, 1, 9999, 9999, 9999, 9999, 9999, 9999, 9999, 9999, 1.71732, 9999, 4.6655, 0, 0, 0, 0, 0, 8000, 0, 0, 0, 0
5, 0.00000, 5.64396, 1, 0.0429851, 0, 3.09482, 0.0429851, 0.00226237, 0, 0, 0.00226237, -1.80771, 1, 1, 9999, 9999, 9999, 9999, 9999, 9999, 9999, 9999, 0.0431097, 9999, 4.6655, 0, 0, 0, 0, 0, 8000, 0, 0, 0, 0
