hour,t(sec),kWh,State,kWOut,kWIn,kvarOut,DCkW,kWTotalLosses,kWInvLosses,kWIdlingLosses,kWChDchLosses,"kWh Chng",InvEff,InverterON,Vref,"Vavg (DRC)","VV Oper","VW Oper","DRC Oper","VV_DRC Oper","WP Oper","WV Oper",kWDesired,"kW VW Limit","Limit kWOut Function","kVA Exceeded","Grid voltage",di/dt,it,"it History","Rated VDC","Avg duty cycle","Target (Amps)","Series L","Max. Amps (phase)"
1, 0.00000, 11.6637, 0, 0, 0.000598431, -3.0945, -0.000598431, 0.000598431, 0, 0.000598431, 0, -6.99825, 1, 1, 9999, 9999, 9999, 9999, 9999, 9999, 9999, 9999, 0, 9999, 4.6655, 0, 0, 0, 0, 0, 8000, 0, 0, 0, 0
2, 0.00000, 11.6637, 1, 1.11549, 0, -3.09471, 1.11549, 0.0587098, 0, 0, 0.0587098, 0, 1, 1, 9999, 9999, 9999, 9999, 9999, 9999, 9999, 9999, 1.11557, 9999, 4.6655, 0, 0, 0, 0, 0, 8000, 0, 0, 0, 0
3, 0.00000, 10.4896, 1, 1.52034, 0, -3.0947, 1.52034, 0.0800178, 0, 0, 0.0800178, -1.1742, 1, 1, 9999, 9999, 9999, 9999, 9999, 9999, 9999, 9999, 1.52035, 9999, 4.6655, 0, 0, 0, 0, 0, 8000, 0, 0, 0, 0
4, 0.00000, 8.8892, 1, 1.83857, 0, -3.0947, 1.83857, 0.0967666, 0, 0, 0.0967666, -1.60036, 1, 1, 9999, 9999, 9999, 9999, 9999, 9999, 9999, 9999, 1.83858, 9999, 4.6655, 0, 0, 0, 0, 0, 8000, 0, 0, 0, 0
5, 0.00000, 6.95387, 1, 0.583835, 0, -3.09473, 0.583835, 0.0307281, 0, 0, 0.0307281, -1.93533, 1, 1, 9999, 9999, 9999, 9999, 9999, 9999, 9999, 9999, 0.583747, 9999, 4.6655, 0, 0, 0, 0, 0, 8000, 0, 0, 0, 0
6, 0.00000, 6.3393, 1, 0.703562, 0, -3.09467, 0.703562, 0.0370296, 0, 0, 0.0370296, -0.614563, 1, 1, 9999, 9999, 9999, 9999, 9999, 9999, 9999, 9999, 0.703651, 9999, 4.6655, 0, 0, 0, 0, 0, 8000, 0, 0, 0, 0
