hour,t(sec),kWh,State,kWOut,kWIn,kvarOut,DCkW,kWTotalLosses,kWInvLosses,kWIdlingLosses,kWChDchLosses,"kWh Chng",InvEff,InverterON,Vref,"Vavg (DRC)","VV Oper","VW Oper","DRC Oper","VV_DRC Oper","WP Oper","WV Oper",kWDesired,"kW VW Limit","Limit kWOut Function","kVA Exceeded","Grid voltage",di/dt,it,"it History","Rated VDC","Avg duty cycle","Target (Amps)","Series L","Max. Amps (phase)"
1, 0.00000, 5.83362, 1, 0.796447, 0, 1.5478, 0.796447, 0.0419183, 0, 0, 0.0419183, -3.50017, 1, 1, 9999, 9999, 9999, 9999, 9999, 9999, 9999, 9999, 0.796447, 9999, 2.3335, 0, 0, 0, 0, 0, 8000, 0, 0, 0, 0
2, 0.00000, 4.99526, 1, 0.820505, 0, 1.5478, 0.820505, 0.0431845, 0, 0, 0.0431845, -0.838366, 1, 1, 9999, 9999, 9999, 9999, 9999, 9999, 9999, 9999, 0.820505, 9999, 2.3335, 0, 0, 0, 0, 0, 8000, 0, 0, 0, 0
3, 0.00000, 4.13157, 1, 0.815909, 0, 1.5478, 0.815909, 0.0429426, 0, 0, 0.0429426, -0.86369, 1, 1, 9999, 9999, 9999, 9999, 9999, 9999, 9999, 9999, 0.815908, 9999, 2.3335, 0, 0, 0, 0, 0, 8000, 0, 0, 0, 0
4, 0.00000, 3.27272, 1, 0.449016, 0, 1.54779, 0.449016, 0.0236324, 0, 0, 0.0236324, -0.858851, 1, 1, 9999, 9999, 9999, 9999, 9999, 9999, 9999, 9999, 0.449012, 9999, 2.3335, 0, 0, 0, 0, 0, 8000, 0, 0, 0, 0
