hour,t(sec),kWh,State,kWOut,kWIn,kvarOut,DCkW,kWTotalLosses,kWInvLosses,kWIdlingLosses,kWChDchLosses,"kWh Chng",InvEff,InverterON,Vref,"Vavg (DRC)","VV Oper","VW Oper","DRC Oper","VV_DRC Oper","WP Oper","WV Oper",kWDesired,"kW VW Limit","Limit kWOut Function","kVA Exceeded","Grid voltage",di/dt,it,"it History","Rated VDC","Avg duty cycle","Target (Amps)","Series L","Max. Amps (phase)"
1, 0.00000, 11.6637, 1, 0.88514, 0, 3.0947, 0.88514, 0.0465863, 0, 0, 0.0465863, -6.99825, 1, 1, 9999, 9999, 9999, 9999, 9999, 9999, 9999, 9999, 0.885139, 9999, 4.6655, 0, 0, 0, 0, 0, 8000, 0, 0, 0, 0
2, 0.00000, 10.732, 1, 0.556877, 0, 3.0947, 0.556877, 0.0293093, 0, 0, 0.0293093, -0.931726, 1, 1, 9999, 9999, 9999, 9999, 9999, 9999, 9999, 9999, 0.556874, 9999, 4.6655, 0, 0, 0, 0, 0, 8000, 0, 0, 0, 0
3, 0.00000, 10.1458, 1, 0.536393, 0, 3.0947, 0.536393, 0.0282312, 0, 0, 0.0282312, -0.586187, 1, 1, 9999, 9999, 9999, 9999, 9999, 9999, 9999, 9999, 0.536393, 9999, 4.6655, 0, 0, 0, 0, 0, 8000, 0, 0, 0, 0
4, 0.00000, 9.58121, 1, 0.542272, 0, 3.0947, 0.542272, 0.0285407, 0, 0, 0.0285407, -0.564624, 1, 1, 9999, 9999, 9999, 9999, 9999, 9999, 9999, 9999, 0.542271, 9999, 4.6655, 0, 0, 0, 0, 0, 8000, 0, 0, 0, 0
5, 0.00000, 9.0104, 1, 0.1803, 0, 3.09473, 0.1803, 0.00948949, 0, 0, 0.00948949, -0.570813, 1, 1, 9999, 9999, 9999, 9999, 9999, 9999, 9999, 9999, 0.180326, 9999, 4.6655, 0, 0, 0, 0, 0, 8000, 0, 0, 0, 0
