hour,t(sec),kWh,State,kWOut,kWIn,kvarOut,DCkW,kWTotalLosses,kWInvLosses,kWIdlingLosses,kWChDchLosses,"kWh Chng",InvEff,InverterON,Vref,"Vavg (DRC)","VV Oper","VW Oper","DRC Oper","VV_DRC Oper","WP Oper","WV Oper",kWDesired,"kW VW Limit","Limit kWOut Function","kVA Exceeded","Grid voltage",di/dt,it,"it History","Rated VDC","Avg duty cycle","Target (Amps)","Series L","Max. Amps (phase)"
1, 0.00000, 11.6637, 1, 1.75339, 0, 3.09469, 1.75339, 0.0922837, 0, 0, 0.0922837, -6.99825, 1, 1, 9999, 9999, 9999, 9999, 9999, 9999, 9999, 9999, 1.75339, 9999, 4.6655, 0, 0, 0, 0, 0, 8000, 0, 0, 0, 0
2, 0.00000, 9.81808, 1, 1.45545, 0, 3.09477, 1.45545, 0.0766025, 0, 0, 0.0766025, -1.84567, 1, 1, 9999, 9999, 9999, 9999, 9999, 9999, 9999, 9999, 1.4555, 9999, 4.6655, 0, 0, 0, 0, 0, 8000, 0, 0, 0, 0
3, 0.00000, 8.28603, 1, 1.37403, 0, 3.09477, 1.37403, 0.0723172, 0, 0, 0.0723172, -1.53205, 1, 1, 9999, 9999, 9999, 9999, 9999, 9999, 9999, 9999, 1.37408, 9999, 4.6655, 0, 0, 0, 0, 0, 8000, 0, 0, 0, 0
4, 0.00000, 6.83968, 1, 1.17885, 0, 3.09478, 1.17885, 0.0620449, 0, 0, 0.0620449, -1.44634, 1, 1, 9999, 9999, 9999, 9999, 9999, 9999, 9999, 9999, 1.17893, 9999, 4.6655, 0, 0, 0, 0, 0, 8000, 0, 0, 0, 0
5, 0.00000, 5.59878, 1, 0.000118048, 0, 3.09478, 0.000118048, 6.21304E-6, 0, 0, 6.21304E-6, -1.2409, 1, 1, 9999, 9999, 9999, 9999, 9999, 9999, 9999, 9999, 5.69471E-18, 9999, 4.6655, 0, 0, 0, 0, 0, 8000, 0, 0, 0, 0
