hour,t(sec),kWh,State,kWOut,kWIn,kvarOut,DCkW,kWTotalLosses,kWInvLosses,kWIdlingLosses,kWChDchLosses,"kWh Chng",InvEff,InverterON,Vref,"Vavg (DRC)","VV Oper","VW Oper","DRC Oper","VV_DRC Oper","WP Oper","WV Oper",kWDesired,"kW VW Limit","Limit kWOut Function","kVA Exceeded","Grid voltage",di/dt,it,"it History","Rated VDC","Avg duty cycle","Target (Amps)","Series L","Max. Amps (phase)"
1, 0.00000, 40.8363, 1, 6.71728, 0, 10.8349, 6.71728, 0.353541, 0, 0, 0.353541, -24.5018, 1, 1, 9999, 9999, 9999, 9999, 9999, 9999, 9999, 9999, 6.71724, 9999, 16.3345, 0, 0, 0, 0, 0, 8000, 0, 0, 0, 0
2, 0.00000, 33.7654, 1, 6.70809, 0, 10.8351, 6.70809, 0.353057, 0, 0, 0.353057, -7.07082, 1, 1, 9999, 9999, 9999, 9999, 9999, 9999, 9999, 9999, 6.70809, 9999, 16.3345, 0, 0, 0, 0, 0, 8000, 0, 0, 0, 0
3, 0.00000, 26.7043, 1, 6.74778, 0, 10.8351, 6.74778, 0.355146, 0, 0, 0.355146, -7.06115, 1, 1, 9999, 9999, 9999, 9999, 9999, 9999, 9999, 9999, 6.74778, 9999, 16.3345, 0, 0, 0, 0, 0, 8000, 0, 0, 0, 0
