hour,t(sec),kWh,State,kWOut,kWIn,kvarOut,DCkW,kWTotalLosses,kWInvLosses,kWIdlingLosses,kWChDchLosses,"kWh Chng",InvEff,InverterON,Vref,"Vavg (DRC)","VV Oper","VW Oper","DRC Oper","VV_DRC Oper","WP Oper","WV Oper",kWDesired,"kW VW Limit","Limit kWOut Function","kVA Exceeded","Grid voltage",di/dt,it,"it History","Rated VDC","Avg duty cycle","Target (Amps)","Series L","Max. Amps (phase)"
1, 0.00000, 5.83362, 1, 0.785249, 0, 1.54779, 0.785249, 0.0413289, 0, 0, 0.0413289, -3.50017, 1, 1, 9999, 9999, 9999, 9999, 9999, 9999, 9999, 9999, 0.785246, 9999, 2.3335, 0, 0, 0, 0, 0, 8000, 0, 0, 0, 0
2, 0.00000, 5.00705, 1, 0.64163, 0, 1.54779, 0.64163, 0.03377, 0, 0, 0.03377, -0.826578, 1, 1, 9999, 9999, 9999, 9999, 9999, 9999, 9999, 9999, 0.641619, 9999, 2.3335, 0, 0, 0, 0, 0, 8000, 0, 0, 0, 0
3, 0.00000, 4.33165, 1, 0.612569, 0, 1.5478, 0.612569, 0.0322405, 0, 0, 0.0322405, -0.6754, 1, 1, 9999, 9999, 9999, 9999, 9999, 9999, 9999, 9999, 0.612567, 9999, 2.3335, 0, 0, 0, 0, 0, 8000, 0, 0, 0, 0
4, 0.00000, 3.68684, 1, 0.565831, 0, 1.54779, 0.565831, 0.0297806, 0, 0, 0.0297806, -0.64481, 1, 1, 9999, 9999, 9999, 9999, 9999, 9999, 9999, 9999, 0.565827, 9999, 2.3335, 0, 0, 0, 0, 0, 8000, 0, 0, 0, 0
5, 0.00000, 3.09123, 1, 0.276525, 0, 1.54786, 0.276525, 0.014554, 0, 0, 0.014554, -0.595612, 1, 1, 9999, 9999, 9999, 9999, 9999, 9999, 9999, 9999, 0.27659, 9999, 2.3335, 0, 0, 0, 0, 0, 8000, 0, 0, 0, 0
