hour,t(sec),kWh,State,kWOut,kWIn,kvarOut,DCkW,kWTotalLosses,kWInvLosses,kWIdlingLosses,kWChDchLosses,"kWh Chng",InvEff,InverterON,Vref,"Vavg (DRC)","VV Oper","VW Oper","DRC Oper","VV_DRC Oper","WP Oper","WV Oper",kWDesired,"kW VW Limit","Limit kWOut Function","kVA Exceeded","Grid voltage",di/dt,it,"it History","Rated VDC","Avg duty cycle","Target (Amps)","Series L","Max. Amps (phase)"
1, 0.00000, 11.6637, 1, 1.57692, 0, -3.09486, 1.57692, 0.0829956, 0, 0, 0.0829956, -6.99825, 1, 1, 9999, 9999, 9999, 9999, 9999, 9999, 9999, 9999, 1.57764, 9999, 4.6655, 0, 0, 0, 0, 0, 8000, 0, 0, 0, 0
2, 0.00000, 10.0038, 1, 1.22946, 0, -3.09472, 1.22946, 0.0647084, 0, 0, 0.0647084, -1.65991, 1, 1, 9999, 9999, 9999, 9999, 9999, 9999, 9999, 9999, 1.22955, 9999, 4.6655, 0, 0, 0, 0, 0, 8000, 0, 0, 0, 0
3, 0.00000, 8.70967, 1, 1.08122, 0, -3.0947, 1.08122, 0.0569064, 0, 0, 0.0569064, -1.29417, 1, 1, 9999, 9999, 9999, 9999, 9999, 9999, 9999, 9999, 1.08123, 9999, 4.6655, 0, 0, 0, 0, 0, 8000, 0, 0, 0, 0
4, 0.00000, 7.57154, 1, 0.901687, 0, -3.0947, 0.901687, 0.0474572, 0, 0, 0.0474572, -1.13813, 1, 1, 9999, 9999, 9999, 9999, 9999, 9999, 9999, 9999, 0.901701, 9999, 4.6655, 0, 0, 0, 0, 0, 8000, 0, 0, 0, 0
5, 0.00000, 6.6224, 1, 0.447721, 0, -3.09473, 0.447721, 0.0235642, 0, 0, 0.0235642, -0.949145, 1, 1, 9999, 9999, 9999, 9999, 9999, 9999, 9999, 9999, 0.447631, 9999, 4.6655, 0, 0, 0, 0, 0, 8000, 0, 0, 0, 0
6, 0.00000, 6.15111, 1, 0.523987, 0, -3.09467, 0.523987, 0.0275782, 0, 0, 0.0275782, -0.471285, 1, 1, 9999, 9999, 9999, 9999, 9999, 9999, 9999, 9999, 0.524076, 9999, 4.6655, 0, 0, 0, 0, 0, 8000, 0, 0, 0, 0
