hour,t(sec),kWh,State,kWOut,kWIn,kvarOut,DCkW,kWTotalLosses,kWInvLosses,kWIdlingLosses,kWChDchLosses,"kWh Chng",InvEff,InverterON,Vref,"Vavg (DRC)","VV Oper","VW Oper","DRC Oper","VV_DRC Oper","WP Oper","WV Oper",kWDesired,"kW VW Limit","Limit kWOut Function","kVA Exceeded","Grid voltage",di/dt,it,"it History","Rated VDC","Avg duty cycle","Target (Amps)","Series L","Max. Amps (phase)"
1, 0.00000, 11.6637, 1, 1.13138, 0, 1.33219, 1.13138, 0.0595465, 0, 0, 0.0595465, -6.99825, 1, 1, 9999, 9999, 9999, 9999, 9999, 9999, 9999, 9999, 1.13138, 9999, 4.6655, 0, 0, 0, 0, 0, 8000, 0, 0, 0, 0
2, 0.00000, 10.4728, 1, 0.343513, 0, 1.70586, 0.343513, 0.0180796, 0, 0, 0.0180796, -1.19093, 1, 1, 9999, 9999, 9999, 9999, 9999, 9999, 9999, 9999, 0.3436, 9999, 4.6655, 0, 0, 0, 0, 0, 8000, 0, 0, 0, 0
3, 0.00000, 10.1112, 1, 0.106791, 0, 1.84515, 0.106791, 0.00562059, 0, 0, 0.00562059, -0.361593, 1, 1, 9999, 9999, 9999, 9999, 9999, 9999, 9999, 9999, 0.106901, 9999, 4.6655, 0, 0, 0, 0, 0, 8000, 0, 0, 0, 0
4, 0.00000, 9.99882, 0, 0, 0.000147192, 1.96865, -0.000147192, 0.000147192, 0, 0.000147192, 0, -0.112412, 1, 1, 9999, 9999, 9999, 9999, 9999, 9999, 9999, 9999, 0, 9999, 4.6655, 0, 0, 0, 0, 0, 8000, 0, 0, 0, 0
5, 0.00000, 9.99882, 0, 0, 0.000147921, 1.77057, -0.000147921, 0.000147921, 0, 0.000147921, 0, 0, 1, 1, 9999, 9999, 9999, 9999, 9999, 9999, 9999, 9999, 0, 9999, 4.6655, 0, 0, 0, 0, 0, 8000, 0, 0, 0, 0
