hour,t(sec),kWh,State,kWOut,kWIn,kvarOut,DCkW,kWTotalLosses,kWInvLosses,kWIdlingLosses,kWChDchLosses,"kWh Chng",InvEff,InverterON,Vref,"Vavg (DRC)","VV Oper","VW Oper","DRC Oper","VV_DRC Oper","WP Oper","WV Oper",kWDesired,"kW VW Limit","Limit kWOut Function","kVA Exceeded","Grid voltage",di/dt,it,"it History","Rated VDC","Avg duty cycle","Target (Amps)","Series L","Max. Amps (phase)"
1, 0.00000, 5.83362, 1, 0.93926, 0, 1.54759, 0.93926, 0.0494348, 0, 0, 0.0494348, -3.50017, 1, 1, 9999, 9999, 9999, 9999, 9999, 9999, 9999, 9999, 0.939187, 9999, 2.3335, 0, 0, 0, 0, 0, 8000, 0, 0, 0, 0
2, 0.00000, 4.84493, 1, 0.603408, 0, 1.54779, 0.603408, 0.0317583, 0, 0, 0.0317583, -0.988695, 1, 1, 9999, 9999, 9999, 9999, 9999, 9999, 9999, 9999, 0.603396, 9999, 2.3335, 0, 0, 0, 0, 0, 8000, 0, 0, 0, 0
3, 0.00000, 4.20976, 1, 0.503967, 0, 1.5478, 0.503967, 0.0265246, 0, 0, 0.0265246, -0.635166, 1, 1, 9999, 9999, 9999, 9999, 9999, 9999, 9999, 9999, 0.503966, 9999, 2.3335, 0, 0, 0, 0, 0, 8000, 0, 0, 0, 0
4, 0.00000, 3.67927, 1, 0.38818, 0, 1.5478, 0.38818, 0.0204305, 0, 0, 0.0204305, -0.530492, 1, 1, 9999, 9999, 9999, 9999, 9999, 9999, 9999, 9999, 0.388178, 9999, 2.3335, 0, 0, 0, 0, 0, 8000, 0, 0, 0, 0
5, 0.00000, 3.27066, 1, 0.199217, 0, 1.54784, 0.199217, 0.0104851, 0, 0, 0.0104851, -0.40861, 1, 1, 9999, 9999, 9999, 9999, 9999, 9999, 9999, 9999, 0.199244, 9999, 2.3335, 0, 0, 0, 0, 0, 8000, 0, 0, 0, 0
6, 0.00000, 3.06096, 1, 0.247933, 0, 1.54776, 0.247933, 0.0130491, 0, 0, 0.0130491, -0.209702, 1, 1, 9999, 9999, 9999, 9999, 9999, 9999, 9999, 9999, 0.247911, 9999, 2.3335, 0, 0, 0, 0, 0, 8000, 0, 0, 0, 0
