hour,t(sec),kWh,State,kWOut,kWIn,kvarOut,DCkW,kWTotalLosses,kWInvLosses,kWIdlingLosses,kWChDchLosses,"kWh Chng",InvEff,InverterON,Vref,"Vavg (DRC)","VV Oper","VW Oper","DRC Oper","VV_DRC Oper","WP Oper","WV Oper",kWDesired,"kW VW Limit","Limit kWOut Function","kVA Exceeded","Grid voltage",di/dt,it,"it History","Rated VDC","Avg duty cycle","Target (Amps)","Series L","Max. Amps (phase)"
1, 0.00000, 5.83362, 1, 0.000248683, 0, -1.54768, 0.000248683, 0.0000130886, 0, 0, 0.0000130886, -3.50017, 1, 1, 9999, 9999, 9999, 9999, 9999, 9999, 9999, 9999, 3.84047E-18, 9999, 2.3335, 0, 0, 0, 0, 0, 8000, 0, 0, 0, 0
2, 0.00000, 5.83336, 1, 0.214039, 0, -0.797569, 0.214039, 0.0112652, 0, 0, 0.0112652, -0.000261772, 1, 1, 9999, 9999, 9999, 9999, 9999, 9999, 9999, 9999, 0.214057, 9999, 2.3335, 0, 0, 0, 0, 0, 8000, 0, 0, 0, 0
3, 0.00000, 5.60806, 1, 0.817542, 0, 1.0473, 0.817542, 0.0430286, 0, 0, 0.0430286, -0.225304, 1, 1, 9999, 9999, 9999, 9999, 9999, 9999, 9999, 9999, 0.817542, 9999, 2.3335, 0, 0, 0, 0, 0, 8000, 0, 0, 0, 0
4, 0.00000, 4.74749, 1, 1.35665, 0, 1.54779, 1.35665, 0.0714028, 0, 0, 0.0714028, -0.860571, 1, 1, 9999, 9999, 9999, 9999, 9999, 9999, 9999, 9999, 1.35665, 9999, 2.3335, 0, 0, 0, 0, 0, 8000, 0, 0, 0, 0
5, 0.00000, 3.31943, 1, 0.194848, 0, 0.126986, 0.194848, 0.0102551, 0, 0, 0.0102551, -1.42806, 1, 1, 9999, 9999, 9999, 9999, 9999, 9999, 9999, 9999, 0.194847, 9999, 2.3335, 0, 0, 0, 0, 0, 8000, 0, 0, 0, 0
6, 0.00000, 3.11433, 1, 0.298783, 0, 0.310828, 0.298783, 0.0157254, 0, 0, 0.0157254, -0.205103, 1, 1, 9999, 9999, 9999, 9999, 9999, 9999, 9999, 9999, 0.298781, 9999, 2.3335, 0, 0, 0, 0, 0, 8000, 0, 0, 0, 0
