hour,t(sec),kWh,State,kWOut,kWIn,kvarOut,DCkW,kWTotalLosses,kWInvLosses,kWIdlingLosses,kWChDchLosses,"kWh Chng",InvEff,InverterON,Vref,"Vavg (DRC)","VV Oper","VW Oper","DRC Oper","VV_DRC Oper","WP Oper","WV Oper",kWDesired,"kW VW Limit","Limit kWOut Function","kVA Exceeded","Grid voltage",di/dt,it,"it History","Rated VDC","Avg duty cycle","Target (Amps)","Series L","Max. Amps (phase)"
1, 0.00000, 11.6637, 1, 1.62196, 0, 3.09469, 1.62196, 0.0853665, 0, 0, 0.0853665, -6.99825, 1, 1, 9999, 9999, 9999, 9999, 9999, 9999, 9999, 9999, 1.62196, 9999, 4.6655, 0, 0, 0, 0, 0, 8000, 0, 0, 0, 0
2, 0.00000, 9.95642, 1, 1.29613, 0, 3.09469, 1.29613, 0.0682173, 0, 0, 0.0682173, -1.70733, 1, 1, 9999, 9999, 9999, 9999, 9999, 9999, 9999, 9999, 1.29612, 9999, 4.6655, 0, 0, 0, 0, 0, 8000, 0, 0, 0, 0
3, 0.00000, 8.59207, 1, 1.23286, 0, 3.0947, 1.23286, 0.0648873, 0, 0, 0.0648873, -1.36435, 1, 1, 9999, 9999, 9999, 9999, 9999, 9999, 9999, 9999, 1.23286, 9999, 4.6655, 0, 0, 0, 0, 0, 8000, 0, 0, 0, 0
4, 0.00000, 7.29433, 1, 1.09821, 0, 3.0947, 1.09821, 0.0578008, 0, 0, 0.0578008, -1.29775, 1, 1, 9999, 9999, 9999, 9999, 9999, 9999, 9999, 9999, 1.09821, 9999, 4.6655, 0, 0, 0, 0, 0, 8000, 0, 0, 0, 0
5, 0.00000, 6.13831, 1, 0.512685, 0, 3.09476, 0.512685, 0.0269834, 0, 0, 0.0269834, -1.15602, 1, 1, 9999, 9999, 9999, 9999, 9999, 9999, 9999, 9999, 0.512738, 9999, 4.6655, 0, 0, 0, 0, 0, 8000, 0, 0, 0, 0
