hour,t(sec),kWh,State,kWOut,kWIn,kvarOut,DCkW,kWTotalLosses,kWInvLosses,kWIdlingLosses,kWChDchLosses,"kWh Chng",InvEff,InverterON,Vref,"Vavg (DRC)","VV Oper","VW Oper","DRC Oper","VV_DRC Oper","WP Oper","WV Oper",kWDesired,"kW VW Limit","Limit kWOut Function","kVA Exceeded","Grid voltage",di/dt,it,"it History","Rated VDC","Avg duty cycle","Target (Amps)","Series L","Max. Amps (phase)"
1, 0.00000, 11.6637, 1, 1.90219, 0, 3.09465, 1.90219, 0.100115, 0, 0, 0.100115, -6.99825, 1, 1, 9999, 9999, 9999, 9999, 9999, 9999, 9999, 9999, 1.90217, 9999, 4.6655, 0, 0, 0, 0, 0, 8000, 0, 0, 0, 0
2, 0.00000, 9.66145, 1, 1.91803, 0, 3.0947, 1.91803, 0.100949, 0, 0, 0.100949, -2.0023, 1, 1, 9999, 9999, 9999, 9999, 9999, 9999, 9999, 9999, 1.91803, 9999, 4.6655, 0, 0, 0, 0, 0, 8000, 0, 0, 0, 0
3, 0.00000, 7.64246, 1, 1.94169, 0, 3.0947, 1.94169, 0.102194, 0, 0, 0.102194, -2.01898, 1, 1, 9999, 9999, 9999, 9999, 9999, 9999, 9999, 9999, 1.94169, 9999, 4.6655, 0, 0, 0, 0, 0, 8000, 0, 0, 0, 0
