hour,t(sec),kWh,State,kWOut,kWIn,kvarOut,DCkW,kWTotalLosses,kWInvLosses,kWIdlingLosses,kWChDchLosses,"kWh Chng",InvEff,InverterON,Vref,"Vavg (DRC)","VV Oper","VW Oper","DRC Oper","VV_DRC Oper","WP Oper","WV Oper",kWDesired,"kW VW Limit","Limit kWOut Function","kVA Exceeded","Grid voltage",di/dt,it,"it History","Rated VDC","Avg duty cycle","Target (Amps)","Series L","Max. Amps (phase)"
1, 0.00000, 5.83362, 1, 0.804498, 0, 1.5478, 0.804498, 0.042342, 0, 0, 0.042342, -3.50017, 1, 1, 9999, 9999, 9999, 9999, 9999, 9999, 9999, 9999, 0.804497, 9999, 2.3335, 0, 0, 0, 0, 0, 8000, 0, 0, 0, 0
2, 0.00000, 4.98678, 1, 0.72031, 0, 1.54783, 0.72031, 0.037911, 0, 0, 0.037911, -0.84684, 1, 1, 9999, 9999, 9999, 9999, 9999, 9999, 9999, 9999, 0.720328, 9999, 2.3335, 0, 0, 0, 0, 0, 8000, 0, 0, 0, 0
3, 0.00000, 4.22856, 1, 0.699469, 0, 1.54783, 0.699469, 0.0368142, 0, 0, 0.0368142, -0.758221, 1, 1, 9999, 9999, 9999, 9999, 9999, 9999, 9999, 9999, 0.69949, 9999, 2.3335, 0, 0, 0, 0, 0, 8000, 0, 0, 0, 0
4, 0.00000, 3.49228, 1, 0.657554, 0, 1.54783, 0.657554, 0.0346081, 0, 0, 0.0346081, -0.736283, 1, 1, 9999, 9999, 9999, 9999, 9999, 9999, 9999, 9999, 0.65758, 9999, 2.3335, 0, 0, 0, 0, 0, 8000, 0, 0, 0, 0
5, 0.00000, 2.80014, 0, 0, 0.0000445996, 1.54783, -0.0000445996, 0.0000445996, 0, 0.0000445996, 0, -0.692141, 1, 1, 9999, 9999, 9999, 9999, 9999, 9999, 9999, 9999, 0, 9999, 2.3335, 0, 0, 0, 0, 0, 8000, 0, 0, 0, 0
