hour,t(sec),kWh,State,kWOut,kWIn,kvarOut,DCkW,kWTotalLosses,kWInvLosses,kWIdlingLosses,kWChDchLosses,"kWh Chng",InvEff,InverterON,Vref,"Vavg (DRC)","VV Oper","VW Oper","DRC Oper","VV_DRC Oper","WP Oper","WV Oper",kWDesired,"kW VW Limit","Limit kWOut Function","kVA Exceeded","Grid voltage",di/dt,it,"it History","Rated VDC","Avg duty cycle","Target (Amps)","Series L","Max. Amps (phase)"
1, 0.00000, 11.6637, 1, 1.45492, 0, -3.09469, 1.45492, 0.0765746, 0, 0, 0.0765746, -6.99825, 1, 1, 9999, 9999, 9999, 9999, 9999, 9999, 9999, 9999, 1.45494, 9999, 4.6655, 0, 0, 0, 0, 0, 8000, 0, 0, 0, 0
2, 0.00000, 10.1323, 1, 1.30925, 0, -2.5983, 1.30925, 0.068908, 0, 0, 0.068908, -1.53149, 1, 1, 9999, 9999, 9999, 9999, 9999, 9999, 9999, 9999, 1.30928, 9999, 4.6655, 0, 0, 0, 0, 0, 8000, 0, 0, 0, 0
3, 0.00000, 8.7541, 1, 1.25282, 0, -2.3394, 1.25282, 0.0659379, 0, 0, 0.0659379, -1.37816, 1, 1, 9999, 9999, 9999, 9999, 9999, 9999, 9999, 9999, 1.25283, 9999, 4.6655, 0, 0, 0, 0, 0, 8000, 0, 0, 0, 0
4, 0.00000, 7.43534, 1, 1.16469, 0, -1.0158, 1.16469, 0.0612994, 0, 0, 0.0612994, -1.31876, 1, 1, 9999, 9999, 9999, 9999, 9999, 9999, 9999, 9999, 1.1647, 9999, 4.6655, 0, 0, 0, 0, 0, 8000, 0, 0, 0, 0
5, 0.00000, 6.20935, 1, 0.580276, 0, -2.26754, 0.580276, 0.0305408, 0, 0, 0.0305408, -1.22599, 1, 1, 9999, 9999, 9999, 9999, 9999, 9999, 9999, 9999, 0.580155, 9999, 4.6655, 0, 0, 0, 0, 0, 8000, 0, 0, 0, 0
