hour,t(sec),kWh,State,kWOut,kWIn,kvarOut,DCkW,kWTotalLosses,kWInvLosses,kWIdlingLosses,kWChDchLosses,"kWh Chng",InvEff,InverterON,Vref,"Vavg (DRC)","VV Oper","VW Oper","DRC Oper","VV_DRC Oper","WP Oper","WV Oper",kWDesired,"kW VW Limit","Limit kWOut Function","kVA Exceeded","Grid voltage",di/dt,it,"it History","Rated VDC","Avg duty cycle","Target (Amps)","Series L","Max. Amps (phase)"
1, 0.00000, 5.83362, 1, 0.353846, 0, -1.1027, 0.353846, 0.0186235, 0, 0, 0.0186235, -3.50017, 1, 1, 9999, 9999, 9999, 9999, 9999, 9999, 9999, 9999, 0.353852, 9999, 2.3335, 0, 0, 0, 0, 0, 8000, 0, 0, 0, 0
2, 0.00000, 5.46116, 1, 0.883837, 0, 0.783458, 0.883837, 0.0465177, 0, 0, 0.0465177, -0.37247, 1, 1, 9999, 9999, 9999, 9999, 9999, 9999, 9999, 9999, 0.883836, 9999, 2.3335, 0, 0, 0, 0, 0, 8000, 0, 0, 0, 0
3, 0.00000, 4.5308, 1, 1.32709, 0, 1.54779, 1.32709, 0.0698467, 0, 0, 0.0698467, -0.930354, 1, 1, 9999, 9999, 9999, 9999, 9999, 9999, 9999, 9999, 1.32708, 9999, 2.3335, 0, 0, 0, 0, 0, 8000, 0, 0, 0, 0
4, 0.00000, 3.13387, 1, 0.31707, 0, -0.128365, 0.31707, 0.0166879, 0, 0, 0.0166879, -1.39693, 1, 1, 9999, 9999, 9999, 9999, 9999, 9999, 9999, 9999, 0.317076, 9999, 2.3335, 0, 0, 0, 0, 0, 8000, 0, 0, 0, 0
