hour,t(sec),kWh,State,kWOut,kWIn,kvarOut,DCkW,kWTotalLosses,kWInvLosses,kWIdlingLosses,kWChDchLosses,"kWh Chng",InvEff,InverterON,Vref,"Vavg (DRC)","VV Oper","VW Oper","DRC Oper","VV_DRC Oper","WP Oper","WV Oper",kWDesired,"kW VW Limit","Limit kWOut Function","kVA Exceeded","Grid voltage",di/dt,it,"it History","Rated VDC","Avg duty cycle","Target (Amps)","Series L","Max. Amps (phase)"
1, 0.00000, 11.6637, 1, 1.21905, 0, 2.32818, 1.21905, 0.0641607, 0, 0, 0.0641607, -6.99825, 1, 1, 9999, 9999, 9999, 9999, 9999, 9999, 9999, 9999, 1.21905, 9999, 4.6655, 0, 0, 0, 0, 0, 8000, 0, 0, 0, 0
2, 0.00000, 10.3805, 1, 0.459004, 0, 2.683, 0.459004, 0.0241581, 0, 0, 0.0241581, -1.28321, 1, 1, 9999, 9999, 9999, 9999, 9999, 9999, 9999, 9999, 0.459146, 9999, 4.6655, 0, 0, 0, 0, 0, 8000, 0, 0, 0, 0
3, 0.00000, 9.89738, 1, 0.213744, 0, 2.81568, 0.213744, 0.0112497, 0, 0, 0.0112497, -0.483162, 1, 1, 9999, 9999, 9999, 9999, 9999, 9999, 9999, 9999, 0.213913, 9999, 4.6655, 0, 0, 0, 0, 0, 8000, 0, 0, 0, 0
4, 0.00000, 9.67238, -1, 0, 0.000230852, 2.93699, -0.000230852, 0.0000115426, 0, 0, 0.0000115426, -0.224993, 1, 1, 9999, 9999, 9999, 9999, 9999, 9999, 9999, 9999, -3.74532E-19, 9999, 4.6655, 0, 0, 0, 0, 0, 8000, 0, 0, 0, 0
5, 0.00000, 9.6726, 1, 0.000232377, 0, 2.74402, 0.000232377, 0.0000122304, 0, 0, 0.0000122304, 0.00021931, 1, 1, 9999, 9999, 9999, 9999, 9999, 9999, 9999, 9999, 2.96287E-19, 9999, 4.6655, 0, 0, 0, 0, 0, 8000, 0, 0, 0, 0
