hour,t(sec),kWh,State,kWOut,kWIn,kvarOut,DCkW,kWTotalLosses,kWInvLosses,kWIdlingLosses,kWChDchLosses,"kWh Chng",InvEff,InverterON,Vref,"Vavg (DRC)","VV Oper","VW Oper","DRC Oper","VV_DRC Oper","WP Oper","WV Oper",kWDesired,"kW VW Limit","Limit kWOut Function","kVA Exceeded","Grid voltage",di/dt,it,"it History","Rated VDC","Avg duty cycle","Target (Amps)","Series L","Max. Amps (phase)"
1, 0.00000, 11.6637, 1, 1.05641, 0, 3.09469, 1.05641, 0.0556006, 0, 0, 0.0556006, -6.99825, 1, 1, 9999, 9999, 9999, 9999, 9999, 9999, 9999, 9999, 1.05641, 9999, 4.6655, 0, 0, 0, 0, 0, 8000, 0, 0, 0, 0
2, 0.00000, 10.5517, 1, 1.13689, 0, 3.0947, 1.13689, 0.0598363, 0, 0, 0.0598363, -1.11201, 1, 1, 9999, 9999, 9999, 9999, 9999, 9999, 9999, 9999, 1.13689, 9999, 4.6655, 0, 0, 0, 0, 0, 8000, 0, 0, 0, 0
3, 0.00000, 9.35501, 1, 1.31432, 0, 3.0947, 1.31432, 0.0691746, 0, 0, 0.0691746, -1.19673, 1, 1, 9999, 9999, 9999, 9999, 9999, 9999, 9999, 9999, 1.31432, 9999, 4.6655, 0, 0, 0, 0, 0, 8000, 0, 0, 0, 0
