hour,t(sec),kWh,State,kWOut,kWIn,kvarOut,DCkW,kWTotalLosses,kWInvLosses,kWIdlingLosses,kWChDchLosses,"kWh Chng",InvEff,InverterON,Vref,"Vavg (DRC)","VV Oper","VW Oper","DRC Oper","VV_DRC Oper","WP Oper","WV Oper",kWDesired,"kW VW Limit","Limit kWOut Function","kVA Exceeded","Grid voltage",di/dt,it,"it History","Rated VDC","Avg duty cycle","Target (Amps)","Series L","Max. Amps (phase)"
1, 0.00000, 5.83362, 1, 0.79218, 0, 1.54779, 0.79218, 0.0416937, 0, 0, 0.0416937, -3.50017, 1, 1, 9999, 9999, 9999, 9999, 9999, 9999, 9999, 9999, 0.792177, 9999, 2.3335, 0, 0, 0, 0, 0, 8000, 0, 0, 0, 0
2, 0.00000, 4.99975, 1, 0.667309, 0, 1.54789, 0.667309, 0.0351215, 0, 0, 0.0351215, -0.833873, 1, 1, 9999, 9999, 9999, 9999, 9999, 9999, 9999, 9999, 0.667381, 9999, 2.3335, 0, 0, 0, 0, 0, 8000, 0, 0, 0, 0
3, 0.00000, 4.29732, 1, 0.643406, 0, 1.54788, 0.643406, 0.0338635, 0, 0, 0.0338635, -0.702431, 1, 1, 9999, 9999, 9999, 9999, 9999, 9999, 9999, 9999, 0.643486, 9999, 2.3335, 0, 0, 0, 0, 0, 8000, 0, 0, 0, 0
4, 0.00000, 3.62005, 1, 0.608989, 0, 1.5479, 0.608989, 0.0320521, 0, 0, 0.0320521, -0.677269, 1, 1, 9999, 9999, 9999, 9999, 9999, 9999, 9999, 9999, 0.60909, 9999, 2.3335, 0, 0, 0, 0, 0, 8000, 0, 0, 0, 0
5, 0.00000, 2.97901, -1, 0, 0.00013836, 1.54787, -0.00013836, 6.918E-6, 0, 0, 6.918E-6, -0.641041, 1, 1, 9999, 9999, 9999, 9999, 9999, 9999, 9999, 9999, -6.80799E-20, 9999, 2.3335, 0, 0, 0, 0, 0, 8000, 0, 0, 0, 0
