hour,t(sec),kWh,State,kWOut,kWIn,kvarOut,DCkW,kWTotalLosses,kWInvLosses,kWIdlingLosses,kWChDchLosses,"kWh Chng",InvEff,InverterON,Vref,"Vavg (DRC)","VV Oper","VW Oper","DRC Oper","VV_DRC Oper","WP Oper","WV Oper",kWDesired,"kW VW Limit","Limit kWOut Function","kVA Exceeded","Grid voltage",di/dt,it,"it History","Rated VDC","Avg duty cycle","Target (Amps)","Series L","Max. Amps (phase)"
1, 0.00000, 11.6637, 1, 1.90544, 0, 3.09468, 1.90544, 0.100286, 0, 0, 0.100286, -6.99825, 1, 1, 9999, 9999, 9999, 9999, 9999, 9999, 9999, 9999, 1.90544, 9999, 4.6655, 0, 0, 0, 0, 0, 8000, 0, 0, 0, 0
2, 0.00000, 9.65802, 1, 1.91491, 0, 3.0947, 1.91491, 0.100785, 0, 0, 0.100785, -2.00573, 1, 1, 9999, 9999, 9999, 9999, 9999, 9999, 9999, 9999, 1.91491, 9999, 4.6655, 0, 0, 0, 0, 0, 8000, 0, 0, 0, 0
3, 0.00000, 7.64233, 1, 1.94155, 0, 3.0947, 1.94155, 0.102187, 0, 0, 0.102187, -2.01569, 1, 1, 9999, 9999, 9999, 9999, 9999, 9999, 9999, 9999, 1.94155, 9999, 4.6655, 0, 0, 0, 0, 0, 8000, 0, 0, 0, 0
