hour,t(sec),kWh,State,kWOut,kWIn,kvarOut,DCkW,kWTotalLosses,kWInvLosses,kWIdlingLosses,kWChDchLosses,"kWh Chng",InvEff,InverterON,Vref,"Vavg (DRC)","VV Oper","VW Oper","DRC Oper","VV_DRC Oper","WP Oper","WV Oper",kWDesired,"kW VW Limit","Limit kWOut Function","kVA Exceeded","Grid voltage",di/dt,it,"it History","Rated VDC","Avg duty cycle","Target (Amps)","Series L","Max. Amps (phase)"
1, 0.00000, 5.83362, 1, 0.525787, 0, 1.54779, 0.525787, 0.027673, 0, 0, 0.027673, -3.50017, 1, 1, 9999, 9999, 9999, 9999, 9999, 9999, 9999, 9999, 0.525784, 9999, 2.3335, 0, 0, 0, 0, 0, 8000, 0, 0, 0, 0
2, 0.00000, 5.28017, 1, 0.182829, 0, 1.54783, 0.182829, 0.00962258, 0, 0, 0.00962258, -0.55346, 1, 1, 9999, 9999, 9999, 9999, 9999, 9999, 9999, 9999, 0.182865, 9999, 2.3335, 0, 0, 0, 0, 0, 8000, 0, 0, 0, 0
3, 0.00000, 5.08771, 1, 0.0717032, 0, 1.54783, 0.0717032, 0.00377385, 0, 0, 0.00377385, -0.192452, 1, 1, 9999, 9999, 9999, 9999, 9999, 9999, 9999, 9999, 0.0717435, 9999, 2.3335, 0, 0, 0, 0, 0, 8000, 0, 0, 0, 0
4, 0.00000, 5.01224, 1, 0.0000498297, 0, 1.54783, 0.0000498297, 2.62261E-6, 0, 0, 2.62261E-6, -0.0754771, 1, 1, 9999, 9999, 9999, 9999, 9999, 9999, 9999, 9999, 8.54621E-20, 9999, 2.3335, 0, 0, 0, 0, 0, 8000, 0, 0, 0, 0
5, 0.00000, 5.01218, 1, 0.000076925, 0, 1.54786, 0.000076925, 4.04869E-6, 0, 0, 4.04869E-6, -0.0000524523, 1, 1, 9999, 9999, 9999, 9999, 9999, 9999, 9999, 9999, 3.32944E-20, 9999, 2.3335, 0, 0, 0, 0, 0, 8000, 0, 0, 0, 0
