hour,t(sec),kWh,State,kWOut,kWIn,kvarOut,DCkW,kWTotalLosses,kWInvLosses,kWIdlingLosses,kWChDchLosses,"kWh Chng",InvEff,InverterON,Vref,"Vavg (DRC)","VV Oper","VW Oper","DRC Oper","VV_DRC Oper","WP Oper","WV Oper",kWDesired,"kW VW Limit","Limit kWOut Function","kVA Exceeded","Grid voltage",di/dt,it,"it History","Rated VDC","Avg duty cycle","Target (Amps)","Series L","Max. Amps (phase)"
1, 0.00000, 11.6637, 1, 1.90433, 0, 3.09465, 1.90433, 0.100228, 0, 0, 0.100228, -6.99825, 1, 1, 9999, 9999, 9999, 9999, 9999, 9999, 9999, 9999, 1.90432, 9999, 4.6655, 0, 0, 0, 0, 0, 8000, 0, 0, 0, 0
2, 0.00000, 9.65919, 1, 1.91276, 0, 3.0947, 1.91276, 0.100672, 0, 0, 0.100672, -2.00456, 1, 1, 9999, 9999, 9999, 9999, 9999, 9999, 9999, 9999, 1.91276, 9999, 4.6655, 0, 0, 0, 0, 0, 8000, 0, 0, 0, 0
3, 0.00000, 7.64575, 1, 1.94481, 0, 3.0947, 1.94481, 0.102359, 0, 0, 0.102359, -2.01343, 1, 1, 9999, 9999, 9999, 9999, 9999, 9999, 9999, 9999, 1.94481, 9999, 4.6655, 0, 0, 0, 0, 0, 8000, 0, 0, 0, 0
