hour,t(sec),kWh,State,kWOut,kWIn,kvarOut,DCkW,kWTotalLosses,kWInvLosses,kWIdlingLosses,kWChDchLosses,"kWh Chng",InvEff,InverterON,Vref,"Vavg (DRC)","VV Oper","VW Oper","DRC Oper","VV_DRC Oper","WP Oper","WV Oper",kWDesired,"kW VW Limit","Limit kWOut Function","kVA Exceeded","Grid voltage",di/dt,it,"it History","Rated VDC","Avg duty cycle","Target (Amps)","Series L","Max. Amps (phase)"
1, 0.00000, 11.6637, 1, 0.643889, 0, 3.09442, 0.643889, 0.0338889, 0, 0, 0.0338889, -6.99825, 1, 1, 9999, 9999, 9999, 9999, 9999, 9999, 9999, 9999, 0.643652, 9999, 4.6655, 0, 0, 0, 0, 0, 8000, 0, 0, 0, 0
2, 0.00000, 10.986, 1, 1.09908, 0, 3.09467, 1.09908, 0.0578461, 0, 0, 0.0578461, -0.677778, 1, 1, 9999, 9999, 9999, 9999, 9999, 9999, 9999, 9999, 1.09905, 9999, 4.6655, 0, 0, 0, 0, 0, 8000, 0, 0, 0, 0
3, 0.00000, 9.82905, 1, 1.32832, 0, 3.09469, 1.32832, 0.0699114, 0, 0, 0.0699114, -1.15692, 1, 1, 9999, 9999, 9999, 9999, 9999, 9999, 9999, 9999, 1.32831, 9999, 4.6655, 0, 0, 0, 0, 0, 8000, 0, 0, 0, 0
4, 0.00000, 8.43082, 1, 1.4876, 0, 3.09469, 1.4876, 0.0782946, 0, 0, 0.0782946, -1.39823, 1, 1, 9999, 9999, 9999, 9999, 9999, 9999, 9999, 9999, 1.48759, 9999, 4.6655, 0, 0, 0, 0, 0, 8000, 0, 0, 0, 0
5, 0.00000, 6.86493, 1, 0.530373, 0, 3.09477, 0.530373, 0.0279144, 0, 0, 0.0279144, -1.56589, 1, 1, 9999, 9999, 9999, 9999, 9999, 9999, 9999, 9999, 0.530421, 9999, 4.6655, 0, 0, 0, 0, 0, 8000, 0, 0, 0, 0
6, 0.00000, 6.30664, 1, 0.672943, 0, 3.09462, 0.672943, 0.0354181, 0, 0, 0.0354181, -0.558288, 1, 1, 9999, 9999, 9999, 9999, 9999, 9999, 9999, 9999, 0.672905, 9999, 4.6655, 0, 0, 0, 0, 0, 8000, 0, 0, 0, 0
