hour,t(sec),kWh,State,kWOut,kWIn,kvarOut,DCkW,kWTotalLosses,kWInvLosses,kWIdlingLosses,kWChDchLosses,"kWh Chng",InvEff,InverterON,Vref,"Vavg (DRC)","VV Oper","VW Oper","DRC Oper","VV_DRC Oper","WP Oper","WV Oper",kWDesired,"kW VW Limit","Limit kWOut Function","kVA Exceeded","Grid voltage",di/dt,it,"it History","Rated VDC","Avg duty cycle","Target (Amps)","Series L","Max. Amps (phase)"
1, 0.00000, 5.83362, 1, 1.09463, 0, 1.54778, 1.09463, 0.057612, 0, 0, 0.057612, -3.50017, 1, 1, 9999, 9999, 9999, 9999, 9999, 9999, 9999, 9999, 1.09462, 9999, 2.3335, 0, 0, 0, 0, 0, 8000, 0, 0, 0, 0
2, 0.00000, 4.68139, 1, 0.992788, 0, 1.5478, 0.992788, 0.052252, 0, 0, 0.052252, -1.15224, 1, 1, 9999, 9999, 9999, 9999, 9999, 9999, 9999, 9999, 0.992788, 9999, 2.3335, 0, 0, 0, 0, 0, 8000, 0, 0, 0, 0
3, 0.00000, 3.63635, 1, 0.794464, 0, 1.5478, 0.794464, 0.0418139, 0, 0, 0.0418139, -1.04504, 1, 1, 9999, 9999, 9999, 9999, 9999, 9999, 9999, 9999, 0.794463, 9999, 2.3335, 0, 0, 0, 0, 0, 8000, 0, 0, 0, 0
