hour,t(sec),kWh,State,kWOut,kWIn,kvarOut,DCkW,kWTotalLosses,kWInvLosses,kWIdlingLosses,kWChDchLosses,"kWh Chng",InvEff,InverterON,Vref,"Vavg (DRC)","VV Oper","VW Oper","DRC Oper","VV_DRC Oper","WP Oper","WV Oper",kWDesired,"kW VW Limit","Limit kWOut Function","kVA Exceeded","Grid voltage",di/dt,it,"it History","Rated VDC","Avg duty cycle","Target (Amps)","Series L","Max. Amps (phase)"
1, 0.00000, 61.25, 1, 6.61997, 0, 16.2494, 6.61997, 0.34842, 0, 0, 0.34842, -36.75, 1, 1, 9999, 9999, 9999, 9999, 9999, 9999, 9999, 9999, 6.61892, 9999, 24.5, 0, 0, 0, 0, 0, 8000, 0, 0, 0, 0
2, 0.00000, 54.2816, 1, 2.7733, 0, 16.2514, 2.7733, 0.145963, 0, 0, 0.145963, -6.96839, 1, 1, 9999, 9999, 9999, 9999, 9999, 9999, 9999, 9999, 2.77315, 9999, 24.5, 0, 0, 0, 0, 0, 8000, 0, 0, 0, 0
3, 0.00000, 51.3623, 1, 1.63809, 0, 16.2515, 1.63809, 0.0862151, 0, 0, 0.0862151, -2.91927, 1, 1, 9999, 9999, 9999, 9999, 9999, 9999, 9999, 9999, 1.63807, 9999, 24.5, 0, 0, 0, 0, 0, 8000, 0, 0, 0, 0
4, 0.00000, 49.638, 1, 0.347199, 0, 16.2515, 0.347199, 0.0182736, 0, 0, 0.0182736, -1.7243, 1, 1, 9999, 9999, 9999, 9999, 9999, 9999, 9999, 9999, 0.347165, 9999, 24.5, 0, 0, 0, 0, 0, 8000, 0, 0, 0, 0
5, 0.00000, 49.2726, 0, 0, 0.000381548, 16.2519, -0.000381548, 0.000381548, 0, 0.000381548, 0, -0.365472, 1, 1, 9999, 9999, 9999, 9999, 9999, 9999, 9999, 9999, 0, 9999, 24.5, 0, 0, 0, 0, 0, 8000, 0, 0, 0, 0
6, 0.00000, 49.2726, 1, 0.00033461, 0, 16.251, 0.00033461, 0.000017611, 0, 0, 0.000017611, 0, 1, 1, 9999, 9999, 9999, 9999, 9999, 9999, 9999, 9999, 8.87439E-19, 9999, 24.5, 0, 0, 0, 0, 0, 8000, 0, 0, 0, 0
