hour,t(sec),kWh,State,kWOut,kWIn,kvarOut,DCkW,kWTotalLosses,kWInvLosses,kWIdlingLosses,kWChDchLosses,"kWh Chng",InvEff,InverterON,Vref,"Vavg (DRC)","VV Oper","VW Oper","DRC Oper","VV_DRC Oper","WP Oper","WV Oper",kWDesired,"kW VW Limit","Limit kWOut Function","kVA Exceeded","Grid voltage",di/dt,it,"it History","Rated VDC","Avg duty cycle","Target (Amps)","Series L","Max. Amps (phase)"
1, 0.00000, 5.83362, 1, 0.760249, 0, 1.54759, 0.760249, 0.0400131, 0, 0, 0.0400131, -3.50017, 1, 1, 9999, 9999, 9999, 9999, 9999, 9999, 9999, 9999, 0.760161, 9999, 2.3335, 0, 0, 0, 0, 0, 8000, 0, 0, 0, 0
2, 0.00000, 5.03336, 1, 0.68697, 0, 1.54778, 0.68697, 0.0361563, 0, 0, 0.0361563, -0.800262, 1, 1, 9999, 9999, 9999, 9999, 9999, 9999, 9999, 9999, 0.686959, 9999, 2.3335, 0, 0, 0, 0, 0, 8000, 0, 0, 0, 0
3, 0.00000, 4.31024, 1, 0.685583, 0, 1.5478, 0.685583, 0.0360833, 0, 0, 0.0360833, -0.723127, 1, 1, 9999, 9999, 9999, 9999, 9999, 9999, 9999, 9999, 0.685582, 9999, 2.3335, 0, 0, 0, 0, 0, 8000, 0, 0, 0, 0
4, 0.00000, 3.58857, 1, 0.656322, 0, 1.5478, 0.656322, 0.0345433, 0, 0, 0.0345433, -0.721667, 1, 1, 9999, 9999, 9999, 9999, 9999, 9999, 9999, 9999, 0.65632, 9999, 2.3335, 0, 0, 0, 0, 0, 8000, 0, 0, 0, 0
5, 0.00000, 2.8977, 0, 0, 0.0000348511, 1.54784, -0.0000348511, 0.0000348511, 0, 0.0000348511, 0, -0.690865, 1, 1, 9999, 9999, 9999, 9999, 9999, 9999, 9999, 9999, 0, 9999, 2.3335, 0, 0, 0, 0, 0, 8000, 0, 0, 0, 0
6, 0.00000, 2.8977, 1, 0.0928899, 0, 1.54776, 0.0928899, 0.00488894, 0, 0, 0.00488894, 0, 1, 1, 9999, 9999, 9999, 9999, 9999, 9999, 9999, 9999, 0.0928616, 9999, 2.3335, 0, 0, 0, 0, 0, 8000, 0, 0, 0, 0
