hour,t(sec),kWh,State,kWOut,kWIn,kvarOut,DCkW,kWTotalLosses,kWInvLosses,kWIdlingLosses,kWChDchLosses,"kWh Chng",InvEff,InverterON,Vref,"Vavg (DRC)","VV Oper","VW Oper","DRC Oper","VV_DRC Oper","WP Oper","WV Oper",kWDesired,"kW VW Limit","Limit kWOut Function","kVA Exceeded","Grid voltage",di/dt,it,"it History","Rated VDC","Avg duty cycle","Target (Amps)","Series L","Max. Amps (phase)"
1, 0.00000, 5.83362, 1, 0.170044, 0, 1.54779, 0.170044, 0.0089497, 0, 0, 0.0089497, -3.50017, 1, 1, 9999, 9999, 9999, 9999, 9999, 9999, 9999, 9999, 0.17004, 9999, 2.3335, 0, 0, 0, 0, 0, 8000, 0, 0, 0, 0
2, 0.00000, 5.65463, 1, 0.44821, 0, 1.54784, 0.44821, 0.02359, 0, 0, 0.02359, -0.178994, 1, 1, 9999, 9999, 9999, 9999, 9999, 9999, 9999, 9999, 0.448242, 9999, 2.3335, 0, 0, 0, 0, 0, 8000, 0, 0, 0, 0
3, 0.00000, 5.18283, 1, 0.58388, 0, 1.54785, 0.58388, 0.0307305, 0, 0, 0.0307305, -0.4718, 1, 1, 9999, 9999, 9999, 9999, 9999, 9999, 9999, 9999, 0.583912, 9999, 2.3335, 0, 0, 0, 0, 0, 8000, 0, 0, 0, 0
4, 0.00000, 4.56822, 1, 0.652759, 0, 1.54786, 0.652759, 0.0343557, 0, 0, 0.0343557, -0.61461, 1, 1, 9999, 9999, 9999, 9999, 9999, 9999, 9999, 9999, 0.652797, 9999, 2.3335, 0, 0, 0, 0, 0, 8000, 0, 0, 0, 0
5, 0.00000, 3.88111, 1, 0.0000851719, 0, 1.54788, 0.0000851719, 4.48273E-6, 0, 0, 4.48273E-6, -0.687115, 1, 1, 9999, 9999, 9999, 9999, 9999, 9999, 9999, 9999, 2.49591E-22, 9999, 2.3335, 0, 0, 0, 0, 0, 8000, 0, 0, 0, 0
