hour,t(sec),kWh,State,kWOut,kWIn,kvarOut,DCkW,kWTotalLosses,kWInvLosses,kWIdlingLosses,kWChDchLosses,"kWh Chng",InvEff,InverterON,Vref,"Vavg (DRC)","VV Oper","VW Oper","DRC Oper","VV_DRC Oper","WP Oper","WV Oper",kWDesired,"kW VW Limit","Limit kWOut Function","kVA Exceeded","Grid voltage",di/dt,it,"it History","Rated VDC","Avg duty cycle","Target (Amps)","Series L","Max. Amps (phase)"
1, 0.00000, 5.83362, 1, 0.731182, 0, 1.54752, 0.731182, 0.0384833, 0, 0, 0.0384833, -3.50017, 1, 1, 9999, 9999, 9999, 9999, 9999, 9999, 9999, 9999, 0.730969, 9999, 2.3335, 0, 0, 0, 0, 0, 8000, 0, 0, 0, 0
2, 0.00000, 5.06396, 1, 0.588469, 0, 1.54777, 0.588469, 0.0309721, 0, 0, 0.0309721, -0.769666, 1, 1, 9999, 9999, 9999, 9999, 9999, 9999, 9999, 9999, 0.588439, 9999, 2.3335, 0, 0, 0, 0, 0, 8000, 0, 0, 0, 0
3, 0.00000, 4.44452, 1, 0.559949, 0, 1.5478, 0.559949, 0.029471, 0, 0, 0.029471, -0.619442, 1, 1, 9999, 9999, 9999, 9999, 9999, 9999, 9999, 9999, 0.559947, 9999, 2.3335, 0, 0, 0, 0, 0, 8000, 0, 0, 0, 0
4, 0.00000, 3.8551, 1, 0.513118, 0, 1.54779, 0.513118, 0.0270062, 0, 0, 0.0270062, -0.58942, 1, 1, 9999, 9999, 9999, 9999, 9999, 9999, 9999, 9999, 0.513113, 9999, 2.3335, 0, 0, 0, 0, 0, 8000, 0, 0, 0, 0
5, 0.00000, 3.31497, 1, 0.222704, 0, 1.54783, 0.222704, 0.0117212, 0, 0, 0.0117212, -0.540124, 1, 1, 9999, 9999, 9999, 9999, 9999, 9999, 9999, 9999, 0.222737, 9999, 2.3335, 0, 0, 0, 0, 0, 8000, 0, 0, 0, 0
6, 0.00000, 3.08055, 1, 0.266681, 0, 1.54776, 0.266681, 0.0140358, 0, 0, 0.0140358, -0.234425, 1, 1, 9999, 9999, 9999, 9999, 9999, 9999, 9999, 9999, 0.266649, 9999, 2.3335, 0, 0, 0, 0, 0, 8000, 0, 0, 0, 0
