hour,t(sec),kWh,State,kWOut,kWIn,kvarOut,DCkW,kWTotalLosses,kWInvLosses,kWIdlingLosses,kWChDchLosses,"kWh Chng",InvEff,InverterON,Vref,"Vavg (DRC)","VV Oper","VW Oper","DRC Oper","VV_DRC Oper","WP Oper","WV Oper",kWDesired,"kW VW Limit","Limit kWOut Function","kVA Exceeded","Grid voltage",di/dt,it,"it History","Rated VDC","Avg duty cycle","Target (Amps)","Series L","Max. Amps (phase)"
1, 0.00000, 11.6637, 1, 1.67725, 0, 3.09469, 1.67725, 0.0882763, 0, 0, 0.0882763, -6.99825, 1, 1, 9999, 9999, 9999, 9999, 9999, 9999, 9999, 9999, 1.67725, 9999, 4.6655, 0, 0, 0, 0, 0, 8000, 0, 0, 0, 0
2, 0.00000, 9.89822, 1, 1.61342, 0, 3.0947, 1.61342, 0.0849171, 0, 0, 0.0849171, -1.76553, 1, 1, 9999, 9999, 9999, 9999, 9999, 9999, 9999, 9999, 1.61342, 9999, 4.6655, 0, 0, 0, 0, 0, 8000, 0, 0, 0, 0
3, 0.00000, 8.19988, 1, 1.51284, 0, 3.0947, 1.51284, 0.079623, 0, 0, 0.079623, -1.69834, 1, 1, 9999, 9999, 9999, 9999, 9999, 9999, 9999, 9999, 1.51284, 9999, 4.6655, 0, 0, 0, 0, 0, 8000, 0, 0, 0, 0
4, 0.00000, 6.60742, 1, 0.958452, 0, 3.09468, 0.958452, 0.0504448, 0, 0, 0.0504448, -1.59246, 1, 1, 9999, 9999, 9999, 9999, 9999, 9999, 9999, 9999, 0.958434, 9999, 4.6655, 0, 0, 0, 0, 0, 8000, 0, 0, 0, 0
