hour,t(sec),kWh,State,kWOut,kWIn,kvarOut,DCkW,kWTotalLosses,kWInvLosses,kWIdlingLosses,kWChDchLosses,"kWh Chng",InvEff,InverterON,Vref,"Vavg (DRC)","VV Oper","VW Oper","DRC Oper","VV_DRC Oper","WP Oper","WV Oper",kWDesired,"kW VW Limit","Limit kWOut Function","kVA Exceeded","Grid voltage",di/dt,it,"it History","Rated VDC","Avg duty cycle","Target (Amps)","Series L","Max. Amps (phase)"
1, 0.00000, 11.6637, 1, 1.43422, 0, 3.09469, 1.43422, 0.0754855, 0, 0, 0.0754855, -6.99825, 1, 1, 9999, 9999, 9999, 9999, 9999, 9999, 9999, 9999, 1.43422, 9999, 4.6655, 0, 0, 0, 0, 0, 8000, 0, 0, 0, 0
2, 0.00000, 10.154, 1, 1.64926, 0, 3.09469, 1.64926, 0.0868029, 0, 0, 0.0868029, -1.50971, 1, 1, 9999, 9999, 9999, 9999, 9999, 9999, 9999, 9999, 1.64925, 9999, 4.6655, 0, 0, 0, 0, 0, 8000, 0, 0, 0, 0
3, 0.00000, 8.41798, 1, 1.80368, 0, 3.09469, 1.80368, 0.0949308, 0, 0, 0.0949308, -1.73606, 1, 1, 9999, 9999, 9999, 9999, 9999, 9999, 9999, 9999, 1.80368, 9999, 4.6655, 0, 0, 0, 0, 0, 8000, 0, 0, 0, 0
4, 0.00000, 6.51937, 1, 0.874763, 0, 3.09466, 0.874763, 0.0460401, 0, 0, 0.0460401, -1.89862, 1, 1, 9999, 9999, 9999, 9999, 9999, 9999, 9999, 9999, 0.874735, 9999, 4.6655, 0, 0, 0, 0, 0, 8000, 0, 0, 0, 0
