hour,t(sec),kWh,State,kWOut,kWIn,kvarOut,DCkW,kWTotalLosses,kWInvLosses,kWIdlingLosses,kWChDchLosses,"kWh Chng",InvEff,InverterON,Vref,"Vavg (DRC)","VV Oper","VW Oper","DRC Oper","VV_DRC Oper","WP Oper","WV Oper",kWDesired,"kW VW Limit","Limit kWOut Function","kVA Exceeded","Grid voltage",di/dt,it,"it History","Rated VDC","Avg duty cycle","Target (Amps)","Series L","Max. Amps (phase)"
1, 0.00000, 11.6637, 1, 0.951357, 0, -3.09464, 0.951357, 0.0500714, 0, 0, 0.0500714, -6.99825, 1, 1, 9999, 9999, 9999, 9999, 9999, 9999, 9999, 9999, 0.951995, 9999, 4.6655, 0, 0, 0, 0, 0, 8000, 0, 0, 0, 0
2, 0.00000, 10.6623, 1, 1.17927, 0, -3.09471, 1.17927, 0.0620666, 0, 0, 0.0620666, -1.00143, 1, 1, 9999, 9999, 9999, 9999, 9999, 9999, 9999, 9999, 1.17935, 9999, 4.6655, 0, 0, 0, 0, 0, 8000, 0, 0, 0, 0
3, 0.00000, 9.42099, 1, 1.24507, 0, -3.0947, 1.24507, 0.0655302, 0, 0, 0.0655302, -1.24133, 1, 1, 9999, 9999, 9999, 9999, 9999, 9999, 9999, 9999, 1.24508, 9999, 4.6655, 0, 0, 0, 0, 0, 8000, 0, 0, 0, 0
4, 0.00000, 8.11038, 1, 1.26373, 0, -3.0947, 1.26373, 0.0665121, 0, 0, 0.0665121, -1.3106, 1, 1, 9999, 9999, 9999, 9999, 9999, 9999, 9999, 9999, 1.26374, 9999, 4.6655, 0, 0, 0, 0, 0, 8000, 0, 0, 0, 0
5, 0.00000, 6.78014, 1, 0.510163, 0, -3.09474, 0.510163, 0.0268507, 0, 0, 0.0268507, -1.33024, 1, 1, 9999, 9999, 9999, 9999, 9999, 9999, 9999, 9999, 0.510079, 9999, 4.6655, 0, 0, 0, 0, 0, 8000, 0, 0, 0, 0
6, 0.00000, 6.24313, 1, 0.611563, 0, -3.09466, 0.611563, 0.0321875, 0, 0, 0.0321875, -0.537013, 1, 1, 9999, 9999, 9999, 9999, 9999, 9999, 9999, 9999, 0.611647, 9999, 4.6655, 0, 0, 0, 0, 0, 8000, 0, 0, 0, 0
