hour,t(sec),kWh,State,kWOut,kWIn,kvarOut,DCkW,kWTotalLosses,kWInvLosses,kWIdlingLosses,kWChDchLosses,"kWh Chng",InvEff,InverterON,Vref,"Vavg (DRC)","VV Oper","VW Oper","DRC Oper","VV_DRC Oper","WP Oper","WV Oper",kWDesired,"kW VW Limit","Limit kWOut Function","kVA Exceeded","Grid voltage",di/dt,it,"it History","Rated VDC","Avg duty cycle","Target (Amps)","Series L","Max. Amps (phase)"
1, 0.00000, 5.83362, 1, 0.230395, 0, 1.54779, 0.230395, 0.012126, 0, 0, 0.012126, -3.50017, 1, 1, 9999, 9999, 9999, 9999, 9999, 9999, 9999, 9999, 0.230391, 9999, 2.3335, 0, 0, 0, 0, 0, 8000, 0, 0, 0, 0
2, 0.00000, 5.5911, 1, 0.728056, 0, 1.54779, 0.728056, 0.0383187, 0, 0, 0.0383187, -0.242521, 1, 1, 9999, 9999, 9999, 9999, 9999, 9999, 9999, 9999, 0.728052, 9999, 2.3335, 0, 0, 0, 0, 0, 8000, 0, 0, 0, 0
3, 0.00000, 4.82473, 1, 0.893334, 0, 1.5478, 0.893334, 0.0470176, 0, 0, 0.0470176, -0.766375, 1, 1, 9999, 9999, 9999, 9999, 9999, 9999, 9999, 9999, 0.893334, 9999, 2.3335, 0, 0, 0, 0, 0, 8000, 0, 0, 0, 0
4, 0.00000, 3.88438, 1, 1.0301, 0, 1.54779, 1.0301, 0.0542158, 0, 0, 0.0542158, -0.940352, 1, 1, 9999, 9999, 9999, 9999, 9999, 9999, 9999, 9999, 1.0301, 9999, 2.3335, 0, 0, 0, 0, 0, 8000, 0, 0, 0, 0
5, 0.00000, 2.80014, 0, 0, 0.0000774451, 1.54787, -0.0000774451, 0.0000774451, 0, 0.0000774451, 0, -1.08424, 1, 1, 9999, 9999, 9999, 9999, 9999, 9999, 9999, 9999, 3.38568E-19, 9999, 2.3335, 0, 0, 0, 0, 0, 8000, 0, 0, 0, 0
