hour,t(sec),kWh,State,kWOut,kWIn,kvarOut,DCkW,kWTotalLosses,kWInvLosses,kWIdlingLosses,kWChDchLosses,"kWh Chng",InvEff,InverterON,Vref,"Vavg (DRC)","VV Oper","VW Oper","DRC Oper","VV_DRC Oper","WP Oper","WV Oper",kWDesired,"kW VW Limit","Limit kWOut Function","kVA Exceeded","Grid voltage",di/dt,it,"it History","Rated VDC","Avg duty cycle","Target (Amps)","Series L","Max. Amps (phase)"
1, 0.00000, 11.6637, 1, 2.01726, 0, 3.0943, 2.01726, 0.106172, 0, 0, 0.106172, -6.99825, 1, 1, 9999, 9999, 9999, 9999, 9999, 9999, 9999, 9999, 2.01713, 9999, 4.6655, 0, 0, 0, 0, 0, 8000, 0, 0, 0, 0
2, 0.00000, 9.54031, 1, 1.22094, 0, 3.09467, 1.22094, 0.0642599, 0, 0, 0.0642599, -2.12344, 1, 1, 9999, 9999, 9999, 9999, 9999, 9999, 9999, 9999, 1.22091, 9999, 4.6655, 0, 0, 0, 0, 0, 8000, 0, 0, 0, 0
3, 0.00000, 8.25512, 1, 0.974159, 0, 3.0947, 0.974159, 0.0512715, 0, 0, 0.0512715, -1.2852, 1, 1, 9999, 9999, 9999, 9999, 9999, 9999, 9999, 9999, 0.974156, 9999, 4.6655, 0, 0, 0, 0, 0, 8000, 0, 0, 0, 0
4, 0.00000, 7.22969, 1, 0.706314, 0, 3.09469, 0.706314, 0.0371744, 0, 0, 0.0371744, -1.02543, 1, 1, 9999, 9999, 9999, 9999, 9999, 9999, 9999, 9999, 0.70631, 9999, 4.6655, 0, 0, 0, 0, 0, 8000, 0, 0, 0, 0
5, 0.00000, 6.4862, 1, 0.384715, 0, 3.09477, 0.384715, 0.0202482, 0, 0, 0.0202482, -0.743489, 1, 1, 9999, 9999, 9999, 9999, 9999, 9999, 9999, 9999, 0.384764, 9999, 4.6655, 0, 0, 0, 0, 0, 8000, 0, 0, 0, 0
6, 0.00000, 6.08123, 1, 0.458618, 0, 3.09463, 0.458618, 0.0241378, 0, 0, 0.0241378, -0.404964, 1, 1, 9999, 9999, 9999, 9999, 9999, 9999, 9999, 9999, 0.458577, 9999, 4.6655, 0, 0, 0, 0, 0, 8000, 0, 0, 0, 0
