hour,t(sec),kWh,State,kWOut,kWIn,kvarOut,DCkW,kWTotalLosses,kWInvLosses,kWIdlingLosses,kWChDchLosses,"kWh Chng",InvEff,InverterON,Vref,"Vavg (DRC)","VV Oper","VW Oper","DRC Oper","VV_DRC Oper","WP Oper","WV Oper",kWDesired,"kW VW Limit","Limit kWOut Function","kVA Exceeded","Grid voltage",di/dt,it,"it History","Rated VDC","Avg duty cycle","Target (Amps)","Series L","Max. Amps (phase)"
1, 0.00000, 11.6637, 1, 1.32617, 0, -3.09468, 1.32617, 0.0697986, 0, 0, 0.0697986, -6.99825, 1, 1, 9999, 9999, 9999, 9999, 9999, 9999, 9999, 9999, 1.32682, 9999, 4.6655, 0, 0, 0, 0, 0, 8000, 0, 0, 0, 0
2, 0.00000, 10.2678, 1, 1.20158, 0, -2.58731, 1.20158, 0.0632411, 0, 0, 0.0632411, -1.39597, 1, 1, 9999, 9999, 9999, 9999, 9999, 9999, 9999, 9999, 1.20165, 9999, 4.6655, 0, 0, 0, 0, 0, 8000, 0, 0, 0, 0
3, 0.00000, 9.00296, 1, 1.14705, 0, -2.3267, 1.14705, 0.0603713, 0, 0, 0.0603713, -1.26482, 1, 1, 9999, 9999, 9999, 9999, 9999, 9999, 9999, 9999, 1.14706, 9999, 4.6655, 0, 0, 0, 0, 0, 8000, 0, 0, 0, 0
4, 0.00000, 7.79553, 1, 1.05346, 0, -1.5825, 1.05346, 0.0554454, 0, 0, 0.0554454, -1.20743, 1, 1, 9999, 9999, 9999, 9999, 9999, 9999, 9999, 9999, 1.05347, 9999, 4.6655, 0, 0, 0, 0, 0, 8000, 0, 0, 0, 0
5, 0.00000, 6.68662, 1, 0.472307, 0, -2.45533, 0.472307, 0.0248583, 0, 0, 0.0248583, -1.10891, 1, 1, 9999, 9999, 9999, 9999, 9999, 9999, 9999, 9999, 0.472242, 9999, 4.6655, 0, 0, 0, 0, 0, 8000, 0, 0, 0, 0
6, 0.00000, 6.18946, 1, 0.560588, 0, -2.42407, 0.560588, 0.0295046, 0, 0, 0.0295046, -0.497166, 1, 1, 9999, 9999, 9999, 9999, 9999, 9999, 9999, 9999, 0.560653, 9999, 4.6655, 0, 0, 0, 0, 0, 8000, 0, 0, 0, 0
