hour,t(sec),kWh,State,kWOut,kWIn,kvarOut,DCkW,kWTotalLosses,kWInvLosses,kWIdlingLosses,kWChDchLosses,"kWh Chng",InvEff,InverterON,Vref,"Vavg (DRC)","VV Oper","VW Oper","DRC Oper","VV_DRC Oper","WP Oper","WV Oper",kWDesired,"kW VW Limit","Limit kWOut Function","kVA Exceeded","Grid voltage",di/dt,it,"it History","Rated VDC","Avg duty cycle","Target (Amps)","Series L","Max. Amps (phase)"
1, 0.00000, 11.6637, 1, 1.66589, 0, -2.5674, 1.66589, 0.0876785, 0, 0, 0.0876785, -6.99825, 1, 1, 9999, 9999, 9999, 9999, 9999, 9999, 9999, 9999, 1.66591, 9999, 4.6655, 0, 0, 0, 0, 0, 8000, 0, 0, 0, 0
2, 0.00000, 9.91018, 1, 1.62126, 0, -2.3387, 1.62126, 0.0853292, 0, 0, 0.0853292, -1.75357, 1, 1, 9999, 9999, 9999, 9999, 9999, 9999, 9999, 9999, 1.62126, 9999, 4.6655, 0, 0, 0, 0, 0, 8000, 0, 0, 0, 0
3, 0.00000, 8.2036, 1, 1.53293, 0, -1.7059, 1.53293, 0.0806808, 0, 0, 0.0806808, -1.70658, 1, 1, 9999, 9999, 9999, 9999, 9999, 9999, 9999, 9999, 1.53294, 9999, 4.6655, 0, 0, 0, 0, 0, 8000, 0, 0, 0, 0
4, 0.00000, 6.58998, 1, 0.941709, 0, -2.46659, 0.941709, 0.0495636, 0, 0, 0.0495636, -1.61362, 1, 1, 9999, 9999, 9999, 9999, 9999, 9999, 9999, 9999, 0.941778, 9999, 4.6655, 0, 0, 0, 0, 0, 8000, 0, 0, 0, 0
