hour,t(sec),kWh,State,kWOut,kWIn,kvarOut,DCkW,kWTotalLosses,kWInvLosses,kWIdlingLosses,kWChDchLosses,"kWh Chng",InvEff,InverterON,Vref,"Vavg (DRC)","VV Oper","VW Oper","DRC Oper","VV_DRC Oper","WP Oper","WV Oper",kWDesired,"kW VW Limit","Limit kWOut Function","kVA Exceeded","Grid voltage",di/dt,it,"it History","Rated VDC","Avg duty cycle","Target (Amps)","Series L","Max. Amps (phase)"
1, 0.00000, 11.6637, 1, 1.50166, 0, 1.67018, 1.50166, 0.079035, 0, 0, 0.079035, -6.99825, 1, 1, 9999, 9999, 9999, 9999, 9999, 9999, 9999, 9999, 1.5015, 9999, 4.6655, 0, 0, 0, 0, 0, 8000, 0, 0, 0, 0
2, 0.00000, 10.083, 1, 1.19732, 0, 3.09465, 1.19732, 0.063017, 0, 0, 0.063017, -1.5807, 1, 1, 9999, 9999, 9999, 9999, 9999, 9999, 9999, 9999, 1.19726, 9999, 4.6655, 0, 0, 0, 0, 0, 8000, 0, 0, 0, 0
3, 0.00000, 8.82271, 1, 1.10349, 0, 3.09469, 1.10349, 0.0580783, 0, 0, 0.0580783, -1.26034, 1, 1, 9999, 9999, 9999, 9999, 9999, 9999, 9999, 9999, 1.10348, 9999, 4.6655, 0, 0, 0, 0, 0, 8000, 0, 0, 0, 0
4, 0.00000, 7.66114, 1, 0.977431, 0, 3.09469, 0.977431, 0.0514437, 0, 0, 0.0514437, -1.16157, 1, 1, 9999, 9999, 9999, 9999, 9999, 9999, 9999, 9999, 0.977422, 9999, 4.6655, 0, 0, 0, 0, 0, 8000, 0, 0, 0, 0
5, 0.00000, 6.63227, 1, 0.44909, 0, 3.09477, 0.44909, 0.0236363, 0, 0, 0.0236363, -1.02887, 1, 1, 9999, 9999, 9999, 9999, 9999, 9999, 9999, 9999, 0.449157, 9999, 4.6655, 0, 0, 0, 0, 0, 8000, 0, 0, 0, 0
6, 0.00000, 6.15954, 1, 0.533096, 0, 3.09463, 0.533096, 0.0280577, 0, 0, 0.0280577, -0.472727, 1, 1, 9999, 9999, 9999, 9999, 9999, 9999, 9999, 9999, 0.533033, 9999, 4.6655, 0, 0, 0, 0, 0, 8000, 0, 0, 0, 0
