hour,t(sec),kWh,State,kWOut,kWIn,kvarOut,DCkW,kWTotalLosses,kWInvLosses,kWIdlingLosses,kWChDchLosses,"kWh Chng",InvEff,InverterON,Vref,"Vavg (DRC)","VV Oper","VW Oper","DRC Oper","VV_DRC Oper","WP Oper","WV Oper",kWDesired,"kW VW Limit","Limit kWOut Function","kVA Exceeded","Grid voltage",di/dt,it,"it History","Rated VDC","Avg duty cycle","Target (Amps)","Series L","Max. Amps (phase)"
1, 0.00000, 11.6637, 1, 1.59269, 0, -3.09469, 1.59269, 0.0838257, 0, 0, 0.0838257, -6.99825, 1, 1, 9999, 9999, 9999, 9999, 9999, 9999, 9999, 9999, 1.59271, 9999, 4.6655, 0, 0, 0, 0, 0, 8000, 0, 0, 0, 0
2, 0.00000, 9.98724, 1, 1.63166, 0, -3.0947, 1.63166, 0.0858767, 0, 0, 0.0858767, -1.67651, 1, 1, 9999, 9999, 9999, 9999, 9999, 9999, 9999, 9999, 1.63167, 9999, 4.6655, 0, 0, 0, 0, 0, 8000, 0, 0, 0, 0
3, 0.00000, 8.2697, 1, 1.62988, 0, -3.0947, 1.62988, 0.0857831, 0, 0, 0.0857831, -1.71753, 1, 1, 9999, 9999, 9999, 9999, 9999, 9999, 9999, 9999, 1.62989, 9999, 4.6655, 0, 0, 0, 0, 0, 8000, 0, 0, 0, 0
4, 0.00000, 6.55404, 1, 0.907542, 0, -3.09468, 0.907542, 0.0477653, 0, 0, 0.0477653, -1.71566, 1, 1, 9999, 9999, 9999, 9999, 9999, 9999, 9999, 9999, 0.907626, 9999, 4.6655, 0, 0, 0, 0, 0, 8000, 0, 0, 0, 0
