hour,t(sec),kWh,State,kWOut,kWIn,kvarOut,DCkW,kWTotalLosses,kWInvLosses,kWIdlingLosses,kWChDchLosses,"kWh Chng",InvEff,InverterON,Vref,"Vavg (DRC)","VV Oper","VW Oper","DRC Oper","VV_DRC Oper","WP Oper","WV Oper",kWDesired,"kW VW Limit","Limit kWOut Function","kVA Exceeded","Grid voltage",di/dt,it,"it History","Rated VDC","Avg duty cycle","Target (Amps)","Series L","Max. Amps (phase)"
1, 0.00000, 5.83362, 1, 0.834649, 0, 1.54779, 0.834649, 0.0439289, 0, 0, 0.0439289, -3.50017, 1, 1, 9999, 9999, 9999, 9999, 9999, 9999, 9999, 9999, 0.834646, 9999, 2.3335, 0, 0, 0, 0, 0, 8000, 0, 0, 0, 0
2, 0.00000, 4.95505, 1, 0.806996, 0, 1.5478, 0.806996, 0.0424735, 0, 0, 0.0424735, -0.878578, 1, 1, 9999, 9999, 9999, 9999, 9999, 9999, 9999, 9999, 0.806994, 9999, 2.3335, 0, 0, 0, 0, 0, 8000, 0, 0, 0, 0
3, 0.00000, 4.10558, 1, 0.760468, 0, 1.54779, 0.760468, 0.0400246, 0, 0, 0.0400246, -0.84947, 1, 1, 9999, 9999, 9999, 9999, 9999, 9999, 9999, 9999, 0.760464, 9999, 2.3335, 0, 0, 0, 0, 0, 8000, 0, 0, 0, 0
4, 0.00000, 3.30508, 1, 0.479823, 0, 1.54777, 0.479823, 0.0252538, 0, 0, 0.0252538, -0.800493, 1, 1, 9999, 9999, 9999, 9999, 9999, 9999, 9999, 9999, 0.479791, 9999, 2.3335, 0, 0, 0, 0, 0, 8000, 0, 0, 0, 0
