hour,t(sec),kWh,State,kWOut,kWIn,kvarOut,DCkW,kWTotalLosses,kWInvLosses,kWIdlingLosses,kWChDchLosses,"kWh Chng",InvEff,InverterON,Vref,"Vavg (DRC)","VV Oper","VW Oper","DRC Oper","VV_DRC Oper","WP Oper","WV Oper",kWDesired,"kW VW Limit","Limit kWOut Function","kVA Exceeded","Grid voltage",di/dt,it,"it History","Rated VDC","Avg duty cycle","Target (Amps)","Series L","Max. Amps (phase)"
1, 0.00000, 11.6637, 1, 2.02305, 0, 0.975737, 2.02305, 0.106476, 0, 0, 0.106476, -6.99825, 1, 1, 9999, 9999, 9999, 9999, 9999, 9999, 9999, 9999, 2.02305, 9999, 4.6655, 0, 0, 0, 0, 0, 8000, 0, 0, 0, 0
2, 0.00000, 9.53422, 1, 1.31368, 0, 2.10288, 1.31368, 0.0691409, 0, 0, 0.0691409, -2.12953, 1, 1, 9999, 9999, 9999, 9999, 9999, 9999, 9999, 9999, 1.31366, 9999, 4.6655, 0, 0, 0, 0, 0, 8000, 0, 0, 0, 0
3, 0.00000, 8.15141, 1, 1.088, 0, 2.24199, 1.088, 0.057263, 0, 0, 0.057263, -1.38282, 1, 1, 9999, 9999, 9999, 9999, 9999, 9999, 9999, 9999, 1.08799, 9999, 4.6655, 0, 0, 0, 0, 0, 8000, 0, 0, 0, 0
4, 0.00000, 7.00615, 1, 0.839564, 0, 2.55459, 0.839564, 0.0441876, 0, 0, 0.0441876, -1.14526, 1, 1, 9999, 9999, 9999, 9999, 9999, 9999, 9999, 9999, 0.839557, 9999, 4.6655, 0, 0, 0, 0, 0, 8000, 0, 0, 0, 0
5, 0.00000, 6.12239, 1, 0.497536, 0, 2.18539, 0.497536, 0.0261861, 0, 0, 0.0261861, -0.883751, 1, 1, 9999, 9999, 9999, 9999, 9999, 9999, 9999, 9999, 0.497622, 9999, 4.6655, 0, 0, 0, 0, 0, 8000, 0, 0, 0, 0
