hour,t(sec),kWh,State,kWOut,kWIn,kvarOut,DCkW,kWTotalLosses,kWInvLosses,kWIdlingLosses,kWChDchLosses,"kWh Chng",InvEff,InverterON,Vref,"Vavg (DRC)","VV Oper","VW Oper","DRC Oper","VV_DRC Oper","WP Oper","WV Oper",kWDesired,"kW VW Limit","Limit kWOut Function","kVA Exceeded","Grid voltage",di/dt,it,"it History","Rated VDC","Avg duty cycle","Target (Amps)","Series L","Max. Amps (phase)"
1, 0.00000, 11.6637, 1, 1.88915, 0, 0.731902, 1.88915, 0.0994288, 0, 0, 0.0994288, -6.99825, 1, 1, 9999, 9999, 9999, 9999, 9999, 9999, 9999, 9999, 1.88915, 9999, 4.6655, 0, 0, 0, 0, 0, 8000, 0, 0, 0, 0
2, 0.00000, 9.67517, 1, 1.91313, 0, 0.733639, 1.91313, 0.100691, 0, 0, 0.100691, -1.98858, 1, 1, 9999, 9999, 9999, 9999, 9999, 9999, 9999, 9999, 1.91313, 9999, 4.6655, 0, 0, 0, 0, 0, 8000, 0, 0, 0, 0
3, 0.00000, 7.66135, 1, 1.95965, 0, 0.73719, 1.95965, 0.103139, 0, 0, 0.103139, -2.01383, 1, 1, 9999, 9999, 9999, 9999, 9999, 9999, 9999, 9999, 1.95965, 9999, 4.6655, 0, 0, 0, 0, 0, 8000, 0, 0, 0, 0
