hour,t(sec),kWh,State,kWOut,kWIn,kvarOut,DCkW,kWTotalLosses,kWInvLosses,kWIdlingLosses,kWChDchLosses,"kWh Chng",InvEff,InverterON,Vref,"Vavg (DRC)","VV Oper","VW Oper","DRC Oper","VV_DRC Oper","WP Oper","WV Oper",kWDesired,"kW VW Limit","Limit kWOut Function","kVA Exceeded","Grid voltage",di/dt,it,"it History","Rated VDC","Avg duty cycle","Target (Amps)","Series L","Max. Amps (phase)"
1, 0.00000, 71.4613, 1, 1.68815, 0, -18.9607, 1.68815, 0.0888502, 0, 0, 0.0888502, -42.8768, 1, 1, 9999, 9999, 9999, 9999, 9999, 9999, 9999, 9999, 1.68826, 9999, 28.5845, 0, 0, 0, 0, 0, 8000, 0, 0, 0, 0
2, 0.00000, 69.6842, 0, 0, 0.00115302, -18.9612, -0.00115302, 0.00115302, 0, 0.00115302, 0, -1.777, 1, 1, 9999, 9999, 9999, 9999, 9999, 9999, 9999, 9999, 0, 9999, 28.5845, 0, 0, 0, 0, 0, 8000, 0, 0, 0, 0
3, 0.00000, 69.6842, -1, 0, 0.00124901, -18.9611, -0.00124901, 0.0000624503, 0, 0, 0.0000624503, 0, 1, 1, 9999, 9999, 9999, 9999, 9999, 9999, 9999, 9999, -1.66576E-19, 9999, 28.5845, 0, 0, 0, 0, 0, 8000, 0, 0, 0, 0
4, 0.00000, 69.6854, -1, 0, 0.00151369, -18.9612, -0.00151369, 0.0000756843, 0, 0, 0.0000756843, 0.00118656, 1, 1, 9999, 9999, 9999, 9999, 9999, 9999, 9999, 9999, -6.58758E-20, 9999, 28.5845, 0, 0, 0, 0, 0, 8000, 0, 0, 0, 0
5, 0.00000, 69.6869, -1, 0, 0.00167075, -18.9615, -0.00167075, 0.0000835376, 0, 0, 0.0000835376, 0.001438, 1, 1, 9999, 9999, 9999, 9999, 9999, 9999, 9999, 9999, -2.43197E-19, 9999, 28.5845, 0, 0, 0, 0, 0, 8000, 0, 0, 0, 0
