hour,t(sec),kWh,State,kWOut,kWIn,kvarOut,DCkW,kWTotalLosses,kWInvLosses,kWIdlingLosses,kWChDchLosses,"kWh Chng",InvEff,InverterON,Vref,"Vavg (DRC)","VV Oper","VW Oper","DRC Oper","VV_DRC Oper","WP Oper","WV Oper",kWDesired,"kW VW Limit","Limit kWOut Function","kVA Exceeded","Grid voltage",di/dt,it,"it History","Rated VDC","Avg duty cycle","Target (Amps)","Series L","Max. Amps (phase)"
1, 0.00000, 11.6637, 1, 1.90704, 0, 3.09465, 1.90704, 0.100371, 0, 0, 0.100371, -6.99825, 1, 1, 9999, 9999, 9999, 9999, 9999, 9999, 9999, 9999, 1.90702, 9999, 4.6655, 0, 0, 0, 0, 0, 8000, 0, 0, 0, 0
2, 0.00000, 9.65634, 1, 1.9199, 0, 3.0947, 1.9199, 0.101047, 0, 0, 0.101047, -2.00741, 1, 1, 9999, 9999, 9999, 9999, 9999, 9999, 9999, 9999, 1.9199, 9999, 4.6655, 0, 0, 0, 0, 0, 8000, 0, 0, 0, 0
3, 0.00000, 7.63539, 1, 1.93502, 0, 3.0947, 1.93502, 0.101843, 0, 0, 0.101843, -2.02095, 1, 1, 9999, 9999, 9999, 9999, 9999, 9999, 9999, 9999, 1.93502, 9999, 4.6655, 0, 0, 0, 0, 0, 8000, 0, 0, 0, 0
