hour,t(sec),kWh,State,kWOut,kWIn,kvarOut,DCkW,kWTotalLosses,kWInvLosses,kWIdlingLosses,kWChDchLosses,"kWh Chng",InvEff,InverterON,Vref,"Vavg (DRC)","VV Oper","VW Oper","DRC Oper","VV_DRC Oper","WP Oper","WV Oper",kWDesired,"kW VW Limit","Limit kWOut Function","kVA Exceeded","Grid voltage",di/dt,it,"it History","Rated VDC","Avg duty cycle","Target (Amps)","Series L","Max. Amps (phase)"
1, 0.00000, 11.6637, 1, 1.90582, 0, 3.09467, 1.90582, 0.100306, 0, 0, 0.100306, -6.99825, 1, 1, 9999, 9999, 9999, 9999, 9999, 9999, 9999, 9999, 1.90581, 9999, 4.6655, 0, 0, 0, 0, 0, 8000, 0, 0, 0, 0
2, 0.00000, 9.65763, 1, 1.91738, 0, 3.0947, 1.91738, 0.100915, 0, 0, 0.100915, -2.00612, 1, 1, 9999, 9999, 9999, 9999, 9999, 9999, 9999, 9999, 1.91738, 9999, 4.6655, 0, 0, 0, 0, 0, 8000, 0, 0, 0, 0
3, 0.00000, 7.63933, 1, 1.9387, 0, 3.0947, 1.9387, 0.102037, 0, 0, 0.102037, -2.0183, 1, 1, 9999, 9999, 9999, 9999, 9999, 9999, 9999, 9999, 1.9387, 9999, 4.6655, 0, 0, 0, 0, 0, 8000, 0, 0, 0, 0
