hour,t(sec),kWh,State,kWOut,kWIn,kvarOut,DCkW,kWTotalLosses,kWInvLosses,kWIdlingLosses,kWChDchLosses,"kWh Chng",InvEff,InverterON,Vref,"Vavg (DRC)","VV Oper","VW Oper","DRC Oper","VV_DRC Oper","WP Oper","WV Oper",kWDesired,"kW VW Limit","Limit kWOut Function","kVA Exceeded","Grid voltage",di/dt,it,"it History","Rated VDC","Avg duty cycle","Target (Amps)","Series L","Max. Amps (phase)"
1, 0.00000, 11.6637, 1, 1.27585, 0, -3.09469, 1.27585, 0.0671502, 0, 0, 0.0671502, -6.99825, 1, 1, 9999, 9999, 9999, 9999, 9999, 9999, 9999, 9999, 1.27587, 9999, 4.6655, 0, 0, 0, 0, 0, 8000, 0, 0, 0, 0
2, 0.00000, 10.3207, 1, 1.69147, 0, -3.0947, 1.69147, 0.0890247, 0, 0, 0.0890247, -1.343, 1, 1, 9999, 9999, 9999, 9999, 9999, 9999, 9999, 9999, 1.69148, 9999, 4.6655, 0, 0, 0, 0, 0, 8000, 0, 0, 0, 0
3, 0.00000, 8.54025, 1, 2.03536, 0, -3.0947, 2.03536, 0.107124, 0, 0, 0.107124, -1.78049, 1, 1, 9999, 9999, 9999, 9999, 9999, 9999, 9999, 9999, 2.03537, 9999, 4.6655, 0, 0, 0, 0, 0, 8000, 0, 0, 0, 0
4, 0.00000, 6.39777, 1, 0.759082, 0, -3.09469, 0.759082, 0.0399517, 0, 0, 0.0399517, -2.14248, 1, 1, 9999, 9999, 9999, 9999, 9999, 9999, 9999, 9999, 0.75917, 9999, 4.6655, 0, 0, 0, 0, 0, 8000, 0, 0, 0, 0
