hour,t(sec),kWh,State,kWOut,kWIn,kvarOut,DCkW,kWTotalLosses,kWInvLosses,kWIdlingLosses,kWChDchLosses,"kWh Chng",InvEff,InverterON,Vref,"Vavg (DRC)","VV Oper","VW Oper","DRC Oper","VV_DRC Oper","WP Oper","WV Oper",kWDesired,"kW VW Limit","Limit kWOut Function","kVA Exceeded","Grid voltage",di/dt,it,"it History","Rated VDC","Avg duty cycle","Target (Amps)","Series L","Max. Amps (phase)"
1, 0.00000, 11.6637, 1, 1.51818, 0, 3.09449, 1.51818, 0.0799041, 0, 0, 0.0799041, -6.99825, 1, 1, 9999, 9999, 9999, 9999, 9999, 9999, 9999, 9999, 1.51806, 9999, 4.6655, 0, 0, 0, 0, 0, 8000, 0, 0, 0, 0
2, 0.00000, 10.0657, 1, 1.19476, 0, 3.09468, 1.19476, 0.062882, 0, 0, 0.062882, -1.59808, 1, 1, 9999, 9999, 9999, 9999, 9999, 9999, 9999, 9999, 1.19474, 9999, 4.6655, 0, 0, 0, 0, 0, 8000, 0, 0, 0, 0
3, 0.00000, 8.80803, 1, 1.13591, 0, 3.0947, 1.13591, 0.0597848, 0, 0, 0.0597848, -1.25764, 1, 1, 9999, 9999, 9999, 9999, 9999, 9999, 9999, 9999, 1.13591, 9999, 4.6655, 0, 0, 0, 0, 0, 8000, 0, 0, 0, 0
4, 0.00000, 7.61233, 1, 1.00668, 0, 3.0947, 1.00668, 0.052983, 0, 0, 0.052983, -1.1957, 1, 1, 9999, 9999, 9999, 9999, 9999, 9999, 9999, 9999, 1.00667, 9999, 4.6655, 0, 0, 0, 0, 0, 8000, 0, 0, 0, 0
5, 0.00000, 6.55267, 1, 0.422966, 0, 3.09473, 0.422966, 0.0222614, 0, 0, 0.0222614, -1.05966, 1, 1, 9999, 9999, 9999, 9999, 9999, 9999, 9999, 9999, 0.422993, 9999, 4.6655, 0, 0, 0, 0, 0, 8000, 0, 0, 0, 0
6, 0.00000, 6.10744, 1, 0.483556, 0, 3.09466, 0.483556, 0.0254503, 0, 0, 0.0254503, -0.445228, 1, 1, 9999, 9999, 9999, 9999, 9999, 9999, 9999, 9999, 0.483532, 9999, 4.6655, 0, 0, 0, 0, 0, 8000, 0, 0, 0, 0
