hour,t(sec),kWh,State,kWOut,kWIn,kvarOut,DCkW,kWTotalLosses,kWInvLosses,kWIdlingLosses,kWChDchLosses,"kWh Chng",InvEff,InverterON,Vref,"Vavg (DRC)","VV Oper","VW Oper","DRC Oper","VV_DRC Oper","WP Oper","WV Oper",kWDesired,"kW VW Limit","Limit kWOut Function","kVA Exceeded","Grid voltage",di/dt,it,"it History","Rated VDC","Avg duty cycle","Target (Amps)","Series L","Max. Amps (phase)"
1, 0.00000, 11.6637, 1, 1.17025, 0, 3.09468, 1.17025, 0.0615922, 0, 0, 0.0615922, -6.99825, 1, 1, 9999, 9999, 9999, 9999, 9999, 9999, 9999, 9999, 1.17025, 9999, 4.6655, 0, 0, 0, 0, 0, 8000, 0, 0, 0, 0
2, 0.00000, 10.4319, 1, 0.15681, 0, 3.09476, 0.15681, 0.00825317, 0, 0, 0.00825317, -1.23184, 1, 1, 9999, 9999, 9999, 9999, 9999, 9999, 9999, 9999, 0.156887, 9999, 4.6655, 0, 0, 0, 0, 0, 8000, 0, 0, 0, 0
3, 0.00000, 10.2668, 1, 0.0000846271, 0, 3.09476, 0.0000846271, 4.45406E-6, 0, 0, 4.45406E-6, -0.165063, 1, 1, 9999, 9999, 9999, 9999, 9999, 9999, 9999, 9999, 6.6642E-19, 9999, 4.6655, 0, 0, 0, 0, 0, 8000, 0, 0, 0, 0
4, 0.00000, 10.2668, 1, 0.000101561, 0, 3.09477, 0.000101561, 5.34533E-6, 0, 0, 5.34533E-6, -0.0000890811, 1, 1, 9999, 9999, 9999, 9999, 9999, 9999, 9999, 9999, 1.01825E-19, 9999, 4.6655, 0, 0, 0, 0, 0, 8000, 0, 0, 0, 0
5, 0.00000, 10.2666, -1, 0, 0.000164352, 3.09484, -0.000164352, 8.21758E-6, 0, 0, 8.21758E-6, -0.000106907, 1, 1, 9999, 9999, 9999, 9999, 9999, 9999, 9999, 9999, -2.7274E-19, 9999, 4.6655, 0, 0, 0, 0, 0, 8000, 0, 0, 0, 0
