hour,t(sec),kWh,State,kWOut,kWIn,kvarOut,DCkW,kWTotalLosses,kWInvLosses,kWIdlingLosses,kWChDchLosses,"kWh Chng",InvEff,InverterON,Vref,"Vavg (DRC)","VV Oper","VW Oper","DRC Oper","VV_DRC Oper","WP Oper","WV Oper",kWDesired,"kW VW Limit","Limit kWOut Function","kVA Exceeded","Grid voltage",di/dt,it,"it History","Rated VDC","Avg duty cycle","Target (Amps)","Series L","Max. Amps (phase)"
1, 0.00000, 40.8363, 1, 5.40053, 0, 10.835, 5.40053, 0.284238, 0, 0, 0.284238, -24.5018, 1, 1, 9999, 9999, 9999, 9999, 9999, 9999, 9999, 9999, 5.40051, 9999, 16.3345, 0, 0, 0, 0, 0, 8000, 0, 0, 0, 0
2, 0.00000, 35.1515, 1, 4.72101, 0, 10.8351, 4.72101, 0.248474, 0, 0, 0.248474, -5.68477, 1, 1, 9999, 9999, 9999, 9999, 9999, 9999, 9999, 9999, 4.721, 9999, 16.3345, 0, 0, 0, 0, 0, 8000, 0, 0, 0, 0
3, 0.00000, 30.182, 1, 3.95591, 0, 10.8351, 3.95591, 0.208206, 0, 0, 0.208206, -4.96948, 1, 1, 9999, 9999, 9999, 9999, 9999, 9999, 9999, 9999, 3.95589, 9999, 16.3345, 0, 0, 0, 0, 0, 8000, 0, 0, 0, 0
4, 0.00000, 26.0179, 1, 2.5946, 0, 10.8349, 2.5946, 0.136558, 0, 0, 0.136558, -4.16412, 1, 1, 9999, 9999, 9999, 9999, 9999, 9999, 9999, 9999, 2.59441, 9999, 16.3345, 0, 0, 0, 0, 0, 8000, 0, 0, 0, 0
