hour,t(sec),kWh,State,kWOut,kWIn,kvarOut,DCkW,kWTotalLosses,kWInvLosses,kWIdlingLosses,kWChDchLosses,"kWh Chng",InvEff,InverterON,Vref,"Vavg (DRC)","VV Oper","VW Oper","DRC Oper","VV_DRC Oper","WP Oper","WV Oper",kWDesired,"kW VW Limit","Limit kWOut Function","kVA Exceeded","Grid voltage",di/dt,it,"it History","Rated VDC","Avg duty cycle","Target (Amps)","Series L","Max. Amps (phase)"
1, 0.00000, 5.83362, 1, 1.15793, 0, 1.54778, 1.15793, 0.0609437, 0, 0, 0.0609437, -3.50017, 1, 1, 9999, 9999, 9999, 9999, 9999, 9999, 9999, 9999, 1.15793, 9999, 2.3335, 0, 0, 0, 0, 0, 8000, 0, 0, 0, 0
2, 0.00000, 4.61475, 1, 0.944601, 0, 1.5478, 0.944601, 0.0497158, 0, 0, 0.0497158, -1.21887, 1, 1, 9999, 9999, 9999, 9999, 9999, 9999, 9999, 9999, 0.944601, 9999, 2.3335, 0, 0, 0, 0, 0, 8000, 0, 0, 0, 0
3, 0.00000, 3.62043, 1, 0.779342, 0, 1.5478, 0.779342, 0.041018, 0, 0, 0.041018, -0.994317, 1, 1, 9999, 9999, 9999, 9999, 9999, 9999, 9999, 9999, 0.779342, 9999, 2.3335, 0, 0, 0, 0, 0, 8000, 0, 0, 0, 0
