hour,t(sec),kWh,State,kWOut,kWIn,kvarOut,DCkW,kWTotalLosses,kWInvLosses,kWIdlingLosses,kWChDchLosses,"kWh Chng",InvEff,InverterON,Vref,"Vavg (DRC)","VV Oper","VW Oper","DRC Oper","VV_DRC Oper","WP Oper","WV Oper",kWDesired,"kW VW Limit","Limit kWOut Function","kVA Exceeded","Grid voltage",di/dt,it,"it History","Rated VDC","Avg duty cycle","Target (Amps)","Series L","Max. Amps (phase)"
1, 0.00000, 5.83362, 1, 1.11989, 0, 1.54779, 1.11989, 0.0589418, 0, 0, 0.0589418, -3.50017, 1, 1, 9999, 9999, 9999, 9999, 9999, 9999, 9999, 9999, 1.11989, 9999, 2.3335, 0, 0, 0, 0, 0, 8000, 0, 0, 0, 0
2, 0.00000, 4.65479, 1, 0.716453, 0, 1.54784, 0.716453, 0.0377081, 0, 0, 0.0377081, -1.17884, 1, 1, 9999, 9999, 9999, 9999, 9999, 9999, 9999, 9999, 0.716478, 9999, 2.3335, 0, 0, 0, 0, 0, 8000, 0, 0, 0, 0
3, 0.00000, 3.90063, 1, 0.6001, 0, 1.54783, 0.6001, 0.0315842, 0, 0, 0.0315842, -0.754161, 1, 1, 9999, 9999, 9999, 9999, 9999, 9999, 9999, 9999, 0.60013, 9999, 2.3335, 0, 0, 0, 0, 0, 8000, 0, 0, 0, 0
4, 0.00000, 3.26894, 1, 0.445334, 0, 1.54784, 0.445334, 0.0234386, 0, 0, 0.0234386, -0.631685, 1, 1, 9999, 9999, 9999, 9999, 9999, 9999, 9999, 9999, 0.445372, 9999, 2.3335, 0, 0, 0, 0, 0, 8000, 0, 0, 0, 0
5, 0.00000, 2.80017, 1, 0.000059138, 0, 1.54784, 0.000059138, 3.11253E-6, 0, 0, 3.11253E-6, -0.468772, 1, 1, 9999, 9999, 9999, 9999, 9999, 9999, 9999, 9999, 1.199E-18, 9999, 2.3335, 0, 0, 0, 0, 0, 8000, 0, 0, 0, 0
