hour,t(sec),kWh,State,kWOut,kWIn,kvarOut,DCkW,kWTotalLosses,kWInvLosses,kWIdlingLosses,kWChDchLosses,"kWh Chng",InvEff,InverterON,Vref,"Vavg (DRC)","VV Oper","VW Oper","DRC Oper","VV_DRC Oper","WP Oper","WV Oper",kWDesired,"kW VW Limit","Limit kWOut Function","kVA Exceeded","Grid voltage",di/dt,it,"it History","Rated VDC","Avg duty cycle","Target (Amps)","Series L","Max. Amps (phase)"
1, 0.00000, 11.6637, 1, 0.985108, 0, -3.09469, 0.985108, 0.0518478, 0, 0, 0.0518478, -6.99825, 1, 1, 9999, 9999, 9999, 9999, 9999, 9999, 9999, 9999, 0.98512, 9999, 4.6655, 0, 0, 0, 0, 0, 8000, 0, 0, 0, 0
2, 0.00000, 10.6268, 1, 0.329762, 0, -3.09474, 0.329762, 0.0173559, 0, 0, 0.0173559, -1.03696, 1, 1, 9999, 9999, 9999, 9999, 9999, 9999, 9999, 9999, 0.329669, 9999, 4.6655, 0, 0, 0, 0, 0, 8000, 0, 0, 0, 0
3, 0.00000, 10.2797, 1, 0.202091, 0, -3.09474, 0.202091, 0.0106363, 0, 0, 0.0106363, -0.347118, 1, 1, 9999, 9999, 9999, 9999, 9999, 9999, 9999, 9999, 0.201993, 9999, 4.6655, 0, 0, 0, 0, 0, 8000, 0, 0, 0, 0
4, 0.00000, 10.0669, 1, 0.0000734089, 0, -1.97403, 0.0000734089, 3.86363E-6, 0, 0, 3.86363E-6, -0.212727, 1, 1, 9999, 9999, 9999, 9999, 9999, 9999, 9999, 9999, 1.20967E-18, 9999, 4.6655, 0, 0, 0, 0, 0, 8000, 0, 0, 0, 0
5, 0.00000, 10.0669, -1, 0, 0.000144414, -3.09479, -0.000144414, 7.22072E-6, 0, 0, 7.22072E-6, -0.0000772726, 1, 1, 9999, 9999, 9999, 9999, 9999, 9999, 9999, 9999, -5.31167E-19, 9999, 4.6655, 0, 0, 0, 0, 0, 8000, 0, 0, 0, 0
