hour,t(sec),kWh,State,kWOut,kWIn,kvarOut,DCkW,kWTotalLosses,kWInvLosses,kWIdlingLosses,kWChDchLosses,"kWh Chng",InvEff,InverterON,Vref,"Vavg (DRC)","VV Oper","VW Oper","DRC Oper","VV_DRC Oper","WP Oper","WV Oper",kWDesired,"kW VW Limit","Limit kWOut Function","kVA Exceeded","Grid voltage",di/dt,it,"it History","Rated VDC","Avg duty cycle","Target (Amps)","Series L","Max. Amps (phase)"
1, 0.00000, 5.83362, 1, 7.17155E-6, 0, -1.54779, 7.17155E-6, 3.7745E-7, 0, 0, 3.7745E-7, -3.50017, 1, 1, 9999, 9999, 9999, 9999, 9999, 9999, 9999, 9999, 2.39114E-18, 9999, 2.3335, 0, 0, 0, 0, 0, 8000, 0, 0, 0, 0
2, 0.00000, 5.83362, 1, 0.566976, 0, -1.5478, 0.566976, 0.0298409, 0, 0, 0.0298409, -7.549E-6, 1, 1, 9999, 9999, 9999, 9999, 9999, 9999, 9999, 9999, 0.566994, 9999, 2.3335, 0, 0, 0, 0, 0, 8000, 0, 0, 0, 0
3, 0.00000, 5.2368, 1, 0.845586, 0, -1.5478, 0.845586, 0.0445045, 0, 0, 0.0445045, -0.596817, 1, 1, 9999, 9999, 9999, 9999, 9999, 9999, 9999, 9999, 0.84559, 9999, 2.3335, 0, 0, 0, 0, 0, 8000, 0, 0, 0, 0
4, 0.00000, 4.34671, 1, 1.08208, 0, -1.5478, 1.08208, 0.0569517, 0, 0, 0.0569517, -0.890091, 1, 1, 9999, 9999, 9999, 9999, 9999, 9999, 9999, 9999, 1.08209, 9999, 2.3335, 0, 0, 0, 0, 0, 8000, 0, 0, 0, 0
5, 0.00000, 3.20767, 1, 0.387288, 0, -1.54782, 0.387288, 0.0203836, 0, 0, 0.0203836, -1.13903, 1, 1, 9999, 9999, 9999, 9999, 9999, 9999, 9999, 9999, 0.387198, 9999, 2.3335, 0, 0, 0, 0, 0, 8000, 0, 0, 0, 0
