hour,t(sec),kWh,State,kWOut,kWIn,kvarOut,DCkW,kWTotalLosses,kWInvLosses,kWIdlingLosses,kWChDchLosses,"kWh Chng",InvEff,InverterON,Vref,"Vavg (DRC)","VV Oper","VW Oper","DRC Oper","VV_DRC Oper","WP Oper","WV Oper",kWDesired,"kW VW Limit","Limit kWOut Function","kVA Exceeded","Grid voltage",di/dt,it,"it History","Rated VDC","Avg duty cycle","Target (Amps)","Series L","Max. Amps (phase)"
1, 0.00000, 11.6637, 1, 1.7543, 0, -3.0947, 1.7543, 0.0923316, 0, 0, 0.0923316, -6.99825, 1, 1, 9999, 9999, 9999, 9999, 9999, 9999, 9999, 9999, 1.75432, 9999, 4.6655, 0, 0, 0, 0, 0, 8000, 0, 0, 0, 0
2, 0.00000, 9.81712, 1, 1.6011, 0, -3.0947, 1.6011, 0.0842683, 0, 0, 0.0842683, -1.84663, 1, 1, 9999, 9999, 9999, 9999, 9999, 9999, 9999, 9999, 1.60111, 9999, 4.6655, 0, 0, 0, 0, 0, 8000, 0, 0, 0, 0
3, 0.00000, 8.13175, 1, 1.4182, 0, -3.0947, 1.4182, 0.0746423, 0, 0, 0.0746423, -1.68537, 1, 1, 9999, 9999, 9999, 9999, 9999, 9999, 9999, 9999, 1.41822, 9999, 4.6655, 0, 0, 0, 0, 0, 8000, 0, 0, 0, 0
4, 0.00000, 6.63891, 1, 0.988154, 0, -3.09471, 0.988154, 0.0520081, 0, 0, 0.0520081, -1.49285, 1, 1, 9999, 9999, 9999, 9999, 9999, 9999, 9999, 9999, 0.988246, 9999, 4.6655, 0, 0, 0, 0, 0, 8000, 0, 0, 0, 0
