hour,t(sec),kWh,State,kWOut,kWIn,kvarOut,DCkW,kWTotalLosses,kWInvLosses,kWIdlingLosses,kWChDchLosses,"kWh Chng",InvEff,InverterON,Vref,"Vavg (DRC)","VV Oper","VW Oper","DRC Oper","VV_DRC Oper","WP Oper","WV Oper",kWDesired,"kW VW Limit","Limit kWOut Function","kVA Exceeded","Grid voltage",di/dt,it,"it History","Rated VDC","Avg duty cycle","Target (Amps)","Series L","Max. Amps (phase)"
1, 0.00000, 11.6637, 1, 1.82375, 0, 3.09469, 1.82375, 0.0959866, 0, 0, 0.0959866, -6.99825, 1, 1, 9999, 9999, 9999, 9999, 9999, 9999, 9999, 9999, 1.82374, 9999, 4.6655, 0, 0, 0, 0, 0, 8000, 0, 0, 0, 0
2, 0.00000, 9.74402, 1, 1.59243, 0, 3.0947, 1.59243, 0.0838121, 0, 0, 0.0838121, -1.91973, 1, 1, 9999, 9999, 9999, 9999, 9999, 9999, 9999, 9999, 1.59243, 9999, 4.6655, 0, 0, 0, 0, 0, 8000, 0, 0, 0, 0
3, 0.00000, 8.06778, 1, 1.33583, 0, 3.09469, 1.33583, 0.0703068, 0, 0, 0.0703068, -1.67624, 1, 1, 9999, 9999, 9999, 9999, 9999, 9999, 9999, 9999, 1.33583, 9999, 4.6655, 0, 0, 0, 0, 0, 8000, 0, 0, 0, 0
4, 0.00000, 6.66164, 1, 1.00987, 0, 3.09467, 1.00987, 0.0531511, 0, 0, 0.0531511, -1.40614, 1, 1, 9999, 9999, 9999, 9999, 9999, 9999, 9999, 9999, 1.00985, 9999, 4.6655, 0, 0, 0, 0, 0, 8000, 0, 0, 0, 0
