hour,t(sec),kWh,State,kWOut,kWIn,kvarOut,DCkW,kWTotalLosses,kWInvLosses,kWIdlingLosses,kWChDchLosses,"kWh Chng",InvEff,InverterON,Vref,"Vavg (DRC)","VV Oper","VW Oper","DRC Oper","VV_DRC Oper","WP Oper","WV Oper",kWDesired,"kW VW Limit","Limit kWOut Function","kVA Exceeded","Grid voltage",di/dt,it,"it History","Rated VDC","Avg duty cycle","Target (Amps)","Series L","Max. Amps (phase)"
1, 0.00000, 5.83362, 1, 0.357809, 0, -1.54779, 0.357809, 0.018832, 0, 0, 0.018832, -3.50017, 1, 1, 9999, 9999, 9999, 9999, 9999, 9999, 9999, 9999, 0.357819, 9999, 2.3335, 0, 0, 0, 0, 0, 8000, 0, 0, 0, 0
2, 0.00000, 5.45698, 1, 0.67319, 0, -1.54778, 0.67319, 0.0354311, 0, 0, 0.0354311, -0.376641, 1, 1, 9999, 9999, 9999, 9999, 9999, 9999, 9999, 9999, 0.673075, 9999, 2.3335, 0, 0, 0, 0, 0, 8000, 0, 0, 0, 0
3, 0.00000, 4.74836, 1, 0.812392, 0, -1.54776, 0.812392, 0.0427575, 0, 0, 0.0427575, -0.708621, 1, 1, 9999, 9999, 9999, 9999, 9999, 9999, 9999, 9999, 0.812268, 9999, 2.3335, 0, 0, 0, 0, 0, 8000, 0, 0, 0, 0
4, 0.00000, 3.89321, 1, 0.640085, 0, -1.54777, 0.640085, 0.0336887, 0, 0, 0.0336887, -0.855149, 1, 1, 9999, 9999, 9999, 9999, 9999, 9999, 9999, 9999, 0.639939, 9999, 2.3335, 0, 0, 0, 0, 0, 8000, 0, 0, 0, 0
5, 0.00000, 3.21944, 1, 0.00014673, 0, -1.54785, 0.00014673, 7.72264E-6, 0, 0, 7.72264E-6, -0.673774, 1, 1, 9999, 9999, 9999, 9999, 9999, 9999, 9999, 9999, 4.27894E-20, 9999, 2.3335, 0, 0, 0, 0, 0, 8000, 0, 0, 0, 0
