hour,t(sec),kWh,State,kWOut,kWIn,kvarOut,DCkW,kWTotalLosses,kWInvLosses,kWIdlingLosses,kWChDchLosses,"kWh Chng",InvEff,InverterON,Vref,"Vavg (DRC)","VV Oper","VW Oper","DRC Oper","VV_DRC Oper","WP Oper","WV Oper",kWDesired,"kW VW Limit","Limit kWOut Function","kVA Exceeded","Grid voltage",di/dt,it,"it History","Rated VDC","Avg duty cycle","Target (Amps)","Series L","Max. Amps (phase)"
1, 0.00000, 11.6637, 1, 1.32638, 0, -3.09469, 1.32638, 0.0698095, 0, 0, 0.0698095, -6.99825, 1, 1, 9999, 9999, 9999, 9999, 9999, 9999, 9999, 9999, 1.3264, 9999, 4.6655, 0, 0, 0, 0, 0, 8000, 0, 0, 0, 0
2, 0.00000, 10.2676, 1, 1.57135, 0, -3.0947, 1.57135, 0.0827026, 0, 0, 0.0827026, -1.39619, 1, 1, 9999, 9999, 9999, 9999, 9999, 9999, 9999, 9999, 1.57115, 9999, 4.6655, 0, 0, 0, 0, 0, 8000, 0, 0, 0, 0
3, 0.00000, 8.61351, 1, 1.59567, 0, -3.09468, 1.59567, 0.0839825, 0, 0, 0.0839825, -1.65405, 1, 1, 9999, 9999, 9999, 9999, 9999, 9999, 9999, 9999, 1.59546, 9999, 4.6655, 0, 0, 0, 0, 0, 8000, 0, 0, 0, 0
4, 0.00000, 6.93386, 1, 1.26912, 0, -3.0868, 1.26912, 0.0667955, 0, 0, 0.0667955, -1.67965, 1, 1, 9999, 9999, 9999, 9999, 9999, 9999, 9999, 9999, 1.26888, 9999, 4.6655, 0, 0, 0, 0, 0, 8000, 0, 0, 0, 0
5, 0.00000, 5.5986, -1, 0, 0.000237003, -3.09483, -0.000237003, 0.0000118501, 0, 0, 0.0000118501, -1.33526, 1, 1, 9999, 9999, 9999, 9999, 9999, 9999, 9999, 9999, -2.11949E-18, 9999, 4.6655, 0, 0, 0, 0, 0, 8000, 0, 0, 0, 0
