hour,t(sec),kWh,State,kWOut,kWIn,kvarOut,DCkW,kWTotalLosses,kWInvLosses,kWIdlingLosses,kWChDchLosses,"kWh Chng",InvEff,InverterON,Vref,"Vavg (DRC)","VV Oper","VW Oper","DRC Oper","VV_DRC Oper","WP Oper","WV Oper",kWDesired,"kW VW Limit","Limit kWOut Function","kVA Exceeded","Grid voltage",di/dt,it,"it History","Rated VDC","Avg duty cycle","Target (Amps)","Series L","Max. Amps (phase)"
1, 0.00000, 5.83362, 1, 0.723341, 0, 1.54779, 0.723341, 0.0380706, 0, 0, 0.0380706, -3.50017, 1, 1, 9999, 9999, 9999, 9999, 9999, 9999, 9999, 9999, 0.723338, 9999, 2.3335, 0, 0, 0, 0, 0, 8000, 0, 0, 0, 0
2, 0.00000, 5.07221, 1, 0.824007, 0, 1.5478, 0.824007, 0.0433688, 0, 0, 0.0433688, -0.761411, 1, 1, 9999, 9999, 9999, 9999, 9999, 9999, 9999, 9999, 0.824006, 9999, 2.3335, 0, 0, 0, 0, 0, 8000, 0, 0, 0, 0
3, 0.00000, 4.20484, 1, 0.880011, 0, 1.5478, 0.880011, 0.0463164, 0, 0, 0.0463164, -0.867375, 1, 1, 9999, 9999, 9999, 9999, 9999, 9999, 9999, 9999, 0.88001, 9999, 2.3335, 0, 0, 0, 0, 0, 8000, 0, 0, 0, 0
4, 0.00000, 3.27851, 1, 0.454538, 0, 1.54778, 0.454538, 0.023923, 0, 0, 0.023923, -0.926328, 1, 1, 9999, 9999, 9999, 9999, 9999, 9999, 9999, 9999, 0.454519, 9999, 2.3335, 0, 0, 0, 0, 0, 8000, 0, 0, 0, 0
