hour,t(sec),kWh,State,kWOut,kWIn,kvarOut,DCkW,kWTotalLosses,kWInvLosses,kWIdlingLosses,kWChDchLosses,"kWh Chng",InvEff,InverterON,Vref,"Vavg (DRC)","VV Oper","VW Oper","DRC Oper","VV_DRC Oper","WP Oper","WV Oper",kWDesired,"kW VW Limit","Limit kWOut Function","kVA Exceeded","Grid voltage",di/dt,it,"it History","Rated VDC","Avg duty cycle","Target (Amps)","Series L","Max. Amps (phase)"
1, 0.00000, 11.6637, 1, 1.10561, 0, -3.09469, 1.10561, 0.0581901, 0, 0, 0.0581901, -6.99825, 1, 1, 9999, 9999, 9999, 9999, 9999, 9999, 9999, 9999, 1.10563, 9999, 4.6655, 0, 0, 0, 0, 0, 8000, 0, 0, 0, 0
2, 0.00000, 10.4999, 1, 1.29292, 0, -3.0947, 1.29292, 0.0680483, 0, 0, 0.0680483, -1.1638, 1, 1, 9999, 9999, 9999, 9999, 9999, 9999, 9999, 9999, 1.29295, 9999, 4.6655, 0, 0, 0, 0, 0, 8000, 0, 0, 0, 0
3, 0.00000, 9.13898, 1, 1.35919, 0, -3.0947, 1.35919, 0.0715365, 0, 0, 0.0715365, -1.36097, 1, 1, 9999, 9999, 9999, 9999, 9999, 9999, 9999, 9999, 1.3592, 9999, 4.6655, 0, 0, 0, 0, 0, 8000, 0, 0, 0, 0
4, 0.00000, 7.70825, 1, 1.37734, 0, -3.0947, 1.37734, 0.0724913, 0, 0, 0.0724913, -1.43073, 1, 1, 9999, 9999, 9999, 9999, 9999, 9999, 9999, 9999, 1.37735, 9999, 4.6655, 0, 0, 0, 0, 0, 8000, 0, 0, 0, 0
5, 0.00000, 6.25843, 1, 0.626928, 0, -3.09476, 0.626928, 0.0329962, 0, 0, 0.0329962, -1.44983, 1, 1, 9999, 9999, 9999, 9999, 9999, 9999, 9999, 9999, 0.626763, 9999, 4.6655, 0, 0, 0, 0, 0, 8000, 0, 0, 0, 0
