hour,t(sec),kWh,State,kWOut,kWIn,kvarOut,DCkW,kWTotalLosses,kWInvLosses,kWIdlingLosses,kWChDchLosses,"kWh Chng",InvEff,InverterON,Vref,"Vavg (DRC)","VV Oper","VW Oper","DRC Oper","VV_DRC Oper","WP Oper","WV Oper",kWDesired,"kW VW Limit","Limit kWOut Function","kVA Exceeded","Grid voltage",di/dt,it,"it History","Rated VDC","Avg duty cycle","Target (Amps)","Series L","Max. Amps (phase)"
1, 0.00000, 11.6637, 1, 0.808019, 0, 3.0947, 0.808019, 0.0425273, 0, 0, 0.0425273, -6.99825, 1, 1, 9999, 9999, 9999, 9999, 9999, 9999, 9999, 9999, 0.808018, 9999, 4.6655, 0, 0, 0, 0, 0, 8000, 0, 0, 0, 0
2, 0.00000, 10.8132, 1, 0.757258, 0, 3.0947, 0.757258, 0.0398557, 0, 0, 0.0398557, -0.850547, 1, 1, 9999, 9999, 9999, 9999, 9999, 9999, 9999, 9999, 0.757257, 9999, 4.6655, 0, 0, 0, 0, 0, 8000, 0, 0, 0, 0
3, 0.00000, 10.0161, 1, 0.745875, 0, 3.0947, 0.745875, 0.0392566, 0, 0, 0.0392566, -0.797114, 1, 1, 9999, 9999, 9999, 9999, 9999, 9999, 9999, 9999, 0.745874, 9999, 4.6655, 0, 0, 0, 0, 0, 8000, 0, 0, 0, 0
4, 0.00000, 9.23096, 1, 0.354569, 0, 3.09469, 0.354569, 0.0186615, 0, 0, 0.0186615, -0.785131, 1, 1, 9999, 9999, 9999, 9999, 9999, 9999, 9999, 9999, 0.354559, 9999, 4.6655, 0, 0, 0, 0, 0, 8000, 0, 0, 0, 0
