hour,t(sec),kWh,State,kWOut,kWIn,kvarOut,DCkW,kWTotalLosses,kWInvLosses,kWIdlingLosses,kWChDchLosses,"kWh Chng",InvEff,InverterON,Vref,"Vavg (DRC)","VV Oper","VW Oper","DRC Oper","VV_DRC Oper","WP Oper","WV Oper",kWDesired,"kW VW Limit","Limit kWOut Function","kVA Exceeded","Grid voltage",di/dt,it,"it History","Rated VDC","Avg duty cycle","Target (Amps)","Series L","Max. Amps (phase)"
1, 0.00000, 11.6637, 1, 1.88992, 0, 3.09465, 1.88992, 0.0994694, 0, 0, 0.0994694, -6.99825, 1, 1, 9999, 9999, 9999, 9999, 9999, 9999, 9999, 9999, 1.8899, 9999, 4.6655, 0, 0, 0, 0, 0, 8000, 0, 0, 0, 0
2, 0.00000, 9.67436, 1, 1.91393, 0, 3.0947, 1.91393, 0.100733, 0, 0, 0.100733, -1.98939, 1, 1, 9999, 9999, 9999, 9999, 9999, 9999, 9999, 9999, 1.91393, 9999, 4.6655, 0, 0, 0, 0, 0, 8000, 0, 0, 0, 0
3, 0.00000, 7.6597, 1, 1.95806, 0, 3.0947, 1.95806, 0.103056, 0, 0, 0.103056, -2.01466, 1, 1, 9999, 9999, 9999, 9999, 9999, 9999, 9999, 9999, 1.95806, 9999, 4.6655, 0, 0, 0, 0, 0, 8000, 0, 0, 0, 0
