hour,t(sec),kWh,State,kWOut,kWIn,kvarOut,DCkW,kWTotalLosses,kWInvLosses,kWIdlingLosses,kWChDchLosses,"kWh Chng",InvEff,InverterON,Vref,"Vavg (DRC)","VV Oper","VW Oper","DRC Oper","VV_DRC Oper","WP Oper","WV Oper",kWDesired,"kW VW Limit","Limit kWOut Function","kVA Exceeded","Grid voltage",di/dt,it,"it History","Rated VDC","Avg duty cycle","Target (Amps)","Series L","Max. Amps (phase)"
1, 0.00000, 5.83362, 1, 0.855611, 0, 1.54761, 0.855611, 0.0450322, 0, 0, 0.0450322, -3.50017, 1, 1, 9999, 9999, 9999, 9999, 9999, 9999, 9999, 9999, 0.855531, 9999, 2.3335, 0, 0, 0, 0, 0, 8000, 0, 0, 0, 0
2, 0.00000, 4.93298, 1, 0.604808, 0, 1.54779, 0.604808, 0.031832, 0, 0, 0.031832, -0.900643, 1, 1, 9999, 9999, 9999, 9999, 9999, 9999, 9999, 9999, 0.604797, 9999, 2.3335, 0, 0, 0, 0, 0, 8000, 0, 0, 0, 0
3, 0.00000, 4.29634, 1, 0.532482, 0, 1.5478, 0.532482, 0.0280254, 0, 0, 0.0280254, -0.63664, 1, 1, 9999, 9999, 9999, 9999, 9999, 9999, 9999, 9999, 0.532481, 9999, 2.3335, 0, 0, 0, 0, 0, 8000, 0, 0, 0, 0
4, 0.00000, 3.73583, 1, 0.444301, 0, 1.5478, 0.444301, 0.0233842, 0, 0, 0.0233842, -0.560508, 1, 1, 9999, 9999, 9999, 9999, 9999, 9999, 9999, 9999, 0.444298, 9999, 2.3335, 0, 0, 0, 0, 0, 8000, 0, 0, 0, 0
5, 0.00000, 3.26815, 1, 0.205981, 0, 1.54784, 0.205981, 0.0108411, 0, 0, 0.0108411, -0.467685, 1, 1, 9999, 9999, 9999, 9999, 9999, 9999, 9999, 9999, 0.206006, 9999, 2.3335, 0, 0, 0, 0, 0, 8000, 0, 0, 0, 0
6, 0.00000, 3.05133, 1, 0.238785, 0, 1.54776, 0.238785, 0.0125676, 0, 0, 0.0125676, -0.216822, 1, 1, 9999, 9999, 9999, 9999, 9999, 9999, 9999, 9999, 0.238764, 9999, 2.3335, 0, 0, 0, 0, 0, 8000, 0, 0, 0, 0
