hour,t(sec),kWh,State,kWOut,kWIn,kvarOut,DCkW,kWTotalLosses,kWInvLosses,kWIdlingLosses,kWChDchLosses,"kWh Chng",InvEff,InverterON,Vref,"Vavg (DRC)","VV Oper","VW Oper","DRC Oper","VV_DRC Oper","WP Oper","WV Oper",kWDesired,"kW VW Limit","Limit kWOut Function","kVA Exceeded","Grid voltage",di/dt,it,"it History","Rated VDC","Avg duty cycle","Target (Amps)","Series L","Max. Amps (phase)"
1, 0.00000, 5.83362, 1, 0.963505, 0, 1.54778, 0.963505, 0.0507108, 0, 0, 0.0507108, -3.50017, 1, 1, 9999, 9999, 9999, 9999, 9999, 9999, 9999, 9999, 0.963502, 9999, 2.3335, 0, 0, 0, 0, 0, 8000, 0, 0, 0, 0
2, 0.00000, 4.81941, 1, 0.958812, 0, 1.5478, 0.958812, 0.0504638, 0, 0, 0.0504638, -1.01422, 1, 1, 9999, 9999, 9999, 9999, 9999, 9999, 9999, 9999, 0.958812, 9999, 2.3335, 0, 0, 0, 0, 0, 8000, 0, 0, 0, 0
3, 0.00000, 3.81013, 1, 0.959559, 0, 1.5478, 0.959559, 0.0505031, 0, 0, 0.0505031, -1.00928, 1, 1, 9999, 9999, 9999, 9999, 9999, 9999, 9999, 9999, 0.959559, 9999, 2.3335, 0, 0, 0, 0, 0, 8000, 0, 0, 0, 0
