hour,t(sec),kWh,State,kWOut,kWIn,kvarOut,DCkW,kWTotalLosses,kWInvLosses,kWIdlingLosses,kWChDchLosses,"kWh Chng",InvEff,InverterON,Vref,"Vavg (DRC)","VV Oper","VW Oper","DRC Oper","VV_DRC Oper","WP Oper","WV Oper",kWDesired,"kW VW Limit","Limit kWOut Function","kVA Exceeded","Grid voltage",di/dt,it,"it History","Rated VDC","Avg duty cycle","Target (Amps)","Series L","Max. Amps (phase)"
1, 0.00000, 5.83362, 1, 0.983384, 0, 1.54779, 0.983384, 0.0517571, 0, 0, 0.0517571, -3.50017, 1, 1, 9999, 9999, 9999, 9999, 9999, 9999, 9999, 9999, 0.983384, 9999, 2.3335, 0, 0, 0, 0, 0, 8000, 0, 0, 0, 0
2, 0.00000, 4.79848, 1, 0.649207, 0, 1.54779, 0.649207, 0.0341688, 0, 0, 0.0341688, -1.03514, 1, 1, 9999, 9999, 9999, 9999, 9999, 9999, 9999, 9999, 0.649203, 9999, 2.3335, 0, 0, 0, 0, 0, 8000, 0, 0, 0, 0
3, 0.00000, 4.11511, 1, 0.550404, 0, 1.5478, 0.550404, 0.0289686, 0, 0, 0.0289686, -0.683376, 1, 1, 9999, 9999, 9999, 9999, 9999, 9999, 9999, 9999, 0.550403, 9999, 2.3335, 0, 0, 0, 0, 0, 8000, 0, 0, 0, 0
4, 0.00000, 3.53573, 1, 0.435013, 0, 1.5478, 0.435013, 0.0228954, 0, 0, 0.0228954, -0.579372, 1, 1, 9999, 9999, 9999, 9999, 9999, 9999, 9999, 9999, 0.435011, 9999, 2.3335, 0, 0, 0, 0, 0, 8000, 0, 0, 0, 0
5, 0.00000, 3.07783, 1, 0.263818, 0, 1.54787, 0.263818, 0.0138852, 0, 0, 0.0138852, -0.457909, 1, 1, 9999, 9999, 9999, 9999, 9999, 9999, 9999, 9999, 0.263872, 9999, 2.3335, 0, 0, 0, 0, 0, 8000, 0, 0, 0, 0
