hour,t(sec),kWh,State,kWOut,kWIn,kvarOut,DCkW,kWTotalLosses,kWInvLosses,kWIdlingLosses,kWChDchLosses,"kWh Chng",InvEff,InverterON,Vref,"Vavg (DRC)","VV Oper","VW Oper","DRC Oper","VV_DRC Oper","WP Oper","WV Oper",kWDesired,"kW VW Limit","Limit kWOut Function","kVA Exceeded","Grid voltage",di/dt,it,"it History","Rated VDC","Avg duty cycle","Target (Amps)","Series L","Max. Amps (phase)"
1, 0.00000, 11.6637, 1, 1.98577, 0, 3.09439, 1.98577, 0.104514, 0, 0, 0.104514, -6.99825, 1, 1, 9999, 9999, 9999, 9999, 9999, 9999, 9999, 9999, 1.98564, 9999, 4.6655, 0, 0, 0, 0, 0, 8000, 0, 0, 0, 0
2, 0.00000, 9.57346, 1, 1.218, 0, 3.09468, 1.218, 0.0641051, 0, 0, 0.0641051, -2.09029, 1, 1, 9999, 9999, 9999, 9999, 9999, 9999, 9999, 9999, 1.21798, 9999, 4.6655, 0, 0, 0, 0, 0, 8000, 0, 0, 0, 0
3, 0.00000, 8.29136, 1, 0.985122, 0, 3.0947, 0.985122, 0.0518485, 0, 0, 0.0518485, -1.2821, 1, 1, 9999, 9999, 9999, 9999, 9999, 9999, 9999, 9999, 0.98512, 9999, 4.6655, 0, 0, 0, 0, 0, 8000, 0, 0, 0, 0
4, 0.00000, 7.25439, 1, 0.72059, 0, 3.09469, 0.72059, 0.0379258, 0, 0, 0.0379258, -1.03697, 1, 1, 9999, 9999, 9999, 9999, 9999, 9999, 9999, 9999, 0.720586, 9999, 4.6655, 0, 0, 0, 0, 0, 8000, 0, 0, 0, 0
5, 0.00000, 6.49588, 1, 0.391241, 0, 3.09475, 0.391241, 0.0205916, 0, 0, 0.0205916, -0.758516, 1, 1, 9999, 9999, 9999, 9999, 9999, 9999, 9999, 9999, 0.391277, 9999, 4.6655, 0, 0, 0, 0, 0, 8000, 0, 0, 0, 0
6, 0.00000, 6.08404, 1, 0.461352, 0, 3.09465, 0.461352, 0.0242817, 0, 0, 0.0242817, -0.411833, 1, 1, 9999, 9999, 9999, 9999, 9999, 9999, 9999, 9999, 0.46132, 9999, 4.6655, 0, 0, 0, 0, 0, 8000, 0, 0, 0, 0
