hour,t(sec),kWh,State,kWOut,kWIn,kvarOut,DCkW,kWTotalLosses,kWInvLosses,kWIdlingLosses,kWChDchLosses,"kWh Chng",InvEff,InverterON,Vref,"Vavg (DRC)","VV Oper","VW Oper","DRC Oper","VV_DRC Oper","WP Oper","WV Oper",kWDesired,"kW VW Limit","Limit kWOut Function","kVA Exceeded","Grid voltage",di/dt,it,"it History","Rated VDC","Avg duty cycle","Target (Amps)","Series L","Max. Amps (phase)"
1, 0.00000, 11.6637, 1, 1.52662, 0, -3.09469, 1.52662, 0.0803485, 0, 0, 0.0803485, -6.99825, 1, 1, 9999, 9999, 9999, 9999, 9999, 9999, 9999, 9999, 1.52664, 9999, 4.6655, 0, 0, 0, 0, 0, 8000, 0, 0, 0, 0
2, 0.00000, 10.0568, 1, 0.626228, 0, -3.09471, 0.626228, 0.0329594, 0, 0, 0.0329594, -1.60697, 1, 1, 9999, 9999, 9999, 9999, 9999, 9999, 9999, 9999, 0.626017, 9999, 4.6655, 0, 0, 0, 0, 0, 8000, 0, 0, 0, 0
3, 0.00000, 9.39759, 1, 0.33821, 0, -3.09472, 0.33821, 0.0178005, 0, 0, 0.0178005, -0.659188, 1, 1, 9999, 9999, 9999, 9999, 9999, 9999, 9999, 9999, 0.337987, 9999, 4.6655, 0, 0, 0, 0, 0, 8000, 0, 0, 0, 0
4, 0.00000, 9.04158, 1, 0.000261456, 0, -3.09475, 0.000261456, 0.0000137609, 0, 0, 0.0000137609, -0.35601, 1, 1, 9999, 9999, 9999, 9999, 9999, 9999, 9999, 9999, 3.9737E-20, 9999, 4.6655, 0, 0, 0, 0, 0, 8000, 0, 0, 0, 0
5, 0.00000, 9.04131, 0, 0, 0.000289673, -3.09479, -0.000289673, 0.000289673, 0, 0.000289673, 0, -0.000275217, 1, 1, 9999, 9999, 9999, 9999, 9999, 9999, 9999, 9999, 0, 9999, 4.6655, 0, 0, 0, 0, 0, 8000, 0, 0, 0, 0
