hour,t(sec),kWh,State,kWOut,kWIn,kvarOut,DCkW,kWTotalLosses,kWInvLosses,kWIdlingLosses,kWChDchLosses,"kWh Chng",InvEff,InverterON,Vref,"Vavg (DRC)","VV Oper","VW Oper","DRC Oper","VV_DRC Oper","WP Oper","WV Oper",kWDesired,"kW VW Limit","Limit kWOut Function","kVA Exceeded","Grid voltage",di/dt,it,"it History","Rated VDC","Avg duty cycle","Target (Amps)","Series L","Max. Amps (phase)"
1, 0.00000, 5.83362, 1, 0.889695, 0, 1.54779, 0.889695, 0.046826, 0, 0, 0.046826, -3.50017, 1, 1, 9999, 9999, 9999, 9999, 9999, 9999, 9999, 9999, 0.889694, 9999, 2.3335, 0, 0, 0, 0, 0, 8000, 0, 0, 0, 0
2, 0.00000, 4.8971, 1, 0.795678, 0, 1.5478, 0.795678, 0.0418778, 0, 0, 0.0418778, -0.936521, 1, 1, 9999, 9999, 9999, 9999, 9999, 9999, 9999, 9999, 0.795677, 9999, 2.3335, 0, 0, 0, 0, 0, 8000, 0, 0, 0, 0
3, 0.00000, 4.05955, 1, 0.690088, 0, 1.5478, 0.690088, 0.0363204, 0, 0, 0.0363204, -0.837555, 1, 1, 9999, 9999, 9999, 9999, 9999, 9999, 9999, 9999, 0.690086, 9999, 2.3335, 0, 0, 0, 0, 0, 8000, 0, 0, 0, 0
4, 0.00000, 3.33314, 1, 0.50643, 0, 1.54778, 0.50643, 0.0266542, 0, 0, 0.0266542, -0.726408, 1, 1, 9999, 9999, 9999, 9999, 9999, 9999, 9999, 9999, 0.506416, 9999, 2.3335, 0, 0, 0, 0, 0, 8000, 0, 0, 0, 0
