hour,t(sec),kWh,State,kWOut,kWIn,kvarOut,DCkW,kWTotalLosses,kWInvLosses,kWIdlingLosses,kWChDchLosses,"kWh Chng",InvEff,InverterON,Vref,"Vavg (DRC)","VV Oper","VW Oper","DRC Oper","VV_DRC Oper","WP Oper","WV Oper",kWDesired,"kW VW Limit","Limit kWOut Function","kVA Exceeded","Grid voltage",di/dt,it,"it History","Rated VDC","Avg duty cycle","Target (Amps)","Series L","Max. Amps (phase)"
1, 0.00000, 11.6637, 1, 0.66017, 0, 3.0947, 0.66017, 0.0347458, 0, 0, 0.0347458, -6.99825, 1, 1, 9999, 9999, 9999, 9999, 9999, 9999, 9999, 9999, 0.660168, 9999, 4.6655, 0, 0, 0, 0, 0, 8000, 0, 0, 0, 0
2, 0.00000, 10.9688, 1, 0.608408, 0, 3.09472, 0.608408, 0.0320215, 0, 0, 0.0320215, -0.694916, 1, 1, 9999, 9999, 9999, 9999, 9999, 9999, 9999, 9999, 0.608428, 9999, 4.6655, 0, 0, 0, 0, 0, 8000, 0, 0, 0, 0
3, 0.00000, 10.3284, 1, 0.68758, 0, 3.09472, 0.68758, 0.0361884, 0, 0, 0.0361884, -0.640429, 1, 1, 9999, 9999, 9999, 9999, 9999, 9999, 9999, 9999, 0.687601, 9999, 4.6655, 0, 0, 0, 0, 0, 8000, 0, 0, 0, 0
4, 0.00000, 9.60464, 1, 0.75042, 0, 3.09472, 0.75042, 0.0394958, 0, 0, 0.0394958, -0.723768, 1, 1, 9999, 9999, 9999, 9999, 9999, 9999, 9999, 9999, 0.750446, 9999, 4.6655, 0, 0, 0, 0, 0, 8000, 0, 0, 0, 0
5, 0.00000, 8.81472, -1, 0, 0.0000392341, 3.09473, -0.0000392341, 1.96171E-6, 0, 0, 1.96171E-6, -0.789916, 1, 1, 9999, 9999, 9999, 9999, 9999, 9999, 9999, 9999, -7.94908E-19, 9999, 4.6655, 0, 0, 0, 0, 0, 8000, 0, 0, 0, 0
