hour,t(sec),kWh,State,kWOut,kWIn,kvarOut,DCkW,kWTotalLosses,kWInvLosses,kWIdlingLosses,kWChDchLosses,"kWh Chng",InvEff,InverterON,Vref,"Vavg (DRC)","VV Oper","VW Oper","DRC Oper","VV_DRC Oper","WP Oper","WV Oper",kWDesired,"kW VW Limit","Limit kWOut Function","kVA Exceeded","Grid voltage",di/dt,it,"it History","Rated VDC","Avg duty cycle","Target (Amps)","Series L","Max. Amps (phase)"
1, 0.00000, 11.6637, 1, 1.83931, 0, -3.0947, 1.83931, 0.0968056, 0, 0, 0.0968056, -6.99825, 1, 1, 9999, 9999, 9999, 9999, 9999, 9999, 9999, 9999, 1.83933, 9999, 4.6655, 0, 0, 0, 0, 0, 8000, 0, 0, 0, 0
2, 0.00000, 9.72764, 1, 1.28662, 0, -3.09471, 1.28662, 0.0677167, 0, 0, 0.0677167, -1.93611, 1, 1, 9999, 9999, 9999, 9999, 9999, 9999, 9999, 9999, 1.28665, 9999, 4.6655, 0, 0, 0, 0, 0, 8000, 0, 0, 0, 0
3, 0.00000, 8.3733, 1, 1.13362, 0, -3.0947, 1.13362, 0.059664, 0, 0, 0.059664, -1.35433, 1, 1, 9999, 9999, 9999, 9999, 9999, 9999, 9999, 9999, 1.13362, 9999, 4.6655, 0, 0, 0, 0, 0, 8000, 0, 0, 0, 0
4, 0.00000, 7.18003, 1, 0.9573, 0, -3.0947, 0.9573, 0.0503842, 0, 0, 0.0503842, -1.19328, 1, 1, 9999, 9999, 9999, 9999, 9999, 9999, 9999, 9999, 0.957314, 9999, 4.6655, 0, 0, 0, 0, 0, 8000, 0, 0, 0, 0
5, 0.00000, 6.17234, 1, 0.545149, 0, -3.09474, 0.545149, 0.0286921, 0, 0, 0.0286921, -1.00768, 1, 1, 9999, 9999, 9999, 9999, 9999, 9999, 9999, 9999, 0.544977, 9999, 4.6655, 0, 0, 0, 0, 0, 8000, 0, 0, 0, 0
