hour,t(sec),kWh,State,kWOut,kWIn,kvarOut,DCkW,kWTotalLosses,kWInvLosses,kWIdlingLosses,kWChDchLosses,"kWh Chng",InvEff,InverterON,Vref,"Vavg (DRC)","VV Oper","VW Oper","DRC Oper","VV_DRC Oper","WP Oper","WV Oper",kWDesired,"kW VW Limit","Limit kWOut Function","kVA Exceeded","Grid voltage",di/dt,it,"it History","Rated VDC","Avg duty cycle","Target (Amps)","Series L","Max. Amps (phase)"
1, 0.00000, 61.25, 1, 4.53821, 0, 16.2513, 4.53821, 0.238853, 0, 0, 0.238853, -36.75, 1, 1, 9999, 9999, 9999, 9999, 9999, 9999, 9999, 9999, 4.53814, 9999, 24.5, 0, 0, 0, 0, 0, 8000, 0, 0, 0, 0
2, 0.00000, 56.4729, 1, 4.92254, 0, 16.2515, 4.92254, 0.259081, 0, 0, 0.259081, -4.77706, 1, 1, 9999, 9999, 9999, 9999, 9999, 9999, 9999, 9999, 4.92254, 9999, 24.5, 0, 0, 0, 0, 0, 8000, 0, 0, 0, 0
3, 0.00000, 51.2913, 1, 5.37824, 0, 16.2515, 5.37824, 0.283065, 0, 0, 0.283065, -5.18162, 1, 1, 9999, 9999, 9999, 9999, 9999, 9999, 9999, 9999, 5.37824, 9999, 24.5, 0, 0, 0, 0, 0, 8000, 0, 0, 0, 0
