hour,t(sec),kWh,State,kWOut,kWIn,kvarOut,DCkW,kWTotalLosses,kWInvLosses,kWIdlingLosses,kWChDchLosses,"kWh Chng",InvEff,InverterON,Vref,"Vavg (DRC)","VV Oper","VW Oper","DRC Oper","VV_DRC Oper","WP Oper","WV Oper",kWDesired,"kW VW Limit","Limit kWOut Function","kVA Exceeded","Grid voltage",di/dt,it,"it History","Rated VDC","Avg duty cycle","Target (Amps)","Series L","Max. Amps (phase)"
1, 0.00000, 11.6637, 1, 2.06313, 0, 3.09468, 2.06313, 0.108586, 0, 0, 0.108586, -6.99825, 1, 1, 9999, 9999, 9999, 9999, 9999, 9999, 9999, 9999, 2.06313, 9999, 4.6655, 0, 0, 0, 0, 0, 8000, 0, 0, 0, 0
2, 0.00000, 9.49203, 1, 1.45885, 0, 3.09479, 1.45885, 0.0767816, 0, 0, 0.0767816, -2.17172, 1, 1, 9999, 9999, 9999, 9999, 9999, 9999, 9999, 9999, 1.4589, 9999, 4.6655, 0, 0, 0, 0, 0, 8000, 0, 0, 0, 0
3, 0.00000, 7.9564, 1, 1.24353, 0, 3.09478, 1.24353, 0.0654489, 0, 0, 0.0654489, -1.53563, 1, 1, 9999, 9999, 9999, 9999, 9999, 9999, 9999, 9999, 1.24359, 9999, 4.6655, 0, 0, 0, 0, 0, 8000, 0, 0, 0, 0
4, 0.00000, 6.64742, 1, 0.996145, 0, 3.09479, 0.996145, 0.0524287, 0, 0, 0.0524287, -1.30898, 1, 1, 9999, 9999, 9999, 9999, 9999, 9999, 9999, 9999, 0.996224, 9999, 4.6655, 0, 0, 0, 0, 0, 8000, 0, 0, 0, 0
5, 0.00000, 5.59885, 1, 0.000145409, 0, 3.09482, 0.000145409, 7.65308E-6, 0, 0, 7.65308E-6, -1.04857, 1, 1, 9999, 9999, 9999, 9999, 9999, 9999, 9999, 9999, 9.77516E-20, 9999, 4.6655, 0, 0, 0, 0, 0, 8000, 0, 0, 0, 0
