hour,t(sec),kWh,State,kWOut,kWIn,kvarOut,DCkW,kWTotalLosses,kWInvLosses,kWIdlingLosses,kWChDchLosses,"kWh Chng",InvEff,InverterON,Vref,"Vavg (DRC)","VV Oper","VW Oper","DRC Oper","VV_DRC Oper","WP Oper","WV Oper",kWDesired,"kW VW Limit","Limit kWOut Function","kVA Exceeded","Grid voltage",di/dt,it,"it History","Rated VDC","Avg duty cycle","Target (Amps)","Series L","Max. Amps (phase)"
1, 0.00000, 40.8363, 1, 5.86526, 0, 10.8331, 5.86526, 0.308698, 0, 0, 0.308698, -24.5018, 1, 1, 9999, 9999, 9999, 9999, 9999, 9999, 9999, 9999, 5.86409, 9999, 16.3345, 0, 0, 0, 0, 0, 8000, 0, 0, 0, 0
2, 0.00000, 34.6623, 1, 3.71236, 0, 10.8349, 3.71236, 0.195388, 0, 0, 0.195388, -6.17396, 1, 1, 9999, 9999, 9999, 9999, 9999, 9999, 9999, 9999, 3.71218, 9999, 16.3345, 0, 0, 0, 0, 0, 8000, 0, 0, 0, 0
3, 0.00000, 30.7545, 1, 3.03366, 0, 10.8351, 3.03366, 0.159666, 0, 0, 0.159666, -3.90775, 1, 1, 9999, 9999, 9999, 9999, 9999, 9999, 9999, 9999, 3.03364, 9999, 16.3345, 0, 0, 0, 0, 0, 8000, 0, 0, 0, 0
4, 0.00000, 27.5612, 1, 2.26677, 0, 10.8351, 2.26677, 0.119304, 0, 0, 0.119304, -3.19332, 1, 1, 9999, 9999, 9999, 9999, 9999, 9999, 9999, 9999, 2.26674, 9999, 16.3345, 0, 0, 0, 0, 0, 8000, 0, 0, 0, 0
5, 0.00000, 25.1751, 1, 0.919479, 0, 10.8353, 0.919479, 0.0483936, 0, 0, 0.0483936, -2.38607, 1, 1, 9999, 9999, 9999, 9999, 9999, 9999, 9999, 9999, 0.919698, 9999, 16.3345, 0, 0, 0, 0, 0, 8000, 0, 0, 0, 0
6, 0.00000, 24.2073, 1, 1.18023, 0, 10.8349, 1.18023, 0.0621172, 0, 0, 0.0621172, -0.967873, 1, 1, 9999, 9999, 9999, 9999, 9999, 9999, 9999, 9999, 1.18002, 9999, 16.3345, 0, 0, 0, 0, 0, 8000, 0, 0, 0, 0
