hour,t(sec),kWh,State,kWOut,kWIn,kvarOut,DCkW,kWTotalLosses,kWInvLosses,kWIdlingLosses,kWChDchLosses,"kWh Chng",InvEff,InverterON,Vref,"Vavg (DRC)","VV Oper","VW Oper","DRC Oper","VV_DRC Oper","WP Oper","WV Oper",kWDesired,"kW VW Limit","Limit kWOut Function","kVA Exceeded","Grid voltage",di/dt,it,"it History","Rated VDC","Avg duty cycle","Target (Amps)","Series L","Max. Amps (phase)"
1, 0.00000, 5.83362, 1, 0.723035, 0, 1.5478, 0.723035, 0.0380545, 0, 0, 0.0380545, -3.50017, 1, 1, 9999, 9999, 9999, 9999, 9999, 9999, 9999, 9999, 0.723035, 9999, 2.3335, 0, 0, 0, 0, 0, 8000, 0, 0, 0, 0
2, 0.00000, 5.07254, 1, 0.712689, 0, 1.54781, 0.712689, 0.03751, 0, 0, 0.03751, -0.76109, 1, 1, 9999, 9999, 9999, 9999, 9999, 9999, 9999, 9999, 0.712698, 9999, 2.3335, 0, 0, 0, 0, 0, 8000, 0, 0, 0, 0
3, 0.00000, 4.32234, 1, 0.729023, 0, 1.54781, 0.729023, 0.0383696, 0, 0, 0.0383696, -0.750199, 1, 1, 9999, 9999, 9999, 9999, 9999, 9999, 9999, 9999, 0.729032, 9999, 2.3335, 0, 0, 0, 0, 0, 8000, 0, 0, 0, 0
4, 0.00000, 3.55494, 1, 0.717097, 0, 1.54781, 0.717097, 0.0377419, 0, 0, 0.0377419, -0.767393, 1, 1, 9999, 9999, 9999, 9999, 9999, 9999, 9999, 9999, 0.717108, 9999, 2.3335, 0, 0, 0, 0, 0, 8000, 0, 0, 0, 0
5, 0.00000, 2.80014, 0, 0, 0.0000198994, 1.54781, -0.0000198994, 0.0000198994, 0, 0.0000198994, 0, -0.754803, 1, 1, 9999, 9999, 9999, 9999, 9999, 9999, 9999, 9999, 2.57922E-18, 9999, 2.3335, 0, 0, 0, 0, 0, 8000, 0, 0, 0, 0
