hour,t(sec),kWh,State,kWOut,kWIn,kvarOut,DCkW,kWTotalLosses,kWInvLosses,kWIdlingLosses,kWChDchLosses,"kWh Chng",InvEff,InverterON,Vref,"Vavg (DRC)","VV Oper","VW Oper","DRC Oper","VV_DRC Oper","WP Oper","WV Oper",kWDesired,"kW VW Limit","Limit kWOut Function","kVA Exceeded","Grid voltage",di/dt,it,"it History","Rated VDC","Avg duty cycle","Target (Amps)","Series L","Max. Amps (phase)"
1, 0.00000, 11.6637, 1, 1.70044, 0, 3.09468, 1.70044, 0.0894969, 0, 0, 0.0894969, -6.99825, 1, 1, 9999, 9999, 9999, 9999, 9999, 9999, 9999, 9999, 1.70043, 9999, 4.6655, 0, 0, 0, 0, 0, 8000, 0, 0, 0, 0
2, 0.00000, 9.87381, 1, 1.61431, 0, 3.09469, 1.61431, 0.0849639, 0, 0, 0.0849639, -1.78994, 1, 1, 9999, 9999, 9999, 9999, 9999, 9999, 9999, 9999, 1.61431, 9999, 4.6655, 0, 0, 0, 0, 0, 8000, 0, 0, 0, 0
3, 0.00000, 8.17453, 1, 1.49446, 0, 3.09469, 1.49446, 0.0786558, 0, 0, 0.0786558, -1.69928, 1, 1, 9999, 9999, 9999, 9999, 9999, 9999, 9999, 9999, 1.49445, 9999, 4.6655, 0, 0, 0, 0, 0, 8000, 0, 0, 0, 0
4, 0.00000, 6.60142, 1, 0.952758, 0, 3.09464, 0.952758, 0.0501452, 0, 0, 0.0501452, -1.57312, 1, 1, 9999, 9999, 9999, 9999, 9999, 9999, 9999, 9999, 0.952695, 9999, 4.6655, 0, 0, 0, 0, 0, 8000, 0, 0, 0, 0
