hour,t(sec),kWh,State,kWOut,kWIn,kvarOut,DCkW,kWTotalLosses,kWInvLosses,kWIdlingLosses,kWChDchLosses,"kWh Chng",InvEff,InverterON,Vref,"Vavg (DRC)","VV Oper","VW Oper","DRC Oper","VV_DRC Oper","WP Oper","WV Oper",kWDesired,"kW VW Limit","Limit kWOut Function","kVA Exceeded","Grid voltage",di/dt,it,"it History","Rated VDC","Avg duty cycle","Target (Amps)","Series L","Max. Amps (phase)"
1, 0.00000, 5.83362, 1, 0.256, 0, 1.54768, 0.256, 0.0134737, 0, 0, 0.0134737, -3.50017, 1, 1, 9999, 9999, 9999, 9999, 9999, 9999, 9999, 9999, 0.255845, 9999, 2.3335, 0, 0, 0, 0, 0, 8000, 0, 0, 0, 0
2, 0.00000, 5.56415, 1, 0.59968, 0, 1.54778, 0.59968, 0.0315621, 0, 0, 0.0315621, -0.269473, 1, 1, 9999, 9999, 9999, 9999, 9999, 9999, 9999, 9999, 0.599663, 9999, 2.3335, 0, 0, 0, 0, 0, 8000, 0, 0, 0, 0
3, 0.00000, 4.93291, 1, 0.68514, 0, 1.5478, 0.68514, 0.03606, 0, 0, 0.03606, -0.631243, 1, 1, 9999, 9999, 9999, 9999, 9999, 9999, 9999, 9999, 0.685139, 9999, 2.3335, 0, 0, 0, 0, 0, 8000, 0, 0, 0, 0
4, 0.00000, 4.21171, 1, 0.725534, 0, 1.5478, 0.725534, 0.038186, 0, 0, 0.038186, -0.7212, 1, 1, 9999, 9999, 9999, 9999, 9999, 9999, 9999, 9999, 0.725532, 9999, 2.3335, 0, 0, 0, 0, 0, 8000, 0, 0, 0, 0
5, 0.00000, 3.44799, 1, 0.282588, 0, 1.54783, 0.282588, 0.0148731, 0, 0, 0.0148731, -0.76372, 1, 1, 9999, 9999, 9999, 9999, 9999, 9999, 9999, 9999, 0.28261, 9999, 2.3335, 0, 0, 0, 0, 0, 8000, 0, 0, 0, 0
6, 0.00000, 3.15053, 1, 0.33315, 0, 1.54777, 0.33315, 0.0175342, 0, 0, 0.0175342, -0.297461, 1, 1, 9999, 9999, 9999, 9999, 9999, 9999, 9999, 9999, 0.33313, 9999, 2.3335, 0, 0, 0, 0, 0, 8000, 0, 0, 0, 0
