hour,t(sec),kWh,State,kWOut,kWIn,kvarOut,DCkW,kWTotalLosses,kWInvLosses,kWIdlingLosses,kWChDchLosses,"kWh Chng",InvEff,InverterON,Vref,"Vavg (DRC)","VV Oper","VW Oper","DRC Oper","VV_DRC Oper","WP Oper","WV Oper",kWDesired,"kW VW Limit","Limit kWOut Function","kVA Exceeded","Grid voltage",di/dt,it,"it History","Rated VDC","Avg duty cycle","Target (Amps)","Series L","Max. Amps (phase)"
1, 0.00000, 5.83362, 1, 0.783544, 0, 1.54779, 0.783544, 0.0412392, 0, 0, 0.0412392, -3.50017, 1, 1, 9999, 9999, 9999, 9999, 9999, 9999, 9999, 9999, 0.783543, 9999, 2.3335, 0, 0, 0, 0, 0, 8000, 0, 0, 0, 0
2, 0.00000, 5.00884, 1, 0.709131, 0, 1.54779, 0.709131, 0.0373227, 0, 0, 0.0373227, -0.824783, 1, 1, 9999, 9999, 9999, 9999, 9999, 9999, 9999, 9999, 0.709127, 9999, 2.3335, 0, 0, 0, 0, 0, 8000, 0, 0, 0, 0
3, 0.00000, 4.26239, 1, 0.707705, 0, 1.5478, 0.707705, 0.0372476, 0, 0, 0.0372476, -0.746454, 1, 1, 9999, 9999, 9999, 9999, 9999, 9999, 9999, 9999, 0.707704, 9999, 2.3335, 0, 0, 0, 0, 0, 8000, 0, 0, 0, 0
4, 0.00000, 3.51744, 1, 0.681524, 0, 1.5478, 0.681524, 0.0358697, 0, 0, 0.0358697, -0.744952, 1, 1, 9999, 9999, 9999, 9999, 9999, 9999, 9999, 9999, 0.681522, 9999, 2.3335, 0, 0, 0, 0, 0, 8000, 0, 0, 0, 0
5, 0.00000, 2.80014, 0, 0, 0.0000732369, 1.54787, -0.0000732369, 0.0000732369, 0, 0.0000732369, 0, -0.717295, 1, 1, 9999, 9999, 9999, 9999, 9999, 9999, 9999, 9999, 4.36878E-17, 9999, 2.3335, 0, 0, 0, 0, 0, 8000, 0, 0, 0, 0
