hour,t(sec),kWh,State,kWOut,kWIn,kvarOut,DCkW,kWTotalLosses,kWInvLosses,kWIdlingLosses,kWChDchLosses,"kWh Chng",InvEff,InverterON,Vref,"Vavg (DRC)","VV Oper","VW Oper","DRC Oper","VV_DRC Oper","WP Oper","WV Oper",kWDesired,"kW VW Limit","Limit kWOut Function","kVA Exceeded","Grid voltage",di/dt,it,"it History","Rated VDC","Avg duty cycle","Target (Amps)","Series L","Max. Amps (phase)"
1, 0.00000, 11.6637, 1, 0.707924, 0, -3.09469, 0.707924, 0.0372592, 0, 0, 0.0372592, -6.99825, 1, 1, 9999, 9999, 9999, 9999, 9999, 9999, 9999, 9999, 0.707943, 9999, 4.6655, 0, 0, 0, 0, 0, 8000, 0, 0, 0, 0
2, 0.00000, 10.9186, 1, 0.34433, 0, -3.09476, 0.34433, 0.0181226, 0, 0, 0.0181226, -0.745183, 1, 1, 9999, 9999, 9999, 9999, 9999, 9999, 9999, 9999, 0.344146, 9999, 4.6655, 0, 0, 0, 0, 0, 8000, 0, 0, 0, 0
3, 0.00000, 10.5561, 1, 0.262415, 0, -3.09476, 0.262415, 0.0138113, 0, 0, 0.0138113, -0.362453, 1, 1, 9999, 9999, 9999, 9999, 9999, 9999, 9999, 9999, 0.26222, 9999, 4.6655, 0, 0, 0, 0, 0, 8000, 0, 0, 0, 0
4, 0.00000, 10.2799, -1, 0, 0.000233184, -3.09478, -0.000233184, 0.0000116592, 0, 0, 0.0000116592, -0.276227, 1, 1, 9999, 9999, 9999, 9999, 9999, 9999, 9999, 9999, -3.8189E-20, 9999, 4.6655, 0, 0, 0, 0, 0, 8000, 0, 0, 0, 0
5, 0.00000, 10.2801, -1, 0, 0.000260247, -3.09482, -0.000260247, 0.0000130123, 0, 0, 0.0000130123, 0.000221525, 1, 1, 9999, 9999, 9999, 9999, 9999, 9999, 9999, 9999, -2.3313E-19, 9999, 4.6655, 0, 0, 0, 0, 0, 8000, 0, 0, 0, 0
