hour,t(sec),kWh,State,kWOut,kWIn,kvarOut,DCkW,kWTotalLosses,kWInvLosses,kWIdlingLosses,kWChDchLosses,"kWh Chng",InvEff,InverterON,Vref,"Vavg (DRC)","VV Oper","VW Oper","DRC Oper","VV_DRC Oper","WP Oper","WV Oper",kWDesired,"kW VW Limit","Limit kWOut Function","kVA Exceeded","Grid voltage",di/dt,it,"it History","Rated VDC","Avg duty cycle","Target (Amps)","Series L","Max. Amps (phase)"
1, 0.00000, 30.625, 1, 0.0000277511, 0, 8.12566, 0.0000277511, 1.46058E-6, 0, 0, 1.46058E-6, -18.375, 1, 1, 9999, 9999, 9999, 9999, 9999, 9999, 9999, 9999, 3.68541E-19, 9999, 12.25, 0, 0, 0, 0, 0, 8000, 0, 0, 0, 0
2, 0.00000, 30.625, 1, 0.426818, 0, 8.12587, 0.426818, 0.0224641, 0, 0, 0.0224641, -0.0000292117, 1, 1, 9999, 9999, 9999, 9999, 9999, 9999, 9999, 9999, 0.427023, 9999, 12.25, 0, 0, 0, 0, 0, 8000, 0, 0, 0, 0
3, 0.00000, 30.1757, 1, 0.637668, 0, 8.12587, 0.637668, 0.0335615, 0, 0, 0.0335615, -0.449282, 1, 1, 9999, 9999, 9999, 9999, 9999, 9999, 9999, 9999, 0.637882, 9999, 12.25, 0, 0, 0, 0, 0, 8000, 0, 0, 0, 0
4, 0.00000, 29.5045, 1, 0.642684, 0, 8.1259, 0.642684, 0.0338255, 0, 0, 0.0338255, -0.671229, 1, 1, 9999, 9999, 9999, 9999, 9999, 9999, 9999, 9999, 0.642941, 9999, 12.25, 0, 0, 0, 0, 0, 8000, 0, 0, 0, 0
5, 0.00000, 28.8279, 0, 0, 0.000442153, 8.12609, -0.000442153, 0.000442153, 0, 0.000442153, 0, -0.676509, 1, 1, 9999, 9999, 9999, 9999, 9999, 9999, 9999, 9999, 0, 9999, 12.25, 0, 0, 0, 0, 0, 8000, 0, 0, 0, 0
