hour,t(sec),kWh,State,kWOut,kWIn,kvarOut,DCkW,kWTotalLosses,kWInvLosses,kWIdlingLosses,kWChDchLosses,"kWh Chng",InvEff,InverterON,Vref,"Vavg (DRC)","VV Oper","VW Oper","DRC Oper","VV_DRC Oper","WP Oper","WV Oper",kWDesired,"kW VW Limit","Limit kWOut Function","kVA Exceeded","Grid voltage",di/dt,it,"it History","Rated VDC","Avg duty cycle","Target (Amps)","Series L","Max. Amps (phase)"
1, 0.00000, 5.83362, 1, 0.976131, 0, 1.54778, 0.976131, 0.0513753, 0, 0, 0.0513753, -3.50017, 1, 1, 9999, 9999, 9999, 9999, 9999, 9999, 9999, 9999, 0.976126, 9999, 2.3335, 0, 0, 0, 0, 0, 8000, 0, 0, 0, 0
2, 0.00000, 4.80612, 1, 0.969103, 0, 1.5478, 0.969103, 0.0510054, 0, 0, 0.0510054, -1.02751, 1, 1, 9999, 9999, 9999, 9999, 9999, 9999, 9999, 9999, 0.969103, 9999, 2.3335, 0, 0, 0, 0, 0, 8000, 0, 0, 0, 0
3, 0.00000, 3.78601, 1, 0.936644, 0, 1.5478, 0.936644, 0.049297, 0, 0, 0.049297, -1.02011, 1, 1, 9999, 9999, 9999, 9999, 9999, 9999, 9999, 9999, 0.936644, 9999, 2.3335, 0, 0, 0, 0, 0, 8000, 0, 0, 0, 0
