hour,t(sec),kWh,State,kWOut,kWIn,kvarOut,DCkW,kWTotalLosses,kWInvLosses,kWIdlingLosses,kWChDchLosses,"kWh Chng",InvEff,InverterON,Vref,"Vavg (DRC)","VV Oper","VW Oper","DRC Oper","VV_DRC Oper","WP Oper","WV Oper",kWDesired,"kW VW Limit","Limit kWOut Function","kVA Exceeded","Grid voltage",di/dt,it,"it History","Rated VDC","Avg duty cycle","Target (Amps)","Series L","Max. Amps (phase)"
1, 0.00000, 11.6637, 1, 0.966841, 0, 3.09468, 0.966841, 0.0508864, 0, 0, 0.0508864, -6.99825, 1, 1, 9999, 9999, 9999, 9999, 9999, 9999, 9999, 9999, 0.966832, 9999, 4.6655, 0, 0, 0, 0, 0, 8000, 0, 0, 0, 0
2, 0.00000, 10.646, 1, 0.508419, 0, 3.09482, 0.508419, 0.0267589, 0, 0, 0.0267589, -1.01773, 1, 1, 9999, 9999, 9999, 9999, 9999, 9999, 9999, 9999, 0.508586, 9999, 4.6655, 0, 0, 0, 0, 0, 8000, 0, 0, 0, 0
3, 0.00000, 10.1108, 1, 0.398016, 0, 3.09481, 0.398016, 0.0209482, 0, 0, 0.0209482, -0.535178, 1, 1, 9999, 9999, 9999, 9999, 9999, 9999, 9999, 9999, 0.3982, 9999, 4.6655, 0, 0, 0, 0, 0, 8000, 0, 0, 0, 0
4, 0.00000, 9.69188, 1, 0.177167, 0, 3.09481, 0.177167, 0.0093246, 0, 0, 0.0093246, -0.418964, 1, 1, 9999, 9999, 9999, 9999, 9999, 9999, 9999, 9999, 0.177401, 9999, 4.6655, 0, 0, 0, 0, 0, 8000, 0, 0, 0, 0
5, 0.00000, 9.50539, 0, 0, 0.000269811, 3.09484, -0.000269811, 0.000269811, 0, 0.000269811, 0, -0.186492, 1, 1, 9999, 9999, 9999, 9999, 9999, 9999, 9999, 9999, 0, 9999, 4.6655, 0, 0, 0, 0, 0, 8000, 0, 0, 0, 0
