hour,t(sec),kWh,State,kWOut,kWIn,kvarOut,DCkW,kWTotalLosses,kWInvLosses,kWIdlingLosses,kWChDchLosses,"kWh Chng",InvEff,InverterON,Vref,"Vavg (DRC)","VV Oper","VW Oper","DRC Oper","VV_DRC Oper","WP Oper","WV Oper",kWDesired,"kW VW Limit","Limit kWOut Function","kVA Exceeded","Grid voltage",di/dt,it,"it History","Rated VDC","Avg duty cycle","Target (Amps)","Series L","Max. Amps (phase)"
1, 0.00000, 5.83362, 1, 0.195815, 0, 1.54764, 0.195815, 0.0103061, 0, 0, 0.0103061, -3.50017, 1, 1, 9999, 9999, 9999, 9999, 9999, 9999, 9999, 9999, 0.195676, 9999, 2.3335, 0, 0, 0, 0, 0, 8000, 0, 0, 0, 0
2, 0.00000, 5.6275, 1, 0.696188, 0, 1.54778, 0.696188, 0.0366415, 0, 0, 0.0366415, -0.206121, 1, 1, 9999, 9999, 9999, 9999, 9999, 9999, 9999, 9999, 0.696176, 9999, 2.3335, 0, 0, 0, 0, 0, 8000, 0, 0, 0, 0
3, 0.00000, 4.89467, 1, 0.884397, 0, 1.5478, 0.884397, 0.0465472, 0, 0, 0.0465472, -0.732829, 1, 1, 9999, 9999, 9999, 9999, 9999, 9999, 9999, 9999, 0.884396, 9999, 2.3335, 0, 0, 0, 0, 0, 8000, 0, 0, 0, 0
4, 0.00000, 3.96373, 1, 1.0525, 0, 1.54779, 1.0525, 0.0553949, 0, 0, 0.0553949, -0.930944, 1, 1, 9999, 9999, 9999, 9999, 9999, 9999, 9999, 9999, 1.0525, 9999, 2.3335, 0, 0, 0, 0, 0, 8000, 0, 0, 0, 0
5, 0.00000, 2.85583, 1, 0.0000366452, 0, 1.54784, 0.0000366452, 1.92869E-6, 0, 0, 1.92869E-6, -1.1079, 1, 1, 9999, 9999, 9999, 9999, 9999, 9999, 9999, 9999, 1.26574E-18, 9999, 2.3335, 0, 0, 0, 0, 0, 8000, 0, 0, 0, 0
6, 0.00000, 2.85579, 1, 0.0531529, 0, 1.54775, 0.0531529, 0.00279752, 0, 0, 0.00279752, -0.0000385738, 1, 1, 9999, 9999, 9999, 9999, 9999, 9999, 9999, 9999, 0.0531221, 9999, 2.3335, 0, 0, 0, 0, 0, 8000, 0, 0, 0, 0
