hour,t(sec),kWh,State,kWOut,kWIn,kvarOut,DCkW,kWTotalLosses,kWInvLosses,kWIdlingLosses,kWChDchLosses,"kWh Chng",InvEff,InverterON,Vref,"Vavg (DRC)","VV Oper","VW Oper","DRC Oper","VV_DRC Oper","WP Oper","WV Oper",kWDesired,"kW VW Limit","Limit kWOut Function","kVA Exceeded","Grid voltage",di/dt,it,"it History","Rated VDC","Avg duty cycle","Target (Amps)","Series L","Max. Amps (phase)"
1, 0.00000, 5.83362, 1, 0.584812, 0, -1.5478, 0.584812, 0.0307796, 0, 0, 0.0307796, -3.50017, 1, 1, 9999, 9999, 9999, 9999, 9999, 9999, 9999, 9999, 0.584822, 9999, 2.3335, 0, 0, 0, 0, 0, 8000, 0, 0, 0, 0
2, 0.00000, 5.21803, 1, 0.85219, 0, -1.5478, 0.85219, 0.0448521, 0, 0, 0.0448521, -0.615591, 1, 1, 9999, 9999, 9999, 9999, 9999, 9999, 9999, 9999, 0.852194, 9999, 2.3335, 0, 0, 0, 0, 0, 8000, 0, 0, 0, 0
3, 0.00000, 4.32099, 1, 1.0756, 0, -1.5478, 1.0756, 0.0566103, 0, 0, 0.0566103, -0.897042, 1, 1, 9999, 9999, 9999, 9999, 9999, 9999, 9999, 9999, 1.0756, 9999, 2.3335, 0, 0, 0, 0, 0, 8000, 0, 0, 0, 0
4, 0.00000, 3.18879, 1, 0.369207, 0, -1.5478, 0.369207, 0.0194319, 0, 0, 0.0194319, -1.13221, 1, 1, 9999, 9999, 9999, 9999, 9999, 9999, 9999, 9999, 0.369253, 9999, 2.3335, 0, 0, 0, 0, 0, 8000, 0, 0, 0, 0
