hour,t(sec),kWh,State,kWOut,kWIn,kvarOut,DCkW,kWTotalLosses,kWInvLosses,kWIdlingLosses,kWChDchLosses,"kWh Chng",InvEff,InverterON,Vref,"Vavg (DRC)","VV Oper","VW Oper","DRC Oper","VV_DRC Oper","WP Oper","WV Oper",kWDesired,"kW VW Limit","Limit kWOut Function","kVA Exceeded","Grid voltage",di/dt,it,"it History","Rated VDC","Avg duty cycle","Target (Amps)","Series L","Max. Amps (phase)"
1, 0.00000, 11.6637, 1, 1.82039, 0, 2.10138, 1.82039, 0.0958098, 0, 0, 0.0958098, -6.99825, 1, 1, 9999, 9999, 9999, 9999, 9999, 9999, 9999, 9999, 1.82038, 9999, 4.6655, 0, 0, 0, 0, 0, 8000, 0, 0, 0, 0
2, 0.00000, 9.74755, 1, 1.59364, 0, 2.25249, 1.59364, 0.083876, 0, 0, 0.083876, -1.9162, 1, 1, 9999, 9999, 9999, 9999, 9999, 9999, 9999, 9999, 1.59364, 9999, 4.6655, 0, 0, 0, 0, 0, 8000, 0, 0, 0, 0
3, 0.00000, 8.07003, 1, 1.346, 0, 2.51149, 1.346, 0.0708422, 0, 0, 0.0708422, -1.67752, 1, 1, 9999, 9999, 9999, 9999, 9999, 9999, 9999, 9999, 1.346, 9999, 4.6655, 0, 0, 0, 0, 0, 8000, 0, 0, 0, 0
4, 0.00000, 6.65319, 1, 1.00191, 0, 2.16195, 1.00191, 0.052732, 0, 0, 0.052732, -1.41684, 1, 1, 9999, 9999, 9999, 9999, 9999, 9999, 9999, 9999, 1.00187, 9999, 4.6655, 0, 0, 0, 0, 0, 8000, 0, 0, 0, 0
