hour,t(sec),kWh,State,kWOut,kWIn,kvarOut,DCkW,kWTotalLosses,kWInvLosses,kWIdlingLosses,kWChDchLosses,"kWh Chng",InvEff,InverterON,Vref,"Vavg (DRC)","VV Oper","VW Oper","DRC Oper","VV_DRC Oper","WP Oper","WV Oper",kWDesired,"kW VW Limit","Limit kWOut Function","kVA Exceeded","Grid voltage",di/dt,it,"it History","Rated VDC","Avg duty cycle","Target (Amps)","Series L","Max. Amps (phase)"
1, 0.00000, 11.6637, 1, 1.5626, 0, -3.09469, 1.5626, 0.0822419, 0, 0, 0.0822419, -6.99825, 1, 1, 9999, 9999, 9999, 9999, 9999, 9999, 9999, 9999, 1.56262, 9999, 4.6655, 0, 0, 0, 0, 0, 8000, 0, 0, 0, 0
2, 0.00000, 10.0189, 1, 1.63814, 0, -3.0947, 1.63814, 0.086218, 0, 0, 0.086218, -1.64484, 1, 1, 9999, 9999, 9999, 9999, 9999, 9999, 9999, 9999, 1.63815, 9999, 4.6655, 0, 0, 0, 0, 0, 8000, 0, 0, 0, 0
3, 0.00000, 8.29455, 1, 1.66515, 0, -3.0947, 1.66515, 0.0876394, 0, 0, 0.0876394, -1.72436, 1, 1, 9999, 9999, 9999, 9999, 9999, 9999, 9999, 9999, 1.66516, 9999, 4.6655, 0, 0, 0, 0, 0, 8000, 0, 0, 0, 0
4, 0.00000, 6.54176, 1, 0.895876, 0, -3.09469, 0.895876, 0.0471514, 0, 0, 0.0471514, -1.75279, 1, 1, 9999, 9999, 9999, 9999, 9999, 9999, 9999, 9999, 0.895963, 9999, 4.6655, 0, 0, 0, 0, 0, 8000, 0, 0, 0, 0
