hour,t(sec),kWh,State,kWOut,kWIn,kvarOut,DCkW,kWTotalLosses,kWInvLosses,kWIdlingLosses,kWChDchLosses,"kWh Chng",InvEff,InverterON,Vref,"Vavg (DRC)","VV Oper","VW Oper","DRC Oper","VV_DRC Oper","WP Oper","WV Oper",kWDesired,"kW VW Limit","Limit kWOut Function","kVA Exceeded","Grid voltage",di/dt,it,"it History","Rated VDC","Avg duty cycle","Target (Amps)","Series L","Max. Amps (phase)"
1, 0.00000, 11.6637, 1, 0.957133, 0, 3.09468, 0.957133, 0.0503754, 0, 0, 0.0503754, -6.99825, 1, 1, 9999, 9999, 9999, 9999, 9999, 9999, 9999, 9999, 0.957127, 9999, 4.6655, 0, 0, 0, 0, 0, 8000, 0, 0, 0, 0
2, 0.00000, 10.6562, 1, 1.42829, 0, 3.09479, 1.42829, 0.0751732, 0, 0, 0.0751732, -1.00751, 1, 1, 9999, 9999, 9999, 9999, 9999, 9999, 9999, 9999, 1.42834, 9999, 4.6655, 0, 0, 0, 0, 0, 8000, 0, 0, 0, 0
3, 0.00000, 9.15278, 1, 1.64411, 0, 3.0948, 1.64411, 0.0865323, 0, 0, 0.0865323, -1.50346, 1, 1, 9999, 9999, 9999, 9999, 9999, 9999, 9999, 9999, 1.64417, 9999, 4.6655, 0, 0, 0, 0, 0, 8000, 0, 0, 0, 0
4, 0.00000, 7.42213, 1, 1.73219, 0, 3.09482, 1.73219, 0.0911678, 0, 0, 0.0911678, -1.73065, 1, 1, 9999, 9999, 9999, 9999, 9999, 9999, 9999, 9999, 1.73225, 9999, 4.6655, 0, 0, 0, 0, 0, 8000, 0, 0, 0, 0
5, 0.00000, 5.59878, 1, 0.000149014, 0, 3.09482, 0.000149014, 7.84283E-6, 0, 0, 7.84283E-6, -1.82336, 1, 1, 9999, 9999, 9999, 9999, 9999, 9999, 9999, 9999, 1.21849E-16, 9999, 4.6655, 0, 0, 0, 0, 0, 8000, 0, 0, 0, 0
