hour,t(sec),kWh,State,kWOut,kWIn,kvarOut,DCkW,kWTotalLosses,kWInvLosses,kWIdlingLosses,kWChDchLosses,"kWh Chng",InvEff,InverterON,Vref,"Vavg (DRC)","VV Oper","VW Oper","DRC Oper","VV_DRC Oper","WP Oper","WV Oper",kWDesired,"kW VW Limit","Limit kWOut Function","kVA Exceeded","Grid voltage",di/dt,it,"it History","Rated VDC","Avg duty cycle","Target (Amps)","Series L","Max. Amps (phase)"
1, 0.00000, 11.6637, 1, 1.15418, 0, -3.09469, 1.15418, 0.0607463, 0, 0, 0.0607463, -6.99825, 1, 1, 9999, 9999, 9999, 9999, 9999, 9999, 9999, 9999, 1.1542, 9999, 4.6655, 0, 0, 0, 0, 0, 8000, 0, 0, 0, 0
2, 0.00000, 10.4488, 1, 1.31624, 0, -3.0947, 1.31624, 0.069276, 0, 0, 0.069276, -1.21493, 1, 1, 9999, 9999, 9999, 9999, 9999, 9999, 9999, 9999, 1.31628, 9999, 4.6655, 0, 0, 0, 0, 0, 8000, 0, 0, 0, 0
3, 0.00000, 9.0633, 1, 1.33946, 0, -3.0947, 1.33946, 0.0704978, 0, 0, 0.0704978, -1.38552, 1, 1, 9999, 9999, 9999, 9999, 9999, 9999, 9999, 9999, 1.33947, 9999, 4.6655, 0, 0, 0, 0, 0, 8000, 0, 0, 0, 0
4, 0.00000, 7.65335, 1, 1.32009, 0, -3.0947, 1.32009, 0.0694784, 0, 0, 0.0694784, -1.40996, 1, 1, 9999, 9999, 9999, 9999, 9999, 9999, 9999, 9999, 1.3201, 9999, 4.6655, 0, 0, 0, 0, 0, 8000, 0, 0, 0, 0
5, 0.00000, 6.26378, 1, 0.632057, 0, -3.09476, 0.632057, 0.0332662, 0, 0, 0.0332662, -1.38957, 1, 1, 9999, 9999, 9999, 9999, 9999, 9999, 9999, 9999, 0.631895, 9999, 4.6655, 0, 0, 0, 0, 0, 8000, 0, 0, 0, 0
