hour,t(sec),kWh,State,kWOut,kWIn,kvarOut,DCkW,kWTotalLosses,kWInvLosses,kWIdlingLosses,kWChDchLosses,"kWh Chng",InvEff,InverterON,Vref,"Vavg (DRC)","VV Oper","VW Oper","DRC Oper","VV_DRC Oper","WP Oper","WV Oper",kWDesired,"kW VW Limit","Limit kWOut Function","kVA Exceeded","Grid voltage",di/dt,it,"it History","Rated VDC","Avg duty cycle","Target (Amps)","Series L","Max. Amps (phase)"
1, 0.00000, 11.6637, 1, 2.08035, 0, 3.09469, 2.08035, 0.109492, 0, 0, 0.109492, -6.99825, 1, 1, 9999, 9999, 9999, 9999, 9999, 9999, 9999, 9999, 2.08035, 9999, 4.6655, 0, 0, 0, 0, 0, 8000, 0, 0, 0, 0
2, 0.00000, 9.47391, 1, 1.30714, 0, 3.09469, 1.30714, 0.0687969, 0, 0, 0.0687969, -2.18984, 1, 1, 9999, 9999, 9999, 9999, 9999, 9999, 9999, 9999, 1.30713, 9999, 4.6655, 0, 0, 0, 0, 0, 8000, 0, 0, 0, 0
3, 0.00000, 8.09797, 1, 1.07619, 0, 3.0947, 1.07619, 0.0566417, 0, 0, 0.0566417, -1.37594, 1, 1, 9999, 9999, 9999, 9999, 9999, 9999, 9999, 9999, 1.07619, 9999, 4.6655, 0, 0, 0, 0, 0, 8000, 0, 0, 0, 0
4, 0.00000, 6.96514, 1, 0.807322, 0, 3.09469, 0.807322, 0.0424906, 0, 0, 0.0424906, -1.13283, 1, 1, 9999, 9999, 9999, 9999, 9999, 9999, 9999, 9999, 0.807318, 9999, 4.6655, 0, 0, 0, 0, 0, 8000, 0, 0, 0, 0
5, 0.00000, 6.11533, 1, 0.490832, 0, 3.09478, 0.490832, 0.0258333, 0, 0, 0.0258333, -0.849812, 1, 1, 9999, 9999, 9999, 9999, 9999, 9999, 9999, 9999, 0.490904, 9999, 4.6655, 0, 0, 0, 0, 0, 8000, 0, 0, 0, 0
