hour,t(sec),kWh,State,kWOut,kWIn,kvarOut,DCkW,kWTotalLosses,kWInvLosses,kWIdlingLosses,kWChDchLosses,"kWh Chng",InvEff,InverterON,Vref,"Vavg (DRC)","VV Oper","VW Oper","DRC Oper","VV_DRC Oper","WP Oper","WV Oper",kWDesired,"kW VW Limit","Limit kWOut Function","kVA Exceeded","Grid voltage",di/dt,it,"it History","Rated VDC","Avg duty cycle","Target (Amps)","Series L","Max. Amps (phase)"
1, 0.00000, 11.6637, 1, 0.763795, 0, 3.09469, 0.763795, 0.0401997, 0, 0, 0.0401997, -6.99825, 1, 1, 9999, 9999, 9999, 9999, 9999, 9999, 9999, 9999, 0.763789, 9999, 4.6655, 0, 0, 0, 0, 0, 8000, 0, 0, 0, 0
2, 0.00000, 10.8598, 1, 1.22494, 0, 3.09469, 1.22494, 0.0644703, 0, 0, 0.0644703, -0.803994, 1, 1, 9999, 9999, 9999, 9999, 9999, 9999, 9999, 9999, 1.22493, 9999, 4.6655, 0, 0, 0, 0, 0, 8000, 0, 0, 0, 0
3, 0.00000, 9.57035, 1, 1.45676, 0, 3.09469, 1.45676, 0.0766714, 0, 0, 0.0766714, -1.28941, 1, 1, 9999, 9999, 9999, 9999, 9999, 9999, 9999, 9999, 1.45676, 9999, 4.6655, 0, 0, 0, 0, 0, 8000, 0, 0, 0, 0
4, 0.00000, 8.03692, 1, 1.60624, 0, 3.09469, 1.60624, 0.084539, 0, 0, 0.084539, -1.53343, 1, 1, 9999, 9999, 9999, 9999, 9999, 9999, 9999, 9999, 1.60624, 9999, 4.6655, 0, 0, 0, 0, 0, 8000, 0, 0, 0, 0
5, 0.00000, 6.34614, 1, 0.710088, 0, 3.09484, 0.710088, 0.0373731, 0, 0, 0.0373731, -1.69078, 1, 1, 9999, 9999, 9999, 9999, 9999, 9999, 9999, 9999, 0.710182, 9999, 4.6655, 0, 0, 0, 0, 0, 8000, 0, 0, 0, 0
