hour,t(sec),kWh,State,kWOut,kWIn,kvarOut,DCkW,kWTotalLosses,kWInvLosses,kWIdlingLosses,kWChDchLosses,"kWh Chng",InvEff,InverterON,Vref,"Vavg (DRC)","VV Oper","VW Oper","DRC Oper","VV_DRC Oper","WP Oper","WV Oper",kWDesired,"kW VW Limit","Limit kWOut Function","kVA Exceeded","Grid voltage",di/dt,it,"it History","Rated VDC","Avg duty cycle","Target (Amps)","Series L","Max. Amps (phase)"
1, 0.00000, 11.6637, 1, 1.92195, 0, 0.949723, 1.92195, 0.101155, 0, 0, 0.101155, -6.99825, 1, 1, 9999, 9999, 9999, 9999, 9999, 9999, 9999, 9999, 1.92195, 9999, 4.6655, 0, 0, 0, 0, 0, 8000, 0, 0, 0, 0
2, 0.00000, 9.64064, 1, 1.21708, 0, 2.12376, 1.21708, 0.0640569, 0, 0, 0.0640569, -2.02311, 1, 1, 9999, 9999, 9999, 9999, 9999, 9999, 9999, 9999, 1.21704, 9999, 4.6655, 0, 0, 0, 0, 0, 8000, 0, 0, 0, 0
3, 0.00000, 8.3595, 1, 0.994268, 0, 2.2407, 0.994268, 0.0523299, 0, 0, 0.0523299, -1.28114, 1, 1, 9999, 9999, 9999, 9999, 9999, 9999, 9999, 9999, 0.994265, 9999, 4.6655, 0, 0, 0, 0, 0, 8000, 0, 0, 0, 0
4, 0.00000, 7.31291, 1, 0.746114, 0, 2.55149, 0.746114, 0.0392692, 0, 0, 0.0392692, -1.0466, 1, 1, 9999, 9999, 9999, 9999, 9999, 9999, 9999, 9999, 0.746107, 9999, 4.6655, 0, 0, 0, 0, 0, 8000, 0, 0, 0, 0
5, 0.00000, 6.52752, 1, 0.40541, 0, 2.17675, 0.40541, 0.0213374, 0, 0, 0.0213374, -0.785383, 1, 1, 9999, 9999, 9999, 9999, 9999, 9999, 9999, 9999, 0.405455, 9999, 4.6655, 0, 0, 0, 0, 0, 8000, 0, 0, 0, 0
6, 0.00000, 6.10078, 1, 0.477089, 0, 2.19015, 0.477089, 0.02511, 0, 0, 0.02511, -0.426748, 1, 1, 9999, 9999, 9999, 9999, 9999, 9999, 9999, 9999, 0.477047, 9999, 4.6655, 0, 0, 0, 0, 0, 8000, 0, 0, 0, 0
