hour,t(sec),kWh,State,kWOut,kWIn,kvarOut,DCkW,kWTotalLosses,kWInvLosses,kWIdlingLosses,kWChDchLosses,"kWh Chng",InvEff,InverterON,Vref,"Vavg (DRC)","VV Oper","VW Oper","DRC Oper","VV_DRC Oper","WP Oper","WV Oper",kWDesired,"kW VW Limit","Limit kWOut Function","kVA Exceeded","Grid voltage",di/dt,it,"it History","Rated VDC","Avg duty cycle","Target (Amps)","Series L","Max. Amps (phase)"
1, 0.00000, 5.83362, 1, 0.593018, 0, 1.54776, 0.593018, 0.0312115, 0, 0, 0.0312115, -3.50017, 1, 1, 9999, 9999, 9999, 9999, 9999, 9999, 9999, 9999, 0.592989, 9999, 2.3335, 0, 0, 0, 0, 0, 8000, 0, 0, 0, 0
2, 0.00000, 5.2094, 1, 0.587719, 0, 1.5478, 0.587719, 0.0309326, 0, 0, 0.0309326, -0.624229, 1, 1, 9999, 9999, 9999, 9999, 9999, 9999, 9999, 9999, 0.587715, 9999, 2.3335, 0, 0, 0, 0, 0, 8000, 0, 0, 0, 0
3, 0.00000, 4.59074, 1, 0.607877, 0, 1.5478, 0.607877, 0.0319935, 0, 0, 0.0319935, -0.618652, 1, 1, 9999, 9999, 9999, 9999, 9999, 9999, 9999, 9999, 0.607877, 9999, 2.3335, 0, 0, 0, 0, 0, 8000, 0, 0, 0, 0
4, 0.00000, 3.95087, 1, 0.598823, 0, 1.5478, 0.598823, 0.031517, 0, 0, 0.031517, -0.639871, 1, 1, 9999, 9999, 9999, 9999, 9999, 9999, 9999, 9999, 0.598823, 9999, 2.3335, 0, 0, 0, 0, 0, 8000, 0, 0, 0, 0
5, 0.00000, 3.32053, 1, 0.226997, 0, 1.54781, 0.226997, 0.0119472, 0, 0, 0.0119472, -0.63034, 1, 1, 9999, 9999, 9999, 9999, 9999, 9999, 9999, 9999, 0.227003, 9999, 2.3335, 0, 0, 0, 0, 0, 8000, 0, 0, 0, 0
6, 0.00000, 3.08159, 1, 0.267471, 0, 1.54779, 0.267471, 0.0140774, 0, 0, 0.0140774, -0.238944, 1, 1, 9999, 9999, 9999, 9999, 9999, 9999, 9999, 9999, 0.267466, 9999, 2.3335, 0, 0, 0, 0, 0, 8000, 0, 0, 0, 0
