hour,t(sec),kWh,State,kWOut,kWIn,kvarOut,DCkW,kWTotalLosses,kWInvLosses,kWIdlingLosses,kWChDchLosses,"kWh Chng",InvEff,InverterON,Vref,"Vavg (DRC)","VV Oper","VW Oper","DRC Oper","VV_DRC Oper","WP Oper","WV Oper",kWDesired,"kW VW Limit","Limit kWOut Function","kVA Exceeded","Grid voltage",di/dt,it,"it History","Rated VDC","Avg duty cycle","Target (Amps)","Series L","Max. Amps (phase)"
1, 0.00000, 11.6637, 1, 0.0341527, 0, -3.09469, 0.0341527, 0.00179751, 0, 0, 0.00179751, -6.99825, 1, 1, 9999, 9999, 9999, 9999, 9999, 9999, 9999, 9999, 0.0341664, 9999, 4.6655, 0, 0, 0, 0, 0, 8000, 0, 0, 0, 0
2, 0.00000, 11.6278, 1, 1.30229, 0, -3.0947, 1.30229, 0.0685418, 0, 0, 0.0685418, -0.0359502, 1, 1, 9999, 9999, 9999, 9999, 9999, 9999, 9999, 9999, 1.30233, 9999, 4.6655, 0, 0, 0, 0, 0, 8000, 0, 0, 0, 0
3, 0.00000, 10.257, 1, 1.69128, 0, -3.0947, 1.69128, 0.0890149, 0, 0, 0.0890149, -1.37084, 1, 1, 9999, 9999, 9999, 9999, 9999, 9999, 9999, 9999, 1.69129, 9999, 4.6655, 0, 0, 0, 0, 0, 8000, 0, 0, 0, 0
4, 0.00000, 8.47667, 1, 2.00111, 0, -3.0947, 2.00111, 0.105322, 0, 0, 0.105322, -1.7803, 1, 1, 9999, 9999, 9999, 9999, 9999, 9999, 9999, 9999, 2.00113, 9999, 4.6655, 0, 0, 0, 0, 0, 8000, 0, 0, 0, 0
5, 0.00000, 6.37023, 1, 0.733169, 0, -3.09475, 0.733169, 0.0385879, 0, 0, 0.0385879, -2.10643, 1, 1, 9999, 9999, 9999, 9999, 9999, 9999, 9999, 9999, 0.732997, 9999, 4.6655, 0, 0, 0, 0, 0, 8000, 0, 0, 0, 0
