hour,t(sec),kWh,State,kWOut,kWIn,kvarOut,DCkW,kWTotalLosses,kWInvLosses,kWIdlingLosses,kWChDchLosses,"kWh Chng",InvEff,InverterON,Vref,"Vavg (DRC)","VV Oper","VW Oper","DRC Oper","VV_DRC Oper","WP Oper","WV Oper",kWDesired,"kW VW Limit","Limit kWOut Function","kVA Exceeded","Grid voltage",di/dt,it,"it History","Rated VDC","Avg duty cycle","Target (Amps)","Series L","Max. Amps (phase)"
1, 0.00000, 11.6637, 1, 1.74581, 0, -3.0947, 1.74581, 0.0918847, 0, 0, 0.0918847, -6.99825, 1, 1, 9999, 9999, 9999, 9999, 9999, 9999, 9999, 9999, 1.74583, 9999, 4.6655, 0, 0, 0, 0, 0, 8000, 0, 0, 0, 0
2, 0.00000, 9.82606, 1, 1.32912, 0, -3.09471, 1.32912, 0.0699536, 0, 0, 0.0699536, -1.83769, 1, 1, 9999, 9999, 9999, 9999, 9999, 9999, 9999, 9999, 1.32915, 9999, 4.6655, 0, 0, 0, 0, 0, 8000, 0, 0, 0, 0
3, 0.00000, 8.42698, 1, 1.17262, 0, -3.0947, 1.17262, 0.0617168, 0, 0, 0.0617168, -1.39907, 1, 1, 9999, 9999, 9999, 9999, 9999, 9999, 9999, 9999, 1.17263, 9999, 4.6655, 0, 0, 0, 0, 0, 8000, 0, 0, 0, 0
4, 0.00000, 7.19265, 1, 0.98422, 0, -3.0947, 0.98422, 0.0518011, 0, 0, 0.0518011, -1.23434, 1, 1, 9999, 9999, 9999, 9999, 9999, 9999, 9999, 9999, 0.984234, 9999, 4.6655, 0, 0, 0, 0, 0, 8000, 0, 0, 0, 0
5, 0.00000, 6.15663, 1, 0.530221, 0, -3.09475, 0.530221, 0.0279064, 0, 0, 0.0279064, -1.03602, 1, 1, 9999, 9999, 9999, 9999, 9999, 9999, 9999, 9999, 0.530047, 9999, 4.6655, 0, 0, 0, 0, 0, 8000, 0, 0, 0, 0
