hour,t(sec),kWh,State,kWOut,kWIn,kvarOut,DCkW,kWTotalLosses,kWInvLosses,kWIdlingLosses,kWChDchLosses,"kWh Chng",InvEff,InverterON,Vref,"Vavg (DRC)","VV Oper","VW Oper","DRC Oper","VV_DRC Oper","WP Oper","WV Oper",kWDesired,"kW VW Limit","Limit kWOut Function","kVA Exceeded","Grid voltage",di/dt,it,"it History","Rated VDC","Avg duty cycle","Target (Amps)","Series L","Max. Amps (phase)"
1, 0.00000, 11.6637, 1, 1.00371, 0, -3.09462, 1.00371, 0.052827, 0, 0, 0.052827, -6.99825, 1, 1, 9999, 9999, 9999, 9999, 9999, 9999, 9999, 9999, 1.00434, 9999, 4.6655, 0, 0, 0, 0, 0, 8000, 0, 0, 0, 0
2, 0.00000, 10.6072, 1, 1.20768, 0, -3.09471, 1.20768, 0.0635621, 0, 0, 0.0635621, -1.05654, 1, 1, 9999, 9999, 9999, 9999, 9999, 9999, 9999, 9999, 1.20776, 9999, 4.6655, 0, 0, 0, 0, 0, 8000, 0, 0, 0, 0
3, 0.00000, 9.33597, 1, 1.22688, 0, -3.0947, 1.22688, 0.0645726, 0, 0, 0.0645726, -1.27124, 1, 1, 9999, 9999, 9999, 9999, 9999, 9999, 9999, 9999, 1.22689, 9999, 4.6655, 0, 0, 0, 0, 0, 8000, 0, 0, 0, 0
4, 0.00000, 8.04452, 1, 1.20439, 0, -3.0947, 1.20439, 0.0633887, 0, 0, 0.0633887, -1.29145, 1, 1, 9999, 9999, 9999, 9999, 9999, 9999, 9999, 9999, 1.2044, 9999, 4.6655, 0, 0, 0, 0, 0, 8000, 0, 0, 0, 0
5, 0.00000, 6.77674, 1, 0.511328, 0, -3.09474, 0.511328, 0.026912, 0, 0, 0.026912, -1.26777, 1, 1, 9999, 9999, 9999, 9999, 9999, 9999, 9999, 9999, 0.511245, 9999, 4.6655, 0, 0, 0, 0, 0, 8000, 0, 0, 0, 0
6, 0.00000, 6.2385, 1, 0.607179, 0, -3.09466, 0.607179, 0.0319568, 0, 0, 0.0319568, -0.538239, 1, 1, 9999, 9999, 9999, 9999, 9999, 9999, 9999, 9999, 0.607261, 9999, 4.6655, 0, 0, 0, 0, 0, 8000, 0, 0, 0, 0
