hour,t(sec),kWh,State,kWOut,kWIn,kvarOut,DCkW,kWTotalLosses,kWInvLosses,kWIdlingLosses,kWChDchLosses,"kWh Chng",InvEff,InverterON,Vref,"Vavg (DRC)","VV Oper","VW Oper","DRC Oper","VV_DRC Oper","WP Oper","WV Oper",kWDesired,"kW VW Limit","Limit kWOut Function","kVA Exceeded","Grid voltage",di/dt,it,"it History","Rated VDC","Avg duty cycle","Target (Amps)","Series L","Max. Amps (phase)"
1, 0.00000, 5.83362, 1, 0.729034, 0, 1.54779, 0.729034, 0.0383702, 0, 0, 0.0383702, -3.50017, 1, 1, 9999, 9999, 9999, 9999, 9999, 9999, 9999, 9999, 0.729032, 9999, 2.3335, 0, 0, 0, 0, 0, 8000, 0, 0, 0, 0
2, 0.00000, 5.06622, 1, 0.870886, 0, 1.5478, 0.870886, 0.0458361, 0, 0, 0.0458361, -0.767404, 1, 1, 9999, 9999, 9999, 9999, 9999, 9999, 9999, 9999, 0.870886, 9999, 2.3335, 0, 0, 0, 0, 0, 8000, 0, 0, 0, 0
3, 0.00000, 4.1495, 1, 0.956783, 0, 1.54779, 0.956783, 0.050357, 0, 0, 0.050357, -0.916722, 1, 1, 9999, 9999, 9999, 9999, 9999, 9999, 9999, 9999, 0.956782, 9999, 2.3335, 0, 0, 0, 0, 0, 8000, 0, 0, 0, 0
4, 0.00000, 3.14236, 1, 0.325189, 0, 1.54778, 0.325189, 0.0171152, 0, 0, 0.0171152, -1.00714, 1, 1, 9999, 9999, 9999, 9999, 9999, 9999, 9999, 9999, 0.325173, 9999, 2.3335, 0, 0, 0, 0, 0, 8000, 0, 0, 0, 0
