hour,t(sec),kWh,State,kWOut,kWIn,kvarOut,DCkW,kWTotalLosses,kWInvLosses,kWIdlingLosses,kWChDchLosses,"kWh Chng",InvEff,InverterON,Vref,"Vavg (DRC)","VV Oper","VW Oper","DRC Oper","VV_DRC Oper","WP Oper","WV Oper",kWDesired,"kW VW Limit","Limit kWOut Function","kVA Exceeded","Grid voltage",di/dt,it,"it History","Rated VDC","Avg duty cycle","Target (Amps)","Series L","Max. Amps (phase)"
1, 0.00000, 5.83362, 1, 0.325503, 0, 1.54779, 0.325503, 0.0171317, 0, 0, 0.0171317, -3.50017, 1, 1, 9999, 9999, 9999, 9999, 9999, 9999, 9999, 9999, 0.3255, 9999, 2.3335, 0, 0, 0, 0, 0, 8000, 0, 0, 0, 0
2, 0.00000, 5.49099, 1, 0.658683, 0, 1.54779, 0.658683, 0.0346675, 0, 0, 0.0346675, -0.342635, 1, 1, 9999, 9999, 9999, 9999, 9999, 9999, 9999, 9999, 0.658677, 9999, 2.3335, 0, 0, 0, 0, 0, 8000, 0, 0, 0, 0
3, 0.00000, 4.79764, 1, 0.747631, 0, 1.5478, 0.747631, 0.039349, 0, 0, 0.039349, -0.693351, 1, 1, 9999, 9999, 9999, 9999, 9999, 9999, 9999, 9999, 0.74763, 9999, 2.3335, 0, 0, 0, 0, 0, 8000, 0, 0, 0, 0
4, 0.00000, 4.01066, 1, 0.795399, 0, 1.5478, 0.795399, 0.0418631, 0, 0, 0.0418631, -0.78698, 1, 1, 9999, 9999, 9999, 9999, 9999, 9999, 9999, 9999, 0.795397, 9999, 2.3335, 0, 0, 0, 0, 0, 8000, 0, 0, 0, 0
5, 0.00000, 3.1734, 1, 0.354626, 0, 1.54785, 0.354626, 0.0186645, 0, 0, 0.0186645, -0.837262, 1, 1, 9999, 9999, 9999, 9999, 9999, 9999, 9999, 9999, 0.354669, 9999, 2.3335, 0, 0, 0, 0, 0, 8000, 0, 0, 0, 0
