hour,t(sec),kWh,State,kWOut,kWIn,kvarOut,DCkW,kWTotalLosses,kWInvLosses,kWIdlingLosses,kWChDchLosses,"kWh Chng",InvEff,InverterON,Vref,"Vavg (DRC)","VV Oper","VW Oper","DRC Oper","VV_DRC Oper","WP Oper","WV Oper",kWDesired,"kW VW Limit","Limit kWOut Function","kVA Exceeded","Grid voltage",di/dt,it,"it History","Rated VDC","Avg duty cycle","Target (Amps)","Series L","Max. Amps (phase)"
1, 0.00000, 11.6637, 1, 1.67225, 0, -3.0949, 1.67225, 0.0880131, 0, 0, 0.0880131, -6.99825, 1, 1, 9999, 9999, 9999, 9999, 9999, 9999, 9999, 9999, 1.67296, 9999, 4.6655, 0, 0, 0, 0, 0, 8000, 0, 0, 0, 0
2, 0.00000, 9.90349, 1, 1.20996, 0, -3.09473, 1.20996, 0.0636821, 0, 0, 0.0636821, -1.76026, 1, 1, 9999, 9999, 9999, 9999, 9999, 9999, 9999, 9999, 1.21004, 9999, 4.6655, 0, 0, 0, 0, 0, 8000, 0, 0, 0, 0
3, 0.00000, 8.62985, 1, 1.04674, 0, -3.0947, 1.04674, 0.0550918, 0, 0, 0.0550918, -1.27364, 1, 1, 9999, 9999, 9999, 9999, 9999, 9999, 9999, 9999, 1.04675, 9999, 4.6655, 0, 0, 0, 0, 0, 8000, 0, 0, 0, 0
4, 0.00000, 7.52801, 1, 0.864037, 0, -3.0947, 0.864037, 0.0454756, 0, 0, 0.0454756, -1.10184, 1, 1, 9999, 9999, 9999, 9999, 9999, 9999, 9999, 9999, 0.864051, 9999, 4.6655, 0, 0, 0, 0, 0, 8000, 0, 0, 0, 0
5, 0.00000, 6.6185, 1, 0.441127, 0, -3.09473, 0.441127, 0.0232172, 0, 0, 0.0232172, -0.909513, 1, 1, 9999, 9999, 9999, 9999, 9999, 9999, 9999, 9999, 0.441039, 9999, 4.6655, 0, 0, 0, 0, 0, 8000, 0, 0, 0, 0
6, 0.00000, 6.15415, 1, 0.526973, 0, -3.09467, 0.526973, 0.0277354, 0, 0, 0.0277354, -0.464344, 1, 1, 9999, 9999, 9999, 9999, 9999, 9999, 9999, 9999, 0.527062, 9999, 4.6655, 0, 0, 0, 0, 0, 8000, 0, 0, 0, 0
