hour,t(sec),kWh,State,kWOut,kWIn,kvarOut,DCkW,kWTotalLosses,kWInvLosses,kWIdlingLosses,kWChDchLosses,"kWh Chng",InvEff,InverterON,Vref,"Vavg (DRC)","VV Oper","VW Oper","DRC Oper","VV_DRC Oper","WP Oper","WV Oper",kWDesired,"kW VW Limit","Limit kWOut Function","kVA Exceeded","Grid voltage",di/dt,it,"it History","Rated VDC","Avg duty cycle","Target (Amps)","Series L","Max. Amps (phase)"
1, 0.00000, 5.83362, 1, 1.00118, 0, -1.5478, 1.00118, 0.0526939, 0, 0, 0.0526939, -3.50017, 1, 1, 9999, 9999, 9999, 9999, 9999, 9999, 9999, 9999, 1.00121, 9999, 2.3335, 0, 0, 0, 0, 0, 8000, 0, 0, 0, 0
2, 0.00000, 4.77975, 1, 0.968425, 0, -1.5478, 0.968425, 0.0509697, 0, 0, 0.0509697, -1.05388, 1, 1, 9999, 9999, 9999, 9999, 9999, 9999, 9999, 9999, 0.968426, 9999, 2.3335, 0, 0, 0, 0, 0, 8000, 0, 0, 0, 0
3, 0.00000, 3.76035, 1, 0.912211, 0, -1.5478, 0.912211, 0.0480111, 0, 0, 0.0480111, -1.01939, 1, 1, 9999, 9999, 9999, 9999, 9999, 9999, 9999, 9999, 0.912212, 9999, 2.3335, 0, 0, 0, 0, 0, 8000, 0, 0, 0, 0
