hour,t(sec),kWh,State,kWOut,kWIn,kvarOut,DCkW,kWTotalLosses,kWInvLosses,kWIdlingLosses,kWChDchLosses,"kWh Chng",InvEff,InverterON,Vref,"Vavg (DRC)","VV Oper","VW Oper","DRC Oper","VV_DRC Oper","WP Oper","WV Oper",kWDesired,"kW VW Limit","Limit kWOut Function","kVA Exceeded","Grid voltage",di/dt,it,"it History","Rated VDC","Avg duty cycle","Target (Amps)","Series L","Max. Amps (phase)"
1, 0.00000, 11.6637, 1, 1.75159, 0, -3.0947, 1.75159, 0.0921891, 0, 0, 0.0921891, -6.99825, 1, 1, 9999, 9999, 9999, 9999, 9999, 9999, 9999, 9999, 1.75162, 9999, 4.6655, 0, 0, 0, 0, 0, 8000, 0, 0, 0, 0
2, 0.00000, 9.81997, 1, 1.60488, 0, -3.0947, 1.60488, 0.0844672, 0, 0, 0.0844672, -1.84378, 1, 1, 9999, 9999, 9999, 9999, 9999, 9999, 9999, 9999, 1.60489, 9999, 4.6655, 0, 0, 0, 0, 0, 8000, 0, 0, 0, 0
3, 0.00000, 8.13062, 1, 1.42903, 0, -3.0947, 1.42903, 0.075212, 0, 0, 0.075212, -1.68934, 1, 1, 9999, 9999, 9999, 9999, 9999, 9999, 9999, 9999, 1.42904, 9999, 4.6655, 0, 0, 0, 0, 0, 8000, 0, 0, 0, 0
4, 0.00000, 6.62638, 1, 0.976255, 0, -3.0947, 0.976255, 0.0513818, 0, 0, 0.0513818, -1.50424, 1, 1, 9999, 9999, 9999, 9999, 9999, 9999, 9999, 9999, 0.976349, 9999, 4.6655, 0, 0, 0, 0, 0, 8000, 0, 0, 0, 0
