hour,t(sec),kWh,State,kWOut,kWIn,kvarOut,DCkW,kWTotalLosses,kWInvLosses,kWIdlingLosses,kWChDchLosses,"kWh Chng",InvEff,InverterON,Vref,"Vavg (DRC)","VV Oper","VW Oper","DRC Oper","VV_DRC Oper","WP Oper","WV Oper",kWDesired,"kW VW Limit","Limit kWOut Function","kVA Exceeded","Grid voltage",di/dt,it,"it History","Rated VDC","Avg duty cycle","Target (Amps)","Series L","Max. Amps (phase)"
1, 0.00000, 11.6637, 1, 2.10713, 0, 3.09469, 2.10713, 0.110901, 0, 0, 0.110901, -6.99825, 1, 1, 9999, 9999, 9999, 9999, 9999, 9999, 9999, 9999, 2.10713, 9999, 4.6655, 0, 0, 0, 0, 0, 8000, 0, 0, 0, 0
2, 0.00000, 9.44572, 1, 1.30929, 0, 3.09469, 1.30929, 0.0689099, 0, 0, 0.0689099, -2.21803, 1, 1, 9999, 9999, 9999, 9999, 9999, 9999, 9999, 9999, 1.30928, 9999, 4.6655, 0, 0, 0, 0, 0, 8000, 0, 0, 0, 0
3, 0.00000, 8.06752, 1, 1.06392, 0, 3.0947, 1.06392, 0.0559959, 0, 0, 0.0559959, -1.3782, 1, 1, 9999, 9999, 9999, 9999, 9999, 9999, 9999, 9999, 1.06392, 9999, 4.6655, 0, 0, 0, 0, 0, 8000, 0, 0, 0, 0
4, 0.00000, 6.9476, 1, 0.792113, 0, 3.09469, 0.792113, 0.0416901, 0, 0, 0.0416901, -1.11992, 1, 1, 9999, 9999, 9999, 9999, 9999, 9999, 9999, 9999, 0.792109, 9999, 4.6655, 0, 0, 0, 0, 0, 8000, 0, 0, 0, 0
5, 0.00000, 6.1138, 1, 0.489406, 0, 3.09482, 0.489406, 0.0257582, 0, 0, 0.0257582, -0.833803, 1, 1, 9999, 9999, 9999, 9999, 9999, 9999, 9999, 9999, 0.489504, 9999, 4.6655, 0, 0, 0, 0, 0, 8000, 0, 0, 0, 0
