hour,t(sec),kWh,State,kWOut,kWIn,kvarOut,DCkW,kWTotalLosses,kWInvLosses,kWIdlingLosses,kWChDchLosses,"kWh Chng",InvEff,InverterON,Vref,"Vavg (DRC)","VV Oper","VW Oper","DRC Oper","VV_DRC Oper","WP Oper","WV Oper",kWDesired,"kW VW Limit","Limit kWOut Function","kVA Exceeded","Grid voltage",di/dt,it,"it History","Rated VDC","Avg duty cycle","Target (Amps)","Series L","Max. Amps (phase)"
1, 0.00000, 5.83362, 1, 1.05989, 0, -1.5478, 1.05989, 0.0557837, 0, 0, 0.0557837, -3.50017, 1, 1, 9999, 9999, 9999, 9999, 9999, 9999, 9999, 9999, 1.0599, 9999, 2.3335, 0, 0, 0, 0, 0, 8000, 0, 0, 0, 0
2, 0.00000, 4.71795, 1, 0.749702, 0, -1.5478, 0.749702, 0.039458, 0, 0, 0.039458, -1.11567, 1, 1, 9999, 9999, 9999, 9999, 9999, 9999, 9999, 9999, 0.749637, 9999, 2.3335, 0, 0, 0, 0, 0, 8000, 0, 0, 0, 0
3, 0.00000, 3.92879, 1, 0.602179, 0, -1.5478, 0.602179, 0.0316936, 0, 0, 0.0316936, -0.78916, 1, 1, 9999, 9999, 9999, 9999, 9999, 9999, 9999, 9999, 0.602113, 9999, 2.3335, 0, 0, 0, 0, 0, 8000, 0, 0, 0, 0
4, 0.00000, 3.29492, 1, 0.352807, 0, -1.54781, 0.352807, 0.0185688, 0, 0, 0.0185688, -0.633873, 1, 1, 9999, 9999, 9999, 9999, 9999, 9999, 9999, 9999, 0.352732, 9999, 2.3335, 0, 0, 0, 0, 0, 8000, 0, 0, 0, 0
5, 0.00000, 2.92354, -1, 0, 0.0000831042, -1.54785, -0.0000831042, 4.15521E-6, 0, 0, 4.15521E-6, -0.371376, 1, 1, 9999, 9999, 9999, 9999, 9999, 9999, 9999, 9999, -3.17169E-19, 9999, 2.3335, 0, 0, 0, 0, 0, 8000, 0, 0, 0, 0
