hour,t(sec),kWh,State,kWOut,kWIn,kvarOut,DCkW,kWTotalLosses,kWInvLosses,kWIdlingLosses,kWChDchLosses,"kWh Chng",InvEff,InverterON,Vref,"Vavg (DRC)","VV Oper","VW Oper","DRC Oper","VV_DRC Oper","WP Oper","WV Oper",kWDesired,"kW VW Limit","Limit kWOut Function","kVA Exceeded","Grid voltage",di/dt,it,"it History","Rated VDC","Avg duty cycle","Target (Amps)","Series L","Max. Amps (phase)"
1, 0.00000, 11.6637, 1, 1.47605, 0, -3.09469, 1.47605, 0.0776867, 0, 0, 0.0776867, -6.99825, 1, 1, 9999, 9999, 9999, 9999, 9999, 9999, 9999, 9999, 1.47607, 9999, 4.6655, 0, 0, 0, 0, 0, 8000, 0, 0, 0, 0
2, 0.00000, 10.11, 1, 0.496759, 0, -3.09471, 0.496759, 0.0261452, 0, 0, 0.0261452, -1.55373, 1, 1, 9999, 9999, 9999, 9999, 9999, 9999, 9999, 9999, 0.496549, 9999, 4.6655, 0, 0, 0, 0, 0, 8000, 0, 0, 0, 0
3, 0.00000, 9.58711, 1, 0.0787216, 0, -3.09473, 0.0787216, 0.00414324, 0, 0, 0.00414324, -0.522905, 1, 1, 9999, 9999, 9999, 9999, 9999, 9999, 9999, 9999, 0.0785017, 9999, 4.6655, 0, 0, 0, 0, 0, 8000, 0, 0, 0, 0
4, 0.00000, 9.50425, 1, 0.000262812, 0, -3.09474, 0.000262812, 0.0000138322, 0, 0, 0.0000138322, -0.0828648, 1, 1, 9999, 9999, 9999, 9999, 9999, 9999, 9999, 9999, 2.59696E-19, 9999, 4.6655, 0, 0, 0, 0, 0, 8000, 0, 0, 0, 0
5, 0.00000, 9.50397, 1, 0.000288909, 0, -3.09479, 0.000288909, 0.0000152058, 0, 0, 0.0000152058, -0.000276644, 1, 1, 9999, 9999, 9999, 9999, 9999, 9999, 9999, 9999, 9.89972E-20, 9999, 4.6655, 0, 0, 0, 0, 0, 8000, 0, 0, 0, 0
