hour,t(sec),kWh,State,kWOut,kWIn,kvarOut,DCkW,kWTotalLosses,kWInvLosses,kWIdlingLosses,kWChDchLosses,"kWh Chng",InvEff,InverterON,Vref,"Vavg (DRC)","VV Oper","VW Oper","DRC Oper","VV_DRC Oper","WP Oper","WV Oper",kWDesired,"kW VW Limit","Limit kWOut Function","kVA Exceeded","Grid voltage",di/dt,it,"it History","Rated VDC","Avg duty cycle","Target (Amps)","Series L","Max. Amps (phase)"
1, 0.00000, 21.875, 1, 2.83317, 0, 5.80405, 2.83317, 0.149114, 0, 0, 0.149114, -13.125, 1, 1, 9999, 9999, 9999, 9999, 9999, 9999, 9999, 9999, 2.83316, 9999, 8.75, 0, 0, 0, 0, 0, 8000, 0, 0, 0, 0
2, 0.00000, 18.8927, 1, 2.22262, 0, 5.80438, 2.22262, 0.11698, 0, 0, 0.11698, -2.98229, 1, 1, 9999, 9999, 9999, 9999, 9999, 9999, 9999, 9999, 2.22285, 9999, 8.75, 0, 0, 0, 0, 0, 8000, 0, 0, 0, 0
3, 0.00000, 16.5531, 1, 2.11129, 0, 5.80437, 2.11129, 0.111121, 0, 0, 0.111121, -2.3396, 1, 1, 9999, 9999, 9999, 9999, 9999, 9999, 9999, 9999, 2.11155, 9999, 8.75, 0, 0, 0, 0, 0, 8000, 0, 0, 0, 0
4, 0.00000, 14.3307, 1, 1.92336, 0, 5.80441, 1.92336, 0.10123, 0, 0, 0.10123, -2.22241, 1, 1, 9999, 9999, 9999, 9999, 9999, 9999, 9999, 9999, 1.92369, 9999, 8.75, 0, 0, 0, 0, 0, 8000, 0, 0, 0, 0
5, 0.00000, 12.3061, 0, 0, 0.000445526, 5.80438, -0.000445526, 0.000445526, 0, 0.000445526, 0, -2.02459, 1, 1, 9999, 9999, 9999, 9999, 9999, 9999, 9999, 9999, 0, 9999, 8.75, 0, 0, 0, 0, 0, 8000, 0, 0, 0, 0
