hour,t(sec),kWh,State,kWOut,kWIn,kvarOut,DCkW,kWTotalLosses,kWInvLosses,kWIdlingLosses,kWChDchLosses,"kWh Chng",InvEff,InverterON,Vref,"Vavg (DRC)","VV Oper","VW Oper","DRC Oper","VV_DRC Oper","WP Oper","WV Oper",kWDesired,"kW VW Limit","Limit kWOut Function","kVA Exceeded","Grid voltage",di/dt,it,"it History","Rated VDC","Avg duty cycle","Target (Amps)","Series L","Max. Amps (phase)"
1, 0.00000, 11.6637, 1, 1.55987, 0, 3.09469, 1.55987, 0.0820982, 0, 0, 0.0820982, -6.99825, 1, 1, 9999, 9999, 9999, 9999, 9999, 9999, 9999, 9999, 1.55986, 9999, 4.6655, 0, 0, 0, 0, 0, 8000, 0, 0, 0, 0
2, 0.00000, 10.0218, 1, 1.694, 0, 3.09469, 1.694, 0.0891578, 0, 0, 0.0891578, -1.64196, 1, 1, 9999, 9999, 9999, 9999, 9999, 9999, 9999, 9999, 1.694, 9999, 4.6655, 0, 0, 0, 0, 0, 8000, 0, 0, 0, 0
3, 0.00000, 8.23863, 1, 1.74439, 0, 3.09469, 1.74439, 0.0918098, 0, 0, 0.0918098, -1.78316, 1, 1, 9999, 9999, 9999, 9999, 9999, 9999, 9999, 9999, 1.74438, 9999, 4.6655, 0, 0, 0, 0, 0, 8000, 0, 0, 0, 0
4, 0.00000, 6.40243, 1, 0.763725, 0, 3.09466, 0.763725, 0.040196, 0, 0, 0.040196, -1.8362, 1, 1, 9999, 9999, 9999, 9999, 9999, 9999, 9999, 9999, 0.763696, 9999, 4.6655, 0, 0, 0, 0, 0, 8000, 0, 0, 0, 0
