hour,t(sec),kWh,State,kWOut,kWIn,kvarOut,DCkW,kWTotalLosses,kWInvLosses,kWIdlingLosses,kWChDchLosses,"kWh Chng",InvEff,InverterON,Vref,"Vavg (DRC)","VV Oper","VW Oper","DRC Oper","VV_DRC Oper","WP Oper","WV Oper",kWDesired,"kW VW Limit","Limit kWOut Function","kVA Exceeded","Grid voltage",di/dt,it,"it History","Rated VDC","Avg duty cycle","Target (Amps)","Series L","Max. Amps (phase)"
1, 0.00000, 5.83362, 1, 0.839665, 0, 1.54779, 0.839665, 0.0441929, 0, 0, 0.0441929, -3.50017, 1, 1, 9999, 9999, 9999, 9999, 9999, 9999, 9999, 9999, 0.839663, 9999, 2.3335, 0, 0, 0, 0, 0, 8000, 0, 0, 0, 0
2, 0.00000, 4.94977, 1, 0.819013, 0, 1.5478, 0.819013, 0.0431059, 0, 0, 0.0431059, -0.883858, 1, 1, 9999, 9999, 9999, 9999, 9999, 9999, 9999, 9999, 0.819012, 9999, 2.3335, 0, 0, 0, 0, 0, 8000, 0, 0, 0, 0
3, 0.00000, 4.08765, 1, 0.77134, 0, 1.5478, 0.77134, 0.0405968, 0, 0, 0.0405968, -0.862118, 1, 1, 9999, 9999, 9999, 9999, 9999, 9999, 9999, 9999, 0.771338, 9999, 2.3335, 0, 0, 0, 0, 0, 8000, 0, 0, 0, 0
4, 0.00000, 3.27571, 1, 0.45185, 0, 1.54778, 0.45185, 0.0237816, 0, 0, 0.0237816, -0.811937, 1, 1, 9999, 9999, 9999, 9999, 9999, 9999, 9999, 9999, 0.451836, 9999, 2.3335, 0, 0, 0, 0, 0, 8000, 0, 0, 0, 0
