hour,t(sec),kWh,State,kWOut,kWIn,kvarOut,DCkW,kWTotalLosses,kWInvLosses,kWIdlingLosses,kWChDchLosses,"kWh Chng",InvEff,InverterON,Vref,"Vavg (DRC)","VV Oper","VW Oper","DRC Oper","VV_DRC Oper","WP Oper","WV Oper",kWDesired,"kW VW Limit","Limit kWOut Function","kVA Exceeded","Grid voltage",di/dt,it,"it History","Rated VDC","Avg duty cycle","Target (Amps)","Series L","Max. Amps (phase)"
1, 0.00000, 11.6637, 1, 1.8718, 0, 3.09468, 1.8718, 0.0985159, 0, 0, 0.0985159, -6.99825, 1, 1, 9999, 9999, 9999, 9999, 9999, 9999, 9999, 9999, 1.8718, 9999, 4.6655, 0, 0, 0, 0, 0, 8000, 0, 0, 0, 0
2, 0.00000, 9.69343, 1, 1.90796, 0, 3.0947, 1.90796, 0.100419, 0, 0, 0.100419, -1.97032, 1, 1, 9999, 9999, 9999, 9999, 9999, 9999, 9999, 9999, 1.90796, 9999, 4.6655, 0, 0, 0, 0, 0, 8000, 0, 0, 0, 0
3, 0.00000, 7.68506, 1, 1.98214, 0, 3.0947, 1.98214, 0.104323, 0, 0, 0.104323, -2.00838, 1, 1, 9999, 9999, 9999, 9999, 9999, 9999, 9999, 9999, 1.98214, 9999, 4.6655, 0, 0, 0, 0, 0, 8000, 0, 0, 0, 0
