hour,t(sec),kWh,State,kWOut,kWIn,kvarOut,DCkW,kWTotalLosses,kWInvLosses,kWIdlingLosses,kWChDchLosses,"kWh Chng",InvEff,InverterON,Vref,"Vavg (DRC)","VV Oper","VW Oper","DRC Oper","VV_DRC Oper","WP Oper","WV Oper",kWDesired,"kW VW Limit","Limit kWOut Function","kVA Exceeded","Grid voltage",di/dt,it,"it History","Rated VDC","Avg duty cycle","Target (Amps)","Series L","Max. Amps (phase)"
1, 0.00000, 5.83362, 1, 0.904209, 0, 1.54779, 0.904209, 0.04759, 0, 0, 0.04759, -3.50017, 1, 1, 9999, 9999, 9999, 9999, 9999, 9999, 9999, 9999, 0.904208, 9999, 2.3335, 0, 0, 0, 0, 0, 8000, 0, 0, 0, 0
2, 0.00000, 4.88183, 1, 0.651051, 0, 1.54779, 0.651051, 0.0342658, 0, 0, 0.0342658, -0.951799, 1, 1, 9999, 9999, 9999, 9999, 9999, 9999, 9999, 9999, 0.651047, 9999, 2.3335, 0, 0, 0, 0, 0, 8000, 0, 0, 0, 0
3, 0.00000, 4.19651, 1, 0.582419, 0, 1.5478, 0.582419, 0.0306536, 0, 0, 0.0306536, -0.685317, 1, 1, 9999, 9999, 9999, 9999, 9999, 9999, 9999, 9999, 0.582418, 9999, 2.3335, 0, 0, 0, 0, 0, 8000, 0, 0, 0, 0
4, 0.00000, 3.58344, 1, 0.494354, 0, 1.5478, 0.494354, 0.0260186, 0, 0, 0.0260186, -0.613073, 1, 1, 9999, 9999, 9999, 9999, 9999, 9999, 9999, 9999, 0.494352, 9999, 2.3335, 0, 0, 0, 0, 0, 8000, 0, 0, 0, 0
5, 0.00000, 3.06306, 1, 0.249774, 0, 1.54786, 0.249774, 0.013146, 0, 0, 0.013146, -0.520373, 1, 1, 9999, 9999, 9999, 9999, 9999, 9999, 9999, 9999, 0.249825, 9999, 2.3335, 0, 0, 0, 0, 0, 8000, 0, 0, 0, 0
