hour,t(sec),kWh,State,kWOut,kWIn,kvarOut,DCkW,kWTotalLosses,kWInvLosses,kWIdlingLosses,kWChDchLosses,"kWh Chng",InvEff,InverterON,Vref,"Vavg (DRC)","VV Oper","VW Oper","DRC Oper","VV_DRC Oper","WP Oper","WV Oper",kWDesired,"kW VW Limit","Limit kWOut Function","kVA Exceeded","Grid voltage",di/dt,it,"it History","Rated VDC","Avg duty cycle","Target (Amps)","Series L","Max. Amps (phase)"
1, 0.00000, 5.83362, 1, 0.648177, 0, 1.5478, 0.648177, 0.0341146, 0, 0, 0.0341146, -3.50017, 1, 1, 9999, 9999, 9999, 9999, 9999, 9999, 9999, 9999, 0.648176, 9999, 2.3335, 0, 0, 0, 0, 0, 8000, 0, 0, 0, 0
2, 0.00000, 5.15133, 1, 0.640477, 0, 1.5478, 0.640477, 0.0337093, 0, 0, 0.0337093, -0.682291, 1, 1, 9999, 9999, 9999, 9999, 9999, 9999, 9999, 9999, 0.640476, 9999, 2.3335, 0, 0, 0, 0, 0, 8000, 0, 0, 0, 0
3, 0.00000, 4.47715, 1, 0.660451, 0, 1.5478, 0.660451, 0.0347606, 0, 0, 0.0347606, -0.674186, 1, 1, 9999, 9999, 9999, 9999, 9999, 9999, 9999, 9999, 0.660451, 9999, 2.3335, 0, 0, 0, 0, 0, 8000, 0, 0, 0, 0
4, 0.00000, 3.78194, 1, 0.650067, 0, 1.5478, 0.650067, 0.034214, 0, 0, 0.034214, -0.695211, 1, 1, 9999, 9999, 9999, 9999, 9999, 9999, 9999, 9999, 0.650066, 9999, 2.3335, 0, 0, 0, 0, 0, 8000, 0, 0, 0, 0
5, 0.00000, 3.09765, 1, 0.282669, 0, 1.54781, 0.282669, 0.0148773, 0, 0, 0.0148773, -0.684281, 1, 1, 9999, 9999, 9999, 9999, 9999, 9999, 9999, 9999, 0.28268, 9999, 2.3335, 0, 0, 0, 0, 0, 8000, 0, 0, 0, 0
