hour,t(sec),kWh,State,kWOut,kWIn,kvarOut,DCkW,kWTotalLosses,kWInvLosses,kWIdlingLosses,kWChDchLosses,"kWh Chng",InvEff,InverterON,Vref,"Vavg (DRC)","VV Oper","VW Oper","DRC Oper","VV_DRC Oper","WP Oper","WV Oper",kWDesired,"kW VW Limit","Limit kWOut Function","kVA Exceeded","Grid voltage",di/dt,it,"it History","Rated VDC","Avg duty cycle","Target (Amps)","Series L","Max. Amps (phase)"
1, 0.00000, 5.83362, -1, 0, 5.95706E-6, -1.54779, -5.95706E-6, 2.97853E-7, 0, 0, 2.97853E-7, -3.50017, 1, 1, 9999, 9999, 9999, 9999, 9999, 9999, 9999, 9999, -2.14957E-18, 9999, 2.3335, 0, 0, 0, 0, 0, 8000, 0, 0, 0, 0
2, 0.00000, 5.83363, 1, 0.302461, 0, -0.824849, 0.302461, 0.015919, 0, 0, 0.015919, 5.65921E-6, 1, 1, 9999, 9999, 9999, 9999, 9999, 9999, 9999, 9999, 0.302468, 9999, 2.3335, 0, 0, 0, 0, 0, 8000, 0, 0, 0, 0
3, 0.00000, 5.51525, 1, 0.892004, 0, 1.0268, 0.892004, 0.0469476, 0, 0, 0.0469476, -0.31838, 1, 1, 9999, 9999, 9999, 9999, 9999, 9999, 9999, 9999, 0.892004, 9999, 2.3335, 0, 0, 0, 0, 0, 8000, 0, 0, 0, 0
4, 0.00000, 4.5763, 1, 1.4306, 0, 1.54779, 1.4306, 0.0752948, 0, 0, 0.0752948, -0.938952, 1, 1, 9999, 9999, 9999, 9999, 9999, 9999, 9999, 9999, 1.4306, 9999, 2.3335, 0, 0, 0, 0, 0, 8000, 0, 0, 0, 0
5, 0.00000, 3.0704, 1, 0.256806, 0, 0.0757053, 0.256806, 0.0135161, 0, 0, 0.0135161, -1.5059, 1, 1, 9999, 9999, 9999, 9999, 9999, 9999, 9999, 9999, 0.256802, 9999, 2.3335, 0, 0, 0, 0, 0, 8000, 0, 0, 0, 0
