hour,t(sec),kWh,State,kWOut,kWIn,kvarOut,DCkW,kWTotalLosses,kWInvLosses,kWIdlingLosses,kWChDchLosses,"kWh Chng",InvEff,InverterON,Vref,"Vavg (DRC)","VV Oper","VW Oper","DRC Oper","VV_DRC Oper","WP Oper","WV Oper",kWDesired,"kW VW Limit","Limit kWOut Function","kVA Exceeded","Grid voltage",di/dt,it,"it History","Rated VDC","Avg duty cycle","Target (Amps)","Series L","Max. Amps (phase)"
1, 0.00000, 11.6637, 1, 0.861314, 0, 3.09462, 0.861314, 0.0453323, 0, 0, 0.0453323, -6.99825, 1, 1, 9999, 9999, 9999, 9999, 9999, 9999, 9999, 9999, 0.861251, 9999, 4.6655, 0, 0, 0, 0, 0, 8000, 0, 0, 0, 0
2, 0.00000, 10.7571, 1, 0.513447, 0, 3.09469, 0.513447, 0.0270235, 0, 0, 0.0270235, -0.906647, 1, 1, 9999, 9999, 9999, 9999, 9999, 9999, 9999, 9999, 0.513438, 9999, 4.6655, 0, 0, 0, 0, 0, 8000, 0, 0, 0, 0
3, 0.00000, 10.2166, 1, 0.495384, 0, 3.0947, 0.495384, 0.0260728, 0, 0, 0.0260728, -0.54047, 1, 1, 9999, 9999, 9999, 9999, 9999, 9999, 9999, 9999, 0.495383, 9999, 4.6655, 0, 0, 0, 0, 0, 8000, 0, 0, 0, 0
4, 0.00000, 9.69518, 1, 0.463192, 0, 3.0947, 0.463192, 0.0243785, 0, 0, 0.0243785, -0.521456, 1, 1, 9999, 9999, 9999, 9999, 9999, 9999, 9999, 9999, 0.463191, 9999, 4.6655, 0, 0, 0, 0, 0, 8000, 0, 0, 0, 0
5, 0.00000, 9.20761, 1, 0.0605077, 0, 3.09471, 0.0605077, 0.00318461, 0, 0, 0.00318461, -0.487571, 1, 1, 9999, 9999, 9999, 9999, 9999, 9999, 9999, 9999, 0.0605209, 9999, 4.6655, 0, 0, 0, 0, 0, 8000, 0, 0, 0, 0
6, 0.00000, 9.14391, 1, 0.315114, 0, 3.09468, 0.315114, 0.016585, 0, 0, 0.016585, -0.0636923, 1, 1, 9999, 9999, 9999, 9999, 9999, 9999, 9999, 9999, 0.315103, 9999, 4.6655, 0, 0, 0, 0, 0, 8000, 0, 0, 0, 0
