hour,t(sec),kWh,State,kWOut,kWIn,kvarOut,DCkW,kWTotalLosses,kWInvLosses,kWIdlingLosses,kWChDchLosses,"kWh Chng",InvEff,InverterON,Vref,"Vavg (DRC)","VV Oper","VW Oper","DRC Oper","VV_DRC Oper","WP Oper","WV Oper",kWDesired,"kW VW Limit","Limit kWOut Function","kVA Exceeded","Grid voltage",di/dt,it,"it History","Rated VDC","Avg duty cycle","Target (Amps)","Series L","Max. Amps (phase)"
1, 0.00000, 61.25, 1, 6.58562, 0, 16.2514, 6.58562, 0.346612, 0, 0, 0.346612, -36.75, 1, 1, 9999, 9999, 9999, 9999, 9999, 9999, 9999, 9999, 6.5856, 9999, 24.5, 0, 0, 0, 0, 0, 8000, 0, 0, 0, 0
2, 0.00000, 54.3178, 1, 2.7492, 0, 16.2514, 2.7492, 0.144695, 0, 0, 0.144695, -6.93224, 1, 1, 9999, 9999, 9999, 9999, 9999, 9999, 9999, 9999, 2.74915, 9999, 24.5, 0, 0, 0, 0, 0, 8000, 0, 0, 0, 0
3, 0.00000, 51.4239, 1, 1.64132, 0, 16.2515, 1.64132, 0.0863854, 0, 0, 0.0863854, -2.8939, 1, 1, 9999, 9999, 9999, 9999, 9999, 9999, 9999, 9999, 1.6413, 9999, 24.5, 0, 0, 0, 0, 0, 8000, 0, 0, 0, 0
4, 0.00000, 49.6962, 1, 0.372776, 0, 16.2515, 0.372776, 0.0196198, 0, 0, 0.0196198, -1.72771, 1, 1, 9999, 9999, 9999, 9999, 9999, 9999, 9999, 9999, 0.372743, 9999, 24.5, 0, 0, 0, 0, 0, 8000, 0, 0, 0, 0
5, 0.00000, 49.3038, -1, 0, 0.000809374, 16.2522, -0.000809374, 0.0000404687, 0, 0, 0.0000404687, -0.392396, 1, 1, 9999, 9999, 9999, 9999, 9999, 9999, 9999, 9999, -1.7321E-18, 9999, 24.5, 0, 0, 0, 0, 0, 8000, 0, 0, 0, 0
