hour,t(sec),kWh,State,kWOut,kWIn,kvarOut,DCkW,kWTotalLosses,kWInvLosses,kWIdlingLosses,kWChDchLosses,"kWh Chng",InvEff,InverterON,Vref,"Vavg (DRC)","VV Oper","VW Oper","DRC Oper","VV_DRC Oper","WP Oper","WV Oper",kWDesired,"kW VW Limit","Limit kWOut Function","kVA Exceeded","Grid voltage",di/dt,it,"it History","Rated VDC","Avg duty cycle","Target (Amps)","Series L","Max. Amps (phase)"
1, 0.00000, 5.83362, 1, 0.956528, 0, 1.54778, 0.956528, 0.0503436, 0, 0, 0.0503436, -3.50017, 1, 1, 9999, 9999, 9999, 9999, 9999, 9999, 9999, 9999, 0.956525, 9999, 2.3335, 0, 0, 0, 0, 0, 8000, 0, 0, 0, 0
2, 0.00000, 4.82675, 1, 0.961985, 0, 1.5478, 0.961985, 0.0506308, 0, 0, 0.0506308, -1.00687, 1, 1, 9999, 9999, 9999, 9999, 9999, 9999, 9999, 9999, 0.961985, 9999, 2.3335, 0, 0, 0, 0, 0, 8000, 0, 0, 0, 0
3, 0.00000, 3.81414, 1, 0.963339, 0, 1.5478, 0.963339, 0.050702, 0, 0, 0.050702, -1.01262, 1, 1, 9999, 9999, 9999, 9999, 9999, 9999, 9999, 9999, 0.963339, 9999, 2.3335, 0, 0, 0, 0, 0, 8000, 0, 0, 0, 0
