hour,t(sec),kWh,State,kWOut,kWIn,kvarOut,DCkW,kWTotalLosses,kWInvLosses,kWIdlingLosses,kWChDchLosses,"kWh Chng",InvEff,InverterON,Vref,"Vavg (DRC)","VV Oper","VW Oper","DRC Oper","VV_DRC Oper","WP Oper","WV Oper",kWDesired,"kW VW Limit","Limit kWOut Function","kVA Exceeded","Grid voltage",di/dt,it,"it History","Rated VDC","Avg duty cycle","Target (Amps)","Series L","Max. Amps (phase)"
1, 0.00000, 11.6637, 1, 1.61538, 0, 1.63799, 1.61538, 0.0850201, 0, 0, 0.0850201, -6.99825, 1, 1, 9999, 9999, 9999, 9999, 9999, 9999, 9999, 9999, 1.61538, 9999, 4.6655, 0, 0, 0, 0, 0, 8000, 0, 0, 0, 0
2, 0.00000, 9.96335, 1, 1.29988, 0, 3.09467, 1.29988, 0.0684146, 0, 0, 0.0684146, -1.7004, 1, 1, 9999, 9999, 9999, 9999, 9999, 9999, 9999, 9999, 1.29985, 9999, 4.6655, 0, 0, 0, 0, 0, 8000, 0, 0, 0, 0
3, 0.00000, 8.59506, 1, 1.20954, 0, 3.09469, 1.20954, 0.0636597, 0, 0, 0.0636597, -1.36829, 1, 1, 9999, 9999, 9999, 9999, 9999, 9999, 9999, 9999, 1.20953, 9999, 4.6655, 0, 0, 0, 0, 0, 8000, 0, 0, 0, 0
4, 0.00000, 7.32186, 1, 1.08194, 0, 3.09469, 1.08194, 0.0569441, 0, 0, 0.0569441, -1.27319, 1, 1, 9999, 9999, 9999, 9999, 9999, 9999, 9999, 9999, 1.08193, 9999, 4.6655, 0, 0, 0, 0, 0, 8000, 0, 0, 0, 0
5, 0.00000, 6.18298, 1, 0.555066, 0, 3.09482, 0.555066, 0.029214, 0, 0, 0.029214, -1.13888, 1, 1, 9999, 9999, 9999, 9999, 9999, 9999, 9999, 9999, 0.555194, 9999, 4.6655, 0, 0, 0, 0, 0, 8000, 0, 0, 0, 0
