hour,t(sec),kWh,State,kWOut,kWIn,kvarOut,DCkW,kWTotalLosses,kWInvLosses,kWIdlingLosses,kWChDchLosses,"kWh Chng",InvEff,InverterON,Vref,"Vavg (DRC)","VV Oper","VW Oper","DRC Oper","VV_DRC Oper","WP Oper","WV Oper",kWDesired,"kW VW Limit","Limit kWOut Function","kVA Exceeded","Grid voltage",di/dt,it,"it History","Rated VDC","Avg duty cycle","Target (Amps)","Series L","Max. Amps (phase)"
1, 0.00000, 11.6637, 1, 1.92047, 0, 3.09467, 1.92047, 0.101077, 0, 0, 0.101077, -6.99825, 1, 1, 9999, 9999, 9999, 9999, 9999, 9999, 9999, 9999, 1.92046, 9999, 4.6655, 0, 0, 0, 0, 0, 8000, 0, 0, 0, 0
2, 0.00000, 9.64221, 1, 1.91593, 0, 3.0947, 1.91593, 0.100839, 0, 0, 0.100839, -2.02154, 1, 1, 9999, 9999, 9999, 9999, 9999, 9999, 9999, 9999, 1.91593, 9999, 4.6655, 0, 0, 0, 0, 0, 8000, 0, 0, 0, 0
3, 0.00000, 7.62543, 1, 1.9255, 0, 3.0947, 1.9255, 0.101342, 0, 0, 0.101342, -2.01677, 1, 1, 9999, 9999, 9999, 9999, 9999, 9999, 9999, 9999, 1.9255, 9999, 4.6655, 0, 0, 0, 0, 0, 8000, 0, 0, 0, 0
