hour,t(sec),kWh,State,kWOut,kWIn,kvarOut,DCkW,kWTotalLosses,kWInvLosses,kWIdlingLosses,kWChDchLosses,"kWh Chng",InvEff,InverterON,Vref,"Vavg (DRC)","VV Oper","VW Oper","DRC Oper","VV_DRC Oper","WP Oper","WV Oper",kWDesired,"kW VW Limit","Limit kWOut Function","kVA Exceeded","Grid voltage",di/dt,it,"it History","Rated VDC","Avg duty cycle","Target (Amps)","Series L","Max. Amps (phase)"
1, 0.00000, 5.83362, 1, 0.987522, 0, 1.54777, 0.987522, 0.0519748, 0, 0, 0.0519748, -3.50017, 1, 1, 9999, 9999, 9999, 9999, 9999, 9999, 9999, 9999, 0.987514, 9999, 2.3335, 0, 0, 0, 0, 0, 8000, 0, 0, 0, 0
2, 0.00000, 4.79413, 1, 0.972533, 0, 1.5478, 0.972533, 0.0511859, 0, 0, 0.0511859, -1.0395, 1, 1, 9999, 9999, 9999, 9999, 9999, 9999, 9999, 9999, 0.972533, 9999, 2.3335, 0, 0, 0, 0, 0, 8000, 0, 0, 0, 0
3, 0.00000, 3.77041, 1, 0.921826, 0, 1.5478, 0.921826, 0.0485172, 0, 0, 0.0485172, -1.02372, 1, 1, 9999, 9999, 9999, 9999, 9999, 9999, 9999, 9999, 0.921826, 9999, 2.3335, 0, 0, 0, 0, 0, 8000, 0, 0, 0, 0
