hour,t(sec),kWh,State,kWOut,kWIn,kvarOut,DCkW,kWTotalLosses,kWInvLosses,kWIdlingLosses,kWChDchLosses,"kWh Chng",InvEff,InverterON,Vref,"Vavg (DRC)","VV Oper","VW Oper","DRC Oper","VV_DRC Oper","WP Oper","WV Oper",kWDesired,"kW VW Limit","Limit kWOut Function","kVA Exceeded","Grid voltage",di/dt,it,"it History","Rated VDC","Avg duty cycle","Target (Amps)","Series L","Max. Amps (phase)"
1, 0.00000, 11.6637, 1, 1.87388, 0, -3.0947, 1.87388, 0.0986251, 0, 0, 0.0986251, -6.99825, 1, 1, 9999, 9999, 9999, 9999, 9999, 9999, 9999, 9999, 1.8739, 9999, 4.6655, 0, 0, 0, 0, 0, 8000, 0, 0, 0, 0
2, 0.00000, 9.69125, 1, 1.58281, 0, -3.0947, 1.58281, 0.0833058, 0, 0, 0.0833058, -1.9725, 1, 1, 9999, 9999, 9999, 9999, 9999, 9999, 9999, 9999, 1.58282, 9999, 4.6655, 0, 0, 0, 0, 0, 8000, 0, 0, 0, 0
3, 0.00000, 8.02513, 1, 1.27605, 0, -3.0947, 1.27605, 0.0671604, 0, 0, 0.0671604, -1.66612, 1, 1, 9999, 9999, 9999, 9999, 9999, 9999, 9999, 9999, 1.27606, 9999, 4.6655, 0, 0, 0, 0, 0, 8000, 0, 0, 0, 0
4, 0.00000, 6.68193, 1, 1.02907, 0, -3.0947, 1.02907, 0.0541616, 0, 0, 0.0541616, -1.34321, 1, 1, 9999, 9999, 9999, 9999, 9999, 9999, 9999, 9999, 1.02916, 9999, 4.6655, 0, 0, 0, 0, 0, 8000, 0, 0, 0, 0
