hour,t(sec),kWh,State,kWOut,kWIn,kvarOut,DCkW,kWTotalLosses,kWInvLosses,kWIdlingLosses,kWChDchLosses,"kWh Chng",InvEff,InverterON,Vref,"Vavg (DRC)","VV Oper","VW Oper","DRC Oper","VV_DRC Oper","WP Oper","WV Oper",kWDesired,"kW VW Limit","Limit kWOut Function","kVA Exceeded","Grid voltage",di/dt,it,"it History","Rated VDC","Avg duty cycle","Target (Amps)","Series L","Max. Amps (phase)"
1, 0.00000, 5.83362, 1, 0.713565, 0, 1.54779, 0.713565, 0.037556, 0, 0, 0.037556, -3.50017, 1, 1, 9999, 9999, 9999, 9999, 9999, 9999, 9999, 9999, 0.713561, 9999, 2.3335, 0, 0, 0, 0, 0, 8000, 0, 0, 0, 0
2, 0.00000, 5.0825, 1, 0.717015, 0, 1.5478, 0.717015, 0.0377376, 0, 0, 0.0377376, -0.751121, 1, 1, 9999, 9999, 9999, 9999, 9999, 9999, 9999, 9999, 0.717015, 9999, 2.3335, 0, 0, 0, 0, 0, 8000, 0, 0, 0, 0
3, 0.00000, 4.32775, 1, 0.722638, 0, 1.5478, 0.722638, 0.0380336, 0, 0, 0.0380336, -0.754752, 1, 1, 9999, 9999, 9999, 9999, 9999, 9999, 9999, 9999, 0.722638, 9999, 2.3335, 0, 0, 0, 0, 0, 8000, 0, 0, 0, 0
4, 0.00000, 3.56708, 1, 0.728682, 0, 1.5478, 0.728682, 0.0383517, 0, 0, 0.0383517, -0.760672, 1, 1, 9999, 9999, 9999, 9999, 9999, 9999, 9999, 9999, 0.728682, 9999, 2.3335, 0, 0, 0, 0, 0, 8000, 0, 0, 0, 0
