hour,t(sec),kWh,State,kWOut,kWIn,kvarOut,DCkW,kWTotalLosses,kWInvLosses,kWIdlingLosses,kWChDchLosses,"kWh Chng",InvEff,InverterON,Vref,"Vavg (DRC)","VV Oper","VW Oper","DRC Oper","VV_DRC Oper","WP Oper","WV Oper",kWDesired,"kW VW Limit","Limit kWOut Function","kVA Exceeded","Grid voltage",di/dt,it,"it History","Rated VDC","Avg duty cycle","Target (Amps)","Series L","Max. Amps (phase)"
1, 0.00000, 11.6637, 1, 1.42037, 0, 3.09468, 1.42037, 0.0747564, 0, 0, 0.0747564, -6.99825, 1, 1, 9999, 9999, 9999, 9999, 9999, 9999, 9999, 9999, 1.42036, 9999, 4.6655, 0, 0, 0, 0, 0, 8000, 0, 0, 0, 0
2, 0.00000, 10.1686, 1, 1.42914, 0, 3.0947, 1.42914, 0.0752177, 0, 0, 0.0752177, -1.49513, 1, 1, 9999, 9999, 9999, 9999, 9999, 9999, 9999, 9999, 1.42914, 9999, 4.6655, 0, 0, 0, 0, 0, 8000, 0, 0, 0, 0
3, 0.00000, 8.66427, 1, 1.44533, 0, 3.0947, 1.44533, 0.0760697, 0, 0, 0.0760697, -1.50435, 1, 1, 9999, 9999, 9999, 9999, 9999, 9999, 9999, 9999, 1.44533, 9999, 4.6655, 0, 0, 0, 0, 0, 8000, 0, 0, 0, 0
4, 0.00000, 7.14287, 1, 1.46707, 0, 3.0947, 1.46707, 0.077214, 0, 0, 0.077214, -1.52139, 1, 1, 9999, 9999, 9999, 9999, 9999, 9999, 9999, 9999, 1.46707, 9999, 4.6655, 0, 0, 0, 0, 0, 8000, 0, 0, 0, 0
