hour,t(sec),kWh,State,kWOut,kWIn,kvarOut,DCkW,kWTotalLosses,kWInvLosses,kWIdlingLosses,kWChDchLosses,"kWh Chng",InvEff,InverterON,Vref,"Vavg (DRC)","VV Oper","VW Oper","DRC Oper","VV_DRC Oper","WP Oper","WV Oper",kWDesired,"kW VW Limit","Limit kWOut Function","kVA Exceeded","Grid voltage",di/dt,it,"it History","Rated VDC","Avg duty cycle","Target (Amps)","Series L","Max. Amps (phase)"
1, 0.00000, 11.6637, 1, 1.43404, 0, -3.09469, 1.43404, 0.0754757, 0, 0, 0.0754757, -6.99825, 1, 1, 9999, 9999, 9999, 9999, 9999, 9999, 9999, 9999, 1.43408, 9999, 4.6655, 0, 0, 0, 0, 0, 8000, 0, 0, 0, 0
2, 0.00000, 10.1542, 1, 1.43735, 0, -3.0947, 1.43735, 0.0756499, 0, 0, 0.0756499, -1.50951, 1, 1, 9999, 9999, 9999, 9999, 9999, 9999, 9999, 9999, 1.43735, 9999, 4.6655, 0, 0, 0, 0, 0, 8000, 0, 0, 0, 0
3, 0.00000, 8.64124, 1, 1.44271, 0, -3.0947, 1.44271, 0.0759323, 0, 0, 0.0759323, -1.513, 1, 1, 9999, 9999, 9999, 9999, 9999, 9999, 9999, 9999, 1.44271, 9999, 4.6655, 0, 0, 0, 0, 0, 8000, 0, 0, 0, 0
4, 0.00000, 7.12259, 1, 1.44775, 0, -3.0947, 1.44775, 0.0761975, 0, 0, 0.0761975, -1.51865, 1, 1, 9999, 9999, 9999, 9999, 9999, 9999, 9999, 9999, 1.44775, 9999, 4.6655, 0, 0, 0, 0, 0, 8000, 0, 0, 0, 0
