hour,t(sec),kWh,State,kWOut,kWIn,kvarOut,DCkW,kWTotalLosses,kWInvLosses,kWIdlingLosses,kWChDchLosses,"kWh Chng",InvEff,InverterON,Vref,"Vavg (DRC)","VV Oper","VW Oper","DRC Oper","VV_DRC Oper","WP Oper","WV Oper",kWDesired,"kW VW Limit","Limit kWOut Function","kVA Exceeded","Grid voltage",di/dt,it,"it History","Rated VDC","Avg duty cycle","Target (Amps)","Series L","Max. Amps (phase)"
1, 0.00000, 5.83362, 1, 0.712725, 0, 1.54779, 0.712725, 0.0375118, 0, 0, 0.0375118, -3.50017, 1, 1, 9999, 9999, 9999, 9999, 9999, 9999, 9999, 9999, 0.712721, 9999, 2.3335, 0, 0, 0, 0, 0, 8000, 0, 0, 0, 0
2, 0.00000, 5.08339, 1, 0.715591, 0, 1.5478, 0.715591, 0.0376627, 0, 0, 0.0376627, -0.750237, 1, 1, 9999, 9999, 9999, 9999, 9999, 9999, 9999, 9999, 0.715591, 9999, 2.3335, 0, 0, 0, 0, 0, 8000, 0, 0, 0, 0
3, 0.00000, 4.33013, 1, 0.721658, 0, 1.5478, 0.721658, 0.037982, 0, 0, 0.037982, -0.753254, 1, 1, 9999, 9999, 9999, 9999, 9999, 9999, 9999, 9999, 0.721658, 9999, 2.3335, 0, 0, 0, 0, 0, 8000, 0, 0, 0, 0
4, 0.00000, 3.57049, 1, 0.731902, 0, 1.5478, 0.731902, 0.0385212, 0, 0, 0.0385212, -0.75964, 1, 1, 9999, 9999, 9999, 9999, 9999, 9999, 9999, 9999, 0.731902, 9999, 2.3335, 0, 0, 0, 0, 0, 8000, 0, 0, 0, 0
