hour,t(sec),kWh,State,kWOut,kWIn,kvarOut,DCkW,kWTotalLosses,kWInvLosses,kWIdlingLosses,kWChDchLosses,"kWh Chng",InvEff,InverterON,Vref,"Vavg (DRC)","VV Oper","VW Oper","DRC Oper","VV_DRC Oper","WP Oper","WV Oper",kWDesired,"kW VW Limit","Limit kWOut Function","kVA Exceeded","Grid voltage",di/dt,it,"it History","Rated VDC","Avg duty cycle","Target (Amps)","Series L","Max. Amps (phase)"
1, 0.00000, 11.6637, 1, 1.43614, 0, 3.09468, 1.43614, 0.0755864, 0, 0, 0.0755864, -6.99825, 1, 1, 9999, 9999, 9999, 9999, 9999, 9999, 9999, 9999, 1.43613, 9999, 4.6655, 0, 0, 0, 0, 0, 8000, 0, 0, 0, 0
2, 0.00000, 10.152, 1, 1.43693, 0, 3.0947, 1.43693, 0.0756278, 0, 0, 0.0756278, -1.51173, 1, 1, 9999, 9999, 9999, 9999, 9999, 9999, 9999, 9999, 1.43693, 9999, 4.6655, 0, 0, 0, 0, 0, 8000, 0, 0, 0, 0
3, 0.00000, 8.63947, 1, 1.4401, 0, 3.0947, 1.4401, 0.0757947, 0, 0, 0.0757947, -1.51256, 1, 1, 9999, 9999, 9999, 9999, 9999, 9999, 9999, 9999, 1.4401, 9999, 4.6655, 0, 0, 0, 0, 0, 8000, 0, 0, 0, 0
4, 0.00000, 7.12357, 1, 1.44873, 0, 3.0947, 1.44873, 0.076249, 0, 0, 0.076249, -1.51589, 1, 1, 9999, 9999, 9999, 9999, 9999, 9999, 9999, 9999, 1.44873, 9999, 4.6655, 0, 0, 0, 0, 0, 8000, 0, 0, 0, 0
