hour,t(sec),kWh,State,kWOut,kWIn,kvarOut,DCkW,kWTotalLosses,kWInvLosses,kWIdlingLosses,kWChDchLosses,"kWh Chng",InvEff,InverterON,Vref,"Vavg (DRC)","VV Oper","VW Oper","DRC Oper","VV_DRC Oper","WP Oper","WV Oper",kWDesired,"kW VW Limit","Limit kWOut Function","kVA Exceeded","Grid voltage",di/dt,it,"it History","Rated VDC","Avg duty cycle","Target (Amps)","Series L","Max. Amps (phase)"
1, 0.00000, 11.6637, 1, 1.43821, 0, 3.09466, 1.43821, 0.075695, 0, 0, 0.075695, -6.99825, 1, 1, 9999, 9999, 9999, 9999, 9999, 9999, 9999, 9999, 1.43819, 9999, 4.6655, 0, 0, 0, 0, 0, 8000, 0, 0, 0, 0
2, 0.00000, 10.1498, 1, 1.43949, 0, 3.0947, 1.43949, 0.0757628, 0, 0, 0.0757628, -1.5139, 1, 1, 9999, 9999, 9999, 9999, 9999, 9999, 9999, 9999, 1.43949, 9999, 4.6655, 0, 0, 0, 0, 0, 8000, 0, 0, 0, 0
3, 0.00000, 8.63459, 1, 1.44155, 0, 3.0947, 1.44155, 0.0758708, 0, 0, 0.0758708, -1.51526, 1, 1, 9999, 9999, 9999, 9999, 9999, 9999, 9999, 9999, 1.44155, 9999, 4.6655, 0, 0, 0, 0, 0, 8000, 0, 0, 0, 0
4, 0.00000, 7.11718, 1, 1.44267, 0, 3.0947, 1.44267, 0.0759298, 0, 0, 0.0759298, -1.51742, 1, 1, 9999, 9999, 9999, 9999, 9999, 9999, 9999, 9999, 1.44267, 9999, 4.6655, 0, 0, 0, 0, 0, 8000, 0, 0, 0, 0
