hour,t(sec),kWh,State,kWOut,kWIn,kvarOut,DCkW,kWTotalLosses,kWInvLosses,kWIdlingLosses,kWChDchLosses,"kWh Chng",InvEff,InverterON,Vref,"Vavg (DRC)","VV Oper","VW Oper","DRC Oper","VV_DRC Oper","WP Oper","WV Oper",kWDesired,"kW VW Limit","Limit kWOut Function","kVA Exceeded","Grid voltage",di/dt,it,"it History","Rated VDC","Avg duty cycle","Target (Amps)","Series L","Max. Amps (phase)"
1, 0.00000, 11.6637, 1, 1.43158, 0, 3.09466, 1.43158, 0.0753464, 0, 0, 0.0753464, -6.99825, 1, 1, 9999, 9999, 9999, 9999, 9999, 9999, 9999, 9999, 1.43156, 9999, 4.6655, 0, 0, 0, 0, 0, 8000, 0, 0, 0, 0
2, 0.00000, 10.1568, 1, 1.44043, 0, 3.0947, 1.44043, 0.0758119, 0, 0, 0.0758119, -1.50693, 1, 1, 9999, 9999, 9999, 9999, 9999, 9999, 9999, 9999, 1.44043, 9999, 4.6655, 0, 0, 0, 0, 0, 8000, 0, 0, 0, 0
3, 0.00000, 8.64058, 1, 1.45144, 0, 3.0947, 1.45144, 0.0763914, 0, 0, 0.0763914, -1.51624, 1, 1, 9999, 9999, 9999, 9999, 9999, 9999, 9999, 9999, 1.45144, 9999, 4.6655, 0, 0, 0, 0, 0, 8000, 0, 0, 0, 0
4, 0.00000, 7.11276, 1, 1.43847, 0, 3.0947, 1.43847, 0.0757088, 0, 0, 0.0757088, -1.52783, 1, 1, 9999, 9999, 9999, 9999, 9999, 9999, 9999, 9999, 1.43847, 9999, 4.6655, 0, 0, 0, 0, 0, 8000, 0, 0, 0, 0
