hour,t(sec),kWh,State,kWOut,kWIn,kvarOut,DCkW,kWTotalLosses,kWInvLosses,kWIdlingLosses,kWChDchLosses,"kWh Chng",InvEff,InverterON,Vref,"Vavg (DRC)","VV Oper","VW Oper","DRC Oper","VV_DRC Oper","WP Oper","WV Oper",kWDesired,"kW VW Limit","Limit kWOut Function","kVA Exceeded","Grid voltage",di/dt,it,"it History","Rated VDC","Avg duty cycle","Target (Amps)","Series L","Max. Amps (phase)"
1, 0.00000, 11.6637, 1, 1.42522, 0, 3.09468, 1.42522, 0.0750118, 0, 0, 0.0750118, -6.99825, 1, 1, 9999, 9999, 9999, 9999, 9999, 9999, 9999, 9999, 1.42522, 9999, 4.6655, 0, 0, 0, 0, 0, 8000, 0, 0, 0, 0
2, 0.00000, 10.1635, 1, 1.43077, 0, 3.0947, 1.43077, 0.0753036, 0, 0, 0.0753036, -1.50024, 1, 1, 9999, 9999, 9999, 9999, 9999, 9999, 9999, 9999, 1.43077, 9999, 4.6655, 0, 0, 0, 0, 0, 8000, 0, 0, 0, 0
3, 0.00000, 8.65744, 1, 1.44234, 0, 3.0947, 1.44234, 0.0759126, 0, 0, 0.0759126, -1.50607, 1, 1, 9999, 9999, 9999, 9999, 9999, 9999, 9999, 9999, 1.44234, 9999, 4.6655, 0, 0, 0, 0, 0, 8000, 0, 0, 0, 0
4, 0.00000, 7.13919, 1, 1.46352, 0, 3.0947, 1.46352, 0.0770274, 0, 0, 0.0770274, -1.51825, 1, 1, 9999, 9999, 9999, 9999, 9999, 9999, 9999, 9999, 1.46352, 9999, 4.6655, 0, 0, 0, 0, 0, 8000, 0, 0, 0, 0
