hour,t(sec),kWh,State,kWOut,kWIn,kvarOut,DCkW,kWTotalLosses,kWInvLosses,kWIdlingLosses,kWChDchLosses,"kWh Chng",InvEff,InverterON,Vref,"Vavg (DRC)","VV Oper","VW Oper","DRC Oper","VV_DRC Oper","WP Oper","WV Oper",kWDesired,"kW VW Limit","Limit kWOut Function","kVA Exceeded","Grid voltage",di/dt,it,"it History","Rated VDC","Avg duty cycle","Target (Amps)","Series L","Max. Amps (phase)"
1, 0.00000, 11.6637, 1, 0.790992, 0, 3.09469, 0.790992, 0.0416312, 0, 0, 0.0416312, -6.99825, 1, 1, 9999, 9999, 9999, 9999, 9999, 9999, 9999, 9999, 0.790989, 9999, 4.6655, 0, 0, 0, 0, 0, 8000, 0, 0, 0, 0
2, 0.00000, 10.8311, 1, 0.870162, 0, 3.0947, 0.870162, 0.045798, 0, 0, 0.045798, -0.832623, 1, 1, 9999, 9999, 9999, 9999, 9999, 9999, 9999, 9999, 0.870162, 9999, 4.6655, 0, 0, 0, 0, 0, 8000, 0, 0, 0, 0
3, 0.00000, 9.91517, 1, 1.05296, 0, 3.0947, 1.05296, 0.0554188, 0, 0, 0.0554188, -0.91596, 1, 1, 9999, 9999, 9999, 9999, 9999, 9999, 9999, 9999, 1.05296, 9999, 4.6655, 0, 0, 0, 0, 0, 8000, 0, 0, 0, 0
4, 0.00000, 8.80679, 1, 1.39652, 0, 3.0947, 1.39652, 0.0735013, 0, 0, 0.0735013, -1.10838, 1, 1, 9999, 9999, 9999, 9999, 9999, 9999, 9999, 9999, 1.39652, 9999, 4.6655, 0, 0, 0, 0, 0, 8000, 0, 0, 0, 0
