hour,t(sec),kWh,State,kWOut,kWIn,kvarOut,DCkW,kWTotalLosses,kWInvLosses,kWIdlingLosses,kWChDchLosses,"kWh Chng",InvEff,InverterON,Vref,"Vavg (DRC)","VV Oper","VW Oper","DRC Oper","VV_DRC Oper","WP Oper","WV Oper",kWDesired,"kW VW Limit","Limit kWOut Function","kVA Exceeded","Grid voltage",di/dt,it,"it History","Rated VDC","Avg duty cycle","Target (Amps)","Series L","Max. Amps (phase)"
1, 0.00000, 5.83362, 1, 0.793485, 0, 1.54779, 0.793485, 0.0417624, 0, 0, 0.0417624, -3.50017, 1, 1, 9999, 9999, 9999, 9999, 9999, 9999, 9999, 9999, 0.793483, 9999, 2.3335, 0, 0, 0, 0, 0, 8000, 0, 0, 0, 0
2, 0.00000, 4.99838, 1, 0.775842, 0, 1.5478, 0.775842, 0.0408338, 0, 0, 0.0408338, -0.835247, 1, 1, 9999, 9999, 9999, 9999, 9999, 9999, 9999, 9999, 0.775842, 9999, 2.3335, 0, 0, 0, 0, 0, 8000, 0, 0, 0, 0
3, 0.00000, 4.1817, 1, 0.723758, 0, 1.5478, 0.723758, 0.0380925, 0, 0, 0.0380925, -0.816676, 1, 1, 9999, 9999, 9999, 9999, 9999, 9999, 9999, 9999, 0.723758, 9999, 2.3335, 0, 0, 0, 0, 0, 8000, 0, 0, 0, 0
4, 0.00000, 3.41985, 1, 0.588789, 0, 1.5478, 0.588789, 0.0309889, 0, 0, 0.0309889, -0.761851, 1, 1, 9999, 9999, 9999, 9999, 9999, 9999, 9999, 9999, 0.588789, 9999, 2.3335, 0, 0, 0, 0, 0, 8000, 0, 0, 0, 0
