hour,t(sec),kWh,State,kWOut,kWIn,kvarOut,DCkW,kWTotalLosses,kWInvLosses,kWIdlingLosses,kWChDchLosses,"kWh Chng",InvEff,InverterON,Vref,"Vavg (DRC)","VV Oper","VW Oper","DRC Oper","VV_DRC Oper","WP Oper","WV Oper",kWDesired,"kW VW Limit","Limit kWOut Function","kVA Exceeded","Grid voltage",di/dt,it,"it History","Rated VDC","Avg duty cycle","Target (Amps)","Series L","Max. Amps (phase)"
1, 0.00000, 11.6637, 1, 1.45104, 0, 3.09466, 1.45104, 0.0763704, 0, 0, 0.0763704, -6.99825, 1, 1, 9999, 9999, 9999, 9999, 9999, 9999, 9999, 9999, 1.45102, 9999, 4.6655, 0, 0, 0, 0, 0, 8000, 0, 0, 0, 0
2, 0.00000, 10.1363, 1, 1.44626, 0, 3.0947, 1.44626, 0.0761189, 0, 0, 0.0761189, -1.52741, 1, 1, 9999, 9999, 9999, 9999, 9999, 9999, 9999, 9999, 1.44626, 9999, 4.6655, 0, 0, 0, 0, 0, 8000, 0, 0, 0, 0
3, 0.00000, 8.61396, 1, 1.43795, 0, 3.0947, 1.43795, 0.0756818, 0, 0, 0.0756818, -1.52238, 1, 1, 9999, 9999, 9999, 9999, 9999, 9999, 9999, 9999, 1.43795, 9999, 4.6655, 0, 0, 0, 0, 0, 8000, 0, 0, 0, 0
4, 0.00000, 7.10033, 1, 1.42671, 0, 3.0947, 1.42671, 0.07509, 0, 0, 0.07509, -1.51364, 1, 1, 9999, 9999, 9999, 9999, 9999, 9999, 9999, 9999, 1.42671, 9999, 4.6655, 0, 0, 0, 0, 0, 8000, 0, 0, 0, 0
