hour,t(sec),kWh,State,kWOut,kWIn,kvarOut,DCkW,kWTotalLosses,kWInvLosses,kWIdlingLosses,kWChDchLosses,"kWh Chng",InvEff,InverterON,Vref,"Vavg (DRC)","VV Oper","VW Oper","DRC Oper","VV_DRC Oper","WP Oper","WV Oper",kWDesired,"kW VW Limit","Limit kWOut Function","kVA Exceeded","Grid voltage",di/dt,it,"it History","Rated VDC","Avg duty cycle","Target (Amps)","Series L","Max. Amps (phase)"
1, 0.00000, 11.6637, 1, 1.4446, 0, 3.09466, 1.4446, 0.0760314, 0, 0, 0.0760314, -6.99825, 1, 1, 9999, 9999, 9999, 9999, 9999, 9999, 9999, 9999, 1.44458, 9999, 4.6655, 0, 0, 0, 0, 0, 8000, 0, 0, 0, 0
2, 0.00000, 10.1431, 1, 1.44393, 0, 3.0947, 1.44393, 0.0759961, 0, 0, 0.0759961, -1.52063, 1, 1, 9999, 9999, 9999, 9999, 9999, 9999, 9999, 9999, 1.44393, 9999, 4.6655, 0, 0, 0, 0, 0, 8000, 0, 0, 0, 0
3, 0.00000, 8.6232, 1, 1.44047, 0, 3.0947, 1.44047, 0.0758144, 0, 0, 0.0758144, -1.51992, 1, 1, 9999, 9999, 9999, 9999, 9999, 9999, 9999, 9999, 1.44047, 9999, 4.6655, 0, 0, 0, 0, 0, 8000, 0, 0, 0, 0
4, 0.00000, 7.10691, 1, 1.43291, 0, 3.0947, 1.43291, 0.0754166, 0, 0, 0.0754166, -1.51629, 1, 1, 9999, 9999, 9999, 9999, 9999, 9999, 9999, 9999, 1.43291, 9999, 4.6655, 0, 0, 0, 0, 0, 8000, 0, 0, 0, 0
