hour,t(sec),kWh,State,kWOut,kWIn,kvarOut,DCkW,kWTotalLosses,kWInvLosses,kWIdlingLosses,kWChDchLosses,"kWh Chng",InvEff,InverterON,Vref,"Vavg (DRC)","VV Oper","VW Oper","DRC Oper","VV_DRC Oper","WP Oper","WV Oper",kWDesired,"kW VW Limit","Limit kWOut Function","kVA Exceeded","Grid voltage",di/dt,it,"it History","Rated VDC","Avg duty cycle","Target (Amps)","Series L","Max. Amps (phase)"
1, 0.00000, 5.83362, 1, 0.727618, 0, 1.54778, 0.727618, 0.0382957, 0, 0, 0.0382957, -3.50017, 1, 1, 9999, 9999, 9999, 9999, 9999, 9999, 9999, 9999, 0.727609, 9999, 2.3335, 0, 0, 0, 0, 0, 8000, 0, 0, 0, 0
2, 0.00000, 5.06771, 1, 0.717085, 0, 1.5478, 0.717085, 0.0377413, 0, 0, 0.0377413, -0.765913, 1, 1, 9999, 9999, 9999, 9999, 9999, 9999, 9999, 9999, 0.717085, 9999, 2.3335, 0, 0, 0, 0, 0, 8000, 0, 0, 0, 0
3, 0.00000, 4.31289, 1, 0.706327, 0, 1.5478, 0.706327, 0.0371751, 0, 0, 0.0371751, -0.754826, 1, 1, 9999, 9999, 9999, 9999, 9999, 9999, 9999, 9999, 0.706327, 9999, 2.3335, 0, 0, 0, 0, 0, 8000, 0, 0, 0, 0
4, 0.00000, 3.56938, 1, 0.730852, 0, 1.5478, 0.730852, 0.0384659, 0, 0, 0.0384659, -0.743502, 1, 1, 9999, 9999, 9999, 9999, 9999, 9999, 9999, 9999, 0.730852, 9999, 2.3335, 0, 0, 0, 0, 0, 8000, 0, 0, 0, 0
