hour,t(sec),kWh,State,kWOut,kWIn,kvarOut,DCkW,kWTotalLosses,kWInvLosses,kWIdlingLosses,kWChDchLosses,"kWh Chng",InvEff,InverterON,Vref,"Vavg (DRC)","VV Oper","VW Oper","DRC Oper","VV_DRC Oper","WP Oper","WV Oper",kWDesired,"kW VW Limit","Limit kWOut Function","kVA Exceeded","Grid voltage",di/dt,it,"it History","Rated VDC","Avg duty cycle","Target (Amps)","Series L","Max. Amps (phase)"
1, 0.00000, 5.83362, 1, 0.691212, 0, 1.54779, 0.691212, 0.0363796, 0, 0, 0.0363796, -3.50017, 1, 1, 9999, 9999, 9999, 9999, 9999, 9999, 9999, 9999, 0.691206, 9999, 2.3335, 0, 0, 0, 0, 0, 8000, 0, 0, 0, 0
2, 0.00000, 5.10603, 1, 0.709314, 0, 1.5478, 0.709314, 0.0373323, 0, 0, 0.0373323, -0.727592, 1, 1, 9999, 9999, 9999, 9999, 9999, 9999, 9999, 9999, 0.709314, 9999, 2.3335, 0, 0, 0, 0, 0, 8000, 0, 0, 0, 0
3, 0.00000, 4.35939, 1, 0.733792, 0, 1.5478, 0.733792, 0.0386207, 0, 0, 0.0386207, -0.746646, 1, 1, 9999, 9999, 9999, 9999, 9999, 9999, 9999, 9999, 0.733792, 9999, 2.3335, 0, 0, 0, 0, 0, 8000, 0, 0, 0, 0
4, 0.00000, 3.58697, 1, 0.74756, 0, 1.5478, 0.74756, 0.0393453, 0, 0, 0.0393453, -0.772413, 1, 1, 9999, 9999, 9999, 9999, 9999, 9999, 9999, 9999, 0.74756, 9999, 2.3335, 0, 0, 0, 0, 0, 8000, 0, 0, 0, 0
