hour,t(sec),kWh,State,kWOut,kWIn,kvarOut,DCkW,kWTotalLosses,kWInvLosses,kWIdlingLosses,kWChDchLosses,"kWh Chng",InvEff,InverterON,Vref,"Vavg (DRC)","VV Oper","VW Oper","DRC Oper","VV_DRC Oper","WP Oper","WV Oper",kWDesired,"kW VW Limit","Limit kWOut Function","kVA Exceeded","Grid voltage",di/dt,it,"it History","Rated VDC","Avg duty cycle","Target (Amps)","Series L","Max. Amps (phase)"
1, 0.00000, 40.8363, 1, 5.03565, 0, 10.835, 5.03565, 0.265034, 0, 0, 0.265034, -24.5018, 1, 1, 9999, 9999, 9999, 9999, 9999, 9999, 9999, 9999, 5.0356, 9999, 16.3345, 0, 0, 0, 0, 0, 8000, 0, 0, 0, 0
2, 0.00000, 35.5356, 1, 5.03233, 0, 10.8351, 5.03233, 0.26486, 0, 0, 0.26486, -5.30068, 1, 1, 9999, 9999, 9999, 9999, 9999, 9999, 9999, 9999, 5.03233, 9999, 16.3345, 0, 0, 0, 0, 0, 8000, 0, 0, 0, 0
3, 0.00000, 30.2384, 1, 5.03723, 0, 10.8351, 5.03723, 0.265117, 0, 0, 0.265117, -5.29719, 1, 1, 9999, 9999, 9999, 9999, 9999, 9999, 9999, 9999, 5.03723, 9999, 16.3345, 0, 0, 0, 0, 0, 8000, 0, 0, 0, 0
4, 0.00000, 24.936, 1, 5.06778, 0, 10.8351, 5.06778, 0.266725, 0, 0, 0.266725, -5.30235, 1, 1, 9999, 9999, 9999, 9999, 9999, 9999, 9999, 9999, 5.06778, 9999, 16.3345, 0, 0, 0, 0, 0, 8000, 0, 0, 0, 0
