hour,t(sec),kWh,State,kWOut,kWIn,kvarOut,DCkW,kWTotalLosses,kWInvLosses,kWIdlingLosses,kWChDchLosses,"kWh Chng",InvEff,InverterON,Vref,"Vavg (DRC)","VV Oper","VW Oper","DRC Oper","VV_DRC Oper","WP Oper","WV Oper",kWDesired,"kW VW Limit","Limit kWOut Function","kVA Exceeded","Grid voltage",di/dt,it,"it History","Rated VDC","Avg duty cycle","Target (Amps)","Series L","Max. Amps (phase)"
1, 0.00000, 5.83362, 1, 0.734473, 0, 1.54779, 0.734473, 0.0386565, 0, 0, 0.0386565, -3.50017, 1, 1, 9999, 9999, 9999, 9999, 9999, 9999, 9999, 9999, 0.734469, 9999, 2.3335, 0, 0, 0, 0, 0, 8000, 0, 0, 0, 0
2, 0.00000, 5.0605, 1, 0.728425, 0, 1.5478, 0.728425, 0.0383382, 0, 0, 0.0383382, -0.773129, 1, 1, 9999, 9999, 9999, 9999, 9999, 9999, 9999, 9999, 0.728425, 9999, 2.3335, 0, 0, 0, 0, 0, 8000, 0, 0, 0, 0
3, 0.00000, 4.29373, 1, 0.717108, 0, 1.5478, 0.717108, 0.0377425, 0, 0, 0.0377425, -0.766764, 1, 1, 9999, 9999, 9999, 9999, 9999, 9999, 9999, 9999, 0.717108, 9999, 2.3335, 0, 0, 0, 0, 0, 8000, 0, 0, 0, 0
4, 0.00000, 3.53888, 1, 0.70187, 0, 1.5478, 0.70187, 0.0369405, 0, 0, 0.0369405, -0.75485, 1, 1, 9999, 9999, 9999, 9999, 9999, 9999, 9999, 9999, 0.70187, 9999, 2.3335, 0, 0, 0, 0, 0, 8000, 0, 0, 0, 0
