hour,t(sec),kWh,State,kWOut,kWIn,kvarOut,DCkW,kWTotalLosses,kWInvLosses,kWIdlingLosses,kWChDchLosses,"kWh Chng",InvEff,InverterON,Vref,"Vavg (DRC)","VV Oper","VW Oper","DRC Oper","VV_DRC Oper","WP Oper","WV Oper",kWDesired,"kW VW Limit","Limit kWOut Function","kVA Exceeded","Grid voltage",di/dt,it,"it History","Rated VDC","Avg duty cycle","Target (Amps)","Series L","Max. Amps (phase)"
1, 0.00000, 11.6637, 1, 1.44017, 0, 3.09466, 1.44017, 0.0757984, 0, 0, 0.0757984, -6.99825, 1, 1, 9999, 9999, 9999, 9999, 9999, 9999, 9999, 9999, 1.44015, 9999, 4.6655, 0, 0, 0, 0, 0, 8000, 0, 0, 0, 0
2, 0.00000, 10.1478, 1, 1.44075, 0, 3.0947, 1.44075, 0.0758291, 0, 0, 0.0758291, -1.51597, 1, 1, 9999, 9999, 9999, 9999, 9999, 9999, 9999, 9999, 1.44075, 9999, 4.6655, 0, 0, 0, 0, 0, 8000, 0, 0, 0, 0
3, 0.00000, 8.6312, 1, 1.44108, 0, 3.0947, 1.44108, 0.0758463, 0, 0, 0.0758463, -1.51658, 1, 1, 9999, 9999, 9999, 9999, 9999, 9999, 9999, 9999, 1.44108, 9999, 4.6655, 0, 0, 0, 0, 0, 8000, 0, 0, 0, 0
4, 0.00000, 7.11427, 1, 1.43991, 0, 3.0947, 1.43991, 0.0757849, 0, 0, 0.0757849, -1.51693, 1, 1, 9999, 9999, 9999, 9999, 9999, 9999, 9999, 9999, 1.43991, 9999, 4.6655, 0, 0, 0, 0, 0, 8000, 0, 0, 0, 0
