fbus,tbus,R,X
1,2,0.000001,0.000001
2,3,0.0217,0.0445
3,4,0.0377,0.0845
4,5,0.0755,0.0766
4,6,0.0629,0.0638
6,7,0.0818,0.0829
3,8,0.0145,0.0297
8,9,0.0818,0.0829
8,10,0.0145,0.0297
10,11,0.1259,0.1276
10,12,0.0116,0.0238
12,13,0.0503,0.051
13,14,0.0755,0.0766
12,15,0.0145,0.0297
15,16,0.0087,0.0178
15,17,0.0145,0.0297
17,18,0.0145,0.0297
18,19,0.0145,0.0297
19,20,0.029,0.0594
