hour,t(sec),kWh,State,kWOut,kWIn,kvarOut,DCkW,kWTotalLosses,kWInvLosses,kWIdlingLosses,kWChDchLosses,"kWh Chng",InvEff,InverterON,Vref,"Vavg (DRC)","VV Oper","VW Oper","DRC Oper","VV_DRC Oper","WP Oper","WV Oper",kWDesired,"kW VW Limit","Limit kWOut Function","kVA Exceeded","Grid voltage",di/dt,it,"it History","Rated VDC","Avg duty cycle","Target (Amps)","Series L","Max. Amps (phase)"
1, 0.00000, 5.83362, -1, 0, 2.33343, 1.5478, -2.33343, 0.116671, 0, 0, 0.116671, -3.50017, 1, 1, 9999, 9999, 9999, 9999, 9999, 9999, 9999, 9999, -2.3335, 9999, 2.3335, 1, 0, 0, 0, 0, 8000, 0, 0, 0, 0
2, 0.00000, 8.05038, -1, 0, 0.147685, 1.5478, -0.147685, 0.00738424, 0, 0, 0.00738424, 2.21675, 1, 1, 9999, 9999, 9999, 9999, 9999, 9999, 9999, 9999, -0.147685, 9999, 2.3335, 0, 0, 0, 0, 0, 8000, 0, 0, 0, 0
3, 0.00000, 8.19068, -1, 0, 5.87568E-8, 1.5478, -5.87568E-8, 2.93784E-9, 0, 0, 2.93784E-9, 0.140301, 1, 1, 9999, 9999, 9999, 9999, 9999, 9999, 9999, 9999, -5.36238E-18, 9999, 2.3335, 0, 0, 0, 0, 0, 8000, 0, 0, 0, 0
4, 0.00000, 8.19068, 0, 0, 6.18906E-8, 1.5478, -6.18906E-8, 6.18906E-8, 0, 6.18906E-8, 0, 5.5819E-8, 1, 1, 9999, 9999, 9999, 9999, 9999, 9999, 9999, 9999, 0, 9999, 2.3335, 0, 0, 0, 0, 0, 8000, 0, 0, 0, 0
5, 0.00000, 8.19068, 1, 2.23927, 0, 1.5478, 2.23927, 0.117856, 0, 0, 0.117856, 0, 1, 1, 9999, 9999, 9999, 9999, 9999, 9999, 9999, 9999, 2.23927, 9999, 2.3335, 0, 0, 0, 0, 0, 8000, 0, 0, 0, 0
