hour,t(sec),kWh,State,kWOut,kWIn,kvarOut,DCkW,kWTotalLosses,kWInvLosses,kWIdlingLosses,kWChDchLosses,"kWh Chng",InvEff,InverterON,Vref,"Vavg (DRC)","VV Oper","VW Oper","DRC Oper","VV_DRC Oper","WP Oper","WV Oper",kWDesired,"kW VW Limit","Limit kWOut Function","kVA Exceeded","Grid voltage",di/dt,it,"it History","Rated VDC","Avg duty cycle","Target (Amps)","Series L","Max. Amps (phase)"
1, 0.00000, 11.6637, -1, 0, 3.53902, 3.0947, -3.53902, 0.176951, 0, 0, 0.176951, -6.99825, 1, 1, 9999, 9999, 9999, 9999, 9999, 9999, 9999, 9999, -3.53902, 9999, 4.6655, 0, 0, 0, 0, 0, 8000, 0, 0, 0, 0
2, 0.00000, 15.0258, -1, 0, 2.84535, 3.0947, -2.84535, 0.142267, 0, 0, 0.142267, 3.36206, 1, 1, 9999, 9999, 9999, 9999, 9999, 9999, 9999, 9999, -2.84535, 9999, 4.6655, 0, 0, 0, 0, 0, 8000, 0, 0, 0, 0
3, 0.00000, 17.7289, 1, 2.50505, 0, 3.0947, 2.50505, 0.131845, 0, 0, 0.131845, 2.70308, 1, 1, 9999, 9999, 9999, 9999, 9999, 9999, 9999, 9999, 2.50505, 9999, 4.6655, 0, 0, 0, 0, 0, 8000, 0, 0, 0, 0
4, 0.00000, 15.092, 1, 3.25685, 0, 3.0947, 3.25685, 0.171413, 0, 0, 0.171413, -2.63689, 1, 1, 9999, 9999, 9999, 9999, 9999, 9999, 9999, 9999, 3.25685, 9999, 4.6655, 0, 0, 0, 0, 0, 8000, 0, 0, 0, 0
5, 0.00000, 11.6637, 1, 2.96418E-7, 0, 3.0947, 2.96418E-7, 1.5601E-8, 0, 0, 1.5601E-8, -3.42826, 1, 1, 9999, 9999, 9999, 9999, 9999, 9999, 9999, 9999, 3.62808E-17, 9999, 4.6655, 0, 0, 0, 0, 0, 8000, 0, 0, 0, 0
