hour,t(sec),kWh,State,kWOut,kWIn,kvarOut,DCkW,kWTotalLosses,kWInvLosses,kWIdlingLosses,kWChDchLosses,"kWh Chng",InvEff,InverterON,Vref,"Vavg (DRC)","VV Oper","VW Oper","DRC Oper","VV_DRC Oper","WP Oper","WV Oper",kWDesired,"kW VW Limit","Limit kWOut Function","kVA Exceeded","Grid voltage",di/dt,it,"it History","Rated VDC","Avg duty cycle","Target (Amps)","Series L","Max. Amps (phase)"
1, 0.00000, 71.4613, -1, 0, 23.427, -18.9608, -23.427, 1.17135, 0, 0, 1.17135, -42.8768, 1, 1, 9999, 9999, 9999, 9999, 9999, 9999, 9999, 9999, -23.427, 9999, 28.5845, 0, 0, 0, 0, 0, 8000, 0, 0, 0, 0
2, 0.00000, 93.7169, -1, 0, 15.6883, -18.9608, -15.6883, 0.784416, 0, 0, 0.784416, 22.2556, 1, 1, 9999, 9999, 9999, 9999, 9999, 9999, 9999, 9999, -15.6883, 9999, 28.5845, 0, 0, 0, 0, 0, 8000, 0, 0, 0, 0
3, 0.00000, 108.621, 1, 19.4655, 0, -18.9608, 19.4655, 1.0245, 0, 0, 1.0245, 14.9039, 1, 1, 9999, 9999, 9999, 9999, 9999, 9999, 9999, 9999, 19.4655, 9999, 28.5845, 0, 0, 0, 0, 0, 8000, 0, 0, 0, 0
4, 0.00000, 88.1308, 1, 22.8053, 0, -18.9608, 22.8053, 1.20028, 0, 0, 1.20028, -20.49, 1, 1, 9999, 9999, 9999, 9999, 9999, 9999, 9999, 9999, 22.8053, 9999, 28.5845, 0, 0, 0, 0, 0, 8000, 0, 0, 0, 0
5, 0.00000, 64.1253, -1, 0, 7.72153, -18.9608, -7.72153, 0.386077, 0, 0, 0.386077, -24.0056, 1, 1, 9999, 9999, 9999, 9999, 9999, 9999, 9999, 9999, -7.72153, 9999, 28.5845, 0, 0, 0, 0, 0, 8000, 0, 0, 0, 0
