hour,t(sec),kWh,State,kWOut,kWIn,kvarOut,DCkW,kWTotalLosses,kWInvLosses,kWIdlingLosses,kWChDchLosses,"kWh Chng",InvEff,InverterON,Vref,"Vavg (DRC)","VV Oper","VW Oper","DRC Oper","VV_DRC Oper","WP Oper","WV Oper",kWDesired,"kW VW Limit","Limit kWOut Function","kVA Exceeded","Grid voltage",di/dt,it,"it History","Rated VDC","Avg duty cycle","Target (Amps)","Series L","Max. Amps (phase)"
1, 0.00000, 11.6637, 1, 1.33587, 0, 3.0947, 1.33587, 0.0703091, 0, 0, 0.0703091, -6.99825, 1, 1, 9999, 9999, 9999, 9999, 9999, 9999, 9999, 9999, 1.33587, 9999, 4.6655, 0, 0, 0, 0, 0, 8000, 0, 0, 0, 0
2, 0.00000, 10.2576, 1, 2.87474, 0, 3.0947, 2.87474, 0.151302, 0, 0, 0.151302, -1.40618, 1, 1, 9999, 9999, 9999, 9999, 9999, 9999, 9999, 9999, 2.87474, 9999, 4.6655, 0, 0, 0, 0, 0, 8000, 0, 0, 0, 0
3, 0.00000, 7.23152, -1, 0, 4.6655, 3.0947, -4.6655, 0.233275, 0, 0, 0.233275, -3.02604, 1, 1, 9999, 9999, 9999, 9999, 9999, 9999, 9999, 9999, -4.6655, 9999, 4.6655, 1, 0, 0, 0, 0, 8000, 0, 0, 0, 0
