hour,t(sec),kWh,State,kWOut,kWIn,kvarOut,DCkW,kWTotalLosses,kWInvLosses,kWIdlingLosses,kWChDchLosses,"kWh Chng",InvEff,InverterON,Vref,"Vavg (DRC)","VV Oper","VW Oper","DRC Oper","VV_DRC Oper","WP Oper","WV Oper",kWDesired,"kW VW Limit","Limit kWOut Function","kVA Exceeded","Grid voltage",di/dt,it,"it History","Rated VDC","Avg duty cycle","Target (Amps)","Series L","Max. Amps (phase)"
1, 0.00000, 11.6637, -1, 0, 2.02095, 3.0947, -2.02095, 0.101048, 0, 0, 0.101048, -6.99825, 1, 1, 9999, 9999, 9999, 9999, 9999, 9999, 9999, 9999, -2.02095, 9999, 4.6655, 0, 0, 0, 0, 0, 8000, 0, 0, 0, 0
2, 0.00000, 13.5837, -1, 0, 1.27545, 3.0947, -1.27545, 0.0637727, 0, 0, 0.0637727, 1.91991, 1, 1, 9999, 9999, 9999, 9999, 9999, 9999, 9999, 9999, -1.27545, 9999, 4.6655, 0, 0, 0, 0, 0, 8000, 0, 0, 0, 0
3, 0.00000, 14.7953, 1, 1.4889, 0, 3.0947, 1.4889, 0.0783632, 0, 0, 0.0783632, 1.21168, 1, 1, 9999, 9999, 9999, 9999, 9999, 9999, 9999, 9999, 1.4889, 9999, 4.6655, 0, 0, 0, 0, 0, 8000, 0, 0, 0, 0
4, 0.00000, 13.2281, 1, 1.81997, 0, 3.0947, 1.81997, 0.0957876, 0, 0, 0.0957876, -1.56726, 1, 1, 9999, 9999, 9999, 9999, 9999, 9999, 9999, 9999, 1.81996, 9999, 4.6655, 0, 0, 0, 0, 0, 8000, 0, 0, 0, 0
5, 0.00000, 11.3123, -1, 0, 0.369451, 3.0947, -0.369451, 0.0184726, 0, 0, 0.0184726, -1.91575, 1, 1, 9999, 9999, 9999, 9999, 9999, 9999, 9999, 9999, -0.369452, 9999, 4.6655, 0, 0, 0, 0, 0, 8000, 0, 0, 0, 0
