hour,t(sec),kWh,State,kWOut,kWIn,kvarOut,DCkW,kWTotalLosses,kWInvLosses,kWIdlingLosses,kWChDchLosses,"kWh Chng",InvEff,InverterON,Vref,"Vavg (DRC)","VV Oper","VW Oper","DRC Oper","VV_DRC Oper","WP Oper","WV Oper",kWDesired,"kW VW Limit","Limit kWOut Function","kVA Exceeded","Grid voltage",di/dt,it,"it History","Rated VDC","Avg duty cycle","Target (Amps)","Series L","Max. Amps (phase)"
1, 0.00000, 11.6637, -1, 0, 0.17958, 3.0947, -0.17958, 0.00897899, 0, 0, 0.00897899, -6.99825, 1, 1, 9999, 9999, 9999, 9999, 9999, 9999, 9999, 9999, -0.17958, 9999, 4.6655, 0, 0, 0, 0, 0, 8000, 0, 0, 0, 0
2, 0.00000, 11.8344, -1, 0, 2.65396E-7, 3.0947, -2.65396E-7, 1.32698E-8, 0, 0, 1.32698E-8, 0.170601, 1, 1, 9999, 9999, 9999, 9999, 9999, 9999, 9999, 9999, -1.3613E-18, 9999, 4.6655, 0, 0, 0, 0, 0, 8000, 0, 0, 0, 0
3, 0.00000, 11.8344, -1, 0, 1.73804, 3.0947, -1.73804, 0.0869019, 0, 0, 0.0869019, 2.52126E-7, 1, 1, 9999, 9999, 9999, 9999, 9999, 9999, 9999, 9999, -1.73804, 9999, 4.6655, 0, 0, 0, 0, 0, 8000, 0, 0, 0, 0
4, 0.00000, 13.4855, -1, 0, 0.723852, 3.0947, -0.723852, 0.0361926, 0, 0, 0.0361926, 1.65114, 1, 1, 9999, 9999, 9999, 9999, 9999, 9999, 9999, 9999, -0.723852, 9999, 4.6655, 0, 0, 0, 0, 0, 8000, 0, 0, 0, 0
5, 0.00000, 14.1731, 1, 2.38393, 0, 3.0947, 2.38393, 0.12547, 0, 0, 0.12547, 0.687659, 1, 1, 9999, 9999, 9999, 9999, 9999, 9999, 9999, 9999, 2.38393, 9999, 4.6655, 0, 0, 0, 0, 0, 8000, 0, 0, 0, 0
