hour,t(sec),kWh,State,kWOut,kWIn,kvarOut,DCkW,kWTotalLosses,kWInvLosses,kWIdlingLosses,kWChDchLosses,"kWh Chng",InvEff,InverterON,Vref,"Vavg (DRC)","VV Oper","VW Oper","DRC Oper","VV_DRC Oper","WP Oper","WV Oper",kWDesired,"kW VW Limit","Limit kWOut Function","kVA Exceeded","Grid voltage",di/dt,it,"it History","Rated VDC","Avg duty cycle","Target (Amps)","Series L","Max. Amps (phase)"
1, 0.00000, 11.6637, 1, 7.80731E-8, 0, -3.0947, 7.80731E-8, 4.10911E-9, 0, 0, 4.10911E-9, -6.99825, 1, 1, 9999, 9999, 9999, 9999, 9999, 9999, 9999, 9999, 8.77721E-16, 9999, 4.6655, 0, 0, 0, 0, 0, 8000, 0, 0, 0, 0
2, 0.00000, 11.6637, -1, 0, 4.48277E-7, -3.0957, -4.48277E-7, 2.24138E-8, 0, 0, 2.24138E-8, -8.21822E-8, 1, 1, 9999, 9999, 9999, 9999, 9999, 9999, 9999, 9999, -2.29967E-16, 9999, 4.6655, 0, 0, 0, 0, 0, 8000, 0, 0, 0, 0
3, 0.00000, 11.6638, 1, 0.000477458, 0, -3.0947, 0.000477458, 0.0000251294, 0, 0, 0.0000251294, 4.25863E-7, 1, 1, 9999, 9999, 9999, 9999, 9999, 9999, 9999, 9999, 0.000477841, 9999, 4.6655, 0, 0, 0, 0, 0, 8000, 0, 0, 0, 0
4, 0.00000, 11.6632, 1, 0.00261821, 0, -3.0947, 0.00261821, 0.000137801, 0, 0, 0.000137801, -0.000502588, 1, 1, 9999, 9999, 9999, 9999, 9999, 9999, 9999, 9999, 0.00261861, 9999, 4.6655, 0, 0, 0, 0, 0, 8000, 0, 0, 0, 0
5, 0.00000, 11.6605, -1, 0, 0.00290193, -3.0957, -0.00290193, 0.000145096, 0, 0, 0.000145096, -0.00275601, 1, 1, 9999, 9999, 9999, 9999, 9999, 9999, 9999, 9999, -0.00290147, 9999, 4.6655, 0, 0, 0, 0, 0, 8000, 0, 0, 0, 0
