hour,t(sec),kWh,State,kWOut,kWIn,kvarOut,DCkW,kWTotalLosses,kWInvLosses,kWIdlingLosses,kWChDchLosses,"kWh Chng",InvEff,InverterON,Vref,"Vavg (DRC)","VV Oper","VW Oper","DRC Oper","VV_DRC Oper","WP Oper","WV Oper",kWDesired,"kW VW Limit","Limit kWOut Function","kVA Exceeded","Grid voltage",di/dt,it,"it History","Rated VDC","Avg duty cycle","Target (Amps)","Series L","Max. Amps (phase)"
1, 0.00000, 5.83362, -1, 0, 1.63975, -1.5478, -1.63975, 0.0819875, 0, 0, 0.0819875, -3.50017, 1, 1, 9999, 9999, 9999, 9999, 9999, 9999, 9999, 9999, -1.63975, 9999, 2.3335, 0, 0, 0, 0, 0, 8000, 0, 0, 0, 0
2, 0.00000, 7.39139, -1, 0, 0.000079534, -1.5488, -0.000079534, 3.9767E-6, 0, 0, 3.9767E-6, 1.55776, 1, 1, 9999, 9999, 9999, 9999, 9999, 9999, 9999, 9999, -0.0000793063, 9999, 2.3335, 0, 0, 0, 0, 0, 8000, 0, 0, 0, 0
3, 0.00000, 7.39146, 1, 0.477131, 0, -1.5488, 0.477131, 0.0251121, 0, 0, 0.0251121, 0.0000755573, 1, 1, 9999, 9999, 9999, 9999, 9999, 9999, 9999, 9999, 0.477131, 9999, 2.3335, 0, 0, 0, 0, 0, 8000, 0, 0, 0, 0
4, 0.00000, 6.88922, 1, 1.00329, 0, -1.5478, 1.00329, 0.0528046, 0, 0, 0.0528046, -0.502243, 1, 1, 9999, 9999, 9999, 9999, 9999, 9999, 9999, 9999, 1.00329, 9999, 2.3335, 0, 0, 0, 0, 0, 8000, 0, 0, 0, 0
5, 0.00000, 5.83313, 1, 2.29615E-7, 0, -1.5488, 2.29615E-7, 1.2085E-8, 0, 0, 1.2085E-8, -1.05609, 1, 1, 9999, 9999, 9999, 9999, 9999, 9999, 9999, 9999, 2.02233E-16, 9999, 2.3335, 0, 0, 0, 0, 0, 8000, 0, 0, 0, 0
