hour,t(sec),kWh,State,kWOut,kWIn,kvarOut,DCkW,kWTotalLosses,kWInvLosses,kWIdlingLosses,kWChDchLosses,"kWh Chng",InvEff,InverterON,Vref,"Vavg (DRC)","VV Oper","VW Oper","DRC Oper","VV_DRC Oper","WP Oper","WV Oper",kWDesired,"kW VW Limit","Limit kWOut Function","kVA Exceeded","Grid voltage",di/dt,it,"it History","Rated VDC","Avg duty cycle","Target (Amps)","Series L","Max. Amps (phase)"
1, 0.00000, 71.4613, -1, 0, 16.9226, -18.9608, -16.9226, 0.84613, 0, 0, 0.84613, -42.8768, 1, 1, 9999, 9999, 9999, 9999, 9999, 9999, 9999, 9999, -16.9226, 9999, 28.5845, 0, 0, 0, 0, 0, 8000, 0, 0, 0, 0
2, 0.00000, 87.5377, -1, 0, 14.7499, -18.9608, -14.7499, 0.737494, 0, 0, 0.737494, 16.0765, 1, 1, 9999, 9999, 9999, 9999, 9999, 9999, 9999, 9999, -14.7499, 9999, 28.5845, 0, 0, 0, 0, 0, 8000, 0, 0, 0, 0
3, 0.00000, 101.55, 1, 28.5845, 0, -18.9608, 28.5845, 1.50445, 0, 0, 1.50445, 14.0124, 1, 1, 9999, 9999, 9999, 9999, 9999, 9999, 9999, 9999, 28.5845, 9999, 28.5845, 1, 0, 0, 0, 0, 8000, 0, 0, 0, 0
