hour,t(sec),kWh,State,kWOut,kWIn,kvarOut,DCkW,kWTotalLosses,kWInvLosses,kWIdlingLosses,kWChDchLosses,"kWh Chng",InvEff,InverterON,Vref,"Vavg (DRC)","VV Oper","VW Oper","DRC Oper","VV_DRC Oper","WP Oper","WV Oper",kWDesired,"kW VW Limit","Limit kWOut Function","kVA Exceeded","Grid voltage",di/dt,it,"it History","Rated VDC","Avg duty cycle","Target (Amps)","Series L","Max. Amps (phase)"
1, 0.00000, 11.6637, -1, 0, 2.02534, 3.0947, -2.02534, 0.101267, 0, 0, 0.101267, -6.99825, 1, 1, 9999, 9999, 9999, 9999, 9999, 9999, 9999, 9999, -2.02534, 9999, 4.6655, 0, 0, 0, 0, 0, 8000, 0, 0, 0, 0
2, 0.00000, 13.5878, 0, 0, 2.56982E-7, 3.0947, -2.56982E-7, 2.56982E-7, 0, 2.56982E-7, 0, 1.92407, 1, 1, 9999, 9999, 9999, 9999, 9999, 9999, 9999, 9999, 0, 9999, 4.6655, 0, 0, 0, 0, 0, 8000, 0, 0, 0, 0
3, 0.00000, 13.5878, -1, 0, 2.39933, 3.0947, -2.39933, 0.119966, 0, 0, 0.119966, 0, 1, 1, 9999, 9999, 9999, 9999, 9999, 9999, 9999, 9999, -2.39933, 9999, 4.6655, 0, 0, 0, 0, 0, 8000, 0, 0, 0, 0
4, 0.00000, 15.8672, -1, 0, 0.443796, 3.0947, -0.443796, 0.0221898, 0, 0, 0.0221898, 2.27936, 1, 1, 9999, 9999, 9999, 9999, 9999, 9999, 9999, 9999, -0.443796, 9999, 4.6655, 0, 0, 0, 0, 0, 8000, 0, 0, 0, 0
5, 0.00000, 16.2888, 1, 4.39378, 0, 3.0947, 4.39378, 0.231252, 0, 0, 0.231252, 0.421606, 1, 1, 9999, 9999, 9999, 9999, 9999, 9999, 9999, 9999, 4.39378, 9999, 4.6655, 0, 0, 0, 0, 0, 8000, 0, 0, 0, 0
