hour,t(sec),kWh,State,kWOut,kWIn,kvarOut,DCkW,kWTotalLosses,kWInvLosses,kWIdlingLosses,kWChDchLosses,"kWh Chng",InvEff,InverterON,Vref,"Vavg (DRC)","VV Oper","VW Oper","DRC Oper","VV_DRC Oper","WP Oper","WV Oper",kWDesired,"kW VW Limit","Limit kWOut Function","kVA Exceeded","Grid voltage",di/dt,it,"it History","Rated VDC","Avg duty cycle","Target (Amps)","Series L","Max. Amps (phase)"
1, 0.00000, 5.83362, -1, 0, 1.38323, 1.5488, -1.38323, 0.0691614, 0, 0, 0.0691614, -3.50017, 1, 1, 9999, 9999, 9999, 9999, 9999, 9999, 9999, 9999, -1.38323, 9999, 2.3335, 0, 0, 0, 0, 0, 8000, 0, 0, 0, 0
2, 0.00000, 7.14769, -1, 0, 0.544755, 1.5488, -0.544755, 0.0272378, 0, 0, 0.0272378, 1.31407, 1, 1, 9999, 9999, 9999, 9999, 9999, 9999, 9999, 9999, -0.544756, 9999, 2.3335, 0, 0, 0, 0, 0, 8000, 0, 0, 0, 0
3, 0.00000, 7.66521, 1, 0.977853, 0, 1.5478, 0.977853, 0.051466, 0, 0, 0.051466, 0.517518, 1, 1, 9999, 9999, 9999, 9999, 9999, 9999, 9999, 9999, 0.977853, 9999, 2.3335, 0, 0, 0, 0, 0, 8000, 0, 0, 0, 0
4, 0.00000, 6.63589, 1, 1.7788, 0, 1.5478, 1.7788, 0.0936212, 0, 0, 0.0936212, -1.02932, 1, 1, 9999, 9999, 9999, 9999, 9999, 9999, 9999, 9999, 1.7788, 9999, 2.3335, 0, 0, 0, 0, 0, 8000, 0, 0, 0, 0
5, 0.00000, 4.76347, -1, 0, 1.12608, 1.5488, -1.12608, 0.0563038, 0, 0, 0.0563038, -1.87242, 1, 1, 9999, 9999, 9999, 9999, 9999, 9999, 9999, 9999, -1.12608, 9999, 2.3335, 0, 0, 0, 0, 0, 8000, 0, 0, 0, 0
