hour,t(sec),kWh,State,kWOut,kWIn,kvarOut,DCkW,kWTotalLosses,kWInvLosses,kWIdlingLosses,kWChDchLosses,"kWh Chng",InvEff,InverterON,Vref,"Vavg (DRC)","VV Oper","VW Oper","DRC Oper","VV_DRC Oper","WP Oper","WV Oper",kWDesired,"kW VW Limit","Limit kWOut Function","kVA Exceeded","Grid voltage",di/dt,it,"it History","Rated VDC","Avg duty cycle","Target (Amps)","Series L","Max. Amps (phase)"
1, 0.00000, 11.6637, -1, 0, 3.97239, 3.0947, -3.97239, 0.19862, 0, 0, 0.19862, -6.99825, 1, 1, 9999, 9999, 9999, 9999, 9999, 9999, 9999, 9999, -3.97239, 9999, 4.6655, 0, 0, 0, 0, 0, 8000, 0, 0, 0, 0
2, 0.00000, 15.4375, -1, 0, 2.41174, 3.0957, -2.41174, 0.120587, 0, 0, 0.120587, 3.77377, 1, 1, 9999, 9999, 9999, 9999, 9999, 9999, 9999, 9999, -2.41174, 9999, 4.6655, 0, 0, 0, 0, 0, 8000, 0, 0, 0, 0
3, 0.00000, 17.7287, 1, 4.6655, 0, 3.0947, 4.6655, 0.245553, 0, 0, 0.245553, 2.29115, 1, 1, 9999, 9999, 9999, 9999, 9999, 9999, 9999, 9999, 4.66643, 9999, 4.6655, 1, 0, 0, 0, 0, 8000, 0, 0, 0, 0
4, 0.00000, 12.8176, 1, 4.6655, 0, 3.0947, 4.6655, 0.245553, 0, 0, 0.245553, -4.91105, 1, 1, 9999, 9999, 9999, 9999, 9999, 9999, 9999, 9999, 4.6665, 9999, 4.6655, 1, 0, 0, 0, 0, 8000, 0, 0, 0, 0
5, 0.00000, 7.90657, -1, 0, 3.95653, 3.0947, -3.95653, 0.197827, 0, 0, 0.197827, -4.91105, 1, 1, 9999, 9999, 9999, 9999, 9999, 9999, 9999, 9999, -3.95653, 9999, 4.6655, 0, 0, 0, 0, 0, 8000, 0, 0, 0, 0
