hour,t(sec),kWh,State,kWOut,kWIn,kvarOut,DCkW,kWTotalLosses,kWInvLosses,kWIdlingLosses,kWChDchLosses,"kWh Chng",InvEff,InverterON,Vref,"Vavg (DRC)","VV Oper","VW Oper","DRC Oper","VV_DRC Oper","WP Oper","WV Oper",kWDesired,"kW VW Limit","Limit kWOut Function","kVA Exceeded","Grid voltage",di/dt,it,"it History","Rated VDC","Avg duty cycle","Target (Amps)","Series L","Max. Amps (phase)"
1, 0.00000, 5.83362, -1, 0, 2.33343, 1.5478, -2.33343, 0.116671, 0, 0, 0.116671, -3.50017, 1, 1, 9999, 9999, 9999, 9999, 9999, 9999, 9999, 9999, -2.3335, 9999, 2.3335, 1, 0, 0, 0, 0, 8000, 0, 0, 0, 0
2, 0.00000, 8.05038, -1, 0, 0.859708, 1.5478, -0.859708, 0.0429854, 0, 0, 0.0429854, 2.21675, 1, 1, 9999, 9999, 9999, 9999, 9999, 9999, 9999, 9999, -0.859708, 9999, 2.3335, 0, 0, 0, 0, 0, 8000, 0, 0, 0, 0
3, 0.00000, 8.8671, 1, 0.809771, 0, 1.5478, 0.809771, 0.0426195, 0, 0, 0.0426195, 0.816723, 1, 1, 9999, 9999, 9999, 9999, 9999, 9999, 9999, 9999, 0.809771, 9999, 2.3335, 0, 0, 0, 0, 0, 8000, 0, 0, 0, 0
4, 0.00000, 8.01471, 1, 2.0721, 0, 1.5478, 2.0721, 0.109058, 0, 0, 0.109058, -0.852391, 1, 1, 9999, 9999, 9999, 9999, 9999, 9999, 9999, 9999, 2.0721, 9999, 2.3335, 0, 0, 0, 0, 0, 8000, 0, 0, 0, 0
5, 0.00000, 5.83355, -1, 0, 9.04666E-8, 1.5478, -9.04666E-8, 4.52333E-9, 0, 0, 4.52333E-9, -2.18116, 1, 1, 9999, 9999, 9999, 9999, 9999, 9999, 9999, 9999, -7.41843E-17, 9999, 2.3335, 0, 0, 0, 0, 0, 8000, 0, 0, 0, 0
