hour,t(sec),kWh,State,kWOut,kWIn,kvarOut,DCkW,kWTotalLosses,kWInvLosses,kWIdlingLosses,kWChDchLosses,"kWh Chng",InvEff,InverterON,Vref,"Vavg (DRC)","VV Oper","VW Oper","DRC Oper","VV_DRC Oper","WP Oper","WV Oper",kWDesired,"kW VW Limit","Limit kWOut Function","kVA Exceeded","Grid voltage",di/dt,it,"it History","Rated VDC","Avg duty cycle","Target (Amps)","Series L","Max. Amps (phase)"
1, 0.00000, 11.6637, -1, 0, 3.85384, 3.0947, -3.85384, 0.192692, 0, 0, 0.192692, -6.99825, 1, 1, 9999, 9999, 9999, 9999, 9999, 9999, 9999, 9999, -3.85384, 9999, 4.6655, 0, 0, 0, 0, 0, 8000, 0, 0, 0, 0
2, 0.00000, 15.3249, -1, 0, 2.53029, 3.0947, -2.53029, 0.126514, 0, 0, 0.126514, 3.66115, 1, 1, 9999, 9999, 9999, 9999, 9999, 9999, 9999, 9999, -2.53029, 9999, 4.6655, 0, 0, 0, 0, 0, 8000, 0, 0, 0, 0
3, 0.00000, 17.7287, 1, 4.6655, 0, 3.0947, 4.6655, 0.245553, 0, 0, 0.245553, 2.40377, 1, 1, 9999, 9999, 9999, 9999, 9999, 9999, 9999, 9999, 4.66643, 9999, 4.6655, 1, 0, 0, 0, 0, 8000, 0, 0, 0, 0
4, 0.00000, 12.8176, 1, 4.6655, 0, 3.0947, 4.6655, 0.245553, 0, 0, 0.245553, -4.91105, 1, 1, 9999, 9999, 9999, 9999, 9999, 9999, 9999, 9999, 4.6665, 9999, 4.6655, 1, 0, 0, 0, 0, 8000, 0, 0, 0, 0
5, 0.00000, 7.90657, -1, 0, 3.95653, 3.0957, -3.95653, 0.197827, 0, 0, 0.197827, -4.91105, 1, 1, 9999, 9999, 9999, 9999, 9999, 9999, 9999, 9999, -3.95653, 9999, 4.6655, 0, 0, 0, 0, 0, 8000, 0, 0, 0, 0
