hour,t(sec),kWh,State,kWOut,kWIn,kvarOut,DCkW,kWTotalLosses,kWInvLosses,kWIdlingLosses,kWChDchLosses,"kWh Chng",InvEff,InverterON,Vref,"Vavg (DRC)","VV Oper","VW Oper","DRC Oper","VV_DRC Oper","WP Oper","WV Oper",kWDesired,"kW VW Limit","Limit kWOut Function","kVA Exceeded","Grid voltage",di/dt,it,"it History","Rated VDC","Avg duty cycle","Target (Amps)","Series L","Max. Amps (phase)"
1, 0.00000, 5.83362, -1, 0, 2.20534, -1.5478, -2.20534, 0.110267, 0, 0, 0.110267, -3.50017, 1, 1, 9999, 9999, 9999, 9999, 9999, 9999, 9999, 9999, -2.20534, 9999, 2.3335, 0, 0, 0, 0, 0, 8000, 0, 0, 0, 0
2, 0.00000, 7.9287, -1, 0, 0.987864, -1.5478, -0.987864, 0.0493932, 0, 0, 0.0493932, 2.09508, 1, 1, 9999, 9999, 9999, 9999, 9999, 9999, 9999, 9999, -0.987864, 9999, 2.3335, 0, 0, 0, 0, 0, 8000, 0, 0, 0, 0
3, 0.00000, 8.86717, 1, 2.33343, 0, -1.5478, 2.33343, 0.122812, 0, 0, 0.122812, 0.938471, 1, 1, 9999, 9999, 9999, 9999, 9999, 9999, 9999, 9999, 2.3335, 9999, 2.3335, 1, 0, 0, 0, 0, 8000, 0, 0, 0, 0
4, 0.00000, 6.41094, 1, 2.33343, 0, -1.5478, 2.33343, 0.122812, 0, 0, 0.122812, -2.45624, 1, 1, 9999, 9999, 9999, 9999, 9999, 9999, 9999, 9999, 2.3335, 9999, 2.3335, 1, 0, 0, 0, 0, 8000, 0, 0, 0, 0
5, 0.00000, 3.9547, -1, 0, 1.97799, -1.5478, -1.97799, 0.0988996, 0, 0, 0.0988996, -2.45624, 1, 1, 9999, 9999, 9999, 9999, 9999, 9999, 9999, 9999, -1.97799, 9999, 2.3335, 0, 0, 0, 0, 0, 8000, 0, 0, 0, 0
