hour,t(sec),kWh,State,kWOut,kWIn,kvarOut,DCkW,kWTotalLosses,kWInvLosses,kWIdlingLosses,kWChDchLosses,"kWh Chng",InvEff,InverterON,Vref,"Vavg (DRC)","VV Oper","VW Oper","DRC Oper","VV_DRC Oper","WP Oper","WV Oper",kWDesired,"kW VW Limit","Limit kWOut Function","kVA Exceeded","Grid voltage",di/dt,it,"it History","Rated VDC","Avg duty cycle","Target (Amps)","Series L","Max. Amps (phase)"
1, 0.00000, 11.6637, -1, 0, 4.40684, 3.0947, -4.40684, 0.220342, 0, 0, 0.220342, -6.99825, 1, 1, 9999, 9999, 9999, 9999, 9999, 9999, 9999, 9999, -4.40684, 9999, 4.6655, 0, 0, 0, 0, 0, 8000, 0, 0, 0, 0
2, 0.00000, 15.8503, -1, 0, 1.97752, 3.0947, -1.97752, 0.0988759, 0, 0, 0.0988759, 4.1865, 1, 1, 9999, 9999, 9999, 9999, 9999, 9999, 9999, 9999, -1.97752, 9999, 4.6655, 0, 0, 0, 0, 0, 8000, 0, 0, 0, 0
3, 0.00000, 17.7289, 1, 2.09495, 0, 3.0947, 2.09495, 0.110261, 0, 0, 0.110261, 1.87864, 1, 1, 9999, 9999, 9999, 9999, 9999, 9999, 9999, 9999, 2.09495, 9999, 4.6655, 0, 0, 0, 0, 0, 8000, 0, 0, 0, 0
4, 0.00000, 15.5237, 1, 3.66694, 0, 3.0947, 3.66694, 0.192997, 0, 0, 0.192997, -2.20521, 1, 1, 9999, 9999, 9999, 9999, 9999, 9999, 9999, 9999, 3.66694, 9999, 4.6655, 0, 0, 0, 0, 0, 8000, 0, 0, 0, 0
5, 0.00000, 11.6637, 1, 2.90491E-7, 0, 3.0947, 2.90491E-7, 1.5289E-8, 0, 0, 1.5289E-8, -3.85994, 1, 1, 9999, 9999, 9999, 9999, 9999, 9999, 9999, 9999, 3.07928E-17, 9999, 4.6655, 0, 0, 0, 0, 0, 8000, 0, 0, 0, 0
