hour,t(sec),kWh,State,kWOut,kWIn,kvarOut,DCkW,kWTotalLosses,kWInvLosses,kWIdlingLosses,kWChDchLosses,"kWh Chng",InvEff,InverterON,Vref,"Vavg (DRC)","VV Oper","VW Oper","DRC Oper","VV_DRC Oper","WP Oper","WV Oper",kWDesired,"kW VW Limit","Limit kWOut Function","kVA Exceeded","Grid voltage",di/dt,it,"it History","Rated VDC","Avg duty cycle","Target (Amps)","Series L","Max. Amps (phase)"
1, 0.00000, 11.6637, -1, 0, 4.6655, 3.0947, -4.6655, 0.233275, 0, 0, 0.233275, -6.99825, 1, 1, 9999, 9999, 9999, 9999, 9999, 9999, 9999, 9999, -4.6655, 9999, 4.6655, 1, 0, 0, 0, 0, 8000, 0, 0, 0, 0
2, 0.00000, 16.096, -1, 0, 1.71886, 3.0947, -1.71886, 0.0859432, 0, 0, 0.0859432, 4.43223, 1, 1, 9999, 9999, 9999, 9999, 9999, 9999, 9999, 9999, -1.71886, 9999, 4.6655, 0, 0, 0, 0, 0, 8000, 0, 0, 0, 0
3, 0.00000, 17.7289, 1, 2.04979, 0, 3.0947, 2.04979, 0.107884, 0, 0, 0.107884, 1.63292, 1, 1, 9999, 9999, 9999, 9999, 9999, 9999, 9999, 9999, 2.04979, 9999, 4.6655, 0, 0, 0, 0, 0, 8000, 0, 0, 0, 0
4, 0.00000, 15.5712, 1, 4.6655, 0, 3.0947, 4.6655, 0.245553, 0, 0, 0.245553, -2.15767, 1, 1, 9999, 9999, 9999, 9999, 9999, 9999, 9999, 9999, 4.6655, 9999, 4.6655, 1, 0, 0, 0, 0, 8000, 0, 0, 0, 0
5, 0.00000, 10.6602, -1, 0, 1.05641, 3.0947, -1.05641, 0.0528205, 0, 0, 0.0528205, -4.91105, 1, 1, 9999, 9999, 9999, 9999, 9999, 9999, 9999, 9999, -1.05641, 9999, 4.6655, 0, 0, 0, 0, 0, 8000, 0, 0, 0, 0
