hour,t(sec),kWh,State,kWOut,kWIn,kvarOut,DCkW,kWTotalLosses,kWInvLosses,kWIdlingLosses,kWChDchLosses,"kWh Chng",InvEff,InverterON,Vref,"Vavg (DRC)","VV Oper","VW Oper","DRC Oper","VV_DRC Oper","WP Oper","WV Oper",kWDesired,"kW VW Limit","Limit kWOut Function","kVA Exceeded","Grid voltage",di/dt,it,"it History","Rated VDC","Avg duty cycle","Target (Amps)","Series L","Max. Amps (phase)"
1, 0.00000, 5.83362, 1, 1.07569E-8, 0, 1.5478, 1.07569E-8, 5.66155E-10, 0, 0, 5.66155E-10, -3.50017, 1, 1, 9999, 9999, 9999, 9999, 9999, 9999, 9999, 9999, 4.51649E-28, 9999, 2.3335, 0, 0, 0, 0, 0, 8000, 0, 0, 0, 0
2, 0.00000, 5.83362, 1, 2.10598, 0, 1.5478, 2.10598, 0.110841, 0, 0, 0.110841, -1.13231E-8, 1, 1, 9999, 9999, 9999, 9999, 9999, 9999, 9999, 9999, 2.10598, 9999, 2.3335, 0, 0, 0, 0, 0, 8000, 0, 0, 0, 0
3, 0.00000, 3.6168, -1, 0, 2.33343, 1.5478, -2.33343, 0.116671, 0, 0, 0.116671, -2.21683, 1, 1, 9999, 9999, 9999, 9999, 9999, 9999, 9999, 9999, -2.3335, 9999, 2.3335, 1, 0, 0, 0, 0, 8000, 0, 0, 0, 0
