hour,t(sec),kWh,State,kWOut,kWIn,kvarOut,DCkW,kWTotalLosses,kWInvLosses,kWIdlingLosses,kWChDchLosses,"kWh Chng",InvEff,InverterON,Vref,"Vavg (DRC)","VV Oper","VW Oper","DRC Oper","VV_DRC Oper","WP Oper","WV Oper",kWDesired,"kW VW Limit","Limit kWOut Function","kVA Exceeded","Grid voltage",di/dt,it,"it History","Rated VDC","Avg duty cycle","Target (Amps)","Series L","Max. Amps (phase)"
1, 0.00000, 5.83362, -1, 0, 2.06865, 1.5478, -2.06865, 0.103432, 0, 0, 0.103432, -3.50017, 1, 1, 9999, 9999, 9999, 9999, 9999, 9999, 9999, 9999, -2.06865, 9999, 2.3335, 0, 0, 0, 0, 0, 8000, 0, 0, 0, 0
2, 0.00000, 7.79884, -1, 0, 1.12435, 1.5479, -1.12435, 0.0562175, 0, 0, 0.0562175, 1.96522, 1, 1, 9999, 9999, 9999, 9999, 9999, 9999, 9999, 9999, -1.12435, 9999, 2.3335, 0, 0, 0, 0, 0, 8000, 0, 0, 0, 0
3, 0.00000, 8.86697, 1, 2.33343, 0, 1.5478, 2.33343, 0.122812, 0, 0, 0.122812, 1.06813, 1, 1, 9999, 9999, 9999, 9999, 9999, 9999, 9999, 9999, 2.33443, 9999, 2.3335, 1, 0, 0, 0, 0, 8000, 0, 0, 0, 0
4, 0.00000, 6.41074, 1, 2.33343, 0, 1.5478, 2.33343, 0.122812, 0, 0, 0.122812, -2.45624, 1, 1, 9999, 9999, 9999, 9999, 9999, 9999, 9999, 9999, 2.3344, 9999, 2.3335, 1, 0, 0, 0, 0, 8000, 0, 0, 0, 0
5, 0.00000, 3.9545, -1, 0, 1.97983, 1.5488, -1.97983, 0.0989917, 0, 0, 0.0989917, -2.45624, 1, 1, 9999, 9999, 9999, 9999, 9999, 9999, 9999, 9999, -1.97983, 9999, 2.3335, 0, 0, 0, 0, 0, 8000, 0, 0, 0, 0
