hour,t(sec),kWh,State,kWOut,kWIn,kvarOut,DCkW,kWTotalLosses,kWInvLosses,kWIdlingLosses,kWChDchLosses,"kWh Chng",InvEff,InverterON,Vref,"Vavg (DRC)","VV Oper","VW Oper","DRC Oper","VV_DRC Oper","WP Oper","WV Oper",kWDesired,"kW VW Limit","Limit kWOut Function","kVA Exceeded","Grid voltage",di/dt,it,"it History","Rated VDC","Avg duty cycle","Target (Amps)","Series L","Max. Amps (phase)"
1, 0.00000, 71.4613, -1, 0, 22.4205, -18.9608, -22.4205, 1.12103, 0, 0, 1.12103, -42.8768, 1, 1, 9999, 9999, 9999, 9999, 9999, 9999, 9999, 9999, -22.4205, 9999, 28.5845, 0, 0, 0, 0, 0, 8000, 0, 0, 0, 0
2, 0.00000, 92.7608, -1, 0, 16.6951, -18.9608, -16.6951, 0.834753, 0, 0, 0.834753, 21.2995, 1, 1, 9999, 9999, 9999, 9999, 9999, 9999, 9999, 9999, -16.6951, 9999, 28.5845, 0, 0, 0, 0, 0, 8000, 0, 0, 0, 0
3, 0.00000, 108.621, 1, 28.5845, 0, -18.9608, 28.5845, 1.50445, 0, 0, 1.50445, 15.8603, 1, 1, 9999, 9999, 9999, 9999, 9999, 9999, 9999, 9999, 28.5845, 9999, 28.5845, 1, 0, 0, 0, 0, 8000, 0, 0, 0, 0
4, 0.00000, 78.5321, 1, 28.5845, 0, -18.9608, 28.5845, 1.50445, 0, 0, 1.50445, -30.0889, 1, 1, 9999, 9999, 9999, 9999, 9999, 9999, 9999, 9999, 28.5845, 9999, 28.5845, 1, 0, 0, 0, 0, 8000, 0, 0, 0, 0
5, 0.00000, 48.4432, -1, 0, 24.2297, -18.9608, -24.2297, 1.21148, 0, 0, 1.21148, -30.0889, 1, 1, 9999, 9999, 9999, 9999, 9999, 9999, 9999, 9999, -24.2297, 9999, 28.5845, 0, 0, 0, 0, 0, 8000, 0, 0, 0, 0
