fbus,tbus,R,X
20,118,0.000001,0.000001
118,37,0.0217,0.0445
37,38,0.0377,0.0845
37,42,0.0145,0.0297
38,39,0.0755,0.0766
38,40,0.0629,0.0638
40,41,0.0818,0.0829
42,43,0.0818,0.0829
42,44,0.0145,0.0297
44,45,0.1259,0.1276
44,46,0.0116,0.0238
