bus,P_L,Q_L,P_der,Q_der,busType
1,0,0,0,0,0
2,0,0,0,0,0
3,13.33,6.667,0,4.6655,0
4,0,0,0,0,0
5,13.33,6.667,0,4.6655,1
6,6.667,3.333,0,2.33345,0
7,6.667,3.333,0,2.33345,2
8,0,0,0,0,0
9,6.667,3.333,0,2.33345,0
10,6.667,3.333,0,2.33345,0
11,13.33,6.667,0,4.6655,0
12,0,0,0,0,0
