bus,P_L,Q_L,P_der,Q_der,busType
20,0,0,0,0,0
118,0,0,0,0,0
37,13.33,6.667,0,4.6655,0
38,0,0,0,0,0
39,13.33,6.667,0,4.6655,1
40,6.667,3.333,0,2.33345,0
41,6.667,3.333,0,2.33345,2
42,0,0,0,0,0
43,6.667,3.333,0,2.33345,0
44,6.667,3.333,0,2.33345,0
45,13.33,6.667,0,4.6655,0
46,0,0,0,0,0
