hour,t(sec),kWh,State,kWOut,kWIn,kvarOut,DCkW,kWTotalLosses,kWInvLosses,kWIdlingLosses,kWChDchLosses,"kWh Chng",InvEff,InverterON,Vref,"Vavg (DRC)","VV Oper","VW Oper","DRC Oper","VV_DRC Oper","WP Oper","WV Oper",kWDesired,"kW VW Limit","Limit kWOut Function","kVA Exceeded","Grid voltage",di/dt,it,"it History","Rated VDC","Avg duty cycle","Target (Amps)","Series L","Max. Amps (phase)"
1, 0.00000, 11.6637, 1, 1.62835, 0, 3.09469, 1.62835, 0.0857028, 0, 0, 0.0857028, -6.99825, 1, 1, 9999, 9999, 9999, 9999, 9999, 9999, 9999, 9999, 1.62835, 9999, 4.6655, 0, 0, 0, 0, 0, 8000, 0, 0, 0, 0
2, 0.00000, 9.94969, 1, 0.625144, 0, 3.09468, 0.625144, 0.0329023, 0, 0, 0.0329023, -1.71406, 1, 1, 9999, 9999, 9999, 9999, 9999, 9999, 9999, 9999, 0.62513, 9999, 4.6655, 0, 0, 0, 0, 0, 8000, 0, 0, 0, 0
3, 0.00000, 9.29165, 1, 0.30231, 0, 3.09469, 0.30231, 0.0159111, 0, 0, 0.0159111, -0.658047, 1, 1, 9999, 9999, 9999, 9999, 9999, 9999, 9999, 9999, 0.302306, 9999, 4.6655, 0, 0, 0, 0, 0, 8000, 0, 0, 0, 0
4, 0.00000, 8.97343, 1, 0.0000414225, 0, 3.09472, 0.0000414225, 2.18013E-6, 0, 0, 2.18013E-6, -0.318221, 1, 1, 9999, 9999, 9999, 9999, 9999, 9999, 9999, 9999, 9.72803E-19, 9999, 4.6655, 0, 0, 0, 0, 0, 8000, 0, 0, 0, 0
5, 0.00000, 8.97338, 1, 0.000032175, 0, 3.09467, 0.000032175, 1.69342E-6, 0, 0, 1.69342E-6, -0.0000436027, 1, 1, 9999, 9999, 9999, 9999, 9999, 9999, 9999, 9999, 1.70869E-19, 9999, 4.6655, 0, 0, 0, 0, 0, 8000, 0, 0, 0, 0
