hour,t(sec),kWh,State,kWOut,kWIn,kvarOut,DCkW,kWTotalLosses,kWInvLosses,kWIdlingLosses,kWChDchLosses,"kWh Chng",InvEff,InverterON,Vref,"Vavg (DRC)","VV Oper","VW Oper","DRC Oper","VV_DRC Oper","WP Oper","WV Oper",kWDesired,"kW VW Limit","Limit kWOut Function","kVA Exceeded","Grid voltage",di/dt,it,"it History","Rated VDC","Avg duty cycle","Target (Amps)","Series L","Max. Amps (phase)"
1, 0.00000, 71.4613, 1, 9.2415, 0, -18.9607, 9.2415, 0.486395, 0, 0, 0.486395, -42.8768, 1, 1, 9999, 9999, 9999, 9999, 9999, 9999, 9999, 9999, 9.24165, 9999, 28.5845, 0, 0, 0, 0, 0, 8000, 0, 0, 0, 0
2, 0.00000, 61.7334, 1, 3.37785, 0, -18.9605, 3.37785, 0.177782, 0, 0, 0.177782, -9.72789, 1, 1, 9999, 9999, 9999, 9999, 9999, 9999, 9999, 9999, 3.37869, 9999, 28.5845, 0, 0, 0, 0, 0, 8000, 0, 0, 0, 0
3, 0.00000, 58.1777, 1, 1.71538, 0, -18.9607, 1.71538, 0.0902829, 0, 0, 0.0902829, -3.55563, 1, 1, 9999, 9999, 9999, 9999, 9999, 9999, 9999, 9999, 1.71561, 9999, 28.5845, 0, 0, 0, 0, 0, 8000, 0, 0, 0, 0
4, 0.00000, 56.3721, -1, 0, 0.00207534, -18.9614, -0.00207534, 0.000103767, 0, 0, 0.000103767, -1.80566, 1, 1, 9999, 9999, 9999, 9999, 9999, 9999, 9999, 9999, -1.01847E-17, 9999, 28.5845, 0, 0, 0, 0, 0, 8000, 0, 0, 0, 0
5, 0.00000, 56.374, 1, 0.00156583, 0, -18.96, 0.00156583, 0.0000824119, 0, 0, 0.0000824119, 0.00197157, 1, 1, 9999, 9999, 9999, 9999, 9999, 9999, 9999, 9999, 2.06855E-18, 9999, 28.5845, 0, 0, 0, 0, 0, 8000, 0, 0, 0, 0
