hour,t(sec),kWh,State,kWOut,kWIn,kvarOut,DCkW,kWTotalLosses,kWInvLosses,kWIdlingLosses,kWChDchLosses,"kWh Chng",InvEff,InverterON,Vref,"Vavg (DRC)","VV Oper","VW Oper","DRC Oper","VV_DRC Oper","WP Oper","WV Oper",kWDesired,"kW VW Limit","Limit kWOut Function","kVA Exceeded","Grid voltage",di/dt,it,"it History","Rated VDC","Avg duty cycle","Target (Amps)","Series L","Max. Amps (phase)"
1, 0.00000, 40.8363, 1, 5.73048, 0, 10.835, 5.73048, 0.301604, 0, 0, 0.301604, -24.5018, 1, 1, 9999, 9999, 9999, 9999, 9999, 9999, 9999, 9999, 5.73047, 9999, 16.3345, 0, 0, 0, 0, 0, 8000, 0, 0, 0, 0
2, 0.00000, 34.8042, 1, 2.42455, 0, 10.8348, 2.42455, 0.127608, 0, 0, 0.127608, -6.03208, 1, 1, 9999, 9999, 9999, 9999, 9999, 9999, 9999, 9999, 2.42437, 9999, 16.3345, 0, 0, 0, 0, 0, 8000, 0, 0, 0, 0
3, 0.00000, 32.252, 1, 1.49785, 0, 10.835, 1.49785, 0.0788343, 0, 0, 0.0788343, -2.55216, 1, 1, 9999, 9999, 9999, 9999, 9999, 9999, 9999, 9999, 1.49779, 9999, 16.3345, 0, 0, 0, 0, 0, 8000, 0, 0, 0, 0
4, 0.00000, 30.6753, 1, 0.463207, 0, 10.8355, 0.463207, 0.0243793, 0, 0, 0.0243793, -1.57669, 1, 1, 9999, 9999, 9999, 9999, 9999, 9999, 9999, 9999, 0.463704, 9999, 16.3345, 0, 0, 0, 0, 0, 8000, 0, 0, 0, 0
5, 0.00000, 30.1877, 1, 0.00186352, 0, 10.8347, 0.00186352, 0.0000980802, 0, 0, 0.0000980802, -0.487587, 1, 1, 9999, 9999, 9999, 9999, 9999, 9999, 9999, 9999, 0.00145519, 9999, 16.3345, 0, 0, 0, 0, 0, 8000, 0, 0, 0, 0
