hour,t(sec),kWh,State,kWOut,kWIn,kvarOut,DCkW,kWTotalLosses,kWInvLosses,kWIdlingLosses,kWChDchLosses,"kWh Chng",InvEff,InverterON,Vref,"Vavg (DRC)","VV Oper","VW Oper","DRC Oper","VV_DRC Oper","WP Oper","WV Oper",kWDesired,"kW VW Limit","Limit kWOut Function","kVA Exceeded","Grid voltage",di/dt,it,"it History","Rated VDC","Avg duty cycle","Target (Amps)","Series L","Max. Amps (phase)"
1, 0.00000, 11.6637, 1, 2.0813, 0, -3.09469, 2.0813, 0.109542, 0, 0, 0.109542, -6.99825, 1, 1, 9999, 9999, 9999, 9999, 9999, 9999, 9999, 9999, 2.08133, 9999, 4.6655, 0, 0, 0, 0, 0, 8000, 0, 0, 0, 0
2, 0.00000, 9.47291, 1, 1.29146, 0, -1.50911, 1.29146, 0.0679715, 0, 0, 0.0679715, -2.19084, 1, 1, 9999, 9999, 9999, 9999, 9999, 9999, 9999, 9999, 1.29155, 9999, 4.6655, 0, 0, 0, 0, 0, 8000, 0, 0, 0, 0
3, 0.00000, 8.11348, 1, 1.07113, 0, -0.809635, 1.07113, 0.0563755, 0, 0, 0.0563755, -1.35943, 1, 1, 9999, 9999, 9999, 9999, 9999, 9999, 9999, 9999, 1.07115, 9999, 4.6655, 0, 0, 0, 0, 0, 8000, 0, 0, 0, 0
4, 0.00000, 6.98597, 1, 0.8237, 0, -0.184004, 0.8237, 0.0433526, 0, 0, 0.0433526, -1.12751, 1, 1, 9999, 9999, 9999, 9999, 9999, 9999, 9999, 9999, 0.823647, 9999, 4.6655, 0, 0, 0, 0, 0, 8000, 0, 0, 0, 0
5, 0.00000, 6.11892, 1, 0.494056, 0, -1.15588, 0.494056, 0.0260029, 0, 0, 0.0260029, -0.867052, 1, 1, 9999, 9999, 9999, 9999, 9999, 9999, 9999, 9999, 0.49417, 9999, 4.6655, 0, 0, 0, 0, 0, 8000, 0, 0, 0, 0
