hour,t(sec),kWh,State,kWOut,kWIn,kvarOut,DCkW,kWTotalLosses,kWInvLosses,kWIdlingLosses,kWChDchLosses,"kWh Chng",InvEff,InverterON,Vref,"Vavg (DRC)","VV Oper","VW Oper","DRC Oper","VV_DRC Oper","WP Oper","WV Oper",kWDesired,"kW VW Limit","Limit kWOut Function","kVA Exceeded","Grid voltage",di/dt,it,"it History","Rated VDC","Avg duty cycle","Target (Amps)","Series L","Max. Amps (phase)"
1, 0.00000, 11.6637, 1, 1.29141, 0, 3.0947, 1.29141, 0.067969, 0, 0, 0.067969, -6.99825, 1, 1, 9999, 9999, 9999, 9999, 9999, 9999, 9999, 9999, 1.29141, 9999, 4.6655, 0, 0, 0, 0, 0, 8000, 0, 0, 0, 0
2, 0.00000, 10.3044, 1, 0.534961, 0, 3.09468, 0.534961, 0.0281558, 0, 0, 0.0281558, -1.35938, 1, 1, 9999, 9999, 9999, 9999, 9999, 9999, 9999, 9999, 0.534946, 9999, 4.6655, 0, 0, 0, 0, 0, 8000, 0, 0, 0, 0
3, 0.00000, 9.74125, 1, 0.368126, 0, 3.09469, 0.368126, 0.0193751, 0, 0, 0.0193751, -0.563117, 1, 1, 9999, 9999, 9999, 9999, 9999, 9999, 9999, 9999, 0.368122, 9999, 4.6655, 0, 0, 0, 0, 0, 8000, 0, 0, 0, 0
4, 0.00000, 9.35375, 1, 0.155335, 0, 3.09473, 0.155335, 0.00817553, 0, 0, 0.00817553, -0.387502, 1, 1, 9999, 9999, 9999, 9999, 9999, 9999, 9999, 9999, 0.155375, 9999, 4.6655, 0, 0, 0, 0, 0, 8000, 0, 0, 0, 0
5, 0.00000, 9.19024, -1, 0, 0.0000320704, 3.09467, -0.0000320704, 1.60352E-6, 0, 0, 1.60352E-6, -0.163511, 1, 1, 9999, 9999, 9999, 9999, 9999, 9999, 9999, 9999, -3.73497E-18, 9999, 4.6655, 0, 0, 0, 0, 0, 8000, 0, 0, 0, 0
