hour,t(sec),kWh,State,kWOut,kWIn,kvarOut,DCkW,kWTotalLosses,kWInvLosses,kWIdlingLosses,kWChDchLosses,"kWh Chng",InvEff,InverterON,Vref,"Vavg (DRC)","VV Oper","VW Oper","DRC Oper","VV_DRC Oper","WP Oper","WV Oper",kWDesired,"kW VW Limit","Limit kWOut Function","kVA Exceeded","Grid voltage",di/dt,it,"it History","Rated VDC","Avg duty cycle","Target (Amps)","Series L","Max. Amps (phase)"
1, 0.00000, 5.83362, 1, 1.03631, 0, 1.54779, 1.03631, 0.0545425, 0, 0, 0.0545425, -3.50017, 1, 1, 9999, 9999, 9999, 9999, 9999, 9999, 9999, 9999, 1.03631, 9999, 2.3335, 0, 0, 0, 0, 0, 8000, 0, 0, 0, 0
2, 0.00000, 4.74277, 1, 0.654058, 0, 1.54776, 0.654058, 0.0344241, 0, 0, 0.0344241, -1.09085, 1, 1, 9999, 9999, 9999, 9999, 9999, 9999, 9999, 9999, 0.654033, 9999, 2.3335, 0, 0, 0, 0, 0, 8000, 0, 0, 0, 0
3, 0.00000, 4.05429, 1, 0.542873, 0, 1.54779, 0.542873, 0.0285723, 0, 0, 0.0285723, -0.688483, 1, 1, 9999, 9999, 9999, 9999, 9999, 9999, 9999, 9999, 0.542865, 9999, 2.3335, 0, 0, 0, 0, 0, 8000, 0, 0, 0, 0
4, 0.00000, 3.48285, 1, 0.421721, 0, 1.54787, 0.421721, 0.0221958, 0, 0, 0.0221958, -0.571446, 1, 1, 9999, 9999, 9999, 9999, 9999, 9999, 9999, 9999, 0.421803, 9999, 2.3335, 0, 0, 0, 0, 0, 8000, 0, 0, 0, 0
5, 0.00000, 3.03893, 1, 0.226921, 0, 1.54774, 0.226921, 0.0119432, 0, 0, 0.0119432, -0.443917, 1, 1, 9999, 9999, 9999, 9999, 9999, 9999, 9999, 9999, 0.226856, 9999, 2.3335, 0, 0, 0, 0, 0, 8000, 0, 0, 0, 0
