hour,t(sec),kWh,State,kWOut,kWIn,kvarOut,DCkW,kWTotalLosses,kWInvLosses,kWIdlingLosses,kWChDchLosses,"kWh Chng",InvEff,InverterON,Vref,"Vavg (DRC)","VV Oper","VW Oper","DRC Oper","VV_DRC Oper","WP Oper","WV Oper",kWDesired,"kW VW Limit","Limit kWOut Function","kVA Exceeded","Grid voltage",di/dt,it,"it History","Rated VDC","Avg duty cycle","Target (Amps)","Series L","Max. Amps (phase)"
1, 0.00000, 11.6637, 1, 1.81816, 0, -3.09469, 1.81816, 0.0956928, 0, 0, 0.0956928, -6.99825, 1, 1, 9999, 9999, 9999, 9999, 9999, 9999, 9999, 9999, 1.81819, 9999, 4.6655, 0, 0, 0, 0, 0, 8000, 0, 0, 0, 0
2, 0.00000, 9.74989, 1, 1.32065, 0, -3.09467, 1.32065, 0.0695079, 0, 0, 0.0695079, -1.91386, 1, 1, 9999, 9999, 9999, 9999, 9999, 9999, 9999, 9999, 1.3208, 9999, 4.6655, 0, 0, 0, 0, 0, 8000, 0, 0, 0, 0
3, 0.00000, 8.35974, 1, 1.17697, 0, -3.09469, 1.17697, 0.0619457, 0, 0, 0.0619457, -1.39016, 1, 1, 9999, 9999, 9999, 9999, 9999, 9999, 9999, 9999, 1.17701, 9999, 4.6655, 0, 0, 0, 0, 0, 8000, 0, 0, 0, 0
4, 0.00000, 7.12082, 1, 0.977272, 0, -3.09472, 0.977272, 0.0514354, 0, 0, 0.0514354, -1.23891, 1, 1, 9999, 9999, 9999, 9999, 9999, 9999, 9999, 9999, 0.976909, 9999, 4.6655, 0, 0, 0, 0, 0, 8000, 0, 0, 0, 0
5, 0.00000, 6.09212, 1, 0.468707, 0, -3.09459, 0.468707, 0.0246688, 0, 0, 0.0246688, -1.02871, 1, 1, 9999, 9999, 9999, 9999, 9999, 9999, 9999, 9999, 0.468976, 9999, 4.6655, 0, 0, 0, 0, 0, 8000, 0, 0, 0, 0
