hour,t(sec),kWh,State,kWOut,kWIn,kvarOut,DCkW,kWTotalLosses,kWInvLosses,kWIdlingLosses,kWChDchLosses,"kWh Chng",InvEff,InverterON,Vref,"Vavg (DRC)","VV Oper","VW Oper","DRC Oper","VV_DRC Oper","WP Oper","WV Oper",kWDesired,"kW VW Limit","Limit kWOut Function","kVA Exceeded","Grid voltage",di/dt,it,"it History","Rated VDC","Avg duty cycle","Target (Amps)","Series L","Max. Amps (phase)"
1, 0.00000, 11.6637, 1, 1.99805, 0, 3.09467, 1.99805, 0.10516, 0, 0, 0.10516, -6.99825, 1, 1, 9999, 9999, 9999, 9999, 9999, 9999, 9999, 9999, 1.99805, 9999, 4.6655, 0, 0, 0, 0, 0, 8000, 0, 0, 0, 0
2, 0.00000, 9.56054, 1, 1.31616, 0, 3.09458, 1.31616, 0.0692718, 0, 0, 0.0692718, -2.10321, 1, 1, 9999, 9999, 9999, 9999, 9999, 9999, 9999, 9999, 1.31609, 9999, 4.6655, 0, 0, 0, 0, 0, 8000, 0, 0, 0, 0
3, 0.00000, 8.17511, 1, 1.11456, 0, 3.09466, 1.11456, 0.0586613, 0, 0, 0.0586613, -1.38544, 1, 1, 9999, 9999, 9999, 9999, 9999, 9999, 9999, 9999, 1.11454, 9999, 4.6655, 0, 0, 0, 0, 0, 8000, 0, 0, 0, 0
4, 0.00000, 7.00188, 1, 0.893475, 0, 3.0949, 0.893475, 0.047025, 0, 0, 0.047025, -1.17323, 1, 1, 9999, 9999, 9999, 9999, 9999, 9999, 9999, 9999, 0.893723, 9999, 4.6655, 0, 0, 0, 0, 0, 8000, 0, 0, 0, 0
5, 0.00000, 6.06138, 1, 0.439723, 0, 3.09452, 0.439723, 0.0231433, 0, 0, 0.0231433, -0.9405, 1, 1, 9999, 9999, 9999, 9999, 9999, 9999, 9999, 9999, 0.439527, 9999, 4.6655, 0, 0, 0, 0, 0, 8000, 0, 0, 0, 0
