hour,t(sec),kWh,State,kWOut,kWIn,kvarOut,DCkW,kWTotalLosses,kWInvLosses,kWIdlingLosses,kWChDchLosses,"kWh Chng",InvEff,InverterON,Vref,"Vavg (DRC)","VV Oper","VW Oper","DRC Oper","VV_DRC Oper","WP Oper","WV Oper",kWDesired,"kW VW Limit","Limit kWOut Function","kVA Exceeded","Grid voltage",di/dt,it,"it History","Rated VDC","Avg duty cycle","Target (Amps)","Series L","Max. Amps (phase)"
1, 0.00000, 11.6637, 1, 1.94475, 0, -0.449757, 1.94475, 0.102355, 0, 0, 0.102355, -6.99825, 1, 1, 9999, 9999, 9999, 9999, 9999, 9999, 9999, 9999, 1.94477, 9999, 4.6655, 0, 0, 0, 0, 0, 8000, 0, 0, 0, 0
2, 0.00000, 9.61664, 1, 1.30757, 0, 1.24602, 1.30757, 0.0688193, 0, 0, 0.0688193, -2.04711, 1, 1, 9999, 9999, 9999, 9999, 9999, 9999, 9999, 9999, 1.30755, 9999, 4.6655, 0, 0, 0, 0, 0, 8000, 0, 0, 0, 0
3, 0.00000, 8.24026, 1, 1.12216, 0, 1.83297, 1.12216, 0.0590609, 0, 0, 0.0590609, -1.37639, 1, 1, 9999, 9999, 9999, 9999, 9999, 9999, 9999, 9999, 1.12215, 9999, 4.6655, 0, 0, 0, 0, 0, 8000, 0, 0, 0, 0
4, 0.00000, 7.05904, 1, 0.915118, 0, 2.3736, 0.915118, 0.0481641, 0, 0, 0.0481641, -1.18122, 1, 1, 9999, 9999, 9999, 9999, 9999, 9999, 9999, 9999, 0.915324, 9999, 4.6655, 0, 0, 0, 0, 0, 8000, 0, 0, 0, 0
5, 0.00000, 6.09576, 1, 0.472199, 0, 1.53828, 0.472199, 0.0248526, 0, 0, 0.0248526, -0.963282, 1, 1, 9999, 9999, 9999, 9999, 9999, 9999, 9999, 9999, 0.472102, 9999, 4.6655, 0, 0, 0, 0, 0, 8000, 0, 0, 0, 0
