hour,t(sec),kWh,State,kWOut,kWIn,kvarOut,DCkW,kWTotalLosses,kWInvLosses,kWIdlingLosses,kWChDchLosses,"kWh Chng",InvEff,InverterON,Vref,"Vavg (DRC)","VV Oper","VW Oper","DRC Oper","VV_DRC Oper","WP Oper","WV Oper",kWDesired,"kW VW Limit","Limit kWOut Function","kVA Exceeded","Grid voltage",di/dt,it,"it History","Rated VDC","Avg duty cycle","Target (Amps)","Series L","Max. Amps (phase)"
1, 0.00000, 11.6637, 1, 2.31409, 0, 3.09468, 2.31409, 0.121794, 0, 0, 0.121794, -6.99825, 1, 1, 9999, 9999, 9999, 9999, 9999, 9999, 9999, 9999, 2.31409, 9999, 4.6655, 0, 0, 0, 0, 0, 8000, 0, 0, 0, 0
2, 0.00000, 9.22787, 1, 1.31743, 0, 3.09463, 1.31743, 0.0693384, 0, 0, 0.0693384, -2.43588, 1, 1, 9999, 9999, 9999, 9999, 9999, 9999, 9999, 9999, 1.3174, 9999, 4.6655, 0, 0, 0, 0, 0, 8000, 0, 0, 0, 0
3, 0.00000, 7.8411, 1, 1.00034, 0, 3.09468, 1.00034, 0.0526495, 0, 0, 0.0526495, -1.38677, 1, 1, 9999, 9999, 9999, 9999, 9999, 9999, 9999, 9999, 1.00033, 9999, 4.6655, 0, 0, 0, 0, 0, 8000, 0, 0, 0, 0
4, 0.00000, 6.78811, 1, 0.66715, 0, 3.0948, 0.66715, 0.0351132, 0, 0, 0.0351132, -1.05299, 1, 1, 9999, 9999, 9999, 9999, 9999, 9999, 9999, 9999, 0.66726, 9999, 4.6655, 0, 0, 0, 0, 0, 8000, 0, 0, 0, 0
5, 0.00000, 6.08585, 1, 0.46294, 0, 3.09461, 0.46294, 0.0243653, 0, 0, 0.0243653, -0.702263, 1, 1, 9999, 9999, 9999, 9999, 9999, 9999, 9999, 9999, 0.462855, 9999, 4.6655, 0, 0, 0, 0, 0, 8000, 0, 0, 0, 0
