hour,t(sec),kWh,State,kWOut,kWIn,kvarOut,DCkW,kWTotalLosses,kWInvLosses,kWIdlingLosses,kWChDchLosses,"kWh Chng",InvEff,InverterON,Vref,"Vavg (DRC)","VV Oper","VW Oper","DRC Oper","VV_DRC Oper","WP Oper","WV Oper",kWDesired,"kW VW Limit","Limit kWOut Function","kVA Exceeded","Grid voltage",di/dt,it,"it History","Rated VDC","Avg duty cycle","Target (Amps)","Series L","Max. Amps (phase)"
1, 0.00000, 11.6637, 1, 2.13794, 0, -3.09469, 2.13794, 0.112523, 0, 0, 0.112523, -6.99825, 1, 1, 9999, 9999, 9999, 9999, 9999, 9999, 9999, 9999, 2.13797, 9999, 4.6655, 0, 0, 0, 0, 0, 8000, 0, 0, 0, 0
2, 0.00000, 9.41329, 1, 1.3128, 0, -3.0947, 1.3128, 0.0690949, 0, 0, 0.0690949, -2.25046, 1, 1, 9999, 9999, 9999, 9999, 9999, 9999, 9999, 9999, 1.31297, 9999, 4.6655, 0, 0, 0, 0, 0, 8000, 0, 0, 0, 0
3, 0.00000, 8.03139, 1, 1.07652, 0, -3.0947, 1.07652, 0.0566588, 0, 0, 0.0566588, -1.3819, 1, 1, 9999, 9999, 9999, 9999, 9999, 9999, 9999, 9999, 1.07656, 9999, 4.6655, 0, 0, 0, 0, 0, 8000, 0, 0, 0, 0
4, 0.00000, 6.89822, 1, 0.789043, 0, -3.09467, 0.789043, 0.0415286, 0, 0, 0.0415286, -1.13318, 1, 1, 9999, 9999, 9999, 9999, 9999, 9999, 9999, 9999, 0.788656, 9999, 4.6655, 0, 0, 0, 0, 0, 8000, 0, 0, 0, 0
5, 0.00000, 6.06765, 1, 0.445503, 0, -3.09464, 0.445503, 0.0234476, 0, 0, 0.0234476, -0.830571, 1, 1, 9999, 9999, 9999, 9999, 9999, 9999, 9999, 9999, 0.445803, 9999, 4.6655, 0, 0, 0, 0, 0, 8000, 0, 0, 0, 0
