hour,t(sec),kWh,State,kWOut,kWIn,kvarOut,DCkW,kWTotalLosses,kWInvLosses,kWIdlingLosses,kWChDchLosses,"kWh Chng",InvEff,InverterON,Vref,"Vavg (DRC)","VV Oper","VW Oper","DRC Oper","VV_DRC Oper","WP Oper","WV Oper",kWDesired,"kW VW Limit","Limit kWOut Function","kVA Exceeded","Grid voltage",di/dt,it,"it History","Rated VDC","Avg duty cycle","Target (Amps)","Series L","Max. Amps (phase)"
1, 0.00000, 30.625, 1, 3.33299, 0, 8.12564, 3.33299, 0.175421, 0, 0, 0.175421, -18.375, 1, 1, 9999, 9999, 9999, 9999, 9999, 9999, 9999, 9999, 3.33298, 9999, 12.25, 0, 0, 0, 0, 0, 8000, 0, 0, 0, 0
2, 0.00000, 27.1166, 1, 2.43555, 0, 8.12545, 2.43555, 0.128187, 0, 0, 0.128187, -3.50841, 1, 1, 9999, 9999, 9999, 9999, 9999, 9999, 9999, 9999, 2.43542, 9999, 12.25, 0, 0, 0, 0, 0, 8000, 0, 0, 0, 0
3, 0.00000, 24.5529, 1, 2.18593, 0, 8.12563, 2.18593, 0.115049, 0, 0, 0.115049, -2.56373, 1, 1, 9999, 9999, 9999, 9999, 9999, 9999, 9999, 9999, 2.18589, 9999, 12.25, 0, 0, 0, 0, 0, 8000, 0, 0, 0, 0
4, 0.00000, 22.2519, 1, 1.8988, 0, 8.12607, 1.8988, 0.0999368, 0, 0, 0.0999368, -2.30098, 1, 1, 9999, 9999, 9999, 9999, 9999, 9999, 9999, 9999, 1.89912, 9999, 12.25, 0, 0, 0, 0, 0, 8000, 0, 0, 0, 0
5, 0.00000, 20.2531, 1, 0.188532, 0, 8.1254, 0.188532, 0.00992273, 0, 0, 0.00992273, -1.99874, 1, 1, 9999, 9999, 9999, 9999, 9999, 9999, 9999, 9999, 0.188233, 9999, 12.25, 0, 0, 0, 0, 0, 8000, 0, 0, 0, 0
