hour,t(sec),kWh,State,kWOut,kWIn,kvarOut,DCkW,kWTotalLosses,kWInvLosses,kWIdlingLosses,kWChDchLosses,"kWh Chng",InvEff,InverterON,Vref,"Vavg (DRC)","VV Oper","VW Oper","DRC Oper","VV_DRC Oper","WP Oper","WV Oper",kWDesired,"kW VW Limit","Limit kWOut Function","kVA Exceeded","Grid voltage",di/dt,it,"it History","Rated VDC","Avg duty cycle","Target (Amps)","Series L","Max. Amps (phase)"
1, 0.00000, 5.83362, 1, 0.958043, 0, 1.54779, 0.958043, 0.0504233, 0, 0, 0.0504233, -3.50017, 1, 1, 9999, 9999, 9999, 9999, 9999, 9999, 9999, 9999, 0.958042, 9999, 2.3335, 0, 0, 0, 0, 0, 8000, 0, 0, 0, 0
2, 0.00000, 4.82516, 1, 0.635361, 0, 1.54775, 0.635361, 0.0334401, 0, 0, 0.0334401, -1.00847, 1, 1, 9999, 9999, 9999, 9999, 9999, 9999, 9999, 9999, 0.635342, 9999, 2.3335, 0, 0, 0, 0, 0, 8000, 0, 0, 0, 0
3, 0.00000, 4.15636, 1, 0.554446, 0, 1.54779, 0.554446, 0.0291814, 0, 0, 0.0291814, -0.668801, 1, 1, 9999, 9999, 9999, 9999, 9999, 9999, 9999, 9999, 0.55444, 9999, 2.3335, 0, 0, 0, 0, 0, 8000, 0, 0, 0, 0
4, 0.00000, 3.57273, 1, 0.461206, 0, 1.54787, 0.461206, 0.024274, 0, 0, 0.024274, -0.583627, 1, 1, 9999, 9999, 9999, 9999, 9999, 9999, 9999, 9999, 0.461263, 9999, 2.3335, 0, 0, 0, 0, 0, 8000, 0, 0, 0, 0
5, 0.00000, 3.08725, 1, 0.272857, 0, 1.54774, 0.272857, 0.0143609, 0, 0, 0.0143609, -0.48548, 1, 1, 9999, 9999, 9999, 9999, 9999, 9999, 9999, 9999, 0.272809, 9999, 2.3335, 0, 0, 0, 0, 0, 8000, 0, 0, 0, 0
