hour,t(sec),kWh,State,kWOut,kWIn,kvarOut,DCkW,kWTotalLosses,kWInvLosses,kWIdlingLosses,kWChDchLosses,"kWh Chng",InvEff,InverterON,Vref,"Vavg (DRC)","VV Oper","VW Oper","DRC Oper","VV_DRC Oper","WP Oper","WV Oper",kWDesired,"kW VW Limit","Limit kWOut Function","kVA Exceeded","Grid voltage",di/dt,it,"it History","Rated VDC","Avg duty cycle","Target (Amps)","Series L","Max. Amps (phase)"
1, 0.00000, 11.6637, 1, 2.24347, 0, -3.09469, 2.24347, 0.118077, 0, 0, 0.118077, -6.99825, 1, 1, 9999, 9999, 9999, 9999, 9999, 9999, 9999, 9999, 2.2435, 9999, 4.6655, 0, 0, 0, 0, 0, 8000, 0, 0, 0, 0
2, 0.00000, 9.3022, 1, 1.32209, 0, -3.0947, 1.32209, 0.0695835, 0, 0, 0.0695835, -2.36155, 1, 1, 9999, 9999, 9999, 9999, 9999, 9999, 9999, 9999, 1.32225, 9999, 4.6655, 0, 0, 0, 0, 0, 8000, 0, 0, 0, 0
3, 0.00000, 7.91053, 1, 1.02921, 0, -3.0947, 1.02921, 0.0541689, 0, 0, 0.0541689, -1.39167, 1, 1, 9999, 9999, 9999, 9999, 9999, 9999, 9999, 9999, 1.02926, 9999, 4.6655, 0, 0, 0, 0, 0, 8000, 0, 0, 0, 0
4, 0.00000, 6.82716, 1, 0.705302, 0, -3.09467, 0.705302, 0.0371212, 0, 0, 0.0371212, -1.08338, 1, 1, 9999, 9999, 9999, 9999, 9999, 9999, 9999, 9999, 0.70491, 9999, 4.6655, 0, 0, 0, 0, 0, 8000, 0, 0, 0, 0
5, 0.00000, 6.08473, 1, 0.461648, 0, -3.09465, 0.461648, 0.0242973, 0, 0, 0.0242973, -0.742423, 1, 1, 9999, 9999, 9999, 9999, 9999, 9999, 9999, 9999, 0.461954, 9999, 4.6655, 0, 0, 0, 0, 0, 8000, 0, 0, 0, 0
