hour,t(sec),kWh,State,kWOut,kWIn,kvarOut,DCkW,kWTotalLosses,kWInvLosses,kWIdlingLosses,kWChDchLosses,"kWh Chng",InvEff,InverterON,Vref,"Vavg (DRC)","VV Oper","VW Oper","DRC Oper","VV_DRC Oper","WP Oper","WV Oper",kWDesired,"kW VW Limit","Limit kWOut Function","kVA Exceeded","Grid voltage",di/dt,it,"it History","Rated VDC","Avg duty cycle","Target (Amps)","Series L","Max. Amps (phase)"
1, 0.00000, 11.6637, 1, 2.05725, 0, 3.09469, 2.05725, 0.108276, 0, 0, 0.108276, -6.99825, 1, 1, 9999, 9999, 9999, 9999, 9999, 9999, 9999, 9999, 2.05725, 9999, 4.6655, 0, 0, 0, 0, 0, 8000, 0, 0, 0, 0
2, 0.00000, 9.49822, 1, 1.24371, 0, 3.09465, 1.24371, 0.0654583, 0, 0, 0.0654583, -2.16553, 1, 1, 9999, 9999, 9999, 9999, 9999, 9999, 9999, 9999, 1.24368, 9999, 4.6655, 0, 0, 0, 0, 0, 8000, 0, 0, 0, 0
3, 0.00000, 8.18906, 1, 0.989981, 0, 3.09469, 0.989981, 0.0521042, 0, 0, 0.0521042, -1.30917, 1, 1, 9999, 9999, 9999, 9999, 9999, 9999, 9999, 9999, 0.989972, 9999, 4.6655, 0, 0, 0, 0, 0, 8000, 0, 0, 0, 0
4, 0.00000, 7.14697, 1, 0.717099, 0, 3.09477, 0.717099, 0.0377421, 0, 0, 0.0377421, -1.04208, 1, 1, 9999, 9999, 9999, 9999, 9999, 9999, 9999, 9999, 0.717181, 9999, 4.6655, 0, 0, 0, 0, 0, 8000, 0, 0, 0, 0
5, 0.00000, 6.39213, 1, 0.334242, 0, 3.09463, 0.334242, 0.0175917, 0, 0, 0.0175917, -0.754842, 1, 1, 9999, 9999, 9999, 9999, 9999, 9999, 9999, 9999, 0.334176, 9999, 4.6655, 0, 0, 0, 0, 0, 8000, 0, 0, 0, 0
