fbus,tbus,R,X
1,2,0.000001,0.000001
2,3,0.0232,0.0475
3,4,0.0116,0.0238
4,5,0.0072,0.0148
5,6,0.0159,0.0327
6,7,0.0159,0.0327
5,8,0.0203,0.0416
8,9,0.0629,0.0638
9,10,0.0629,0.0638
8,11,0.0435,0.0891
11,12,0.0319,0.0653
11,13,0.048,0.0229
13,14,0.0336,0.016
14,15,0.0672,0.032
15,16,0.0816,0.0389
16,17,0.0624,0.0297
12,18,0.0001,0.0001
11,19,0.0001,0.0001
