bus,P_L,Q_L,Q_C,P_der,busType
15,0,0,0,0,0
117,0,0,0,0,0
54,13.33,6.667,0,4.6655,0
55,13.33,6.667,0,4.6655,0
56,0,0,0,0,0
57,6.667,3.333,0,2.33345,0
58,6.667,3.333,0,2.33345,1
59,0,0,0,0,0
60,6.667,3.333,0,2.33345,0
61,6.667,3.333,0,2.33345,0
62,6.667,3.333,0,2.33345,0
63,0,0,0,0,0
64,13.33,6.667,0,4.6655,0
65,13.33,6.667,0,4.6655,0
66,25,11.67,0,8.75,1
67,46.67,33.33,0,16.3345,3
68,25,11.67,0,8.75,0
122,0,0,0,0,0
125,0,0,0,0,0
