hour,t(sec),kWh,State,kWOut,kWIn,kvarOut,DCkW,kWTotalLosses,kWInvLosses,kWIdlingLosses,kWChDchLosses,"kWh Chng",InvEff,InverterON,Vref,"Vavg (DRC)","VV Oper","VW Oper","DRC Oper","VV_DRC Oper","WP Oper","WV Oper",kWDesired,"kW VW Limit","Limit kWOut Function","kVA Exceeded","Grid voltage",di/dt,it,"it History","Rated VDC","Avg duty cycle","Target (Amps)","Series L","Max. Amps (phase)"
1, 0.00000, 11.6637, 1, 2.87987, 0, 3.09463, 2.87987, 0.151572, 0, 0, 0.151572, -6.99825, 1, 1, 9999, 9999, 9999, 9999, 9999, 9999, 9999, 9999, 2.87987, 9999, 4.6655, 0, 0, 0, 0, 0, 8000, 0, 0, 0, 0
1, 0.00000, 8.63231, 1, 2.87987, 0, 3.09455, 2.87987, 0.151572, 0, 0, 0.151572, -3.03144, 1, 1, 9999, 9999, 9999, 9999, 9999, 9999, 9999, 9999, 2.87987, 9999, 4.6655, 0, 0, 0, 0, 0, 8000, 0, 0, 0, 0
2, 0.00000, 5.60087, 1, 2.88202, 0, 3.09471, 2.88202, 0.151685, 0, 0, 0.151685, -3.03144, 1, 1, 9999, 9999, 9999, 9999, 9999, 9999, 9999, 9999, 2.88202, 9999, 4.6655, 0, 0, 0, 0, 0, 8000, 0, 0, 0, 0
