hour,t(sec),kWh,State,kWOut,kWIn,kvarOut,DCkW,kWTotalLosses,kWInvLosses,kWIdlingLosses,kWChDchLosses,"kWh Chng",InvEff,InverterON,Vref,"Vavg (DRC)","VV Oper","VW Oper","DRC Oper","VV_DRC Oper","WP Oper","WV Oper",kWDesired,"kW VW Limit","Limit kWOut Function","kVA Exceeded","Grid voltage",di/dt,it,"it History","Rated VDC","Avg duty cycle","Target (Amps)","Series L","Max. Amps (phase)"
1, 0.00000, 5.83362, 1, 1.4516, 0, 1.54776, 1.4516, 0.0763998, 0, 0, 0.0763998, -3.50017, 1, 1, 9999, 9999, 9999, 9999, 9999, 9999, 9999, 9999, 1.4516, 9999, 2.3335, 0, 0, 0, 0, 0, 8000, 0, 0, 0, 0
1, 0.00000, 4.30563, 1, 1.4516, 0, 1.54772, 1.4516, 0.0763999, 0, 0, 0.0763999, -1.528, 1, 1, 9999, 9999, 9999, 9999, 9999, 9999, 9999, 9999, 1.4516, 9999, 2.3335, 0, 0, 0, 0, 0, 8000, 0, 0, 0, 0
2, 0.00000, 2.80014, 0, 0, 3.76285E-6, 1.5478, -3.76285E-6, 3.76285E-6, 0, 3.76285E-6, 0, -1.50549, 1, 1, 9999, 9999, 9999, 9999, 9999, 9999, 9999, 9999, 1.43027, 9999, 2.3335, 0, 0, 0, 0, 0, 8000, 0, 0, 0, 0
