hour,t(sec),kWh,State,kWOut,kWIn,kvarOut,DCkW,kWTotalLosses,kWInvLosses,kWIdlingLosses,kWChDchLosses,"kWh Chng",InvEff,InverterON,Vref,"Vavg (DRC)","VV Oper","VW Oper","DRC Oper","VV_DRC Oper","WP Oper","WV Oper",kWDesired,"kW VW Limit","Limit kWOut Function","kVA Exceeded","Grid voltage",di/dt,it,"it History","Rated VDC","Avg duty cycle","Target (Amps)","Series L","Max. Amps (phase)"
1, 0.00000, 5.83362, 1, 1.4463, 0, 1.54774, 1.4463, 0.0761211, 0, 0, 0.0761211, -3.50017, 1, 1, 9999, 9999, 9999, 9999, 9999, 9999, 9999, 9999, 1.4463, 9999, 2.3335, 0, 0, 0, 0, 0, 8000, 0, 0, 0, 0
1, 0.00000, 4.3112, 1, 1.44632, 0, 1.54767, 1.44632, 0.0761219, 0, 0, 0.0761219, -1.52242, 1, 1, 9999, 9999, 9999, 9999, 9999, 9999, 9999, 9999, 1.4463, 9999, 2.3335, 0, 0, 0, 0, 0, 8000, 0, 0, 0, 0
2, 0.00000, 2.80014, 0, 0, 7.62454E-6, 1.54781, -7.62454E-6, 7.62454E-6, 0, 7.62454E-6, 0, -1.51106, 1, 1, 9999, 9999, 9999, 9999, 9999, 9999, 9999, 9999, 1.43557, 9999, 2.3335, 0, 0, 0, 0, 0, 8000, 0, 0, 0, 0
