hour,t(sec),kWh,State,kWOut,kWIn,kvarOut,DCkW,kWTotalLosses,kWInvLosses,kWIdlingLosses,kWChDchLosses,"kWh Chng",InvEff,InverterON,Vref,"Vavg (DRC)","VV Oper","VW Oper","DRC Oper","VV_DRC Oper","WP Oper","WV Oper",kWDesired,"kW VW Limit","Limit kWOut Function","kVA Exceeded","Grid voltage",di/dt,it,"it History","Rated VDC","Avg duty cycle","Target (Amps)","Series L","Max. Amps (phase)"
1, 0.00000, 5.83362, 1, 1.46933, 0, 1.54778, 1.46933, 0.0773333, 0, 0, 0.0773333, -3.50017, 1, 1, 9999, 9999, 9999, 9999, 9999, 9999, 9999, 9999, 1.46933, 9999, 2.3335, 0, 0, 0, 0, 0, 8000, 0, 0, 0, 0
1, 0.00000, 4.28696, 1, 1.46934, 0, 1.54777, 1.46934, 0.0773334, 0, 0, 0.0773334, -1.54667, 1, 1, 9999, 9999, 9999, 9999, 9999, 9999, 9999, 9999, 1.46933, 9999, 2.3335, 0, 0, 0, 0, 0, 8000, 0, 0, 0, 0
2, 0.00000, 2.80014, 0, 0, 1.78271E-6, 1.5478, -1.78271E-6, 1.78271E-6, 0, 1.78271E-6, 0, -1.48682, 1, 1, 9999, 9999, 9999, 9999, 9999, 9999, 9999, 9999, 1.41254, 9999, 2.3335, 0, 0, 0, 0, 0, 8000, 0, 0, 0, 0
