hour,t(sec),kWh,State,kWOut,kWIn,kvarOut,DCkW,kWTotalLosses,kWInvLosses,kWIdlingLosses,kWChDchLosses,"kWh Chng",InvEff,InverterON,Vref,"Vavg (DRC)","VV Oper","VW Oper","DRC Oper","VV_DRC Oper","WP Oper","WV Oper",kWDesired,"kW VW Limit","Limit kWOut Function","kVA Exceeded","Grid voltage",di/dt,it,"it History","Rated VDC","Avg duty cycle","Target (Amps)","Series L","Max. Amps (phase)"
1, 0.00000, 11.6637, 1, 2.87287, 0, 3.09463, 2.87287, 0.151204, 0, 0, 0.151204, -6.99825, 1, 1, 9999, 9999, 9999, 9999, 9999, 9999, 9999, 9999, 2.87287, 9999, 4.6655, 0, 0, 0, 0, 0, 8000, 0, 0, 0, 0
1, 0.00000, 8.63968, 1, 2.87287, 0, 3.09455, 2.87287, 0.151204, 0, 0, 0.151204, -3.02407, 1, 1, 9999, 9999, 9999, 9999, 9999, 9999, 9999, 9999, 2.87287, 9999, 4.6655, 0, 0, 0, 0, 0, 8000, 0, 0, 0, 0
2, 0.00000, 5.6156, 1, 2.88902, 0, 3.09471, 2.88902, 0.152053, 0, 0, 0.152053, -3.02407, 1, 1, 9999, 9999, 9999, 9999, 9999, 9999, 9999, 9999, 2.88902, 9999, 4.6655, 0, 0, 0, 0, 0, 8000, 0, 0, 0, 0
