hour,t(sec),kWh,State,kWOut,kWIn,kvarOut,DCkW,kWTotalLosses,kWInvLosses,kWIdlingLosses,kWChDchLosses,"kWh Chng",InvEff,InverterON,Vref,"Vavg (DRC)","VV Oper","VW Oper","DRC Oper","VV_DRC Oper","WP Oper","WV Oper",kWDesired,"kW VW Limit","Limit kWOut Function","kVA Exceeded","Grid voltage",di/dt,it,"it History","Rated VDC","Avg duty cycle","Target (Amps)","Series L","Max. Amps (phase)"
1, 0.00000, 5.83362, 1, 1.44222, 0, 1.54775, 1.44222, 0.0759063, 0, 0, 0.0759063, -3.50017, 1, 1, 9999, 9999, 9999, 9999, 9999, 9999, 9999, 9999, 1.44222, 9999, 2.3335, 0, 0, 0, 0, 0, 8000, 0, 0, 0, 0
1, 0.00000, 4.3155, 1, 1.44224, 0, 1.54768, 1.44224, 0.0759071, 0, 0, 0.0759071, -1.51813, 1, 1, 9999, 9999, 9999, 9999, 9999, 9999, 9999, 9999, 1.44222, 9999, 2.3335, 0, 0, 0, 0, 0, 8000, 0, 0, 0, 0
2, 0.00000, 2.80014, 0, 0, 7.0842E-6, 1.5478, -7.0842E-6, 7.0842E-6, 0, 7.0842E-6, 0, -1.51536, 1, 1, 9999, 9999, 9999, 9999, 9999, 9999, 9999, 9999, 1.43965, 9999, 2.3335, 0, 0, 0, 0, 0, 8000, 0, 0, 0, 0
