hour,t(sec),kWh,State,kWOut,kWIn,kvarOut,DCkW,kWTotalLosses,kWInvLosses,kWIdlingLosses,kWChDchLosses,"kWh Chng",InvEff,InverterON,Vref,"Vavg (DRC)","VV Oper","VW Oper","DRC Oper","VV_DRC Oper","WP Oper","WV Oper",kWDesired,"kW VW Limit","Limit kWOut Function","kVA Exceeded","Grid voltage",di/dt,it,"it History","Rated VDC","Avg duty cycle","Target (Amps)","Series L","Max. Amps (phase)"
1, 0.00000, 5.83362, 1, 1.46002, 0, -1.5478, 1.46002, 0.0768429, 0, 0, 0.0768429, -3.50017, 1, 1, 9999, 9999, 9999, 9999, 9999, 9999, 9999, 9999, 1.46007, 9999, 2.3335, 0, 0, 0, 0, 0, 8000, 0, 0, 0, 0
1, 0.00000, 4.29677, 1, 1.45995, 0, -1.54782, 1.45995, 0.0768395, 0, 0, 0.0768395, -1.53686, 1, 1, 9999, 9999, 9999, 9999, 9999, 9999, 9999, 9999, 1.46007, 9999, 2.3335, 0, 0, 0, 0, 0, 8000, 0, 0, 0, 0
2, 0.00000, 2.80014, 0, 0, 7.91496E-6, -1.5478, -7.91496E-6, 7.91496E-6, 0, 7.91496E-6, 0, -1.49663, 1, 1, 9999, 9999, 9999, 9999, 9999, 9999, 9999, 9999, 1.4218, 9999, 2.3335, 0, 0, 0, 0, 0, 8000, 0, 0, 0, 0
