hour,t(sec),kWh,State,kWOut,kWIn,kvarOut,DCkW,kWTotalLosses,kWInvLosses,kWIdlingLosses,kWChDchLosses,"kWh Chng",InvEff,InverterON,Vref,"Vavg (DRC)","VV Oper","VW Oper","DRC Oper","VV_DRC Oper","WP Oper","WV Oper",kWDesired,"kW VW Limit","Limit kWOut Function","kVA Exceeded","Grid voltage",di/dt,it,"it History","Rated VDC","Avg duty cycle","Target (Amps)","Series L","Max. Amps (phase)"
1, 0.00000, 5.83362, 1, 1.42427, 0, 1.54774, 1.42427, 0.0749618, 0, 0, 0.0749618, -3.50017, 1, 1, 9999, 9999, 9999, 9999, 9999, 9999, 9999, 9999, 1.42428, 9999, 2.3335, 0, 0, 0, 0, 0, 8000, 0, 0, 0, 0
1, 0.00000, 4.33439, 1, 1.42429, 0, 1.54768, 1.42429, 0.0749626, 0, 0, 0.0749626, -1.49924, 1, 1, 9999, 9999, 9999, 9999, 9999, 9999, 9999, 9999, 1.42428, 9999, 2.3335, 0, 0, 0, 0, 0, 8000, 0, 0, 0, 0
2, 0.00000, 2.83514, 1, 1.45759, 0, 1.54781, 1.45759, 0.0767155, 0, 0, 0.0767155, -1.49925, 1, 1, 9999, 9999, 9999, 9999, 9999, 9999, 9999, 9999, 1.4576, 9999, 2.3335, 0, 0, 0, 0, 0, 8000, 0, 0, 0, 0
