hour,t(sec),kWh,State,kWOut,kWIn,kvarOut,DCkW,kWTotalLosses,kWInvLosses,kWIdlingLosses,kWChDchLosses,"kWh Chng",InvEff,InverterON,Vref,"Vavg (DRC)","VV Oper","VW Oper","DRC Oper","VV_DRC Oper","WP Oper","WV Oper",kWDesired,"kW VW Limit","Limit kWOut Function","kVA Exceeded","Grid voltage",di/dt,it,"it History","Rated VDC","Avg duty cycle","Target (Amps)","Series L","Max. Amps (phase)"
1, 0.00000, 11.6637, 1, 2.8844, 0, 3.09459, 2.8844, 0.15181, 0, 0, 0.15181, -6.99825, 1, 1, 9999, 9999, 9999, 9999, 9999, 9999, 9999, 9999, 2.8844, 9999, 4.6655, 0, 0, 0, 0, 0, 8000, 0, 0, 0, 0
1, 0.00000, 8.62754, 1, 2.88443, 0, 3.09446, 2.88443, 0.151812, 0, 0, 0.151812, -3.03621, 1, 1, 9999, 9999, 9999, 9999, 9999, 9999, 9999, 9999, 2.8844, 9999, 4.6655, 0, 0, 0, 0, 0, 8000, 0, 0, 0, 0
2, 0.00000, 5.5986, 0, 0, 0.0000147603, 3.09471, -0.0000147603, 0.0000147603, 0, 0.0000147603, 0, -3.02894, 1, 1, 9999, 9999, 9999, 9999, 9999, 9999, 9999, 9999, 2.87749, 9999, 4.6655, 0, 0, 0, 0, 0, 8000, 0, 0, 0, 0
