hour,t(sec),kWh,State,kWOut,kWIn,kvarOut,DCkW,kWTotalLosses,kWInvLosses,kWIdlingLosses,kWChDchLosses,"kWh Chng",InvEff,InverterON,Vref,"Vavg (DRC)","VV Oper","VW Oper","DRC Oper","VV_DRC Oper","WP Oper","WV Oper",kWDesired,"kW VW Limit","Limit kWOut Function","kVA Exceeded","Grid voltage",di/dt,it,"it History","Rated VDC","Avg duty cycle","Target (Amps)","Series L","Max. Amps (phase)"
1, 0.00000, 11.6637, 1, 1.4652, 0, 3.09469, 1.4652, 0.077116, 0, 0, 0.077116, -6.99825, 1, 1, 9999, 9999, 9999, 9999, 9999, 9999, 9999, 9999, 1.4652, 9999, 4.6655, 0, 0, 0, 0, 0, 8000, 0, 0, 0, 0
1, 0.00000, 10.1214, 1, 1.46521, 0, 3.09467, 1.46521, 0.0771163, 0, 0, 0.0771163, -1.54232, 1, 1, 9999, 9999, 9999, 9999, 9999, 9999, 9999, 9999, 1.4652, 9999, 4.6655, 0, 0, 0, 0, 0, 8000, 0, 0, 0, 0
2, 0.00000, 8.5791, 1, 1.46921, 0, 3.0947, 1.46921, 0.0773269, 0, 0, 0.0773269, -1.54233, 1, 1, 9999, 9999, 9999, 9999, 9999, 9999, 9999, 9999, 1.46921, 9999, 4.6655, 0, 0, 0, 0, 0, 8000, 0, 0, 0, 0
