hour,t(sec),kWh,State,kWOut,kWIn,kvarOut,DCkW,kWTotalLosses,kWInvLosses,kWIdlingLosses,kWChDchLosses,"kWh Chng",InvEff,InverterON,Vref,"Vavg (DRC)","VV Oper","VW Oper","DRC Oper","VV_DRC Oper","WP Oper","WV Oper",kWDesired,"kW VW Limit","Limit kWOut Function","kVA Exceeded","Grid voltage",di/dt,it,"it History","Rated VDC","Avg duty cycle","Target (Amps)","Series L","Max. Amps (phase)"
1, 0.00000, 40.8363, 1, 7.9701, 0, 10.8348, 7.9701, 0.419479, 0, 0, 0.419479, -24.5018, 1, 1, 9999, 9999, 9999, 9999, 9999, 9999, 9999, 9999, 7.97009, 9999, 16.3345, 0, 0, 0, 0, 0, 8000, 0, 0, 0, 0
1, 0.00000, 32.4467, 1, 7.97021, 0, 10.8344, 7.97021, 0.419485, 0, 0, 0.419485, -8.38958, 1, 1, 9999, 9999, 9999, 9999, 9999, 9999, 9999, 9999, 7.97009, 9999, 16.3345, 0, 0, 0, 0, 0, 8000, 0, 0, 0, 0
2, 0.00000, 24.057, 1, 7.9833, 0, 10.8352, 7.9833, 0.420174, 0, 0, 0.420174, -8.38969, 1, 1, 9999, 9999, 9999, 9999, 9999, 9999, 9999, 9999, 7.98332, 9999, 16.3345, 0, 0, 0, 0, 0, 8000, 0, 0, 0, 0
