hour,t(sec),kWh,State,kWOut,kWIn,kvarOut,DCkW,kWTotalLosses,kWInvLosses,kWIdlingLosses,kWChDchLosses,"kWh Chng",InvEff,InverterON,Vref,"Vavg (DRC)","VV Oper","VW Oper","DRC Oper","VV_DRC Oper","WP Oper","WV Oper",kWDesired,"kW VW Limit","Limit kWOut Function","kVA Exceeded","Grid voltage",di/dt,it,"it History","Rated VDC","Avg duty cycle","Target (Amps)","Series L","Max. Amps (phase)"
1, 0.00000, 21.875, 1, 5.3941, 0, 5.8039, 5.3941, 0.2839, 0, 0, 0.2839, -13.125, 1, 1, 9999, 9999, 9999, 9999, 9999, 9999, 9999, 9999, 5.39411, 9999, 8.75, 0, 0, 0, 0, 0, 8000, 0, 0, 0, 0
1, 0.00000, 16.197, 1, 5.39414, 0, 5.80368, 5.39414, 0.283902, 0, 0, 0.283902, -5.678, 1, 1, 9999, 9999, 9999, 9999, 9999, 9999, 9999, 9999, 5.39411, 9999, 8.75, 0, 0, 0, 0, 0, 8000, 0, 0, 0, 0
2, 0.00000, 10.519, 0, 0, 0.000111203, 5.80419, -0.000111203, 0.000111203, 0, 0.000111203, 0, -5.67804, 1, 1, 9999, 9999, 9999, 9999, 9999, 9999, 9999, 9999, 0, 9999, 8.75, 0, 0, 0, 0, 0, 8000, 0, 0, 0, 0
