hour,t(sec),kWh,State,kWOut,kWIn,kvarOut,DCkW,kWTotalLosses,kWInvLosses,kWIdlingLosses,kWChDchLosses,"kWh Chng",InvEff,InverterON,Vref,"Vavg (DRC)","VV Oper","VW Oper","DRC Oper","VV_DRC Oper","WP Oper","WV Oper",kWDesired,"kW VW Limit","Limit kWOut Function","kVA Exceeded","Grid voltage",di/dt,it,"it History","Rated VDC","Avg duty cycle","Target (Amps)","Series L","Max. Amps (phase)"
1, 0.00000, 11.6637, 1, 2.88006, 0, 3.09459, 2.88006, 0.151582, 0, 0, 0.151582, -6.99825, 1, 1, 9999, 9999, 9999, 9999, 9999, 9999, 9999, 9999, 2.88006, 9999, 4.6655, 0, 0, 0, 0, 0, 8000, 0, 0, 0, 0
1, 0.00000, 8.63211, 1, 2.88009, 0, 3.09447, 2.88009, 0.151584, 0, 0, 0.151584, -3.03164, 1, 1, 9999, 9999, 9999, 9999, 9999, 9999, 9999, 9999, 2.88006, 9999, 4.6655, 0, 0, 0, 0, 0, 8000, 0, 0, 0, 0
2, 0.00000, 5.60043, 1, 2.88183, 0, 3.09472, 2.88183, 0.151675, 0, 0, 0.151675, -3.03168, 1, 1, 9999, 9999, 9999, 9999, 9999, 9999, 9999, 9999, 2.88183, 9999, 4.6655, 0, 0, 0, 0, 0, 8000, 0, 0, 0, 0
