hour,t(sec),kWh,State,kWOut,kWIn,kvarOut,DCkW,kWTotalLosses,kWInvLosses,kWIdlingLosses,kWChDchLosses,"kWh Chng",InvEff,InverterON,Vref,"Vavg (DRC)","VV Oper","VW Oper","DRC Oper","VV_DRC Oper","WP Oper","WV Oper",kWDesired,"kW VW Limit","Limit kWOut Function","kVA Exceeded","Grid voltage",di/dt,it,"it History","Rated VDC","Avg duty cycle","Target (Amps)","Series L","Max. Amps (phase)"
1, 0.00000, 40.8363, 1, 5.35775, 0, 10.8349, 5.35775, 0.281987, 0, 0, 0.281987, -24.5018, 1, 1, 9999, 9999, 9999, 9999, 9999, 9999, 9999, 9999, 5.35772, 9999, 16.3345, 0, 0, 0, 0, 0, 8000, 0, 0, 0, 0
1, 0.00000, 35.1965, 1, 5.35783, 0, 10.8346, 5.35783, 0.281991, 0, 0, 0.281991, -5.63974, 1, 1, 9999, 9999, 9999, 9999, 9999, 9999, 9999, 9999, 5.35772, 9999, 16.3345, 0, 0, 0, 0, 0, 8000, 0, 0, 0, 0
2, 0.00000, 29.5567, 1, 5.67214, 0, 10.8351, 5.67214, 0.298534, 0, 0, 0.298534, -5.63982, 1, 1, 9999, 9999, 9999, 9999, 9999, 9999, 9999, 9999, 5.67215, 9999, 16.3345, 0, 0, 0, 0, 0, 8000, 0, 0, 0, 0
