hour,t(sec),kWh,State,kWOut,kWIn,kvarOut,DCkW,kWTotalLosses,kWInvLosses,kWIdlingLosses,kWChDchLosses,"kWh Chng",InvEff,InverterON,Vref,"Vavg (DRC)","VV Oper","VW Oper","DRC Oper","VV_DRC Oper","WP Oper","WV Oper",kWDesired,"kW VW Limit","Limit kWOut Function","kVA Exceeded","Grid voltage",di/dt,it,"it History","Rated VDC","Avg duty cycle","Target (Amps)","Series L","Max. Amps (phase)"
1, 0.00000, 11.6637, 1, 1.38528, 0, 3.09469, 1.38528, 0.0729097, 0, 0, 0.0729097, -6.99825, 1, 1, 9999, 9999, 9999, 9999, 9999, 9999, 9999, 9999, 1.38528, 9999, 4.6655, 0, 0, 0, 0, 0, 8000, 0, 0, 0, 0
1, 0.00000, 10.2056, 1, 1.38529, 0, 3.09467, 1.38529, 0.07291, 0, 0, 0.07291, -1.45819, 1, 1, 9999, 9999, 9999, 9999, 9999, 9999, 9999, 9999, 1.38528, 9999, 4.6655, 0, 0, 0, 0, 0, 8000, 0, 0, 0, 0
2, 0.00000, 8.74736, 1, 1.38393, 0, 3.0947, 1.38393, 0.0728382, 0, 0, 0.0728382, -1.4582, 1, 1, 9999, 9999, 9999, 9999, 9999, 9999, 9999, 9999, 1.38393, 9999, 4.6655, 0, 0, 0, 0, 0, 8000, 0, 0, 0, 0
