hour,t(sec),kWh,State,kWOut,kWIn,kvarOut,DCkW,kWTotalLosses,kWInvLosses,kWIdlingLosses,kWChDchLosses,"kWh Chng",InvEff,InverterON,Vref,"Vavg (DRC)","VV Oper","VW Oper","DRC Oper","VV_DRC Oper","WP Oper","WV Oper",kWDesired,"kW VW Limit","Limit kWOut Function","kVA Exceeded","Grid voltage",di/dt,it,"it History","Rated VDC","Avg duty cycle","Target (Amps)","Series L","Max. Amps (phase)"
1, 0.00000, 21.875, 1, 5.39444, 0, 5.8039, 5.39444, 0.283918, 0, 0, 0.283918, -13.125, 1, 1, 9999, 9999, 9999, 9999, 9999, 9999, 9999, 9999, 5.39446, 9999, 8.75, 0, 0, 0, 0, 0, 8000, 0, 0, 0, 0
1, 0.00000, 16.1966, 1, 5.39448, 0, 5.80367, 5.39448, 0.28392, 0, 0, 0.28392, -5.67836, 1, 1, 9999, 9999, 9999, 9999, 9999, 9999, 9999, 9999, 5.39446, 9999, 8.75, 0, 0, 0, 0, 0, 8000, 0, 0, 0, 0
2, 0.00000, 10.5182, 1, 5.41178, 0, 5.80414, 5.41178, 0.284831, 0, 0, 0.284831, -5.6784, 1, 1, 9999, 9999, 9999, 9999, 9999, 9999, 9999, 9999, 5.41179, 9999, 8.75, 0, 0, 0, 0, 0, 8000, 0, 0, 0, 0
