hour,t(sec),kWh,State,kWOut,kWIn,kvarOut,DCkW,kWTotalLosses,kWInvLosses,kWIdlingLosses,kWChDchLosses,"kWh Chng",InvEff,InverterON,Vref,"Vavg (DRC)","VV Oper","VW Oper","DRC Oper","VV_DRC Oper","WP Oper","WV Oper",kWDesired,"kW VW Limit","Limit kWOut Function","kVA Exceeded","Grid voltage",di/dt,it,"it History","Rated VDC","Avg duty cycle","Target (Amps)","Series L","Max. Amps (phase)"
1, 0.00000, 5.83362, 1, 1.51411, 0, 1.54776, 1.51411, 0.0796899, 0, 0, 0.0796899, -3.50017, 1, 1, 9999, 9999, 9999, 9999, 9999, 9999, 9999, 9999, 1.51411, 9999, 2.3335, 0, 0, 0, 0, 0, 8000, 0, 0, 0, 0
1, 0.00000, 4.23983, 1, 1.51411, 0, 1.54771, 1.51411, 0.0796898, 0, 0, 0.0796898, -1.5938, 1, 1, 9999, 9999, 9999, 9999, 9999, 9999, 9999, 9999, 1.51411, 9999, 2.3335, 0, 0, 0, 0, 0, 8000, 0, 0, 0, 0
2, 0.00000, 2.80014, 0, 0, 4.12303E-6, 1.5478, -4.12303E-6, 4.12303E-6, 0, 4.12303E-6, 0, -1.43969, 1, 1, 9999, 9999, 9999, 9999, 9999, 9999, 9999, 9999, 1.36776, 9999, 2.3335, 0, 0, 0, 0, 0, 8000, 0, 0, 0, 0
