hour,t(sec),kWh,State,kWOut,kWIn,kvarOut,DCkW,kWTotalLosses,kWInvLosses,kWIdlingLosses,kWChDchLosses,"kWh Chng",InvEff,InverterON,Vref,"Vavg (DRC)","VV Oper","VW Oper","DRC Oper","VV_DRC Oper","WP Oper","WV Oper",kWDesired,"kW VW Limit","Limit kWOut Function","kVA Exceeded","Grid voltage",di/dt,it,"it History","Rated VDC","Avg duty cycle","Target (Amps)","Series L","Max. Amps (phase)"
1, 0.00000, 11.6637, 1, 2.81927, 0, 3.09463, 2.81927, 0.148382, 0, 0, 0.148382, -6.99825, 1, 1, 9999, 9999, 9999, 9999, 9999, 9999, 9999, 9999, 2.81927, 9999, 4.6655, 0, 0, 0, 0, 0, 8000, 0, 0, 0, 0
1, 0.00000, 8.6961, 1, 2.81928, 0, 3.09455, 2.81928, 0.148383, 0, 0, 0.148383, -2.96765, 1, 1, 9999, 9999, 9999, 9999, 9999, 9999, 9999, 9999, 2.81927, 9999, 4.6655, 0, 0, 0, 0, 0, 8000, 0, 0, 0, 0
2, 0.00000, 5.72844, 1, 2.94262, 0, 3.09471, 2.94262, 0.154875, 0, 0, 0.154875, -2.96766, 1, 1, 9999, 9999, 9999, 9999, 9999, 9999, 9999, 9999, 2.94262, 9999, 4.6655, 0, 0, 0, 0, 0, 8000, 0, 0, 0, 0
