hour,t(sec),kWh,State,kWOut,kWIn,kvarOut,DCkW,kWTotalLosses,kWInvLosses,kWIdlingLosses,kWChDchLosses,"kWh Chng",InvEff,InverterON,Vref,"Vavg (DRC)","VV Oper","VW Oper","DRC Oper","VV_DRC Oper","WP Oper","WV Oper",kWDesired,"kW VW Limit","Limit kWOut Function","kVA Exceeded","Grid voltage",di/dt,it,"it History","Rated VDC","Avg duty cycle","Target (Amps)","Series L","Max. Amps (phase)"
1, 0.00000, 11.6637, 1, 2.88103, 0, 3.09463, 2.88103, 0.151633, 0, 0, 0.151633, -6.99825, 1, 1, 9999, 9999, 9999, 9999, 9999, 9999, 9999, 9999, 2.88104, 9999, 4.6655, 0, 0, 0, 0, 0, 8000, 0, 0, 0, 0
1, 0.00000, 8.63108, 1, 2.88104, 0, 3.09455, 2.88104, 0.151633, 0, 0, 0.151633, -3.03267, 1, 1, 9999, 9999, 9999, 9999, 9999, 9999, 9999, 9999, 2.88104, 9999, 4.6655, 0, 0, 0, 0, 0, 8000, 0, 0, 0, 0
2, 0.00000, 5.5986, 0, 0, 7.24718E-6, 3.09471, -7.24718E-6, 7.24718E-6, 0, 7.24718E-6, 0, -3.03248, 1, 1, 9999, 9999, 9999, 9999, 9999, 9999, 9999, 9999, 2.88085, 9999, 4.6655, 0, 0, 0, 0, 0, 8000, 0, 0, 0, 0
