hour,t(sec),kWh,State,kWOut,kWIn,kvarOut,DCkW,kWTotalLosses,kWInvLosses,kWIdlingLosses,kWChDchLosses,"kWh Chng",InvEff,InverterON,Vref,"Vavg (DRC)","VV Oper","VW Oper","DRC Oper","VV_DRC Oper","WP Oper","WV Oper",kWDesired,"kW VW Limit","Limit kWOut Function","kVA Exceeded","Grid voltage",di/dt,it,"it History","Rated VDC","Avg duty cycle","Target (Amps)","Series L","Max. Amps (phase)"
1, 0.00000, 11.6637, 1, 2.85509, 0, 3.09462, 2.85509, 0.150268, 0, 0, 0.150268, -6.99825, 1, 1, 9999, 9999, 9999, 9999, 9999, 9999, 9999, 9999, 2.8551, 9999, 4.6655, 0, 0, 0, 0, 0, 8000, 0, 0, 0, 0
1, 0.00000, 8.65839, 1, 2.85509, 0, 3.09453, 2.85509, 0.150268, 0, 0, 0.150268, -3.00536, 1, 1, 9999, 9999, 9999, 9999, 9999, 9999, 9999, 9999, 2.8551, 9999, 4.6655, 0, 0, 0, 0, 0, 8000, 0, 0, 0, 0
2, 0.00000, 5.65303, 1, 2.90679, 0, 3.09472, 2.90679, 0.152989, 0, 0, 0.152989, -3.00536, 1, 1, 9999, 9999, 9999, 9999, 9999, 9999, 9999, 9999, 2.90679, 9999, 4.6655, 0, 0, 0, 0, 0, 8000, 0, 0, 0, 0
