hour,t(sec),kWh,State,kWOut,kWIn,kvarOut,DCkW,kWTotalLosses,kWInvLosses,kWIdlingLosses,kWChDchLosses,"kWh Chng",InvEff,InverterON,Vref,"Vavg (DRC)","VV Oper","VW Oper","DRC Oper","VV_DRC Oper","WP Oper","WV Oper",kWDesired,"kW VW Limit","Limit kWOut Function","kVA Exceeded","Grid voltage",di/dt,it,"it History","Rated VDC","Avg duty cycle","Target (Amps)","Series L","Max. Amps (phase)"
1, 0.00000, 11.6637, 1, 2.87828, 0, 3.09465, 2.87828, 0.151489, 0, 0, 0.151489, -6.99825, 1, 1, 9999, 9999, 9999, 9999, 9999, 9999, 9999, 9999, 2.87829, 9999, 4.6655, 0, 0, 0, 0, 0, 8000, 0, 0, 0, 0
1, 0.00000, 8.63398, 1, 2.87829, 0, 3.09458, 2.87829, 0.151489, 0, 0, 0.151489, -3.02977, 1, 1, 9999, 9999, 9999, 9999, 9999, 9999, 9999, 9999, 2.87829, 9999, 4.6655, 0, 0, 0, 0, 0, 8000, 0, 0, 0, 0
2, 0.00000, 5.6042, 1, 2.8836, 0, 3.09471, 2.8836, 0.151769, 0, 0, 0.151769, -3.02978, 1, 1, 9999, 9999, 9999, 9999, 9999, 9999, 9999, 9999, 2.88361, 9999, 4.6655, 0, 0, 0, 0, 0, 8000, 0, 0, 0, 0
