hour,t(sec),kWh,State,kWOut,kWIn,kvarOut,DCkW,kWTotalLosses,kWInvLosses,kWIdlingLosses,kWChDchLosses,"kWh Chng",InvEff,InverterON,Vref,"Vavg (DRC)","VV Oper","VW Oper","DRC Oper","VV_DRC Oper","WP Oper","WV Oper",kWDesired,"kW VW Limit","Limit kWOut Function","kVA Exceeded","Grid voltage",di/dt,it,"it History","Rated VDC","Avg duty cycle","Target (Amps)","Series L","Max. Amps (phase)"
1, 0.00000, 11.6637, 1, 2.85897, 0, 3.09464, 2.85897, 0.150472, 0, 0, 0.150472, -6.99825, 1, 1, 9999, 9999, 9999, 9999, 9999, 9999, 9999, 9999, 2.85897, 9999, 4.6655, 0, 0, 0, 0, 0, 8000, 0, 0, 0, 0
1, 0.00000, 8.65431, 1, 2.85898, 0, 3.09456, 2.85898, 0.150473, 0, 0, 0.150473, -3.00944, 1, 1, 9999, 9999, 9999, 9999, 9999, 9999, 9999, 9999, 2.85897, 9999, 4.6655, 0, 0, 0, 0, 0, 8000, 0, 0, 0, 0
2, 0.00000, 5.64486, 1, 2.90292, 0, 3.09471, 2.90292, 0.152785, 0, 0, 0.152785, -3.00945, 1, 1, 9999, 9999, 9999, 9999, 9999, 9999, 9999, 9999, 2.90292, 9999, 4.6655, 0, 0, 0, 0, 0, 8000, 0, 0, 0, 0
