hour,t(sec),kWh,State,kWOut,kWIn,kvarOut,DCkW,kWTotalLosses,kWInvLosses,kWIdlingLosses,kWChDchLosses,"kWh Chng",InvEff,InverterON,Vref,"Vavg (DRC)","VV Oper","VW Oper","DRC Oper","VV_DRC Oper","WP Oper","WV Oper",kWDesired,"kW VW Limit","Limit kWOut Function","kVA Exceeded","Grid voltage",di/dt,it,"it History","Rated VDC","Avg duty cycle","Target (Amps)","Series L","Max. Amps (phase)"
1, 0.00000, 11.6637, 1, 2.7865, 0, -3.0947, 2.7865, 0.146658, 0, 0, 0.146658, -6.99825, 1, 1, 9999, 9999, 9999, 9999, 9999, 9999, 9999, 9999, 2.78661, 9999, 4.6655, 0, 0, 0, 0, 0, 8000, 0, 0, 0, 0
1, 0.00000, 8.73059, 1, 2.78638, 0, -3.09475, 2.78638, 0.146652, 0, 0, 0.146652, -2.93316, 1, 1, 9999, 9999, 9999, 9999, 9999, 9999, 9999, 9999, 2.78661, 9999, 4.6655, 0, 0, 0, 0, 0, 8000, 0, 0, 0, 0
2, 0.00000, 5.79755, 1, 2.9753, 0, -3.09469, 2.9753, 0.156595, 0, 0, 0.156595, -2.93303, 1, 1, 9999, 9999, 9999, 9999, 9999, 9999, 9999, 9999, 2.97528, 9999, 4.6655, 0, 0, 0, 0, 0, 8000, 0, 0, 0, 0
