hour,t(sec),kWh,State,kWOut,kWIn,kvarOut,DCkW,kWTotalLosses,kWInvLosses,kWIdlingLosses,kWChDchLosses,"kWh Chng",InvEff,InverterON,Vref,"Vavg (DRC)","VV Oper","VW Oper","DRC Oper","VV_DRC Oper","WP Oper","WV Oper",kWDesired,"kW VW Limit","Limit kWOut Function","kVA Exceeded","Grid voltage",di/dt,it,"it History","Rated VDC","Avg duty cycle","Target (Amps)","Series L","Max. Amps (phase)"
1, 0.00000, 5.83362, 1, 1.43237, 0, 1.54779, 1.43237, 0.075388, 0, 0, 0.075388, -3.50017, 1, 1, 9999, 9999, 9999, 9999, 9999, 9999, 9999, 9999, 1.43237, 9999, 2.3335, 0, 0, 0, 0, 0, 8000, 0, 0, 0, 0
1, 0.00000, 4.32587, 1, 1.43237, 0, 1.54778, 1.43237, 0.075388, 0, 0, 0.075388, -1.50776, 1, 1, 9999, 9999, 9999, 9999, 9999, 9999, 9999, 9999, 1.43237, 9999, 2.3335, 0, 0, 0, 0, 0, 8000, 0, 0, 0, 0
2, 0.00000, 2.8181, 1, 1.4341, 0, 1.5478, 1.4341, 0.0754789, 0, 0, 0.0754789, -1.50776, 1, 1, 9999, 9999, 9999, 9999, 9999, 9999, 9999, 9999, 1.4341, 9999, 2.3335, 0, 0, 0, 0, 0, 8000, 0, 0, 0, 0
