hour,t(sec),kWh,State,kWOut,kWIn,kvarOut,DCkW,kWTotalLosses,kWInvLosses,kWIdlingLosses,kWChDchLosses,"kWh Chng",InvEff,InverterON,Vref,"Vavg (DRC)","VV Oper","VW Oper","DRC Oper","VV_DRC Oper","WP Oper","WV Oper",kWDesired,"kW VW Limit","Limit kWOut Function","kVA Exceeded","Grid voltage",di/dt,it,"it History","Rated VDC","Avg duty cycle","Target (Amps)","Series L","Max. Amps (phase)"
1, 0.00000, 5.83362, 1, 1.46795, 0, 1.54776, 1.46795, 0.0772606, 0, 0, 0.0772606, -3.50017, 1, 1, 9999, 9999, 9999, 9999, 9999, 9999, 9999, 9999, 1.46796, 9999, 2.3335, 0, 0, 0, 0, 0, 8000, 0, 0, 0, 0
1, 0.00000, 4.28841, 1, 1.46795, 0, 1.54771, 1.46795, 0.0772606, 0, 0, 0.0772606, -1.54521, 1, 1, 9999, 9999, 9999, 9999, 9999, 9999, 9999, 9999, 1.46796, 9999, 2.3335, 0, 0, 0, 0, 0, 8000, 0, 0, 0, 0
2, 0.00000, 2.80014, 0, 0, 4.02768E-6, 1.5478, -4.02768E-6, 4.02768E-6, 0, 4.02768E-6, 0, -1.48827, 1, 1, 9999, 9999, 9999, 9999, 9999, 9999, 9999, 9999, 1.41391, 9999, 2.3335, 0, 0, 0, 0, 0, 8000, 0, 0, 0, 0
