hour,t(sec),kWh,State,kWOut,kWIn,kvarOut,DCkW,kWTotalLosses,kWInvLosses,kWIdlingLosses,kWChDchLosses,"kWh Chng",InvEff,InverterON,Vref,"Vavg (DRC)","VV Oper","VW Oper","DRC Oper","VV_DRC Oper","WP Oper","WV Oper",kWDesired,"kW VW Limit","Limit kWOut Function","kVA Exceeded","Grid voltage",di/dt,it,"it History","Rated VDC","Avg duty cycle","Target (Amps)","Series L","Max. Amps (phase)"
1, 0.00000, 5.83362, 1, 1.60205, 0, -1.5478, 1.60205, 0.0843186, 0, 0, 0.0843186, -3.50017, 1, 1, 9999, 9999, 9999, 9999, 9999, 9999, 9999, 9999, 1.60211, 9999, 2.3335, 0, 0, 0, 0, 0, 8000, 0, 0, 0, 0
1, 0.00000, 4.14725, 1, 1.60199, 0, -1.54783, 1.60199, 0.0843152, 0, 0, 0.0843152, -1.68637, 1, 1, 9999, 9999, 9999, 9999, 9999, 9999, 9999, 9999, 1.60211, 9999, 2.3335, 0, 0, 0, 0, 0, 8000, 0, 0, 0, 0
2, 0.00000, 2.80014, 0, 0, 0.0000335186, -1.54782, -0.0000335186, 0.0000335186, 0, 0.0000335186, 0, -1.34711, 1, 1, 9999, 9999, 9999, 9999, 9999, 9999, 9999, 9999, 0, 9999, 2.3335, 0, 0, 0, 0, 0, 8000, 0, 0, 0, 0
