hour,t(sec),kWh,State,kWOut,kWIn,kvarOut,DCkW,kWTotalLosses,kWInvLosses,kWIdlingLosses,kWChDchLosses,"kWh Chng",InvEff,InverterON,Vref,"Vavg (DRC)","VV Oper","VW Oper","DRC Oper","VV_DRC Oper","WP Oper","WV Oper",kWDesired,"kW VW Limit","Limit kWOut Function","kVA Exceeded","Grid voltage",di/dt,it,"it History","Rated VDC","Avg duty cycle","Target (Amps)","Series L","Max. Amps (phase)"
1, 0.00000, 11.6637, 1, 3.07389, 0, -3.0947, 3.07389, 0.161784, 0, 0, 0.161784, -6.99825, 1, 1, 9999, 9999, 9999, 9999, 9999, 9999, 9999, 9999, 3.074, 9999, 4.6655, 0, 0, 0, 0, 0, 8000, 0, 0, 0, 0
1, 0.00000, 8.42807, 1, 3.07376, 0, -3.09474, 3.07376, 0.161777, 0, 0, 0.161777, -3.23568, 1, 1, 9999, 9999, 9999, 9999, 9999, 9999, 9999, 9999, 3.074, 9999, 4.6655, 0, 0, 0, 0, 0, 8000, 0, 0, 0, 0
2, 0.00000, 5.5986, 0, 0, 0.0000151528, -3.09471, -0.0000151528, 0.0000151528, 0, 0.0000151528, 0, -2.82947, 1, 1, 9999, 9999, 9999, 9999, 9999, 9999, 9999, 9999, 2.68789, 9999, 4.6655, 0, 0, 0, 0, 0, 8000, 0, 0, 0, 0
