hour,t(sec),kWh,State,kWOut,kWIn,kvarOut,DCkW,kWTotalLosses,kWInvLosses,kWIdlingLosses,kWChDchLosses,"kWh Chng",InvEff,InverterON,Vref,"Vavg (DRC)","VV Oper","VW Oper","DRC Oper","VV_DRC Oper","WP Oper","WV Oper",kWDesired,"kW VW Limit","Limit kWOut Function","kVA Exceeded","Grid voltage",di/dt,it,"it History","Rated VDC","Avg duty cycle","Target (Amps)","Series L","Max. Amps (phase)"
1, 0.00000, 11.6637, 1, 2.88374, 0, 3.09463, 2.88374, 0.151776, 0, 0, 0.151776, -6.99825, 1, 1, 9999, 9999, 9999, 9999, 9999, 9999, 9999, 9999, 2.88375, 9999, 4.6655, 0, 0, 0, 0, 0, 8000, 0, 0, 0, 0
1, 0.00000, 8.62824, 1, 2.88374, 0, 3.09455, 2.88374, 0.151776, 0, 0, 0.151776, -3.03551, 1, 1, 9999, 9999, 9999, 9999, 9999, 9999, 9999, 9999, 2.88375, 9999, 4.6655, 0, 0, 0, 0, 0, 8000, 0, 0, 0, 0
2, 0.00000, 5.5986, 0, 0, 7.52295E-6, 3.09471, -7.52295E-6, 7.52295E-6, 0, 7.52295E-6, 0, -3.02964, 1, 1, 9999, 9999, 9999, 9999, 9999, 9999, 9999, 9999, 2.87815, 9999, 4.6655, 0, 0, 0, 0, 0, 8000, 0, 0, 0, 0
