hour,t(sec),kWh,State,kWOut,kWIn,kvarOut,DCkW,kWTotalLosses,kWInvLosses,kWIdlingLosses,kWChDchLosses,"kWh Chng",InvEff,InverterON,Vref,"Vavg (DRC)","VV Oper","VW Oper","DRC Oper","VV_DRC Oper","WP Oper","WV Oper",kWDesired,"kW VW Limit","Limit kWOut Function","kVA Exceeded","Grid voltage",di/dt,it,"it History","Rated VDC","Avg duty cycle","Target (Amps)","Series L","Max. Amps (phase)"
1, 0.00000, 5.83362, 1, 1.44548, 0, 1.54778, 1.44548, 0.0760781, 0, 0, 0.0760781, -3.50017, 1, 1, 9999, 9999, 9999, 9999, 9999, 9999, 9999, 9999, 1.44549, 9999, 2.3335, 0, 0, 0, 0, 0, 8000, 0, 0, 0, 0
1, 0.00000, 4.31206, 1, 1.44549, 0, 1.54776, 1.44549, 0.0760783, 0, 0, 0.0760783, -1.52156, 1, 1, 9999, 9999, 9999, 9999, 9999, 9999, 9999, 9999, 1.44549, 9999, 2.3335, 0, 0, 0, 0, 0, 8000, 0, 0, 0, 0
2, 0.00000, 2.80014, 0, 0, 0.0000111333, 1.54781, -0.0000111333, 0.0000111333, 0, 0.0000111333, 0, -1.51192, 1, 1, 9999, 9999, 9999, 9999, 9999, 9999, 9999, 9999, 0, 9999, 2.3335, 0, 0, 0, 0, 0, 8000, 0, 0, 0, 0
