hour,t(sec),kWh,State,kWOut,kWIn,kvarOut,DCkW,kWTotalLosses,kWInvLosses,kWIdlingLosses,kWChDchLosses,"kWh Chng",InvEff,InverterON,Vref,"Vavg (DRC)","VV Oper","VW Oper","DRC Oper","VV_DRC Oper","WP Oper","WV Oper",kWDesired,"kW VW Limit","Limit kWOut Function","kVA Exceeded","Grid voltage",di/dt,it,"it History","Rated VDC","Avg duty cycle","Target (Amps)","Series L","Max. Amps (phase)"
1, 0.00000, 61.25, 1, 5.52852, 0, 16.2512, 5.52852, 0.290975, 0, 0, 0.290975, -36.75, 1, 1, 9999, 9999, 9999, 9999, 9999, 9999, 9999, 9999, 5.52843, 9999, 24.5, 0, 0, 0, 0, 0, 8000, 0, 0, 0, 0
1, 0.00000, 55.4305, 1, 5.52868, 0, 16.2508, 5.52868, 0.290983, 0, 0, 0.290983, -5.8195, 1, 1, 9999, 9999, 9999, 9999, 9999, 9999, 9999, 9999, 5.52843, 9999, 24.5, 0, 0, 0, 0, 0, 8000, 0, 0, 0, 0
2, 0.00000, 49.6108, 0, 0, 0.000226517, 16.2517, -0.000226517, 0.000226517, 0, 0.000226517, 0, -5.81966, 1, 1, 9999, 9999, 9999, 9999, 9999, 9999, 9999, 9999, 0, 9999, 24.5, 0, 0, 0, 0, 0, 8000, 0, 0, 0, 0
