hour,t(sec),kWh,State,kWOut,kWIn,kvarOut,DCkW,kWTotalLosses,kWInvLosses,kWIdlingLosses,kWChDchLosses,"kWh Chng",InvEff,InverterON,Vref,"Vavg (DRC)","VV Oper","VW Oper","DRC Oper","VV_DRC Oper","WP Oper","WV Oper",kWDesired,"kW VW Limit","Limit kWOut Function","kVA Exceeded","Grid voltage",di/dt,it,"it History","Rated VDC","Avg duty cycle","Target (Amps)","Series L","Max. Amps (phase)"
1, 0.00000, 5.83362, 1, 1.43753, 0, 1.54774, 1.43753, 0.0756594, 0, 0, 0.0756594, -3.50017, 1, 1, 9999, 9999, 9999, 9999, 9999, 9999, 9999, 9999, 1.43753, 9999, 2.3335, 0, 0, 0, 0, 0, 8000, 0, 0, 0, 0
1, 0.00000, 4.32044, 1, 1.43755, 0, 1.54768, 1.43755, 0.0756603, 0, 0, 0.0756603, -1.51319, 1, 1, 9999, 9999, 9999, 9999, 9999, 9999, 9999, 9999, 1.43753, 9999, 2.3335, 0, 0, 0, 0, 0, 8000, 0, 0, 0, 0
2, 0.00000, 2.80723, 1, 1.44434, 0, 1.54781, 1.44434, 0.0760179, 0, 0, 0.0760179, -1.51321, 1, 1, 9999, 9999, 9999, 9999, 9999, 9999, 9999, 9999, 1.44434, 9999, 2.3335, 0, 0, 0, 0, 0, 8000, 0, 0, 0, 0
