hour,t(sec),kWh,State,kWOut,kWIn,kvarOut,DCkW,kWTotalLosses,kWInvLosses,kWIdlingLosses,kWChDchLosses,"kWh Chng",InvEff,InverterON,Vref,"Vavg (DRC)","VV Oper","VW Oper","DRC Oper","VV_DRC Oper","WP Oper","WV Oper",kWDesired,"kW VW Limit","Limit kWOut Function","kVA Exceeded","Grid voltage",di/dt,it,"it History","Rated VDC","Avg duty cycle","Target (Amps)","Series L","Max. Amps (phase)"
1, 0.00000, 30.625, 1, 5.36489, 0, 8.1255, 5.36489, 0.282363, 0, 0, 0.282363, -18.375, 1, 1, 9999, 9999, 9999, 9999, 9999, 9999, 9999, 9999, 5.36489, 9999, 12.25, 0, 0, 0, 0, 0, 8000, 0, 0, 0, 0
1, 0.00000, 24.9777, 1, 5.36493, 0, 8.12529, 5.36493, 0.282365, 0, 0, 0.282365, -5.64726, 1, 1, 9999, 9999, 9999, 9999, 9999, 9999, 9999, 9999, 5.36489, 9999, 12.25, 0, 0, 0, 0, 0, 8000, 0, 0, 0, 0
2, 0.00000, 19.3304, 0, 0, 0.000112539, 8.1258, -0.000112539, 0.000112539, 0, 0.000112539, 0, -5.64729, 1, 1, 9999, 9999, 9999, 9999, 9999, 9999, 9999, 9999, 0, 9999, 12.25, 0, 0, 0, 0, 0, 8000, 0, 0, 0, 0
