hour,t(sec),kWh,State,kWOut,kWIn,kvarOut,DCkW,kWTotalLosses,kWInvLosses,kWIdlingLosses,kWChDchLosses,"kWh Chng",InvEff,InverterON,Vref,"Vavg (DRC)","VV Oper","VW Oper","DRC Oper","VV_DRC Oper","WP Oper","WV Oper",kWDesired,"kW VW Limit","Limit kWOut Function","kVA Exceeded","Grid voltage",di/dt,it,"it History","Rated VDC","Avg duty cycle","Target (Amps)","Series L","Max. Amps (phase)"
1, 0.00000, 11.6637, 1, 1.22572, 0, 3.09469, 1.22572, 0.0645118, 0, 0, 0.0645118, -6.99825, 1, 1, 9999, 9999, 9999, 9999, 9999, 9999, 9999, 9999, 1.22572, 9999, 4.6655, 0, 0, 0, 0, 0, 8000, 0, 0, 0, 0
1, 0.00000, 10.3735, 1, 1.22573, 0, 3.09467, 1.22573, 0.0645122, 0, 0, 0.0645122, -1.29024, 1, 1, 9999, 9999, 9999, 9999, 9999, 9999, 9999, 9999, 1.22572, 9999, 4.6655, 0, 0, 0, 0, 0, 8000, 0, 0, 0, 0
2, 0.00000, 9.08327, 1, 1.30312, 0, 3.0947, 1.30312, 0.0685852, 0, 0, 0.0685852, -1.29024, 1, 1, 9999, 9999, 9999, 9999, 9999, 9999, 9999, 9999, 1.30312, 9999, 4.6655, 0, 0, 0, 0, 0, 8000, 0, 0, 0, 0
