hour,t(sec),kWh,State,kWOut,kWIn,kvarOut,DCkW,kWTotalLosses,kWInvLosses,kWIdlingLosses,kWChDchLosses,"kWh Chng",InvEff,InverterON,Vref,"Vavg (DRC)","VV Oper","VW Oper","DRC Oper","VV_DRC Oper","WP Oper","WV Oper",kWDesired,"kW VW Limit","Limit kWOut Function","kVA Exceeded","Grid voltage",di/dt,it,"it History","Rated VDC","Avg duty cycle","Target (Amps)","Series L","Max. Amps (phase)"
1, 0.00000, 11.6637, 1, 2.93594, 0, 3.09461, 2.93594, 0.154523, 0, 0, 0.154523, -6.99825, 1, 1, 9999, 9999, 9999, 9999, 9999, 9999, 9999, 9999, 2.93595, 9999, 4.6655, 0, 0, 0, 0, 0, 8000, 0, 0, 0, 0
1, 0.00000, 8.57329, 1, 2.93594, 0, 3.09452, 2.93594, 0.154523, 0, 0, 0.154523, -3.09046, 1, 1, 9999, 9999, 9999, 9999, 9999, 9999, 9999, 9999, 2.93595, 9999, 4.6655, 0, 0, 0, 0, 0, 8000, 0, 0, 0, 0
2, 0.00000, 5.5986, 0, 0, 8.23557E-6, 3.09471, -8.23557E-6, 8.23557E-6, 0, 8.23557E-6, 0, -2.97469, 1, 1, 9999, 9999, 9999, 9999, 9999, 9999, 9999, 9999, 2.82594, 9999, 4.6655, 0, 0, 0, 0, 0, 8000, 0, 0, 0, 0
