hour,t(sec),kWh,State,kWOut,kWIn,kvarOut,DCkW,kWTotalLosses,kWInvLosses,kWIdlingLosses,kWChDchLosses,"kWh Chng",InvEff,InverterON,Vref,"Vavg (DRC)","VV Oper","VW Oper","DRC Oper","VV_DRC Oper","WP Oper","WV Oper",kWDesired,"kW VW Limit","Limit kWOut Function","kVA Exceeded","Grid voltage",di/dt,it,"it History","Rated VDC","Avg duty cycle","Target (Amps)","Series L","Max. Amps (phase)"
1, 0.00000, 5.83362, 1, 1.28431, 0, 1.54779, 1.28431, 0.0675953, 0, 0, 0.0675953, -3.50017, 1, 1, 9999, 9999, 9999, 9999, 9999, 9999, 9999, 9999, 1.28431, 9999, 2.3335, 0, 0, 0, 0, 0, 8000, 0, 0, 0, 0
1, 0.00000, 4.48172, 1, 1.28431, 0, 1.54778, 1.28431, 0.0675954, 0, 0, 0.0675954, -1.35191, 1, 1, 9999, 9999, 9999, 9999, 9999, 9999, 9999, 9999, 1.28431, 9999, 2.3335, 0, 0, 0, 0, 0, 8000, 0, 0, 0, 0
2, 0.00000, 3.12981, 1, 1.27999, 0, 1.5478, 1.27999, 0.0673681, 0, 0, 0.0673681, -1.35191, 1, 1, 9999, 9999, 9999, 9999, 9999, 9999, 9999, 9999, 1.27999, 9999, 2.3335, 0, 0, 0, 0, 0, 8000, 0, 0, 0, 0
