hour,t(sec),kWh,State,kWOut,kWIn,kvarOut,DCkW,kWTotalLosses,kWInvLosses,kWIdlingLosses,kWChDchLosses,"kWh Chng",InvEff,InverterON,Vref,"Vavg (DRC)","VV Oper","VW Oper","DRC Oper","VV_DRC Oper","WP Oper","WV Oper",kWDesired,"kW VW Limit","Limit kWOut Function","kVA Exceeded","Grid voltage",di/dt,it,"it History","Rated VDC","Avg duty cycle","Target (Amps)","Series L","Max. Amps (phase)"
1, 0.00000, 11.6637, 1, 2.88004, 0, -3.0947, 2.88004, 0.151581, 0, 0, 0.151581, -6.99825, 1, 1, 9999, 9999, 9999, 9999, 9999, 9999, 9999, 9999, 2.88015, 9999, 4.6655, 0, 0, 0, 0, 0, 8000, 0, 0, 0, 0
1, 0.00000, 8.63212, 1, 2.87992, 0, -3.09475, 2.87992, 0.151575, 0, 0, 0.151575, -3.03163, 1, 1, 9999, 9999, 9999, 9999, 9999, 9999, 9999, 9999, 2.88015, 9999, 4.6655, 0, 0, 0, 0, 0, 8000, 0, 0, 0, 0
2, 0.00000, 5.60063, 1, 2.88176, 0, -3.09469, 2.88176, 0.151672, 0, 0, 0.151672, -3.03149, 1, 1, 9999, 9999, 9999, 9999, 9999, 9999, 9999, 9999, 2.88174, 9999, 4.6655, 0, 0, 0, 0, 0, 8000, 0, 0, 0, 0
