hour,t(sec),kWh,State,kWOut,kWIn,kvarOut,DCkW,kWTotalLosses,kWInvLosses,kWIdlingLosses,kWChDchLosses,"kWh Chng",InvEff,InverterON,Vref,"Vavg (DRC)","VV Oper","VW Oper","DRC Oper","VV_DRC Oper","WP Oper","WV Oper",kWDesired,"kW VW Limit","Limit kWOut Function","kVA Exceeded","Grid voltage",di/dt,it,"it History","Rated VDC","Avg duty cycle","Target (Amps)","Series L","Max. Amps (phase)"
1, 0.00000, 11.6637, 1, 2.87856, 0, 3.09458, 2.87856, 0.151503, 0, 0, 0.151503, -6.99825, 1, 1, 9999, 9999, 9999, 9999, 9999, 9999, 9999, 9999, 2.87857, 9999, 4.6655, 0, 0, 0, 0, 0, 8000, 0, 0, 0, 0
1, 0.00000, 8.63368, 1, 2.8786, 0, 3.09446, 2.8786, 0.151505, 0, 0, 0.151505, -3.03007, 1, 1, 9999, 9999, 9999, 9999, 9999, 9999, 9999, 9999, 2.87857, 9999, 4.6655, 0, 0, 0, 0, 0, 8000, 0, 0, 0, 0
2, 0.00000, 5.60358, 0, 0, 0.0000671086, 3.09475, -0.0000671086, 0.0000671086, 0, 0.0000671086, 0, -3.0301, 1, 1, 9999, 9999, 9999, 9999, 9999, 9999, 9999, 9999, 0, 9999, 4.6655, 0, 0, 0, 0, 0, 8000, 0, 0, 0, 0
