hour,t(sec),kWh,State,kWOut,kWIn,kvarOut,DCkW,kWTotalLosses,kWInvLosses,kWIdlingLosses,kWChDchLosses,"kWh Chng",InvEff,InverterON,Vref,"Vavg (DRC)","VV Oper","VW Oper","DRC Oper","VV_DRC Oper","WP Oper","WV Oper",kWDesired,"kW VW Limit","Limit kWOut Function","kVA Exceeded","Grid voltage",di/dt,it,"it History","Rated VDC","Avg duty cycle","Target (Amps)","Series L","Max. Amps (phase)"
1, 0.00000, 11.6637, 1, 2.88998, 0, -3.0947, 2.88998, 0.152104, 0, 0, 0.152104, -6.99825, 1, 1, 9999, 9999, 9999, 9999, 9999, 9999, 9999, 9999, 2.89009, 9999, 4.6655, 0, 0, 0, 0, 0, 8000, 0, 0, 0, 0
1, 0.00000, 8.62166, 1, 2.88985, 0, -3.09475, 2.88985, 0.152098, 0, 0, 0.152098, -3.04209, 1, 1, 9999, 9999, 9999, 9999, 9999, 9999, 9999, 9999, 2.89009, 9999, 4.6655, 0, 0, 0, 0, 0, 8000, 0, 0, 0, 0
2, 0.00000, 5.5986, 0, 0, 0.0000685771, -3.09474, -0.0000685771, 0.0000685771, 0, 0.0000685771, 0, -3.02306, 1, 1, 9999, 9999, 9999, 9999, 9999, 9999, 9999, 9999, 0, 9999, 4.6655, 0, 0, 0, 0, 0, 8000, 0, 0, 0, 0
