hour,t(sec),kWh,State,kWOut,kWIn,kvarOut,DCkW,kWTotalLosses,kWInvLosses,kWIdlingLosses,kWChDchLosses,"kWh Chng",InvEff,InverterON,Vref,"Vavg (DRC)","VV Oper","VW Oper","DRC Oper","VV_DRC Oper","WP Oper","WV Oper",kWDesired,"kW VW Limit","Limit kWOut Function","kVA Exceeded","Grid voltage",di/dt,it,"it History","Rated VDC","Avg duty cycle","Target (Amps)","Series L","Max. Amps (phase)"
1, 0.00000, 71.4613, 1, 7.21854, 0, -18.9606, 7.21854, 0.379923, 0, 0, 0.379923, -42.8768, 1, 1, 9999, 9999, 9999, 9999, 9999, 9999, 9999, 9999, 7.21902, 9999, 28.5845, 0, 0, 0, 0, 0, 8000, 0, 0, 0, 0
1, 0.00000, 63.8628, 1, 7.21793, 0, -18.9605, 7.21793, 0.379891, 0, 0, 0.379891, -7.59847, 1, 1, 9999, 9999, 9999, 9999, 9999, 9999, 9999, 9999, 7.21902, 9999, 28.5845, 0, 0, 0, 0, 0, 8000, 0, 0, 0, 0
2, 0.00000, 56.265, 0, 0, 0.000399957, -18.9611, -0.000399957, 0.000399957, 0, 0.000399957, 0, -7.59782, 1, 1, 9999, 9999, 9999, 9999, 9999, 9999, 9999, 9999, 0, 9999, 28.5845, 0, 0, 0, 0, 0, 8000, 0, 0, 0, 0
