hour,t(sec),kWh,State,kWOut,kWIn,kvarOut,DCkW,kWTotalLosses,kWInvLosses,kWIdlingLosses,kWChDchLosses,"kWh Chng",InvEff,InverterON,Vref,"Vavg (DRC)","VV Oper","VW Oper","DRC Oper","VV_DRC Oper","WP Oper","WV Oper",kWDesired,"kW VW Limit","Limit kWOut Function","kVA Exceeded","Grid voltage",di/dt,it,"it History","Rated VDC","Avg duty cycle","Target (Amps)","Series L","Max. Amps (phase)"
1, 0.00000, 11.6637, 1, 1.87257, 0, 3.09458, 1.87257, 0.0985563, 0, 0, 0.0985563, -6.99825, 1, 1, 9999, 9999, 9999, 9999, 9999, 9999, 9999, 9999, 1.87255, 9999, 4.6655, 0, 0, 0, 0, 0, 8000, 0, 0, 0, 0
1, 0.00000, 9.69262, 1, 1.87255, 0, 3.09468, 1.87255, 0.0985552, 0, 0, 0.0985552, -1.97113, 1, 1, 9999, 9999, 9999, 9999, 9999, 9999, 9999, 9999, 1.87255, 9999, 4.6655, 0, 0, 0, 0, 0, 8000, 0, 0, 0, 0
2, 0.00000, 7.72152, 1, 1.90982, 0, 3.0947, 1.90982, 0.100517, 0, 0, 0.100517, -1.9711, 1, 1, 9999, 9999, 9999, 9999, 9999, 9999, 9999, 9999, 1.90982, 9999, 4.6655, 0, 0, 0, 0, 0, 8000, 0, 0, 0, 0
1, 0.00000, 5.71118, 1, 1.87255, 0, 3.09469, 1.87255, 0.0985552, 0, 0, 0.0985552, -2.01034, 1, 1, 9999, 9999, 9999, 9999, 9999, 9999, 9999, 9999, 1.87255, 9999, 4.6655, 0, 0, 0, 0, 0, 8000, 0, 0, 0, 0
2, 0.00000, 5.5986, 0, 0, 2.71494E-6, 3.0947, -2.71494E-6, 2.71494E-6, 0, 2.71494E-6, 0, -0.112579, 1, 1, 9999, 9999, 9999, 9999, 9999, 9999, 9999, 9999, 1.90982, 9999, 4.6655, 0, 0, 0, 0, 0, 8000, 0, 0, 0, 0
3, 0.00000, 5.5986, 0, 0, 7.60364E-7, 3.0947, -7.60364E-7, 7.60364E-7, 0, 7.60364E-7, 0, 0, 1, 1, 9999, 9999, 9999, 9999, 9999, 9999, 9999, 9999, 1.97948, 9999, 4.6655, 0, 0, 0, 0, 0, 8000, 0, 0, 0, 0
