hour,t(sec),kWh,State,kWOut,kWIn,kvarOut,DCkW,kWTotalLosses,kWInvLosses,kWIdlingLosses,kWChDchLosses,"kWh Chng",InvEff,InverterON,Vref,"Vavg (DRC)","VV Oper","VW Oper","DRC Oper","VV_DRC Oper","WP Oper","WV Oper",kWDesired,"kW VW Limit","Limit kWOut Function","kVA Exceeded","Grid voltage",di/dt,it,"it History","Rated VDC","Avg duty cycle","Target (Amps)","Series L","Max. Amps (phase)"
1, 0.00000, 21.875, 1, 3.52264, 0, 5.80376, 3.52264, 0.185402, 0, 0, 0.185402, -13.125, 1, 1, 9999, 9999, 9999, 9999, 9999, 9999, 9999, 9999, 3.52257, 9999, 8.75, 0, 0, 0, 0, 0, 8000, 0, 0, 0, 0
1, 0.00000, 18.167, 1, 3.52259, 0, 5.80404, 3.52259, 0.185399, 0, 0, 0.185399, -3.70805, 1, 1, 9999, 9999, 9999, 9999, 9999, 9999, 9999, 9999, 3.52257, 9999, 8.75, 0, 0, 0, 0, 0, 8000, 0, 0, 0, 0
2, 0.00000, 14.459, 1, 3.59984, 0, 5.8041, 3.59984, 0.189465, 0, 0, 0.189465, -3.70799, 1, 1, 9999, 9999, 9999, 9999, 9999, 9999, 9999, 9999, 3.59984, 9999, 8.75, 0, 0, 0, 0, 0, 8000, 0, 0, 0, 0
1, 0.00000, 10.6697, 1, 3.52258, 0, 5.80407, 3.52258, 0.185399, 0, 0, 0.185399, -3.7893, 1, 1, 9999, 9999, 9999, 9999, 9999, 9999, 9999, 9999, 3.52257, 9999, 8.75, 0, 0, 0, 0, 0, 8000, 0, 0, 0, 0
2, 0.00000, 10.5, 0, 0, 8.13503E-6, 5.8041, -8.13503E-6, 8.13503E-6, 0, 8.13503E-6, 0, -0.169665, 1, 1, 9999, 9999, 9999, 9999, 9999, 9999, 9999, 9999, 3.59984, 9999, 8.75, 0, 0, 0, 0, 0, 8000, 0, 0, 0, 0
3, 0.00000, 10.5, 0, 0, 2.01634E-6, 5.8041, -2.01634E-6, 2.01634E-6, 0, 2.01634E-6, 0, 0, 1, 1, 9999, 9999, 9999, 9999, 9999, 9999, 9999, 9999, 3.68384, 9999, 8.75, 0, 0, 0, 0, 0, 8000, 0, 0, 0, 0
