hour,t(sec),kWh,State,kWOut,kWIn,kvarOut,DCkW,kWTotalLosses,kWInvLosses,kWIdlingLosses,kWChDchLosses,"kWh Chng",InvEff,InverterON,Vref,"Vavg (DRC)","VV Oper","VW Oper","DRC Oper","VV_DRC Oper","WP Oper","WV Oper",kWDesired,"kW VW Limit","Limit kWOut Function","kVA Exceeded","Grid voltage",di/dt,it,"it History","Rated VDC","Avg duty cycle","Target (Amps)","Series L","Max. Amps (phase)"
1, 0.00000, 11.6637, 1, 1.8696, 0, -3.09468, 1.8696, 0.0984, 0, 0, 0.0984, -6.99825, 1, 1, 9999, 9999, 9999, 9999, 9999, 9999, 9999, 9999, 1.86979, 9999, 4.6655, 0, 0, 0, 0, 0, 8000, 0, 0, 0, 0
1, 0.00000, 9.69575, 1, 1.86976, 0, -3.0947, 1.86976, 0.0984084, 0, 0, 0.0984084, -1.968, 1, 1, 9999, 9999, 9999, 9999, 9999, 9999, 9999, 9999, 1.86979, 9999, 4.6655, 0, 0, 0, 0, 0, 8000, 0, 0, 0, 0
2, 0.00000, 7.72758, 1, 1.93212, 0, -3.0947, 1.93212, 0.101691, 0, 0, 0.101691, -1.96817, 1, 1, 9999, 9999, 9999, 9999, 9999, 9999, 9999, 9999, 1.93212, 9999, 4.6655, 0, 0, 0, 0, 0, 8000, 0, 0, 0, 0
1, 0.00000, 5.69377, 1, 1.86978, 0, -3.0947, 1.86978, 0.0984093, 0, 0, 0.0984093, -2.03381, 1, 1, 9999, 9999, 9999, 9999, 9999, 9999, 9999, 9999, 1.86979, 9999, 4.6655, 0, 0, 0, 0, 0, 8000, 0, 0, 0, 0
2, 0.00000, 5.5986, 0, 0, 5.35544E-6, -3.0947, -5.35544E-6, 5.35544E-6, 0, 5.35544E-6, 0, -0.0951676, 1, 1, 9999, 9999, 9999, 9999, 9999, 9999, 9999, 9999, 1.93212, 9999, 4.6655, 0, 0, 0, 0, 0, 8000, 0, 0, 0, 0
3, 0.00000, 5.5986, 0, 0, 1.2577E-6, -3.0947, -1.2577E-6, 1.2577E-6, 0, 1.2577E-6, 0, 0, 1, 1, 9999, 9999, 9999, 9999, 9999, 9999, 9999, 9999, 1.95998, 9999, 4.6655, 0, 0, 0, 0, 0, 8000, 0, 0, 0, 0
