hour,t(sec),kWh,State,kWOut,kWIn,kvarOut,DCkW,kWTotalLosses,kWInvLosses,kWIdlingLosses,kWChDchLosses,"kWh Chng",InvEff,InverterON,Vref,"Vavg (DRC)","VV Oper","VW Oper","DRC Oper","VV_DRC Oper","WP Oper","WV Oper",kWDesired,"kW VW Limit","Limit kWOut Function","kVA Exceeded","Grid voltage",di/dt,it,"it History","Rated VDC","Avg duty cycle","Target (Amps)","Series L","Max. Amps (phase)"
1, 0.00000, 5.83362, 1, 1.00385, 0, 1.5477, 1.00385, 0.0528341, 0, 0, 0.0528341, -3.50017, 1, 1, 9999, 9999, 9999, 9999, 9999, 9999, 9999, 9999, 1.00383, 9999, 2.3335, 0, 0, 0, 0, 0, 8000, 0, 0, 0, 0
1, 0.00000, 4.77694, 1, 1.00383, 0, 1.54778, 1.00383, 0.0528331, 0, 0, 0.0528331, -1.05668, 1, 1, 9999, 9999, 9999, 9999, 9999, 9999, 9999, 9999, 1.00383, 9999, 2.3335, 0, 0, 0, 0, 0, 8000, 0, 0, 0, 0
2, 0.00000, 3.72028, 1, 0.942991, 0, 1.5478, 0.942991, 0.0496311, 0, 0, 0.0496311, -1.05666, 1, 1, 9999, 9999, 9999, 9999, 9999, 9999, 9999, 9999, 0.942991, 9999, 2.3335, 0, 0, 0, 0, 0, 8000, 0, 0, 0, 0
1, 0.00000, 2.80014, 0, 0, 5.51624E-6, 1.5478, -5.51624E-6, 5.51624E-6, 0, 5.51624E-6, 0, -0.920142, 1, 1, 9999, 9999, 9999, 9999, 9999, 9999, 9999, 9999, 1.00383, 9999, 2.3335, 0, 0, 0, 0, 0, 8000, 0, 0, 0, 0
2, 0.00000, 2.80014, 0, 0, 2.50412E-6, 1.5478, -2.50412E-6, 2.50412E-6, 0, 2.50412E-6, 0, 0, 1, 1, 9999, 9999, 9999, 9999, 9999, 9999, 9999, 9999, 0.942991, 9999, 2.3335, 0, 0, 0, 0, 0, 8000, 0, 0, 0, 0
3, 0.00000, 2.80014, 0, 0, 6.02609E-7, 1.5478, -6.02609E-7, 6.02609E-7, 0, 6.02609E-7, 0, 0, 1, 1, 9999, 9999, 9999, 9999, 9999, 9999, 9999, 9999, 0.935057, 9999, 2.3335, 0, 0, 0, 0, 0, 8000, 0, 0, 0, 0
