hour,t(sec),kWh,State,kWOut,kWIn,kvarOut,DCkW,kWTotalLosses,kWInvLosses,kWIdlingLosses,kWChDchLosses,"kWh Chng",InvEff,InverterON,Vref,"Vavg (DRC)","VV Oper","VW Oper","DRC Oper","VV_DRC Oper","WP Oper","WV Oper",kWDesired,"kW VW Limit","Limit kWOut Function","kVA Exceeded","Grid voltage",di/dt,it,"it History","Rated VDC","Avg duty cycle","Target (Amps)","Series L","Max. Amps (phase)"
1, 0.00000, 40.8363, 1, 6.7933, 0, 10.8344, 6.7933, 0.357542, 0, 0, 0.357542, -24.5018, 1, 1, 9999, 9999, 9999, 9999, 9999, 9999, 9999, 9999, 6.79319, 9999, 16.3345, 0, 0, 0, 0, 0, 8000, 0, 0, 0, 0
1, 0.00000, 33.6854, 1, 6.79321, 0, 10.835, 6.79321, 0.357537, 0, 0, 0.357537, -7.15084, 1, 1, 9999, 9999, 9999, 9999, 9999, 9999, 9999, 9999, 6.79319, 9999, 16.3345, 0, 0, 0, 0, 0, 8000, 0, 0, 0, 0
2, 0.00000, 26.5347, 1, 6.68016, 0, 10.8351, 6.68016, 0.351587, 0, 0, 0.351587, -7.15075, 1, 1, 9999, 9999, 9999, 9999, 9999, 9999, 9999, 9999, 6.68016, 9999, 16.3345, 0, 0, 0, 0, 0, 8000, 0, 0, 0, 0
1, 0.00000, 19.6014, 0, 0, 0.0000337813, 10.8351, -0.0000337813, 0.0000337813, 0, 0.0000337813, 0, -6.93326, 1, 1, 9999, 9999, 9999, 9999, 9999, 9999, 9999, 9999, 6.79319, 9999, 16.3345, 0, 0, 0, 0, 0, 8000, 0, 0, 0, 0
2, 0.00000, 19.6014, 0, 0, 0.0000152069, 10.8351, -0.0000152069, 0.0000152069, 0, 0.0000152069, 0, 0, 1, 1, 9999, 9999, 9999, 9999, 9999, 9999, 9999, 9999, 6.68016, 9999, 16.3345, 0, 0, 0, 0, 0, 8000, 0, 0, 0, 0
3, 0.00000, 19.6014, 0, 0, 3.76778E-6, 10.8351, -3.76778E-6, 3.76778E-6, 0, 3.76778E-6, 0, 0, 1, 1, 9999, 9999, 9999, 9999, 9999, 9999, 9999, 9999, 6.69976, 9999, 16.3345, 0, 0, 0, 0, 0, 8000, 0, 0, 0, 0
