hour,t(sec),kWh,State,kWOut,kWIn,kvarOut,DCkW,kWTotalLosses,kWInvLosses,kWIdlingLosses,kWChDchLosses,"kWh Chng",InvEff,InverterON,Vref,"Vavg (DRC)","VV Oper","VW Oper","DRC Oper","VV_DRC Oper","WP Oper","WV Oper",kWDesired,"kW VW Limit","Limit kWOut Function","kVA Exceeded","Grid voltage",di/dt,it,"it History","Rated VDC","Avg duty cycle","Target (Amps)","Series L","Max. Amps (phase)"
1, 0.00000, 5.83362, 1, 0.971249, 0, 1.5477, 0.971249, 0.0511184, 0, 0, 0.0511184, -3.50017, 1, 1, 9999, 9999, 9999, 9999, 9999, 9999, 9999, 9999, 0.971226, 9999, 2.3335, 0, 0, 0, 0, 0, 8000, 0, 0, 0, 0
1, 0.00000, 4.81126, 1, 0.97123, 0, 1.54778, 0.97123, 0.0511174, 0, 0, 0.0511174, -1.02237, 1, 1, 9999, 9999, 9999, 9999, 9999, 9999, 9999, 9999, 0.971226, 9999, 2.3335, 0, 0, 0, 0, 0, 8000, 0, 0, 0, 0
2, 0.00000, 3.78891, 1, 0.973513, 0, 1.5478, 0.973513, 0.0512375, 0, 0, 0.0512375, -1.02235, 1, 1, 9999, 9999, 9999, 9999, 9999, 9999, 9999, 9999, 0.973513, 9999, 2.3335, 0, 0, 0, 0, 0, 8000, 0, 0, 0, 0
1, 0.00000, 2.80014, 0, 0, 5.50823E-6, 1.5478, -5.50823E-6, 5.50823E-6, 0, 5.50823E-6, 0, -0.98877, 1, 1, 9999, 9999, 9999, 9999, 9999, 9999, 9999, 9999, 0.971226, 9999, 2.3335, 0, 0, 0, 0, 0, 8000, 0, 0, 0, 0
2, 0.00000, 2.80014, 0, 0, 2.50323E-6, 1.5478, -2.50323E-6, 2.50323E-6, 0, 2.50323E-6, 0, 0, 1, 1, 9999, 9999, 9999, 9999, 9999, 9999, 9999, 9999, 0.973513, 9999, 2.3335, 0, 0, 0, 0, 0, 8000, 0, 0, 0, 0
3, 0.00000, 2.80014, 0, 0, 6.02437E-7, 1.5478, -6.02437E-7, 6.02437E-7, 0, 6.02437E-7, 0, 0, 1, 1, 9999, 9999, 9999, 9999, 9999, 9999, 9999, 9999, 0.937134, 9999, 2.3335, 0, 0, 0, 0, 0, 8000, 0, 0, 0, 0
