hour,t(sec),kWh,State,kWOut,kWIn,kvarOut,DCkW,kWTotalLosses,kWInvLosses,kWIdlingLosses,kWChDchLosses,"kWh Chng",InvEff,InverterON,Vref,"Vavg (DRC)","VV Oper","VW Oper","DRC Oper","VV_DRC Oper","WP Oper","WV Oper",kWDesired,"kW VW Limit","Limit kWOut Function","kVA Exceeded","Grid voltage",di/dt,it,"it History","Rated VDC","Avg duty cycle","Target (Amps)","Series L","Max. Amps (phase)"
1, 0.00000, 11.6637, 1, 1.91373, 0, -3.09468, 1.91373, 0.100723, 0, 0, 0.100723, -6.99825, 1, 1, 9999, 9999, 9999, 9999, 9999, 9999, 9999, 9999, 1.91393, 9999, 4.6655, 0, 0, 0, 0, 0, 8000, 0, 0, 0, 0
1, 0.00000, 9.64929, 1, 1.91389, 0, -3.0947, 1.91389, 0.100731, 0, 0, 0.100731, -2.01445, 1, 1, 9999, 9999, 9999, 9999, 9999, 9999, 9999, 9999, 1.91393, 9999, 4.6655, 0, 0, 0, 0, 0, 8000, 0, 0, 0, 0
2, 0.00000, 7.63467, 1, 1.92111, 0, -3.0947, 1.92111, 0.101111, 0, 0, 0.101111, -2.01463, 1, 1, 9999, 9999, 9999, 9999, 9999, 9999, 9999, 9999, 1.92111, 9999, 4.6655, 0, 0, 0, 0, 0, 8000, 0, 0, 0, 0
1, 0.00000, 5.61244, 1, 1.91391, 0, -3.0947, 1.91391, 0.100732, 0, 0, 0.100732, -2.02222, 1, 1, 9999, 9999, 9999, 9999, 9999, 9999, 9999, 9999, 1.91393, 9999, 4.6655, 0, 0, 0, 0, 0, 8000, 0, 0, 0, 0
2, 0.00000, 5.5986, 0, 0, 5.44646E-6, -3.0947, -5.44646E-6, 5.44646E-6, 0, 5.44646E-6, 0, -0.0138451, 1, 1, 9999, 9999, 9999, 9999, 9999, 9999, 9999, 9999, 1.92111, 9999, 4.6655, 0, 0, 0, 0, 0, 8000, 0, 0, 0, 0
3, 0.00000, 5.5986, 0, 0, 1.27434E-6, -3.0947, -1.27434E-6, 1.27434E-6, 0, 1.27434E-6, 0, 0, 1, 1, 9999, 9999, 9999, 9999, 9999, 9999, 9999, 9999, 1.92685, 9999, 4.6655, 0, 0, 0, 0, 0, 8000, 0, 0, 0, 0
