hour,t(sec),kWh,State,kWOut,kWIn,kvarOut,DCkW,kWTotalLosses,kWInvLosses,kWIdlingLosses,kWChDchLosses,"kWh Chng",InvEff,InverterON,Vref,"Vavg (DRC)","VV Oper","VW Oper","DRC Oper","VV_DRC Oper","WP Oper","WV Oper",kWDesired,"kW VW Limit","Limit kWOut Function","kVA Exceeded","Grid voltage",di/dt,it,"it History","Rated VDC","Avg duty cycle","Target (Amps)","Series L","Max. Amps (phase)"
1, 0.00000, 5.83362, 1, 0.951422, 0, 1.54774, 0.951422, 0.0500748, 0, 0, 0.0500748, -3.50017, 1, 1, 9999, 9999, 9999, 9999, 9999, 9999, 9999, 9999, 0.951415, 9999, 2.3335, 0, 0, 0, 0, 0, 8000, 0, 0, 0, 0
1, 0.00000, 4.83213, 1, 0.951416, 0, 1.54779, 0.951416, 0.0500745, 0, 0, 0.0500745, -1.0015, 1, 1, 9999, 9999, 9999, 9999, 9999, 9999, 9999, 9999, 0.951415, 9999, 2.3335, 0, 0, 0, 0, 0, 8000, 0, 0, 0, 0
2, 0.00000, 3.83064, 1, 0.968776, 0, 1.5478, 0.968776, 0.0509882, 0, 0, 0.0509882, -1.00149, 1, 1, 9999, 9999, 9999, 9999, 9999, 9999, 9999, 9999, 0.968776, 9999, 2.3335, 0, 0, 0, 0, 0, 8000, 0, 0, 0, 0
1, 0.00000, 2.81087, 1, 0.951416, 0, 1.5478, 0.951416, 0.0500745, 0, 0, 0.0500745, -1.01976, 1, 1, 9999, 9999, 9999, 9999, 9999, 9999, 9999, 9999, 0.951415, 9999, 2.3335, 0, 0, 0, 0, 0, 8000, 0, 0, 0, 0
2, 0.00000, 2.80014, 0, 0, 1.12157E-6, 1.5478, -1.12157E-6, 1.12157E-6, 0, 1.12157E-6, 0, -0.0107336, 1, 1, 9999, 9999, 9999, 9999, 9999, 9999, 9999, 9999, 0.968776, 9999, 2.3335, 0, 0, 0, 0, 0, 8000, 0, 0, 0, 0
3, 0.00000, 2.80014, 0, 0, 4.46606E-7, 1.5478, -4.46606E-7, 4.46606E-7, 0, 4.46606E-7, 0, 0, 1, 1, 9999, 9999, 9999, 9999, 9999, 9999, 9999, 9999, 0.961682, 9999, 2.3335, 0, 0, 0, 0, 0, 8000, 0, 0, 0, 0
