hour,t(sec),kWh,State,kWOut,kWIn,kvarOut,DCkW,kWTotalLosses,kWInvLosses,kWIdlingLosses,kWChDchLosses,"kWh Chng",InvEff,InverterON,Vref,"Vavg (DRC)","VV Oper","VW Oper","DRC Oper","VV_DRC Oper","WP Oper","WV Oper",kWDesired,"kW VW Limit","Limit kWOut Function","kVA Exceeded","Grid voltage",di/dt,it,"it History","Rated VDC","Avg duty cycle","Target (Amps)","Series L","Max. Amps (phase)"
1, 0.00000, 11.6637, 1, 1.91852, 0, 3.09458, 1.91852, 0.100974, 0, 0, 0.100974, -6.99825, 1, 1, 9999, 9999, 9999, 9999, 9999, 9999, 9999, 9999, 1.9185, 9999, 4.6655, 0, 0, 0, 0, 0, 8000, 0, 0, 0, 0
1, 0.00000, 9.64426, 1, 1.9185, 0, 3.09468, 1.9185, 0.100974, 0, 0, 0.100974, -2.01949, 1, 1, 9999, 9999, 9999, 9999, 9999, 9999, 9999, 9999, 1.9185, 9999, 4.6655, 0, 0, 0, 0, 0, 8000, 0, 0, 0, 0
2, 0.00000, 7.62478, 1, 1.91295, 0, 3.0947, 1.91295, 0.100681, 0, 0, 0.100681, -2.01948, 1, 1, 9999, 9999, 9999, 9999, 9999, 9999, 9999, 9999, 1.91295, 9999, 4.6655, 0, 0, 0, 0, 0, 8000, 0, 0, 0, 0
1, 0.00000, 5.61115, 1, 1.9185, 0, 3.09469, 1.9185, 0.100974, 0, 0, 0.100974, -2.01363, 1, 1, 9999, 9999, 9999, 9999, 9999, 9999, 9999, 9999, 1.9185, 9999, 4.6655, 0, 0, 0, 0, 0, 8000, 0, 0, 0, 0
2, 0.00000, 5.5986, 0, 0, 2.23038E-6, 3.0947, -2.23038E-6, 2.23038E-6, 0, 2.23038E-6, 0, -0.0125539, 1, 1, 9999, 9999, 9999, 9999, 9999, 9999, 9999, 9999, 1.91295, 9999, 4.6655, 0, 0, 0, 0, 0, 8000, 0, 0, 0, 0
3, 0.00000, 5.5986, 0, 0, 8.59298E-7, 3.0947, -8.59298E-7, 8.59298E-7, 0, 8.59298E-7, 0, 0, 1, 1, 9999, 9999, 9999, 9999, 9999, 9999, 9999, 9999, 1.93044, 9999, 4.6655, 0, 0, 0, 0, 0, 8000, 0, 0, 0, 0
