hour,t(sec),kWh,State,kWOut,kWIn,kvarOut,DCkW,kWTotalLosses,kWInvLosses,kWIdlingLosses,kWChDchLosses,"kWh Chng",InvEff,InverterON,Vref,"Vavg (DRC)","VV Oper","VW Oper","DRC Oper","VV_DRC Oper","WP Oper","WV Oper",kWDesired,"kW VW Limit","Limit kWOut Function","kVA Exceeded","Grid voltage",di/dt,it,"it History","Rated VDC","Avg duty cycle","Target (Amps)","Series L","Max. Amps (phase)"
1, 0.00000, 5.83362, 1, 1.13727, 0, 1.54771, 1.13727, 0.0598563, 0, 0, 0.0598563, -3.50017, 1, 1, 9999, 9999, 9999, 9999, 9999, 9999, 9999, 9999, 1.13725, 9999, 2.3335, 0, 0, 0, 0, 0, 8000, 0, 0, 0, 0
1, 0.00000, 4.6365, 1, 1.13726, 0, 1.54778, 1.13726, 0.0598557, 0, 0, 0.0598557, -1.19713, 1, 1, 9999, 9999, 9999, 9999, 9999, 9999, 9999, 9999, 1.13725, 9999, 2.3335, 0, 0, 0, 0, 0, 8000, 0, 0, 0, 0
2, 0.00000, 3.43938, 1, 0.999438, 0, 1.5478, 0.999438, 0.052602, 0, 0, 0.052602, -1.19711, 1, 1, 9999, 9999, 9999, 9999, 9999, 9999, 9999, 9999, 0.999438, 9999, 2.3335, 0, 0, 0, 0, 0, 8000, 0, 0, 0, 0
1, 0.00000, 2.80014, 0, 0, 4.80667E-6, 1.5478, -4.80667E-6, 4.80667E-6, 0, 4.80667E-6, 0, -0.639245, 1, 1, 9999, 9999, 9999, 9999, 9999, 9999, 9999, 9999, 1.13725, 9999, 2.3335, 0, 0, 0, 0, 0, 8000, 0, 0, 0, 0
2, 0.00000, 2.80014, 0, 0, 2.15521E-6, 1.5478, -2.15521E-6, 2.15521E-6, 0, 2.15521E-6, 0, 0, 1, 1, 9999, 9999, 9999, 9999, 9999, 9999, 9999, 9999, 0.999438, 9999, 2.3335, 0, 0, 0, 0, 0, 8000, 0, 0, 0, 0
3, 0.00000, 2.80014, 0, 0, 5.34886E-7, 1.5478, -5.34886E-7, 5.34886E-7, 0, 5.34886E-7, 0, 0, 1, 1, 9999, 9999, 9999, 9999, 9999, 9999, 9999, 9999, 0.74518, 9999, 2.3335, 0, 0, 0, 0, 0, 8000, 0, 0, 0, 0
