hour,t(sec),kWh,State,kWOut,kWIn,kvarOut,DCkW,kWTotalLosses,kWInvLosses,kWIdlingLosses,kWChDchLosses,"kWh Chng",InvEff,InverterON,Vref,"Vavg (DRC)","VV Oper","VW Oper","DRC Oper","VV_DRC Oper","WP Oper","WV Oper",kWDesired,"kW VW Limit","Limit kWOut Function","kVA Exceeded","Grid voltage",di/dt,it,"it History","Rated VDC","Avg duty cycle","Target (Amps)","Series L","Max. Amps (phase)"
1, 0.00000, 5.83362, 1, 0.98157, 0, 1.54774, 0.98157, 0.0516616, 0, 0, 0.0516616, -3.50017, 1, 1, 9999, 9999, 9999, 9999, 9999, 9999, 9999, 9999, 0.981563, 9999, 2.3335, 0, 0, 0, 0, 0, 8000, 0, 0, 0, 0
1, 0.00000, 4.80039, 1, 0.981565, 0, 1.54779, 0.981565, 0.0516613, 0, 0, 0.0516613, -1.03323, 1, 1, 9999, 9999, 9999, 9999, 9999, 9999, 9999, 9999, 0.981563, 9999, 2.3335, 0, 0, 0, 0, 0, 8000, 0, 0, 0, 0
2, 0.00000, 3.76717, 1, 0.968146, 0, 1.5478, 0.968146, 0.050955, 0, 0, 0.050955, -1.03323, 1, 1, 9999, 9999, 9999, 9999, 9999, 9999, 9999, 9999, 0.968146, 9999, 2.3335, 0, 0, 0, 0, 0, 8000, 0, 0, 0, 0
1, 0.00000, 2.80014, 0, 0, 2.66042E-6, 1.5478, -2.66042E-6, 2.66042E-6, 0, 2.66042E-6, 0, -0.967027, 1, 1, 9999, 9999, 9999, 9999, 9999, 9999, 9999, 9999, 0.981563, 9999, 2.3335, 0, 0, 0, 0, 0, 8000, 0, 0, 0, 0
2, 0.00000, 2.80014, 0, 0, 1.11253E-6, 1.5478, -1.11253E-6, 1.11253E-6, 0, 1.11253E-6, 0, 0, 1, 1, 9999, 9999, 9999, 9999, 9999, 9999, 9999, 9999, 0.968146, 9999, 2.3335, 0, 0, 0, 0, 0, 8000, 0, 0, 0, 0
3, 0.00000, 2.80014, 0, 0, 4.27802E-7, 1.5478, -4.27802E-7, 4.27802E-7, 0, 4.27802E-7, 0, 0, 1, 1, 9999, 9999, 9999, 9999, 9999, 9999, 9999, 9999, 0.932163, 9999, 2.3335, 0, 0, 0, 0, 0, 8000, 0, 0, 0, 0
