hour,t(sec),kWh,State,kWOut,kWIn,kvarOut,DCkW,kWTotalLosses,kWInvLosses,kWIdlingLosses,kWChDchLosses,"kWh Chng",InvEff,InverterON,Vref,"Vavg (DRC)","VV Oper","VW Oper","DRC Oper","VV_DRC Oper","WP Oper","WV Oper",kWDesired,"kW VW Limit","Limit kWOut Function","kVA Exceeded","Grid voltage",di/dt,it,"it History","Rated VDC","Avg duty cycle","Target (Amps)","Series L","Max. Amps (phase)"
1, 0.00000, 5.83362, 1, 0.947635, 0, 1.5477, 0.947635, 0.0498755, 0, 0, 0.0498755, -3.50017, 1, 1, 9999, 9999, 9999, 9999, 9999, 9999, 9999, 9999, 0.947611, 9999, 2.3335, 0, 0, 0, 0, 0, 8000, 0, 0, 0, 0
1, 0.00000, 4.83611, 1, 0.947615, 0, 1.54778, 0.947615, 0.0498745, 0, 0, 0.0498745, -0.99751, 1, 1, 9999, 9999, 9999, 9999, 9999, 9999, 9999, 9999, 0.947611, 9999, 2.3335, 0, 0, 0, 0, 0, 8000, 0, 0, 0, 0
2, 0.00000, 3.83862, 1, 0.968589, 0, 1.5478, 0.968589, 0.0509784, 0, 0, 0.0509784, -0.99749, 1, 1, 9999, 9999, 9999, 9999, 9999, 9999, 9999, 9999, 0.968589, 9999, 2.3335, 0, 0, 0, 0, 0, 8000, 0, 0, 0, 0
1, 0.00000, 2.81906, 1, 0.947614, 0, 1.54779, 0.947614, 0.0498744, 0, 0, 0.0498744, -1.01957, 1, 1, 9999, 9999, 9999, 9999, 9999, 9999, 9999, 9999, 0.947611, 9999, 2.3335, 0, 0, 0, 0, 0, 8000, 0, 0, 0, 0
2, 0.00000, 2.80014, 0, 0, 2.52535E-6, 1.5478, -2.52535E-6, 2.52535E-6, 0, 2.52535E-6, 0, -0.0189174, 1, 1, 9999, 9999, 9999, 9999, 9999, 9999, 9999, 9999, 0.968589, 9999, 2.3335, 0, 0, 0, 0, 0, 8000, 0, 0, 0, 0
3, 0.00000, 2.80014, 0, 0, 6.06945E-7, 1.5478, -6.06945E-7, 6.06945E-7, 0, 6.06945E-7, 0, 0, 1, 1, 9999, 9999, 9999, 9999, 9999, 9999, 9999, 9999, 0.965672, 9999, 2.3335, 0, 0, 0, 0, 0, 8000, 0, 0, 0, 0
