hour,t(sec),kWh,State,kWOut,kWIn,kvarOut,DCkW,kWTotalLosses,kWInvLosses,kWIdlingLosses,kWChDchLosses,"kWh Chng",InvEff,InverterON,Vref,"Vavg (DRC)","VV Oper","VW Oper","DRC Oper","VV_DRC Oper","WP Oper","WV Oper",kWDesired,"kW VW Limit","Limit kWOut Function","kVA Exceeded","Grid voltage",di/dt,it,"it History","Rated VDC","Avg duty cycle","Target (Amps)","Series L","Max. Amps (phase)"
1, 0.00000, 5.83362, 1, 0.967801, 0, 1.54777, 0.967801, 0.0509369, 0, 0, 0.0509369, -3.50017, 1, 1, 9999, 9999, 9999, 9999, 9999, 9999, 9999, 9999, 0.967796, 9999, 2.3335, 0, 0, 0, 0, 0, 8000, 0, 0, 0, 0
1, 0.00000, 4.81489, 1, 0.967797, 0, 1.54779, 0.967797, 0.0509367, 0, 0, 0.0509367, -1.01874, 1, 1, 9999, 9999, 9999, 9999, 9999, 9999, 9999, 9999, 0.967796, 9999, 2.3335, 0, 0, 0, 0, 0, 8000, 0, 0, 0, 0
2, 0.00000, 3.79615, 1, 0.958765, 0, 1.5478, 0.958765, 0.0504613, 0, 0, 0.0504613, -1.01873, 1, 1, 9999, 9999, 9999, 9999, 9999, 9999, 9999, 9999, 0.958765, 9999, 2.3335, 0, 0, 0, 0, 0, 8000, 0, 0, 0, 0
1, 0.00000, 2.80014, 0, 0, 1.65904E-6, 1.5478, -1.65904E-6, 1.65904E-6, 0, 1.65904E-6, 0, -0.996014, 1, 1, 9999, 9999, 9999, 9999, 9999, 9999, 9999, 9999, 0.967796, 9999, 2.3335, 0, 0, 0, 0, 0, 8000, 0, 0, 0, 0
2, 0.00000, 2.80014, 0, 0, 7.18719E-7, 1.5478, -7.18719E-7, 7.18719E-7, 0, 7.18719E-7, 0, 0, 1, 1, 9999, 9999, 9999, 9999, 9999, 9999, 9999, 9999, 0.958765, 9999, 2.3335, 0, 0, 0, 0, 0, 8000, 0, 0, 0, 0
3, 0.00000, 2.80014, 0, 0, 2.2566E-7, 1.5478, -2.2566E-7, 2.2566E-7, 0, 2.2566E-7, 0, 0, 1, 1, 9999, 9999, 9999, 9999, 9999, 9999, 9999, 9999, 0.955312, 9999, 2.3335, 0, 0, 0, 0, 0, 8000, 0, 0, 0, 0
