hour,t(sec),kWh,State,kWOut,kWIn,kvarOut,DCkW,kWTotalLosses,kWInvLosses,kWIdlingLosses,kWChDchLosses,"kWh Chng",InvEff,InverterON,Vref,"Vavg (DRC)","VV Oper","VW Oper","DRC Oper","VV_DRC Oper","WP Oper","WV Oper",kWDesired,"kW VW Limit","Limit kWOut Function","kVA Exceeded","Grid voltage",di/dt,it,"it History","Rated VDC","Avg duty cycle","Target (Amps)","Series L","Max. Amps (phase)"
1, 0.00000, 11.6637, 1, 1.91509, 0, 3.09453, 1.91509, 0.100794, 0, 0, 0.100794, -6.99825, 1, 1, 9999, 9999, 9999, 9999, 9999, 9999, 9999, 9999, 1.91505, 9999, 4.6655, 0, 0, 0, 0, 0, 8000, 0, 0, 0, 0
1, 0.00000, 9.64787, 1, 1.91506, 0, 3.09467, 1.91506, 0.100792, 0, 0, 0.100792, -2.01588, 1, 1, 9999, 9999, 9999, 9999, 9999, 9999, 9999, 9999, 1.91505, 9999, 4.6655, 0, 0, 0, 0, 0, 8000, 0, 0, 0, 0
2, 0.00000, 7.63202, 1, 1.93362, 0, 3.0947, 1.93362, 0.101769, 0, 0, 0.101769, -2.01585, 1, 1, 9999, 9999, 9999, 9999, 9999, 9999, 9999, 9999, 1.93362, 9999, 4.6655, 0, 0, 0, 0, 0, 8000, 0, 0, 0, 0
1, 0.00000, 5.5986, 0, 0, 9.62001E-6, 3.09469, -9.62001E-6, 9.62001E-6, 0, 9.62001E-6, 0, -2.03342, 1, 1, 9999, 9999, 9999, 9999, 9999, 9999, 9999, 9999, 1.91505, 9999, 4.6655, 0, 0, 0, 0, 0, 8000, 0, 0, 0, 0
2, 0.00000, 5.5986, 0, 0, 4.32048E-6, 3.0947, -4.32048E-6, 4.32048E-6, 0, 4.32048E-6, 0, 0, 1, 1, 9999, 9999, 9999, 9999, 9999, 9999, 9999, 9999, 1.93362, 9999, 4.6655, 0, 0, 0, 0, 0, 8000, 0, 0, 0, 0
3, 0.00000, 5.5986, 0, 0, 1.07173E-6, 3.0947, -1.07173E-6, 1.07173E-6, 0, 1.07173E-6, 0, 0, 1, 1, 9999, 9999, 9999, 9999, 9999, 9999, 9999, 9999, 1.91323, 9999, 4.6655, 0, 0, 0, 0, 0, 8000, 0, 0, 0, 0
