hour,t(sec),kWh,State,kWOut,kWIn,kvarOut,DCkW,kWTotalLosses,kWInvLosses,kWIdlingLosses,kWChDchLosses,"kWh Chng",InvEff,InverterON,Vref,"Vavg (DRC)","VV Oper","VW Oper","DRC Oper","VV_DRC Oper","WP Oper","WV Oper",kWDesired,"kW VW Limit","Limit kWOut Function","kVA Exceeded","Grid voltage",di/dt,it,"it History","Rated VDC","Avg duty cycle","Target (Amps)","Series L","Max. Amps (phase)"
1, 0.00000, 5.83362, 1, 0.951197, 0, 1.54773, 0.951197, 0.050063, 0, 0, 0.050063, -3.50017, 1, 1, 9999, 9999, 9999, 9999, 9999, 9999, 9999, 9999, 0.951181, 9999, 2.3335, 0, 0, 0, 0, 0, 8000, 0, 0, 0, 0
1, 0.00000, 4.83237, 1, 0.951184, 0, 1.54779, 0.951184, 0.0500623, 0, 0, 0.0500623, -1.00126, 1, 1, 9999, 9999, 9999, 9999, 9999, 9999, 9999, 9999, 0.951181, 9999, 2.3335, 0, 0, 0, 0, 0, 8000, 0, 0, 0, 0
2, 0.00000, 3.83112, 1, 0.962265, 0, 1.5478, 0.962265, 0.0506455, 0, 0, 0.0506455, -1.00125, 1, 1, 9999, 9999, 9999, 9999, 9999, 9999, 9999, 9999, 0.962265, 9999, 2.3335, 0, 0, 0, 0, 0, 8000, 0, 0, 0, 0
1, 0.00000, 2.81821, 1, 0.951183, 0, 1.54779, 0.951183, 0.0500623, 0, 0, 0.0500623, -1.01291, 1, 1, 9999, 9999, 9999, 9999, 9999, 9999, 9999, 9999, 0.951181, 9999, 2.3335, 0, 0, 0, 0, 0, 8000, 0, 0, 0, 0
2, 0.00000, 2.80014, 0, 0, 1.67414E-6, 1.5478, -1.67414E-6, 1.67414E-6, 0, 1.67414E-6, 0, -0.0180675, 1, 1, 9999, 9999, 9999, 9999, 9999, 9999, 9999, 9999, 0.962265, 9999, 2.3335, 0, 0, 0, 0, 0, 8000, 0, 0, 0, 0
3, 0.00000, 2.80014, 0, 0, 4.42132E-7, 1.5478, -4.42132E-7, 4.42132E-7, 0, 4.42132E-7, 0, 0, 1, 1, 9999, 9999, 9999, 9999, 9999, 9999, 9999, 9999, 0.968426, 9999, 2.3335, 0, 0, 0, 0, 0, 8000, 0, 0, 0, 0
