hour,t(sec),kWh,State,kWOut,kWIn,kvarOut,DCkW,kWTotalLosses,kWInvLosses,kWIdlingLosses,kWChDchLosses,"kWh Chng",InvEff,InverterON,Vref,"Vavg (DRC)","VV Oper","VW Oper","DRC Oper","VV_DRC Oper","WP Oper","WV Oper",kWDesired,"kW VW Limit","Limit kWOut Function","kVA Exceeded","Grid voltage",di/dt,it,"it History","Rated VDC","Avg duty cycle","Target (Amps)","Series L","Max. Amps (phase)"
1, 0.00000, 11.6637, 1, 1.92069, 0, 3.09451, 1.92069, 0.101089, 0, 0, 0.101089, -6.99825, 1, 1, 9999, 9999, 9999, 9999, 9999, 9999, 9999, 9999, 1.92065, 9999, 4.6655, 0, 0, 0, 0, 0, 8000, 0, 0, 0, 0
1, 0.00000, 9.64197, 1, 1.92065, 0, 3.09467, 1.92065, 0.101087, 0, 0, 0.101087, -2.02178, 1, 1, 9999, 9999, 9999, 9999, 9999, 9999, 9999, 9999, 1.92065, 9999, 4.6655, 0, 0, 0, 0, 0, 8000, 0, 0, 0, 0
2, 0.00000, 7.62022, 1, 1.91785, 0, 3.0947, 1.91785, 0.100939, 0, 0, 0.100939, -2.02174, 1, 1, 9999, 9999, 9999, 9999, 9999, 9999, 9999, 9999, 1.91785, 9999, 4.6655, 0, 0, 0, 0, 0, 8000, 0, 0, 0, 0
1, 0.00000, 5.60144, 1, 1.92065, 0, 3.09469, 1.92065, 0.101087, 0, 0, 0.101087, -2.01879, 1, 1, 9999, 9999, 9999, 9999, 9999, 9999, 9999, 9999, 1.92065, 9999, 4.6655, 0, 0, 0, 0, 0, 8000, 0, 0, 0, 0
2, 0.00000, 5.5986, 0, 0, 4.78497E-6, 3.0947, -4.78497E-6, 4.78497E-6, 0, 4.78497E-6, 0, -0.00283854, 1, 1, 9999, 9999, 9999, 9999, 9999, 9999, 9999, 9999, 1.91785, 9999, 4.6655, 0, 0, 0, 0, 0, 8000, 0, 0, 0, 0
3, 0.00000, 5.5986, 0, 0, 1.15972E-6, 3.0947, -1.15972E-6, 1.15972E-6, 0, 1.15972E-6, 0, 0, 1, 1, 9999, 9999, 9999, 9999, 9999, 9999, 9999, 9999, 1.9234, 9999, 4.6655, 0, 0, 0, 0, 0, 8000, 0, 0, 0, 0
