hour,t(sec),kWh,State,kWOut,kWIn,kvarOut,DCkW,kWTotalLosses,kWInvLosses,kWIdlingLosses,kWChDchLosses,"kWh Chng",InvEff,InverterON,Vref,"Vavg (DRC)","VV Oper","VW Oper","DRC Oper","VV_DRC Oper","WP Oper","WV Oper",kWDesired,"kW VW Limit","Limit kWOut Function","kVA Exceeded","Grid voltage",di/dt,it,"it History","Rated VDC","Avg duty cycle","Target (Amps)","Series L","Max. Amps (phase)"
1, 0.00000, 11.6637, 1, 1.31685, 0, 3.09467, 1.31685, 0.0693077, 0, 0, 0.0693077, -6.99825, 1, 1, 9999, 9999, 9999, 9999, 9999, 9999, 9999, 9999, 1.31684, 9999, 4.6655, 0, 0, 0, 0, 0, 8000, 0, 0, 0, 0
1, 0.00000, 10.2776, 1, 1.31684, 0, 3.0947, 1.31684, 0.0693073, 0, 0, 0.0693073, -1.38615, 1, 1, 9999, 9999, 9999, 9999, 9999, 9999, 9999, 9999, 1.31684, 9999, 4.6655, 0, 0, 0, 0, 0, 8000, 0, 0, 0, 0
2, 0.00000, 8.89145, 1, 1.32239, 0, 3.0947, 1.32239, 0.0695994, 0, 0, 0.0695994, -1.38615, 1, 1, 9999, 9999, 9999, 9999, 9999, 9999, 9999, 9999, 1.32239, 9999, 4.6655, 0, 0, 0, 0, 0, 8000, 0, 0, 0, 0
1, 0.00000, 7.49946, 1, 1.31684, 0, 3.0947, 1.31684, 0.0693073, 0, 0, 0.0693073, -1.39199, 1, 1, 9999, 9999, 9999, 9999, 9999, 9999, 9999, 9999, 1.31684, 9999, 4.6655, 0, 0, 0, 0, 0, 8000, 0, 0, 0, 0
2, 0.00000, 6.11332, 1, 1.32239, 0, 3.0947, 1.32239, 0.0695994, 0, 0, 0.0695994, -1.38615, 1, 1, 9999, 9999, 9999, 9999, 9999, 9999, 9999, 9999, 1.32239, 9999, 4.6655, 0, 0, 0, 0, 0, 8000, 0, 0, 0, 0
3, 0.00000, 5.5986, 0, 0, 1.98119E-7, 3.0947, -1.98119E-7, 1.98119E-7, 0, 1.98119E-7, 0, -0.514716, 1, 1, 9999, 9999, 9999, 9999, 9999, 9999, 9999, 9999, 1.32873, 9999, 4.6655, 0, 0, 0, 0, 0, 8000, 0, 0, 0, 0
