hour,t(sec),kWh,State,kWOut,kWIn,kvarOut,DCkW,kWTotalLosses,kWInvLosses,kWIdlingLosses,kWChDchLosses,"kWh Chng",InvEff,InverterON,Vref,"Vavg (DRC)","VV Oper","VW Oper","DRC Oper","VV_DRC Oper","WP Oper","WV Oper",kWDesired,"kW VW Limit","Limit kWOut Function","kVA Exceeded","Grid voltage",di/dt,it,"it History","Rated VDC","Avg duty cycle","Target (Amps)","Series L","Max. Amps (phase)"
1, 0.00000, 5.83362, 1, 1.1245, 0, -1.54779, 1.1245, 0.0591845, 0, 0, 0.0591845, -3.50017, 1, 1, 9999, 9999, 9999, 9999, 9999, 9999, 9999, 9999, 1.12461, 9999, 2.3335, 0, 0, 0, 0, 0, 8000, 0, 0, 0, 0
1, 0.00000, 4.64994, 1, 1.12459, 0, -1.5478, 1.12459, 0.0591889, 0, 0, 0.0591889, -1.18369, 1, 1, 9999, 9999, 9999, 9999, 9999, 9999, 9999, 9999, 1.12461, 9999, 2.3335, 0, 0, 0, 0, 0, 8000, 0, 0, 0, 0
2, 0.00000, 3.46616, 1, 0.971693, 0, -1.5478, 0.971693, 0.0511417, 0, 0, 0.0511417, -1.18378, 1, 1, 9999, 9999, 9999, 9999, 9999, 9999, 9999, 9999, 0.971693, 9999, 2.3335, 0, 0, 0, 0, 0, 8000, 0, 0, 0, 0
1, 0.00000, 2.80014, 0, 0, 5.74389E-6, -1.5478, -5.74389E-6, 5.74389E-6, 0, 5.74389E-6, 0, -0.666017, 1, 1, 9999, 9999, 9999, 9999, 9999, 9999, 9999, 9999, 1.12461, 9999, 2.3335, 0, 0, 0, 0, 0, 8000, 0, 0, 0, 0
2, 0.00000, 2.80014, 0, 0, 2.59659E-6, -1.5478, -2.59659E-6, 2.59659E-6, 0, 2.59659E-6, 0, 0, 1, 1, 9999, 9999, 9999, 9999, 9999, 9999, 9999, 9999, 0.971693, 9999, 2.3335, 0, 0, 0, 0, 0, 8000, 0, 0, 0, 0
3, 0.00000, 2.80014, 0, 0, 6.15776E-7, -1.5478, -6.15776E-7, 6.15776E-7, 0, 6.15776E-7, 0, 0, 1, 1, 9999, 9999, 9999, 9999, 9999, 9999, 9999, 9999, 0.785573, 9999, 2.3335, 0, 0, 0, 0, 0, 8000, 0, 0, 0, 0
