hour,t(sec),kWh,State,kWOut,kWIn,kvarOut,DCkW,kWTotalLosses,kWInvLosses,kWIdlingLosses,kWChDchLosses,"kWh Chng",InvEff,InverterON,Vref,"Vavg (DRC)","VV Oper","VW Oper","DRC Oper","VV_DRC Oper","WP Oper","WV Oper",kWDesired,"kW VW Limit","Limit kWOut Function","kVA Exceeded","Grid voltage",di/dt,it,"it History","Rated VDC","Avg duty cycle","Target (Amps)","Series L","Max. Amps (phase)"
1, 0.00000, 5.83362, 1, 0.944282, 0, 1.54774, 0.944282, 0.049699, 0, 0, 0.049699, -3.50017, 1, 1, 9999, 9999, 9999, 9999, 9999, 9999, 9999, 9999, 0.944274, 9999, 2.3335, 0, 0, 0, 0, 0, 8000, 0, 0, 0, 0
1, 0.00000, 4.83964, 1, 0.944275, 0, 1.54779, 0.944275, 0.0496987, 0, 0, 0.0496987, -0.993981, 1, 1, 9999, 9999, 9999, 9999, 9999, 9999, 9999, 9999, 0.944274, 9999, 2.3335, 0, 0, 0, 0, 0, 8000, 0, 0, 0, 0
2, 0.00000, 3.84567, 1, 0.954028, 0, 1.5478, 0.954028, 0.050212, 0, 0, 0.050212, -0.993974, 1, 1, 9999, 9999, 9999, 9999, 9999, 9999, 9999, 9999, 0.954028, 9999, 2.3335, 0, 0, 0, 0, 0, 8000, 0, 0, 0, 0
1, 0.00000, 2.84143, 1, 0.944275, 0, 1.5478, 0.944275, 0.0496987, 0, 0, 0.0496987, -1.00424, 1, 1, 9999, 9999, 9999, 9999, 9999, 9999, 9999, 9999, 0.944274, 9999, 2.3335, 0, 0, 0, 0, 0, 8000, 0, 0, 0, 0
2, 0.00000, 2.80014, 0, 0, 1.12325E-6, 1.5478, -1.12325E-6, 1.12325E-6, 0, 1.12325E-6, 0, -0.04129, 1, 1, 9999, 9999, 9999, 9999, 9999, 9999, 9999, 9999, 0.954028, 9999, 2.3335, 0, 0, 0, 0, 0, 8000, 0, 0, 0, 0
3, 0.00000, 2.80014, 0, 0, 4.47877E-7, 1.5478, -4.47877E-7, 4.47877E-7, 0, 4.47877E-7, 0, 0, 1, 1, 9999, 9999, 9999, 9999, 9999, 9999, 9999, 9999, 0.983594, 9999, 2.3335, 0, 0, 0, 0, 0, 8000, 0, 0, 0, 0
