hour,t(sec),kWh,State,kWOut,kWIn,kvarOut,DCkW,kWTotalLosses,kWInvLosses,kWIdlingLosses,kWChDchLosses,"kWh Chng",InvEff,InverterON,Vref,"Vavg (DRC)","VV Oper","VW Oper","DRC Oper","VV_DRC Oper","WP Oper","WV Oper",kWDesired,"kW VW Limit","Limit kWOut Function","kVA Exceeded","Grid voltage",di/dt,it,"it History","Rated VDC","Avg duty cycle","Target (Amps)","Series L","Max. Amps (phase)"
1, 0.00000, 5.83362, 1, 0.98675, 0, 1.54773, 0.98675, 0.0519342, 0, 0, 0.0519342, -3.50017, 1, 1, 9999, 9999, 9999, 9999, 9999, 9999, 9999, 9999, 0.986744, 9999, 2.3335, 0, 0, 0, 0, 0, 8000, 0, 0, 0, 0
1, 0.00000, 4.79494, 1, 0.986745, 0, 1.54779, 0.986745, 0.0519339, 0, 0, 0.0519339, -1.03868, 1, 1, 9999, 9999, 9999, 9999, 9999, 9999, 9999, 9999, 0.986744, 9999, 2.3335, 0, 0, 0, 0, 0, 8000, 0, 0, 0, 0
2, 0.00000, 3.75626, 1, 0.945161, 0, 1.5478, 0.945161, 0.0497453, 0, 0, 0.0497453, -1.03868, 1, 1, 9999, 9999, 9999, 9999, 9999, 9999, 9999, 9999, 0.945161, 9999, 2.3335, 0, 0, 0, 0, 0, 8000, 0, 0, 0, 0
1, 0.00000, 2.80014, 0, 0, 2.83478E-6, 1.5478, -2.83478E-6, 2.83478E-6, 0, 2.83478E-6, 0, -0.956122, 1, 1, 9999, 9999, 9999, 9999, 9999, 9999, 9999, 9999, 0.986744, 9999, 2.3335, 0, 0, 0, 0, 0, 8000, 0, 0, 0, 0
2, 0.00000, 2.80014, 0, 0, 1.16375E-6, 1.5478, -1.16375E-6, 1.16375E-6, 0, 1.16375E-6, 0, 0, 1, 1, 9999, 9999, 9999, 9999, 9999, 9999, 9999, 9999, 0.945161, 9999, 2.3335, 0, 0, 0, 0, 0, 8000, 0, 0, 0, 0
3, 0.00000, 2.80014, 0, 0, 4.94626E-7, 1.5478, -4.94626E-7, 4.94626E-7, 0, 4.94626E-7, 0, 0, 1, 1, 9999, 9999, 9999, 9999, 9999, 9999, 9999, 9999, 0.949968, 9999, 2.3335, 0, 0, 0, 0, 0, 8000, 0, 0, 0, 0
