hour,t(sec),kWh,State,kWOut,kWIn,kvarOut,DCkW,kWTotalLosses,kWInvLosses,kWIdlingLosses,kWChDchLosses,"kWh Chng",InvEff,InverterON,Vref,"Vavg (DRC)","VV Oper","VW Oper","DRC Oper","VV_DRC Oper","WP Oper","WV Oper",kWDesired,"kW VW Limit","Limit kWOut Function","kVA Exceeded","Grid voltage",di/dt,it,"it History","Rated VDC","Avg duty cycle","Target (Amps)","Series L","Max. Amps (phase)"
1, 0.00000, 5.83362, 1, 0.970342, 0, 1.54778, 0.970342, 0.0510706, 0, 0, 0.0510706, -3.50017, 1, 1, 9999, 9999, 9999, 9999, 9999, 9999, 9999, 9999, 0.970339, 9999, 2.3335, 0, 0, 0, 0, 0, 8000, 0, 0, 0, 0
1, 0.00000, 4.81221, 1, 0.97034, 0, 1.5478, 0.97034, 0.0510705, 0, 0, 0.0510705, -1.02141, 1, 1, 9999, 9999, 9999, 9999, 9999, 9999, 9999, 9999, 0.970339, 9999, 2.3335, 0, 0, 0, 0, 0, 8000, 0, 0, 0, 0
2, 0.00000, 3.7908, 1, 0.961799, 0, 1.5478, 0.961799, 0.050621, 0, 0, 0.050621, -1.02141, 1, 1, 9999, 9999, 9999, 9999, 9999, 9999, 9999, 9999, 0.961799, 9999, 2.3335, 0, 0, 0, 0, 0, 8000, 0, 0, 0, 0
1, 0.00000, 2.80014, 0, 0, 7.30104E-7, 1.5478, -7.30104E-7, 7.30104E-7, 0, 7.30104E-7, 0, -0.990663, 1, 1, 9999, 9999, 9999, 9999, 9999, 9999, 9999, 9999, 0.970339, 9999, 2.3335, 0, 0, 0, 0, 0, 8000, 0, 0, 0, 0
2, 0.00000, 2.80014, 0, 0, 3.16276E-7, 1.5478, -3.16276E-7, 3.16276E-7, 0, 3.16276E-7, 0, 0, 1, 1, 9999, 9999, 9999, 9999, 9999, 9999, 9999, 9999, 0.961799, 9999, 2.3335, 0, 0, 0, 0, 0, 8000, 0, 0, 0, 0
3, 0.00000, 2.80014, 0, 0, 9.87454E-8, 1.5478, -9.87454E-8, 9.87454E-8, 0, 9.87454E-8, 0, 0, 1, 1, 9999, 9999, 9999, 9999, 9999, 9999, 9999, 9999, 0.949735, 9999, 2.3335, 0, 0, 0, 0, 0, 8000, 0, 0, 0, 0
