hour,t(sec),kWh,State,kWOut,kWIn,kvarOut,DCkW,kWTotalLosses,kWInvLosses,kWIdlingLosses,kWChDchLosses,"kWh Chng",InvEff,InverterON,Vref,"Vavg (DRC)","VV Oper","VW Oper","DRC Oper","VV_DRC Oper","WP Oper","WV Oper",kWDesired,"kW VW Limit","Limit kWOut Function","kVA Exceeded","Grid voltage",di/dt,it,"it History","Rated VDC","Avg duty cycle","Target (Amps)","Series L","Max. Amps (phase)"
1, 0.00000, 11.6637, 1, 1.92098, 0, 3.09451, 1.92098, 0.101104, 0, 0, 0.101104, -6.99825, 1, 1, 9999, 9999, 9999, 9999, 9999, 9999, 9999, 9999, 1.92093, 9999, 4.6655, 0, 0, 0, 0, 0, 8000, 0, 0, 0, 0
1, 0.00000, 9.64167, 1, 1.92094, 0, 3.09467, 1.92094, 0.101102, 0, 0, 0.101102, -2.02208, 1, 1, 9999, 9999, 9999, 9999, 9999, 9999, 9999, 9999, 1.92093, 9999, 4.6655, 0, 0, 0, 0, 0, 8000, 0, 0, 0, 0
2, 0.00000, 7.61963, 1, 1.92424, 0, 3.0947, 1.92424, 0.101276, 0, 0, 0.101276, -2.02204, 1, 1, 9999, 9999, 9999, 9999, 9999, 9999, 9999, 9999, 1.92424, 9999, 4.6655, 0, 0, 0, 0, 0, 8000, 0, 0, 0, 0
1, 0.00000, 5.5986, 0, 0, 0.0000110786, 3.09469, -0.0000110786, 0.0000110786, 0, 0.0000110786, 0, -2.02103, 1, 1, 9999, 9999, 9999, 9999, 9999, 9999, 9999, 9999, 1.92093, 9999, 4.6655, 0, 0, 0, 0, 0, 8000, 0, 0, 0, 0
2, 0.00000, 5.5986, 0, 0, 4.98226E-6, 3.0947, -4.98226E-6, 4.98226E-6, 0, 4.98226E-6, 0, 0, 1, 1, 9999, 9999, 9999, 9999, 9999, 9999, 9999, 9999, 1.92424, 9999, 4.6655, 0, 0, 0, 0, 0, 8000, 0, 0, 0, 0
3, 0.00000, 5.5986, 0, 0, 1.19476E-6, 3.0947, -1.19476E-6, 1.19476E-6, 0, 1.19476E-6, 0, 0, 1, 1, 9999, 9999, 9999, 9999, 9999, 9999, 9999, 9999, 1.91673, 9999, 4.6655, 0, 0, 0, 0, 0, 8000, 0, 0, 0, 0
