hour,t(sec),kWh,State,kWOut,kWIn,kvarOut,DCkW,kWTotalLosses,kWInvLosses,kWIdlingLosses,kWChDchLosses,"kWh Chng",InvEff,InverterON,Vref,"Vavg (DRC)","VV Oper","VW Oper","DRC Oper","VV_DRC Oper","WP Oper","WV Oper",kWDesired,"kW VW Limit","Limit kWOut Function","kVA Exceeded","Grid voltage",di/dt,it,"it History","Rated VDC","Avg duty cycle","Target (Amps)","Series L","Max. Amps (phase)"
1, 0.00000, 11.6637, 1, 1.93251, 0, 3.09458, 1.93251, 0.101711, 0, 0, 0.101711, -6.99825, 1, 1, 9999, 9999, 9999, 9999, 9999, 9999, 9999, 9999, 1.9325, 9999, 4.6655, 0, 0, 0, 0, 0, 8000, 0, 0, 0, 0
1, 0.00000, 9.62953, 1, 1.9325, 0, 3.09468, 1.9325, 0.10171, 0, 0, 0.10171, -2.03422, 1, 1, 9999, 9999, 9999, 9999, 9999, 9999, 9999, 9999, 1.9325, 9999, 4.6655, 0, 0, 0, 0, 0, 8000, 0, 0, 0, 0
2, 0.00000, 7.59532, 1, 1.92601, 0, 3.0947, 1.92601, 0.101369, 0, 0, 0.101369, -2.03421, 1, 1, 9999, 9999, 9999, 9999, 9999, 9999, 9999, 9999, 1.92601, 9999, 4.6655, 0, 0, 0, 0, 0, 8000, 0, 0, 0, 0
1, 0.00000, 5.5986, 0, 0, 5.22009E-6, 3.0947, -5.22009E-6, 5.22009E-6, 0, 5.22009E-6, 0, -1.99672, 1, 1, 9999, 9999, 9999, 9999, 9999, 9999, 9999, 9999, 1.9325, 9999, 4.6655, 0, 0, 0, 0, 0, 8000, 0, 0, 0, 0
2, 0.00000, 5.5986, 0, 0, 2.18595E-6, 3.0947, -2.18595E-6, 2.18595E-6, 0, 2.18595E-6, 0, 0, 1, 1, 9999, 9999, 9999, 9999, 9999, 9999, 9999, 9999, 1.92601, 9999, 4.6655, 0, 0, 0, 0, 0, 8000, 0, 0, 0, 0
3, 0.00000, 5.5986, 0, 0, 8.29979E-7, 3.0947, -8.29979E-7, 8.29979E-7, 0, 8.29979E-7, 0, 0, 1, 1, 9999, 9999, 9999, 9999, 9999, 9999, 9999, 9999, 1.90338, 9999, 4.6655, 0, 0, 0, 0, 0, 8000, 0, 0, 0, 0
