hour,t(sec),kWh,State,kWOut,kWIn,kvarOut,DCkW,kWTotalLosses,kWInvLosses,kWIdlingLosses,kWChDchLosses,"kWh Chng",InvEff,InverterON,Vref,"Vavg (DRC)","VV Oper","VW Oper","DRC Oper","VV_DRC Oper","WP Oper","WV Oper",kWDesired,"kW VW Limit","Limit kWOut Function","kVA Exceeded","Grid voltage",di/dt,it,"it History","Rated VDC","Avg duty cycle","Target (Amps)","Series L","Max. Amps (phase)"
1, 0.00000, 5.83362, 1, 1.09647, 0, 1.54773, 1.09647, 0.0577088, 0, 0, 0.0577088, -3.50017, 1, 1, 9999, 9999, 9999, 9999, 9999, 9999, 9999, 9999, 1.09646, 9999, 2.3335, 0, 0, 0, 0, 0, 8000, 0, 0, 0, 0
1, 0.00000, 4.67945, 1, 1.09647, 0, 1.54779, 1.09647, 0.0577087, 0, 0, 0.0577087, -1.15418, 1, 1, 9999, 9999, 9999, 9999, 9999, 9999, 9999, 9999, 1.09646, 9999, 2.3335, 0, 0, 0, 0, 0, 8000, 0, 0, 0, 0
2, 0.00000, 3.52527, 1, 0.970246, 0, 1.5478, 0.970246, 0.0510656, 0, 0, 0.0510656, -1.15417, 1, 1, 9999, 9999, 9999, 9999, 9999, 9999, 9999, 9999, 0.970246, 9999, 2.3335, 0, 0, 0, 0, 0, 8000, 0, 0, 0, 0
1, 0.00000, 2.80014, 0, 0, 2.78345E-6, 1.5478, -2.78345E-6, 2.78345E-6, 0, 2.78345E-6, 0, -0.725134, 1, 1, 9999, 9999, 9999, 9999, 9999, 9999, 9999, 9999, 1.09646, 9999, 2.3335, 0, 0, 0, 0, 0, 8000, 0, 0, 0, 0
2, 0.00000, 2.80014, 0, 0, 1.14727E-6, 1.5478, -1.14727E-6, 1.14727E-6, 0, 1.14727E-6, 0, 0, 1, 1, 9999, 9999, 9999, 9999, 9999, 9999, 9999, 9999, 0.970246, 9999, 2.3335, 0, 0, 0, 0, 0, 8000, 0, 0, 0, 0
3, 0.00000, 2.80014, 0, 0, 4.7723E-7, 1.5478, -4.7723E-7, 4.7723E-7, 0, 4.7723E-7, 0, 0, 1, 1, 9999, 9999, 9999, 9999, 9999, 9999, 9999, 9999, 0.815162, 9999, 2.3335, 0, 0, 0, 0, 0, 8000, 0, 0, 0, 0
