hour,t(sec),kWh,State,kWOut,kWIn,kvarOut,DCkW,kWTotalLosses,kWInvLosses,kWIdlingLosses,kWChDchLosses,"kWh Chng",InvEff,InverterON,Vref,"Vavg (DRC)","VV Oper","VW Oper","DRC Oper","VV_DRC Oper","WP Oper","WV Oper",kWDesired,"kW VW Limit","Limit kWOut Function","kVA Exceeded","Grid voltage",di/dt,it,"it History","Rated VDC","Avg duty cycle","Target (Amps)","Series L","Max. Amps (phase)"
1, 0.00000, 11.6637, 1, 1.92451, 0, -3.09468, 1.92451, 0.10129, 0, 0, 0.10129, -6.99825, 1, 1, 9999, 9999, 9999, 9999, 9999, 9999, 9999, 9999, 1.92471, 9999, 4.6655, 0, 0, 0, 0, 0, 8000, 0, 0, 0, 0
1, 0.00000, 9.63795, 1, 1.92467, 0, -3.0947, 1.92467, 0.101299, 0, 0, 0.101299, -2.0258, 1, 1, 9999, 9999, 9999, 9999, 9999, 9999, 9999, 9999, 1.92471, 9999, 4.6655, 0, 0, 0, 0, 0, 8000, 0, 0, 0, 0
2, 0.00000, 7.61198, 1, 1.92317, 0, -3.0947, 1.92317, 0.101219, 0, 0, 0.101219, -2.02597, 1, 1, 9999, 9999, 9999, 9999, 9999, 9999, 9999, 9999, 1.92317, 9999, 4.6655, 0, 0, 0, 0, 0, 8000, 0, 0, 0, 0
1, 0.00000, 5.5986, 0, 0, 0.0000119466, -3.09469, -0.0000119466, 0.0000119466, 0, 0.0000119466, 0, -2.01338, 1, 1, 9999, 9999, 9999, 9999, 9999, 9999, 9999, 9999, 1.92471, 9999, 4.6655, 0, 0, 0, 0, 0, 8000, 0, 0, 0, 0
2, 0.00000, 5.5986, 0, 0, 5.40581E-6, -3.0947, -5.40581E-6, 5.40581E-6, 0, 5.40581E-6, 0, 0, 1, 1, 9999, 9999, 9999, 9999, 9999, 9999, 9999, 9999, 1.92317, 9999, 4.6655, 0, 0, 0, 0, 0, 8000, 0, 0, 0, 0
3, 0.00000, 5.5986, 0, 0, 1.26749E-6, -3.0947, -1.26749E-6, 1.26749E-6, 0, 1.26749E-6, 0, 0, 1, 1, 9999, 9999, 9999, 9999, 9999, 9999, 9999, 9999, 1.91402, 9999, 4.6655, 0, 0, 0, 0, 0, 8000, 0, 0, 0, 0
