hour,t(sec),kWh,State,kWOut,kWIn,kvarOut,DCkW,kWTotalLosses,kWInvLosses,kWIdlingLosses,kWChDchLosses,"kWh Chng",InvEff,InverterON,Vref,"Vavg (DRC)","VV Oper","VW Oper","DRC Oper","VV_DRC Oper","WP Oper","WV Oper",kWDesired,"kW VW Limit","Limit kWOut Function","kVA Exceeded","Grid voltage",di/dt,it,"it History","Rated VDC","Avg duty cycle","Target (Amps)","Series L","Max. Amps (phase)"
1, 0.00000, 5.83362, 1, 0.999105, 0, -1.54779, 0.999105, 0.0525845, 0, 0, 0.0525845, -3.50017, 1, 1, 9999, 9999, 9999, 9999, 9999, 9999, 9999, 9999, 0.999205, 9999, 2.3335, 0, 0, 0, 0, 0, 8000, 0, 0, 0, 0
1, 0.00000, 4.78194, 1, 0.999188, 0, -1.5478, 0.999188, 0.0525888, 0, 0, 0.0525888, -1.05169, 1, 1, 9999, 9999, 9999, 9999, 9999, 9999, 9999, 9999, 0.999205, 9999, 2.3335, 0, 0, 0, 0, 0, 8000, 0, 0, 0, 0
2, 0.00000, 3.73016, 1, 0.972556, 0, -1.5478, 0.972556, 0.0511872, 0, 0, 0.0511872, -1.05178, 1, 1, 9999, 9999, 9999, 9999, 9999, 9999, 9999, 9999, 0.972556, 9999, 2.3335, 0, 0, 0, 0, 0, 8000, 0, 0, 0, 0
1, 0.00000, 2.80014, 0, 0, 5.9372E-6, -1.5478, -5.9372E-6, 5.9372E-6, 0, 5.9372E-6, 0, -0.930018, 1, 1, 9999, 9999, 9999, 9999, 9999, 9999, 9999, 9999, 0.999205, 9999, 2.3335, 0, 0, 0, 0, 0, 8000, 0, 0, 0, 0
2, 0.00000, 2.80014, 0, 0, 2.6932E-6, -1.5478, -2.6932E-6, 2.6932E-6, 0, 2.6932E-6, 0, 0, 1, 1, 9999, 9999, 9999, 9999, 9999, 9999, 9999, 9999, 0.972556, 9999, 2.3335, 0, 0, 0, 0, 0, 8000, 0, 0, 0, 0
3, 0.00000, 2.80014, 0, 0, 6.32206E-7, -1.5478, -6.32206E-7, 6.32206E-7, 0, 6.32206E-7, 0, 0, 1, 1, 9999, 9999, 9999, 9999, 9999, 9999, 9999, 9999, 0.910088, 9999, 2.3335, 0, 0, 0, 0, 0, 8000, 0, 0, 0, 0
