hour,t(sec),kWh,State,kWOut,kWIn,kvarOut,DCkW,kWTotalLosses,kWInvLosses,kWIdlingLosses,kWChDchLosses,"kWh Chng",InvEff,InverterON,Vref,"Vavg (DRC)","VV Oper","VW Oper","DRC Oper","VV_DRC Oper","WP Oper","WV Oper",kWDesired,"kW VW Limit","Limit kWOut Function","kVA Exceeded","Grid voltage",di/dt,it,"it History","Rated VDC","Avg duty cycle","Target (Amps)","Series L","Max. Amps (phase)"
1, 0.00000, 11.6637, 1, 1.95779, 0, 3.09451, 1.95779, 0.103041, 0, 0, 0.103041, -6.99825, 1, 1, 9999, 9999, 9999, 9999, 9999, 9999, 9999, 9999, 1.95774, 9999, 4.6655, 0, 0, 0, 0, 0, 8000, 0, 0, 0, 0
1, 0.00000, 9.60292, 1, 1.95775, 0, 3.09467, 1.95775, 0.103039, 0, 0, 0.103039, -2.06083, 1, 1, 9999, 9999, 9999, 9999, 9999, 9999, 9999, 9999, 1.95774, 9999, 4.6655, 0, 0, 0, 0, 0, 8000, 0, 0, 0, 0
2, 0.00000, 7.54214, 1, 1.91738, 0, 3.0947, 1.91738, 0.100915, 0, 0, 0.100915, -2.06079, 1, 1, 9999, 9999, 9999, 9999, 9999, 9999, 9999, 9999, 1.91738, 9999, 4.6655, 0, 0, 0, 0, 0, 8000, 0, 0, 0, 0
1, 0.00000, 5.5986, 0, 0, 0.0000106039, 3.09469, -0.0000106039, 0.0000106039, 0, 0.0000106039, 0, -1.94354, 1, 1, 9999, 9999, 9999, 9999, 9999, 9999, 9999, 9999, 1.95774, 9999, 4.6655, 0, 0, 0, 0, 0, 8000, 0, 0, 0, 0
2, 0.00000, 5.5986, 0, 0, 4.78397E-6, 3.0947, -4.78397E-6, 4.78397E-6, 0, 4.78397E-6, 0, 0, 1, 1, 9999, 9999, 9999, 9999, 9999, 9999, 9999, 9999, 1.91738, 9999, 4.6655, 0, 0, 0, 0, 0, 8000, 0, 0, 0, 0
3, 0.00000, 5.5986, 0, 0, 1.15983E-6, 3.0947, -1.15983E-6, 1.15983E-6, 0, 1.15983E-6, 0, 0, 1, 1, 9999, 9999, 9999, 9999, 9999, 9999, 9999, 9999, 1.88677, 9999, 4.6655, 0, 0, 0, 0, 0, 8000, 0, 0, 0, 0
