hour,t(sec),kWh,State,kWOut,kWIn,kvarOut,DCkW,kWTotalLosses,kWInvLosses,kWIdlingLosses,kWChDchLosses,"kWh Chng",InvEff,InverterON,Vref,"Vavg (DRC)","VV Oper","VW Oper","DRC Oper","VV_DRC Oper","WP Oper","WV Oper",kWDesired,"kW VW Limit","Limit kWOut Function","kVA Exceeded","Grid voltage",di/dt,it,"it History","Rated VDC","Avg duty cycle","Target (Amps)","Series L","Max. Amps (phase)"
1, 0.00000, 5.83362, 1, 0.934102, 0, 1.54771, 0.934102, 0.0491633, 0, 0, 0.0491633, -3.50017, 1, 1, 9999, 9999, 9999, 9999, 9999, 9999, 9999, 9999, 0.934077, 9999, 2.3335, 0, 0, 0, 0, 0, 8000, 0, 0, 0, 0
1, 0.00000, 4.85036, 1, 0.934081, 0, 1.54778, 0.934081, 0.0491622, 0, 0, 0.0491622, -0.983265, 1, 1, 9999, 9999, 9999, 9999, 9999, 9999, 9999, 9999, 0.934077, 9999, 2.3335, 0, 0, 0, 0, 0, 8000, 0, 0, 0, 0
2, 0.00000, 3.86712, 1, 0.949991, 0, 1.5478, 0.949991, 0.0499995, 0, 0, 0.0499995, -0.983243, 1, 1, 9999, 9999, 9999, 9999, 9999, 9999, 9999, 9999, 0.949991, 9999, 2.3335, 0, 0, 0, 0, 0, 8000, 0, 0, 0, 0
1, 0.00000, 2.86713, 1, 0.93408, 0, 1.54779, 0.93408, 0.0491621, 0, 0, 0.0491621, -0.999991, 1, 1, 9999, 9999, 9999, 9999, 9999, 9999, 9999, 9999, 0.934077, 9999, 2.3335, 0, 0, 0, 0, 0, 8000, 0, 0, 0, 0
2, 0.00000, 2.80014, 0, 0, 2.35912E-6, 1.5478, -2.35912E-6, 2.35912E-6, 0, 2.35912E-6, 0, -0.0669855, 1, 1, 9999, 9999, 9999, 9999, 9999, 9999, 9999, 9999, 0.949991, 9999, 2.3335, 0, 0, 0, 0, 0, 8000, 0, 0, 0, 0
3, 0.00000, 2.80014, 0, 0, 5.73416E-7, 1.5478, -5.73416E-7, 5.73416E-7, 0, 5.73416E-7, 0, 0, 1, 1, 9999, 9999, 9999, 9999, 9999, 9999, 9999, 9999, 0.997828, 9999, 2.3335, 0, 0, 0, 0, 0, 8000, 0, 0, 0, 0
