hour,t(sec),kWh,State,kWOut,kWIn,kvarOut,DCkW,kWTotalLosses,kWInvLosses,kWIdlingLosses,kWChDchLosses,"kWh Chng",InvEff,InverterON,Vref,"Vavg (DRC)","VV Oper","VW Oper","DRC Oper","VV_DRC Oper","WP Oper","WV Oper",kWDesired,"kW VW Limit","Limit kWOut Function","kVA Exceeded","Grid voltage",di/dt,it,"it History","Rated VDC","Avg duty cycle","Target (Amps)","Series L","Max. Amps (phase)"
1, 0.00000, 11.6637, 1, 1.90826, 0, 3.09459, 1.90826, 0.100435, 0, 0, 0.100435, -6.99825, 1, 1, 9999, 9999, 9999, 9999, 9999, 9999, 9999, 9999, 1.90824, 9999, 4.6655, 0, 0, 0, 0, 0, 8000, 0, 0, 0, 0
1, 0.00000, 9.65506, 1, 1.90824, 0, 3.09468, 1.90824, 0.100434, 0, 0, 0.100434, -2.00869, 1, 1, 9999, 9999, 9999, 9999, 9999, 9999, 9999, 9999, 1.90824, 9999, 4.6655, 0, 0, 0, 0, 0, 8000, 0, 0, 0, 0
2, 0.00000, 7.64638, 1, 1.91897, 0, 3.0947, 1.91897, 0.100998, 0, 0, 0.100998, -2.00867, 1, 1, 9999, 9999, 9999, 9999, 9999, 9999, 9999, 9999, 1.91897, 9999, 4.6655, 0, 0, 0, 0, 0, 8000, 0, 0, 0, 0
1, 0.00000, 5.62642, 1, 1.90824, 0, 3.09469, 1.90824, 0.100434, 0, 0, 0.100434, -2.01996, 1, 1, 9999, 9999, 9999, 9999, 9999, 9999, 9999, 9999, 1.90824, 9999, 4.6655, 0, 0, 0, 0, 0, 8000, 0, 0, 0, 0
2, 0.00000, 5.5986, 0, 0, 2.44986E-6, 3.0947, -2.44986E-6, 2.44986E-6, 0, 2.44986E-6, 0, -0.0278192, 1, 1, 9999, 9999, 9999, 9999, 9999, 9999, 9999, 9999, 1.91897, 9999, 4.6655, 0, 0, 0, 0, 0, 8000, 0, 0, 0, 0
3, 0.00000, 5.5986, 0, 0, 7.08347E-7, 3.0947, -7.08347E-7, 7.08347E-7, 0, 7.08347E-7, 0, 0, 1, 1, 9999, 9999, 9999, 9999, 9999, 9999, 9999, 9999, 1.93464, 9999, 4.6655, 0, 0, 0, 0, 0, 8000, 0, 0, 0, 0
