hour,t(sec),kWh,State,kWOut,kWIn,kvarOut,DCkW,kWTotalLosses,kWInvLosses,kWIdlingLosses,kWChDchLosses,"kWh Chng",InvEff,InverterON,Vref,"Vavg (DRC)","VV Oper","VW Oper","DRC Oper","VV_DRC Oper","WP Oper","WV Oper",kWDesired,"kW VW Limit","Limit kWOut Function","kVA Exceeded","Grid voltage",di/dt,it,"it History","Rated VDC","Avg duty cycle","Target (Amps)","Series L","Max. Amps (phase)"
1, 0.00000, 5.83362, 1, 1.00709, 0, -1.54779, 1.00709, 0.0530046, 0, 0, 0.0530046, -3.50017, 1, 1, 9999, 9999, 9999, 9999, 9999, 9999, 9999, 9999, 1.00719, 9999, 2.3335, 0, 0, 0, 0, 0, 8000, 0, 0, 0, 0
1, 0.00000, 4.77353, 1, 1.00717, 0, -1.5478, 1.00717, 0.0530089, 0, 0, 0.0530089, -1.06009, 1, 1, 9999, 9999, 9999, 9999, 9999, 9999, 9999, 9999, 1.00719, 9999, 2.3335, 0, 0, 0, 0, 0, 8000, 0, 0, 0, 0
2, 0.00000, 3.71336, 1, 0.960842, 0, -1.5478, 0.960842, 0.0505706, 0, 0, 0.0505706, -1.06018, 1, 1, 9999, 9999, 9999, 9999, 9999, 9999, 9999, 9999, 0.960842, 9999, 2.3335, 0, 0, 0, 0, 0, 8000, 0, 0, 0, 0
1, 0.00000, 2.80014, 0, 0, 5.8997E-6, -1.5478, -5.8997E-6, 5.8997E-6, 0, 5.8997E-6, 0, -0.913216, 1, 1, 9999, 9999, 9999, 9999, 9999, 9999, 9999, 9999, 1.00719, 9999, 2.3335, 0, 0, 0, 0, 0, 8000, 0, 0, 0, 0
2, 0.00000, 2.80014, 0, 0, 2.6755E-6, -1.5478, -2.6755E-6, 2.6755E-6, 0, 2.6755E-6, 0, 0, 1, 1, 9999, 9999, 9999, 9999, 9999, 9999, 9999, 9999, 0.960842, 9999, 2.3335, 0, 0, 0, 0, 0, 8000, 0, 0, 0, 0
3, 0.00000, 2.80014, 0, 0, 6.28504E-7, -1.5478, -6.28504E-7, 6.28504E-7, 0, 6.28504E-7, 0, 0, 1, 1, 9999, 9999, 9999, 9999, 9999, 9999, 9999, 9999, 0.913845, 9999, 2.3335, 0, 0, 0, 0, 0, 8000, 0, 0, 0, 0
