hour,t(sec),kWh,State,kWOut,kWIn,kvarOut,DCkW,kWTotalLosses,kWInvLosses,kWIdlingLosses,kWChDchLosses,"kWh Chng",InvEff,InverterON,Vref,"Vavg (DRC)","VV Oper","VW Oper","DRC Oper","VV_DRC Oper","WP Oper","WV Oper",kWDesired,"kW VW Limit","Limit kWOut Function","kVA Exceeded","Grid voltage",di/dt,it,"it History","Rated VDC","Avg duty cycle","Target (Amps)","Series L","Max. Amps (phase)"
1, 0.00000, 5.83362, 1, 0.950279, 0, 1.54775, 0.950279, 0.0500147, 0, 0, 0.0500147, -3.50017, 1, 1, 9999, 9999, 9999, 9999, 9999, 9999, 9999, 9999, 0.950271, 9999, 2.3335, 0, 0, 0, 0, 0, 8000, 0, 0, 0, 0
1, 0.00000, 4.83333, 1, 0.950273, 0, 1.54779, 0.950273, 0.0500143, 0, 0, 0.0500143, -1.00029, 1, 1, 9999, 9999, 9999, 9999, 9999, 9999, 9999, 9999, 0.950271, 9999, 2.3335, 0, 0, 0, 0, 0, 8000, 0, 0, 0, 0
2, 0.00000, 3.83304, 1, 0.952838, 0, 1.5478, 0.952838, 0.0501494, 0, 0, 0.0501494, -1.00029, 1, 1, 9999, 9999, 9999, 9999, 9999, 9999, 9999, 9999, 0.952838, 9999, 2.3335, 0, 0, 0, 0, 0, 8000, 0, 0, 0, 0
1, 0.00000, 2.83006, 1, 0.950272, 0, 1.5478, 0.950272, 0.0500143, 0, 0, 0.0500143, -1.00299, 1, 1, 9999, 9999, 9999, 9999, 9999, 9999, 9999, 9999, 0.950271, 9999, 2.3335, 0, 0, 0, 0, 0, 8000, 0, 0, 0, 0
2, 0.00000, 2.80014, 0, 0, 9.66509E-7, 1.5478, -9.66509E-7, 9.66509E-7, 0, 9.66509E-7, 0, -0.0299172, 1, 1, 9999, 9999, 9999, 9999, 9999, 9999, 9999, 9999, 0.952838, 9999, 2.3335, 0, 0, 0, 0, 0, 8000, 0, 0, 0, 0
3, 0.00000, 2.80014, 0, 0, 3.04477E-7, 1.5478, -3.04477E-7, 3.04477E-7, 0, 3.04477E-7, 0, 0, 1, 1, 9999, 9999, 9999, 9999, 9999, 9999, 9999, 9999, 0.978763, 9999, 2.3335, 0, 0, 0, 0, 0, 8000, 0, 0, 0, 0
