hour,t(sec),kWh,State,kWOut,kWIn,kvarOut,DCkW,kWTotalLosses,kWInvLosses,kWIdlingLosses,kWChDchLosses,"kWh Chng",InvEff,InverterON,Vref,"Vavg (DRC)","VV Oper","VW Oper","DRC Oper","VV_DRC Oper","WP Oper","WV Oper",kWDesired,"kW VW Limit","Limit kWOut Function","kVA Exceeded","Grid voltage",di/dt,it,"it History","Rated VDC","Avg duty cycle","Target (Amps)","Series L","Max. Amps (phase)"
1, 0.00000, 11.6637, 1, 1.94338, 0, 3.09458, 1.94338, 0.102283, 0, 0, 0.102283, -6.99825, 1, 1, 9999, 9999, 9999, 9999, 9999, 9999, 9999, 9999, 1.94337, 9999, 4.6655, 0, 0, 0, 0, 0, 8000, 0, 0, 0, 0
1, 0.00000, 9.61809, 1, 1.94337, 0, 3.09468, 1.94337, 0.102283, 0, 0, 0.102283, -2.04566, 1, 1, 9999, 9999, 9999, 9999, 9999, 9999, 9999, 9999, 1.94337, 9999, 4.6655, 0, 0, 0, 0, 0, 8000, 0, 0, 0, 0
2, 0.00000, 7.57243, 1, 1.93222, 0, 3.0947, 1.93222, 0.101696, 0, 0, 0.101696, -2.04565, 1, 1, 9999, 9999, 9999, 9999, 9999, 9999, 9999, 9999, 1.93222, 9999, 4.6655, 0, 0, 0, 0, 0, 8000, 0, 0, 0, 0
1, 0.00000, 5.5986, 0, 0, 5.40383E-6, 3.09469, -5.40383E-6, 5.40383E-6, 0, 5.40383E-6, 0, -1.97383, 1, 1, 9999, 9999, 9999, 9999, 9999, 9999, 9999, 9999, 1.94337, 9999, 4.6655, 0, 0, 0, 0, 0, 8000, 0, 0, 0, 0
2, 0.00000, 5.5986, 0, 0, 2.24352E-6, 3.0947, -2.24352E-6, 2.24352E-6, 0, 2.24352E-6, 0, 0, 1, 1, 9999, 9999, 9999, 9999, 9999, 9999, 9999, 9999, 1.93222, 9999, 4.6655, 0, 0, 0, 0, 0, 8000, 0, 0, 0, 0
3, 0.00000, 5.5986, 0, 0, 8.93735E-7, 3.0947, -8.93735E-7, 8.93735E-7, 0, 8.93735E-7, 0, 0, 1, 1, 9999, 9999, 9999, 9999, 9999, 9999, 9999, 9999, 1.88626, 9999, 4.6655, 0, 0, 0, 0, 0, 8000, 0, 0, 0, 0
