hour,t(sec),kWh,State,kWOut,kWIn,kvarOut,DCkW,kWTotalLosses,kWInvLosses,kWIdlingLosses,kWChDchLosses,"kWh Chng",InvEff,InverterON,Vref,"Vavg (DRC)","VV Oper","VW Oper","DRC Oper","VV_DRC Oper","WP Oper","WV Oper",kWDesired,"kW VW Limit","Limit kWOut Function","kVA Exceeded","Grid voltage",di/dt,it,"it History","Rated VDC","Avg duty cycle","Target (Amps)","Series L","Max. Amps (phase)"
1, 0.00000, 11.6637, 1, 1.92892, 0, 3.09461, 1.92892, 0.101522, 0, 0, 0.101522, -6.99825, 1, 1, 9999, 9999, 9999, 9999, 9999, 9999, 9999, 9999, 1.9289, 9999, 4.6655, 0, 0, 0, 0, 0, 8000, 0, 0, 0, 0
1, 0.00000, 9.63331, 1, 1.92891, 0, 3.09468, 1.92891, 0.101521, 0, 0, 0.101521, -2.03044, 1, 1, 9999, 9999, 9999, 9999, 9999, 9999, 9999, 9999, 1.9289, 9999, 4.6655, 0, 0, 0, 0, 0, 8000, 0, 0, 0, 0
2, 0.00000, 7.60288, 1, 1.92979, 0, 3.0947, 1.92979, 0.101568, 0, 0, 0.101568, -2.03043, 1, 1, 9999, 9999, 9999, 9999, 9999, 9999, 9999, 9999, 1.92979, 9999, 4.6655, 0, 0, 0, 0, 0, 8000, 0, 0, 0, 0
1, 0.00000, 5.5986, 0, 0, 4.47693E-6, 3.0947, -4.47693E-6, 4.47693E-6, 0, 4.47693E-6, 0, -2.00428, 1, 1, 9999, 9999, 9999, 9999, 9999, 9999, 9999, 9999, 1.9289, 9999, 4.6655, 0, 0, 0, 0, 0, 8000, 0, 0, 0, 0
2, 0.00000, 5.5986, 0, 0, 1.93627E-6, 3.0947, -1.93627E-6, 1.93627E-6, 0, 1.93627E-6, 0, 0, 1, 1, 9999, 9999, 9999, 9999, 9999, 9999, 9999, 9999, 1.92979, 9999, 4.6655, 0, 0, 0, 0, 0, 8000, 0, 0, 0, 0
3, 0.00000, 5.5986, 0, 0, 6.10262E-7, 3.0947, -6.10262E-7, 6.10262E-7, 0, 6.10262E-7, 0, 0, 1, 1, 9999, 9999, 9999, 9999, 9999, 9999, 9999, 9999, 1.9032, 9999, 4.6655, 0, 0, 0, 0, 0, 8000, 0, 0, 0, 0
