hour,t(sec),kWh,State,kWOut,kWIn,kvarOut,DCkW,kWTotalLosses,kWInvLosses,kWIdlingLosses,kWChDchLosses,"kWh Chng",InvEff,InverterON,Vref,"Vavg (DRC)","VV Oper","VW Oper","DRC Oper","VV_DRC Oper","WP Oper","WV Oper",kWDesired,"kW VW Limit","Limit kWOut Function","kVA Exceeded","Grid voltage",di/dt,it,"it History","Rated VDC","Avg duty cycle","Target (Amps)","Series L","Max. Amps (phase)"
1, 0.00000, 11.6637, 1, 2.23467, 0, -3.09469, 2.23467, 0.117614, 0, 0, 0.117614, -6.99825, 1, 1, 9999, 9999, 9999, 9999, 9999, 9999, 9999, 9999, 2.23487, 9999, 4.6655, 0, 0, 0, 0, 0, 8000, 0, 0, 0, 0
1, 0.00000, 9.31147, 1, 2.23483, 0, -3.0947, 2.23483, 0.117623, 0, 0, 0.117623, -2.35228, 1, 1, 9999, 9999, 9999, 9999, 9999, 9999, 9999, 9999, 2.23487, 9999, 4.6655, 0, 0, 0, 0, 0, 8000, 0, 0, 0, 0
2, 0.00000, 6.95901, 1, 1.96707, 0, -3.0947, 1.96707, 0.10353, 0, 0, 0.10353, -2.35246, 1, 1, 9999, 9999, 9999, 9999, 9999, 9999, 9999, 9999, 1.96707, 9999, 4.6655, 0, 0, 0, 0, 0, 8000, 0, 0, 0, 0
1, 0.00000, 5.5986, 0, 0, 0.0000113653, -3.09469, -0.0000113653, 0.0000113653, 0, 0.0000113653, 0, -1.36041, 1, 1, 9999, 9999, 9999, 9999, 9999, 9999, 9999, 9999, 2.23487, 9999, 4.6655, 0, 0, 0, 0, 0, 8000, 0, 0, 0, 0
2, 0.00000, 5.5986, 0, 0, 5.13265E-6, -3.0947, -5.13265E-6, 5.13265E-6, 0, 5.13265E-6, 0, 0, 1, 1, 9999, 9999, 9999, 9999, 9999, 9999, 9999, 9999, 1.96707, 9999, 4.6655, 0, 0, 0, 0, 0, 8000, 0, 0, 0, 0
3, 0.00000, 5.5986, 0, 0, 1.22069E-6, -3.0947, -1.22069E-6, 1.22069E-6, 0, 1.22069E-6, 0, 0, 1, 1, 9999, 9999, 9999, 9999, 9999, 9999, 9999, 9999, 1.55996, 9999, 4.6655, 0, 0, 0, 0, 0, 8000, 0, 0, 0, 0
