hour,t(sec),kWh,State,kWOut,kWIn,kvarOut,DCkW,kWTotalLosses,kWInvLosses,kWIdlingLosses,kWChDchLosses,"kWh Chng",InvEff,InverterON,Vref,"Vavg (DRC)","VV Oper","VW Oper","DRC Oper","VV_DRC Oper","WP Oper","WV Oper",kWDesired,"kW VW Limit","Limit kWOut Function","kVA Exceeded","Grid voltage",di/dt,it,"it History","Rated VDC","Avg duty cycle","Target (Amps)","Series L","Max. Amps (phase)"
1, 0.00000, 11.6637, 1, 1.88697, 0, 3.09463, 1.88697, 0.0993143, 0, 0, 0.0993143, -6.99825, 1, 1, 9999, 9999, 9999, 9999, 9999, 9999, 9999, 9999, 1.88696, 9999, 4.6655, 0, 0, 0, 0, 0, 8000, 0, 0, 0, 0
1, 0.00000, 9.67746, 1, 1.88696, 0, 3.09469, 1.88696, 0.0993139, 0, 0, 0.0993139, -1.98629, 1, 1, 9999, 9999, 9999, 9999, 9999, 9999, 9999, 9999, 1.88696, 9999, 4.6655, 0, 0, 0, 0, 0, 8000, 0, 0, 0, 0
2, 0.00000, 7.69119, 1, 1.91883, 0, 3.0947, 1.91883, 0.100991, 0, 0, 0.100991, -1.98628, 1, 1, 9999, 9999, 9999, 9999, 9999, 9999, 9999, 9999, 1.91883, 9999, 4.6655, 0, 0, 0, 0, 0, 8000, 0, 0, 0, 0
1, 0.00000, 5.67137, 1, 1.88696, 0, 3.0947, 1.88696, 0.0993138, 0, 0, 0.0993138, -2.01982, 1, 1, 9999, 9999, 9999, 9999, 9999, 9999, 9999, 9999, 1.88696, 9999, 4.6655, 0, 0, 0, 0, 0, 8000, 0, 0, 0, 0
2, 0.00000, 5.5986, 0, 0, 1.44731E-6, 3.0947, -1.44731E-6, 1.44731E-6, 0, 1.44731E-6, 0, -0.072768, 1, 1, 9999, 9999, 9999, 9999, 9999, 9999, 9999, 9999, 1.91883, 9999, 4.6655, 0, 0, 0, 0, 0, 8000, 0, 0, 0, 0
3, 0.00000, 5.5986, 0, 0, 4.54705E-7, 3.0947, -4.54705E-7, 4.54705E-7, 0, 4.54705E-7, 0, 0, 1, 1, 9999, 9999, 9999, 9999, 9999, 9999, 9999, 9999, 1.95615, 9999, 4.6655, 0, 0, 0, 0, 0, 8000, 0, 0, 0, 0
