hour,t(sec),kWh,State,kWOut,kWIn,kvarOut,DCkW,kWTotalLosses,kWInvLosses,kWIdlingLosses,kWChDchLosses,"kWh Chng",InvEff,InverterON,Vref,"Vavg (DRC)","VV Oper","VW Oper","DRC Oper","VV_DRC Oper","WP Oper","WV Oper",kWDesired,"kW VW Limit","Limit kWOut Function","kVA Exceeded","Grid voltage",di/dt,it,"it History","Rated VDC","Avg duty cycle","Target (Amps)","Series L","Max. Amps (phase)"
1, 0.00000, 5.83362, 1, 0.984112, 0, 1.54777, 0.984112, 0.0517954, 0, 0, 0.0517954, -3.50017, 1, 1, 9999, 9999, 9999, 9999, 9999, 9999, 9999, 9999, 0.984107, 9999, 2.3335, 0, 0, 0, 0, 0, 8000, 0, 0, 0, 0
1, 0.00000, 4.79772, 1, 0.984108, 0, 1.54779, 0.984108, 0.0517952, 0, 0, 0.0517952, -1.03591, 1, 1, 9999, 9999, 9999, 9999, 9999, 9999, 9999, 9999, 0.984107, 9999, 2.3335, 0, 0, 0, 0, 0, 8000, 0, 0, 0, 0
2, 0.00000, 3.76181, 1, 0.960492, 0, 1.5478, 0.960492, 0.0505522, 0, 0, 0.0505522, -1.0359, 1, 1, 9999, 9999, 9999, 9999, 9999, 9999, 9999, 9999, 0.960492, 9999, 2.3335, 0, 0, 0, 0, 0, 8000, 0, 0, 0, 0
1, 0.00000, 2.80014, 0, 0, 1.66724E-6, 1.5478, -1.66724E-6, 1.66724E-6, 0, 1.66724E-6, 0, -0.961675, 1, 1, 9999, 9999, 9999, 9999, 9999, 9999, 9999, 9999, 0.984107, 9999, 2.3335, 0, 0, 0, 0, 0, 8000, 0, 0, 0, 0
2, 0.00000, 2.80014, 0, 0, 7.22946E-7, 1.5478, -7.22946E-7, 7.22946E-7, 0, 7.22946E-7, 0, 0, 1, 1, 9999, 9999, 9999, 9999, 9999, 9999, 9999, 9999, 0.960492, 9999, 2.3335, 0, 0, 0, 0, 0, 8000, 0, 0, 0, 0
3, 0.00000, 2.80014, 0, 0, 2.27104E-7, 1.5478, -2.27104E-7, 2.27104E-7, 0, 2.27104E-7, 0, 0, 1, 1, 9999, 9999, 9999, 9999, 9999, 9999, 9999, 9999, 0.937274, 9999, 2.3335, 0, 0, 0, 0, 0, 8000, 0, 0, 0, 0
