hour,t(sec),kWh,State,kWOut,kWIn,kvarOut,DCkW,kWTotalLosses,kWInvLosses,kWIdlingLosses,kWChDchLosses,"kWh Chng",InvEff,InverterON,Vref,"Vavg (DRC)","VV Oper","VW Oper","DRC Oper","VV_DRC Oper","WP Oper","WV Oper",kWDesired,"kW VW Limit","Limit kWOut Function","kVA Exceeded","Grid voltage",di/dt,it,"it History","Rated VDC","Avg duty cycle","Target (Amps)","Series L","Max. Amps (phase)"
1, 0.00000, 11.6637, 1, 1.90577, 0, 3.09451, 1.90577, 0.100304, 0, 0, 0.100304, -6.99825, 1, 1, 9999, 9999, 9999, 9999, 9999, 9999, 9999, 9999, 1.90572, 9999, 4.6655, 0, 0, 0, 0, 0, 8000, 0, 0, 0, 0
1, 0.00000, 9.65768, 1, 1.90573, 0, 3.09467, 1.90573, 0.100301, 0, 0, 0.100301, -2.00607, 1, 1, 9999, 9999, 9999, 9999, 9999, 9999, 9999, 9999, 1.90572, 9999, 4.6655, 0, 0, 0, 0, 0, 8000, 0, 0, 0, 0
2, 0.00000, 7.65165, 1, 1.91458, 0, 3.0947, 1.91458, 0.100767, 0, 0, 0.100767, -2.00603, 1, 1, 9999, 9999, 9999, 9999, 9999, 9999, 9999, 9999, 1.91458, 9999, 4.6655, 0, 0, 0, 0, 0, 8000, 0, 0, 0, 0
1, 0.00000, 5.6363, 1, 1.90572, 0, 3.09469, 1.90572, 0.100301, 0, 0, 0.100301, -2.01535, 1, 1, 9999, 9999, 9999, 9999, 9999, 9999, 9999, 9999, 1.90572, 9999, 4.6655, 0, 0, 0, 0, 0, 8000, 0, 0, 0, 0
2, 0.00000, 5.5986, 0, 0, 4.81343E-6, 3.0947, -4.81343E-6, 4.81343E-6, 0, 4.81343E-6, 0, -0.0377036, 1, 1, 9999, 9999, 9999, 9999, 9999, 9999, 9999, 9999, 1.91458, 9999, 4.6655, 0, 0, 0, 0, 0, 8000, 0, 0, 0, 0
3, 0.00000, 5.5986, 0, 0, 1.16555E-6, 3.0947, -1.16555E-6, 1.16555E-6, 0, 1.16555E-6, 0, 0, 1, 1, 9999, 9999, 9999, 9999, 9999, 9999, 9999, 9999, 1.94159, 9999, 4.6655, 0, 0, 0, 0, 0, 8000, 0, 0, 0, 0
