hour,t(sec),kWh,State,kWOut,kWIn,kvarOut,DCkW,kWTotalLosses,kWInvLosses,kWIdlingLosses,kWChDchLosses,"kWh Chng",InvEff,InverterON,Vref,"Vavg (DRC)","VV Oper","VW Oper","DRC Oper","VV_DRC Oper","WP Oper","WV Oper",kWDesired,"kW VW Limit","Limit kWOut Function","kVA Exceeded","Grid voltage",di/dt,it,"it History","Rated VDC","Avg duty cycle","Target (Amps)","Series L","Max. Amps (phase)"
1, 0.00000, 5.83362, 1, 0.948382, 0, 1.54771, 0.948382, 0.0499148, 0, 0, 0.0499148, -3.50017, 1, 1, 9999, 9999, 9999, 9999, 9999, 9999, 9999, 9999, 0.948358, 9999, 2.3335, 0, 0, 0, 0, 0, 8000, 0, 0, 0, 0
1, 0.00000, 4.83533, 1, 0.948362, 0, 1.54778, 0.948362, 0.0499138, 0, 0, 0.0499138, -0.998297, 1, 1, 9999, 9999, 9999, 9999, 9999, 9999, 9999, 9999, 0.948358, 9999, 2.3335, 0, 0, 0, 0, 0, 8000, 0, 0, 0, 0
2, 0.00000, 3.83705, 1, 0.967306, 0, 1.5478, 0.967306, 0.0509108, 0, 0, 0.0509108, -0.998276, 1, 1, 9999, 9999, 9999, 9999, 9999, 9999, 9999, 9999, 0.967306, 9999, 2.3335, 0, 0, 0, 0, 0, 8000, 0, 0, 0, 0
1, 0.00000, 2.81884, 1, 0.948361, 0, 1.54779, 0.948361, 0.0499137, 0, 0, 0.0499137, -1.01822, 1, 1, 9999, 9999, 9999, 9999, 9999, 9999, 9999, 9999, 0.948358, 9999, 2.3335, 0, 0, 0, 0, 0, 8000, 0, 0, 0, 0
2, 0.00000, 2.80014, 0, 0, 2.38671E-6, 1.5478, -2.38671E-6, 2.38671E-6, 0, 2.38671E-6, 0, -0.0186956, 1, 1, 9999, 9999, 9999, 9999, 9999, 9999, 9999, 9999, 0.967306, 9999, 2.3335, 0, 0, 0, 0, 0, 8000, 0, 0, 0, 0
3, 0.00000, 2.80014, 0, 0, 5.78771E-7, 1.5478, -5.78771E-7, 5.78771E-7, 0, 5.78771E-7, 0, 0, 1, 1, 9999, 9999, 9999, 9999, 9999, 9999, 9999, 9999, 0.966209, 9999, 2.3335, 0, 0, 0, 0, 0, 8000, 0, 0, 0, 0
