hour,t(sec),kWh,State,kWOut,kWIn,kvarOut,DCkW,kWTotalLosses,kWInvLosses,kWIdlingLosses,kWChDchLosses,"kWh Chng",InvEff,InverterON,Vref,"Vavg (DRC)","VV Oper","VW Oper","DRC Oper","VV_DRC Oper","WP Oper","WV Oper",kWDesired,"kW VW Limit","Limit kWOut Function","kVA Exceeded","Grid voltage",di/dt,it,"it History","Rated VDC","Avg duty cycle","Target (Amps)","Series L","Max. Amps (phase)"
1, 0.00000, 11.6637, 1, 1.91161, 0, 3.09458, 1.91161, 0.100611, 0, 0, 0.100611, -6.99825, 1, 1, 9999, 9999, 9999, 9999, 9999, 9999, 9999, 9999, 1.9116, 9999, 4.6655, 0, 0, 0, 0, 0, 8000, 0, 0, 0, 0
1, 0.00000, 9.65153, 1, 1.9116, 0, 3.09468, 1.9116, 0.10061, 0, 0, 0.10061, -2.01222, 1, 1, 9999, 9999, 9999, 9999, 9999, 9999, 9999, 9999, 1.9116, 9999, 4.6655, 0, 0, 0, 0, 0, 8000, 0, 0, 0, 0
2, 0.00000, 7.63932, 1, 1.91901, 0, 3.0947, 1.91901, 0.101001, 0, 0, 0.101001, -2.01221, 1, 1, 9999, 9999, 9999, 9999, 9999, 9999, 9999, 9999, 1.91901, 9999, 4.6655, 0, 0, 0, 0, 0, 8000, 0, 0, 0, 0
1, 0.00000, 5.61931, 1, 1.9116, 0, 3.09469, 1.9116, 0.10061, 0, 0, 0.10061, -2.02001, 1, 1, 9999, 9999, 9999, 9999, 9999, 9999, 9999, 9999, 1.9116, 9999, 4.6655, 0, 0, 0, 0, 0, 8000, 0, 0, 0, 0
2, 0.00000, 5.5986, 0, 0, 2.2217E-6, 3.0947, -2.2217E-6, 2.2217E-6, 0, 2.2217E-6, 0, -0.0207057, 1, 1, 9999, 9999, 9999, 9999, 9999, 9999, 9999, 9999, 1.91901, 9999, 4.6655, 0, 0, 0, 0, 0, 8000, 0, 0, 0, 0
3, 0.00000, 5.5986, 0, 0, 8.5356E-7, 3.0947, -8.5356E-7, 8.5356E-7, 0, 8.5356E-7, 0, 0, 1, 1, 9999, 9999, 9999, 9999, 9999, 9999, 9999, 9999, 1.93128, 9999, 4.6655, 0, 0, 0, 0, 0, 8000, 0, 0, 0, 0
