hour,t(sec),kWh,State,kWOut,kWIn,kvarOut,DCkW,kWTotalLosses,kWInvLosses,kWIdlingLosses,kWChDchLosses,"kWh Chng",InvEff,InverterON,Vref,"Vavg (DRC)","VV Oper","VW Oper","DRC Oper","VV_DRC Oper","WP Oper","WV Oper",kWDesired,"kW VW Limit","Limit kWOut Function","kVA Exceeded","Grid voltage",di/dt,it,"it History","Rated VDC","Avg duty cycle","Target (Amps)","Series L","Max. Amps (phase)"
1, 0.00000, 11.6637, 1, 1.92942, 0, 3.09451, 1.92942, 0.101549, 0, 0, 0.101549, -6.99825, 1, 1, 9999, 9999, 9999, 9999, 9999, 9999, 9999, 9999, 1.92937, 9999, 4.6655, 0, 0, 0, 0, 0, 8000, 0, 0, 0, 0
1, 0.00000, 9.63278, 1, 1.92938, 0, 3.09467, 1.92938, 0.101546, 0, 0, 0.101546, -2.03097, 1, 1, 9999, 9999, 9999, 9999, 9999, 9999, 9999, 9999, 1.92937, 9999, 4.6655, 0, 0, 0, 0, 0, 8000, 0, 0, 0, 0
2, 0.00000, 7.60185, 1, 1.9276, 0, 3.0947, 1.9276, 0.101453, 0, 0, 0.101453, -2.03093, 1, 1, 9999, 9999, 9999, 9999, 9999, 9999, 9999, 9999, 1.9276, 9999, 4.6655, 0, 0, 0, 0, 0, 8000, 0, 0, 0, 0
1, 0.00000, 5.5986, 0, 0, 0.0000110288, 3.09469, -0.0000110288, 0.0000110288, 0, 0.0000110288, 0, -2.00325, 1, 1, 9999, 9999, 9999, 9999, 9999, 9999, 9999, 9999, 1.92937, 9999, 4.6655, 0, 0, 0, 0, 0, 8000, 0, 0, 0, 0
2, 0.00000, 5.5986, 0, 0, 4.96203E-6, 3.0947, -4.96203E-6, 4.96203E-6, 0, 4.96203E-6, 0, 0, 1, 1, 9999, 9999, 9999, 9999, 9999, 9999, 9999, 9999, 1.9276, 9999, 4.6655, 0, 0, 0, 0, 0, 8000, 0, 0, 0, 0
3, 0.00000, 5.5986, 0, 0, 1.1911E-6, 3.0947, -1.1911E-6, 1.1911E-6, 0, 1.1911E-6, 0, 0, 1, 1, 9999, 9999, 9999, 9999, 9999, 9999, 9999, 9999, 1.90492, 9999, 4.6655, 0, 0, 0, 0, 0, 8000, 0, 0, 0, 0
