hour,t(sec),kWh,State,kWOut,kWIn,kvarOut,DCkW,kWTotalLosses,kWInvLosses,kWIdlingLosses,kWChDchLosses,"kWh Chng",InvEff,InverterON,Vref,"Vavg (DRC)","VV Oper","VW Oper","DRC Oper","VV_DRC Oper","WP Oper","WV Oper",kWDesired,"kW VW Limit","Limit kWOut Function","kVA Exceeded","Grid voltage",di/dt,it,"it History","Rated VDC","Avg duty cycle","Target (Amps)","Series L","Max. Amps (phase)"
1, 0.00000, 11.6637, 1, 1.90669, 0, 3.09452, 1.90669, 0.100352, 0, 0, 0.100352, -6.99825, 1, 1, 9999, 9999, 9999, 9999, 9999, 9999, 9999, 9999, 1.90665, 9999, 4.6655, 0, 0, 0, 0, 0, 8000, 0, 0, 0, 0
1, 0.00000, 9.65671, 1, 1.90666, 0, 3.09467, 1.90666, 0.10035, 0, 0, 0.10035, -2.00704, 1, 1, 9999, 9999, 9999, 9999, 9999, 9999, 9999, 9999, 1.90665, 9999, 4.6655, 0, 0, 0, 0, 0, 8000, 0, 0, 0, 0
2, 0.00000, 7.6497, 1, 1.94271, 0, 3.0947, 1.94271, 0.102248, 0, 0, 0.102248, -2.00701, 1, 1, 9999, 9999, 9999, 9999, 9999, 9999, 9999, 9999, 1.94271, 9999, 4.6655, 0, 0, 0, 0, 0, 8000, 0, 0, 0, 0
1, 0.00000, 5.60474, 1, 1.90666, 0, 3.09469, 1.90666, 0.10035, 0, 0, 0.10035, -2.04496, 1, 1, 9999, 9999, 9999, 9999, 9999, 9999, 9999, 9999, 1.90665, 9999, 4.6655, 0, 0, 0, 0, 0, 8000, 0, 0, 0, 0
2, 0.00000, 5.5986, 0, 0, 4.32704E-6, 3.0947, -4.32704E-6, 4.32704E-6, 0, 4.32704E-6, 0, -0.00613953, 1, 1, 9999, 9999, 9999, 9999, 9999, 9999, 9999, 9999, 1.94271, 9999, 4.6655, 0, 0, 0, 0, 0, 8000, 0, 0, 0, 0
3, 0.00000, 5.5986, 0, 0, 1.07303E-6, 3.0947, -1.07303E-6, 1.07303E-6, 0, 1.07303E-6, 0, 0, 1, 1, 9999, 9999, 9999, 9999, 9999, 9999, 9999, 9999, 1.91253, 9999, 4.6655, 0, 0, 0, 0, 0, 8000, 0, 0, 0, 0
