hour,t(sec),kWh,State,kWOut,kWIn,kvarOut,DCkW,kWTotalLosses,kWInvLosses,kWIdlingLosses,kWChDchLosses,"kWh Chng",InvEff,InverterON,Vref,"Vavg (DRC)","VV Oper","VW Oper","DRC Oper","VV_DRC Oper","WP Oper","WV Oper",kWDesired,"kW VW Limit","Limit kWOut Function","kVA Exceeded","Grid voltage",di/dt,it,"it History","Rated VDC","Avg duty cycle","Target (Amps)","Series L","Max. Amps (phase)"
1, 0.00000, 40.8363, 1, 4.95844, 0, 10.8347, 4.95844, 0.26097, 0, 0, 0.26097, -24.5018, 1, 1, 9999, 9999, 9999, 9999, 9999, 9999, 9999, 9999, 4.95834, 9999, 16.3345, 0, 0, 0, 0, 0, 8000, 0, 0, 0, 0
1, 0.00000, 35.6168, 1, 4.95835, 0, 10.835, 4.95835, 0.260966, 0, 0, 0.260966, -5.21941, 1, 1, 9999, 9999, 9999, 9999, 9999, 9999, 9999, 9999, 4.95834, 9999, 16.3345, 0, 0, 0, 0, 0, 8000, 0, 0, 0, 0
2, 0.00000, 30.3975, 1, 5.10682, 0, 10.8351, 5.10682, 0.26878, 0, 0, 0.26878, -5.21932, 1, 1, 9999, 9999, 9999, 9999, 9999, 9999, 9999, 9999, 5.10682, 9999, 16.3345, 0, 0, 0, 0, 0, 8000, 0, 0, 0, 0
1, 0.00000, 25.0219, 1, 4.95835, 0, 10.8351, 4.95835, 0.260966, 0, 0, 0.260966, -5.3756, 1, 1, 9999, 9999, 9999, 9999, 9999, 9999, 9999, 9999, 4.95834, 9999, 16.3345, 0, 0, 0, 0, 0, 8000, 0, 0, 0, 0
2, 0.00000, 19.8026, 1, 5.10681, 0, 10.8351, 5.10681, 0.26878, 0, 0, 0.26878, -5.21931, 1, 1, 9999, 9999, 9999, 9999, 9999, 9999, 9999, 9999, 5.10682, 9999, 16.3345, 0, 0, 0, 0, 0, 8000, 0, 0, 0, 0
3, 0.00000, 19.6014, 0, 0, 3.60024E-6, 10.8351, -3.60024E-6, 3.60024E-6, 0, 3.60024E-6, 0, -0.201209, 1, 1, 9999, 9999, 9999, 9999, 9999, 9999, 9999, 9999, 5.3734, 9999, 16.3345, 0, 0, 0, 0, 0, 8000, 0, 0, 0, 0
