hour,t(sec),kWh,State,kWOut,kWIn,kvarOut,DCkW,kWTotalLosses,kWInvLosses,kWIdlingLosses,kWChDchLosses,"kWh Chng",InvEff,InverterON,Vref,"Vavg (DRC)","VV Oper","VW Oper","DRC Oper","VV_DRC Oper","WP Oper","WV Oper",kWDesired,"kW VW Limit","Limit kWOut Function","kVA Exceeded","Grid voltage",di/dt,it,"it History","Rated VDC","Avg duty cycle","Target (Amps)","Series L","Max. Amps (phase)"
1, 0.00000, 11.6637, 1, 1.88019, 0, -3.09468, 1.88019, 0.0989575, 0, 0, 0.0989575, -6.99825, 1, 1, 9999, 9999, 9999, 9999, 9999, 9999, 9999, 9999, 1.88038, 9999, 4.6655, 0, 0, 0, 0, 0, 8000, 0, 0, 0, 0
1, 0.00000, 9.6846, 1, 1.88035, 0, -3.0947, 1.88035, 0.0989658, 0, 0, 0.0989658, -1.97915, 1, 1, 9999, 9999, 9999, 9999, 9999, 9999, 9999, 9999, 1.88038, 9999, 4.6655, 0, 0, 0, 0, 0, 8000, 0, 0, 0, 0
2, 0.00000, 7.70528, 1, 1.93329, 0, -3.0947, 1.93329, 0.101752, 0, 0, 0.101752, -1.97932, 1, 1, 9999, 9999, 9999, 9999, 9999, 9999, 9999, 9999, 1.93329, 9999, 4.6655, 0, 0, 0, 0, 0, 8000, 0, 0, 0, 0
1, 0.00000, 5.67024, 1, 1.88037, 0, -3.0947, 1.88037, 0.0989667, 0, 0, 0.0989667, -2.03504, 1, 1, 9999, 9999, 9999, 9999, 9999, 9999, 9999, 9999, 1.88038, 9999, 4.6655, 0, 0, 0, 0, 0, 8000, 0, 0, 0, 0
2, 0.00000, 5.5986, 0, 0, 5.29163E-6, -3.0947, -5.29163E-6, 5.29163E-6, 0, 5.29163E-6, 0, -0.0716418, 1, 1, 9999, 9999, 9999, 9999, 9999, 9999, 9999, 9999, 1.93329, 9999, 4.6655, 0, 0, 0, 0, 0, 8000, 0, 0, 0, 0
3, 0.00000, 5.5986, 0, 0, 1.24697E-6, -3.0947, -1.24697E-6, 1.24697E-6, 0, 1.24697E-6, 0, 0, 1, 1, 9999, 9999, 9999, 9999, 9999, 9999, 9999, 9999, 1.94817, 9999, 4.6655, 0, 0, 0, 0, 0, 8000, 0, 0, 0, 0
