hour,t(sec),kWh,State,kWOut,kWIn,kvarOut,DCkW,kWTotalLosses,kWInvLosses,kWIdlingLosses,kWChDchLosses,"kWh Chng",InvEff,InverterON,Vref,"Vavg (DRC)","VV Oper","VW Oper","DRC Oper","VV_DRC Oper","WP Oper","WV Oper",kWDesired,"kW VW Limit","Limit kWOut Function","kVA Exceeded","Grid voltage",di/dt,it,"it History","Rated VDC","Avg duty cycle","Target (Amps)","Series L","Max. Amps (phase)"
1, 0.00000, 11.6637, 1, 1.96404, 0, 3.09451, 1.96404, 0.10337, 0, 0, 0.10337, -6.99825, 1, 1, 9999, 9999, 9999, 9999, 9999, 9999, 9999, 9999, 1.96399, 9999, 4.6655, 0, 0, 0, 0, 0, 8000, 0, 0, 0, 0
1, 0.00000, 9.59634, 1, 1.964, 0, 3.09467, 1.964, 0.103368, 0, 0, 0.103368, -2.06741, 1, 1, 9999, 9999, 9999, 9999, 9999, 9999, 9999, 9999, 1.96399, 9999, 4.6655, 0, 0, 0, 0, 0, 8000, 0, 0, 0, 0
2, 0.00000, 7.52898, 1, 1.92158, 0, 3.0947, 1.92158, 0.101136, 0, 0, 0.101136, -2.06737, 1, 1, 9999, 9999, 9999, 9999, 9999, 9999, 9999, 9999, 1.92158, 9999, 4.6655, 0, 0, 0, 0, 0, 8000, 0, 0, 0, 0
1, 0.00000, 5.5986, 0, 0, 0.000010519, 3.09469, -0.000010519, 0.000010519, 0, 0.000010519, 0, -1.93038, 1, 1, 9999, 9999, 9999, 9999, 9999, 9999, 9999, 9999, 1.96399, 9999, 4.6655, 0, 0, 0, 0, 0, 8000, 0, 0, 0, 0
2, 0.00000, 5.5986, 0, 0, 4.74916E-6, 3.0947, -4.74916E-6, 4.74916E-6, 0, 4.74916E-6, 0, 0, 1, 1, 9999, 9999, 9999, 9999, 9999, 9999, 9999, 9999, 1.92158, 9999, 4.6655, 0, 0, 0, 0, 0, 8000, 0, 0, 0, 0
3, 0.00000, 5.5986, 0, 0, 1.15276E-6, 3.0947, -1.15276E-6, 1.15276E-6, 0, 1.15276E-6, 0, 0, 1, 1, 9999, 9999, 9999, 9999, 9999, 9999, 9999, 9999, 1.87632, 9999, 4.6655, 0, 0, 0, 0, 0, 8000, 0, 0, 0, 0
