hour,t(sec),kWh,State,kWOut,kWIn,kvarOut,DCkW,kWTotalLosses,kWInvLosses,kWIdlingLosses,kWChDchLosses,"kWh Chng",InvEff,InverterON,Vref,"Vavg (DRC)","VV Oper","VW Oper","DRC Oper","VV_DRC Oper","WP Oper","WV Oper",kWDesired,"kW VW Limit","Limit kWOut Function","kVA Exceeded","Grid voltage",di/dt,it,"it History","Rated VDC","Avg duty cycle","Target (Amps)","Series L","Max. Amps (phase)"
1, 0.00000, 5.83362, 1, 0.979997, 0, -1.54779, 0.979997, 0.0515788, 0, 0, 0.0515788, -3.50017, 1, 1, 9999, 9999, 9999, 9999, 9999, 9999, 9999, 9999, 0.980093, 9999, 2.3335, 0, 0, 0, 0, 0, 8000, 0, 0, 0, 0
1, 0.00000, 4.80205, 1, 0.980077, 0, -1.5478, 0.980077, 0.051583, 0, 0, 0.051583, -1.03158, 1, 1, 9999, 9999, 9999, 9999, 9999, 9999, 9999, 9999, 0.980093, 9999, 2.3335, 0, 0, 0, 0, 0, 8000, 0, 0, 0, 0
2, 0.00000, 3.77039, 1, 0.982847, 0, -1.5478, 0.982847, 0.0517288, 0, 0, 0.0517288, -1.03166, 1, 1, 9999, 9999, 9999, 9999, 9999, 9999, 9999, 9999, 0.982847, 9999, 2.3335, 0, 0, 0, 0, 0, 8000, 0, 0, 0, 0
1, 0.00000, 2.80014, 0, 0, 6.04114E-6, -1.5478, -6.04114E-6, 6.04114E-6, 0, 6.04114E-6, 0, -0.970249, 1, 1, 9999, 9999, 9999, 9999, 9999, 9999, 9999, 9999, 0.980093, 9999, 2.3335, 0, 0, 0, 0, 0, 8000, 0, 0, 0, 0
2, 0.00000, 2.80014, 0, 0, 2.72583E-6, -1.5478, -2.72583E-6, 2.72583E-6, 0, 2.72583E-6, 0, 0, 1, 1, 9999, 9999, 9999, 9999, 9999, 9999, 9999, 9999, 0.982847, 9999, 2.3335, 0, 0, 0, 0, 0, 8000, 0, 0, 0, 0
3, 0.00000, 2.80014, 0, 0, 6.36679E-7, -1.5478, -6.36679E-7, 6.36679E-7, 0, 6.36679E-7, 0, 0, 1, 1, 9999, 9999, 9999, 9999, 9999, 9999, 9999, 9999, 0.918909, 9999, 2.3335, 0, 0, 0, 0, 0, 8000, 0, 0, 0, 0
