hour,t(sec),kWh,State,kWOut,kWIn,kvarOut,DCkW,kWTotalLosses,kWInvLosses,kWIdlingLosses,kWChDchLosses,"kWh Chng",InvEff,InverterON,Vref,"Vavg (DRC)","VV Oper","VW Oper","DRC Oper","VV_DRC Oper","WP Oper","WV Oper",kWDesired,"kW VW Limit","Limit kWOut Function","kVA Exceeded","Grid voltage",di/dt,it,"it History","Rated VDC","Avg duty cycle","Target (Amps)","Series L","Max. Amps (phase)"
1, 0.00000, 11.6637, 1, 1.93101, 0, 3.09451, 1.93101, 0.101632, 0, 0, 0.101632, -6.99825, 1, 1, 9999, 9999, 9999, 9999, 9999, 9999, 9999, 9999, 1.93096, 9999, 4.6655, 0, 0, 0, 0, 0, 8000, 0, 0, 0, 0
1, 0.00000, 9.63111, 1, 1.93097, 0, 3.09467, 1.93097, 0.10163, 0, 0, 0.10163, -2.03264, 1, 1, 9999, 9999, 9999, 9999, 9999, 9999, 9999, 9999, 1.93096, 9999, 4.6655, 0, 0, 0, 0, 0, 8000, 0, 0, 0, 0
2, 0.00000, 7.59852, 1, 1.9081, 0, 3.0947, 1.9081, 0.100426, 0, 0, 0.100426, -2.0326, 1, 1, 9999, 9999, 9999, 9999, 9999, 9999, 9999, 9999, 1.9081, 9999, 4.6655, 0, 0, 0, 0, 0, 8000, 0, 0, 0, 0
1, 0.00000, 5.5986, 0, 0, 0.0000107767, 3.09469, -0.0000107767, 0.0000107767, 0, 0.0000107767, 0, -1.99992, 1, 1, 9999, 9999, 9999, 9999, 9999, 9999, 9999, 9999, 1.93096, 9999, 4.6655, 0, 0, 0, 0, 0, 8000, 0, 0, 0, 0
2, 0.00000, 5.5986, 0, 0, 4.87167E-6, 3.0947, -4.87167E-6, 4.87167E-6, 0, 4.87167E-6, 0, 0, 1, 1, 9999, 9999, 9999, 9999, 9999, 9999, 9999, 9999, 1.9081, 9999, 4.6655, 0, 0, 0, 0, 0, 8000, 0, 0, 0, 0
3, 0.00000, 5.5986, 0, 0, 1.1773E-6, 3.0947, -1.1773E-6, 1.1773E-6, 0, 1.1773E-6, 0, 0, 1, 1, 9999, 9999, 9999, 9999, 9999, 9999, 9999, 9999, 1.92289, 9999, 4.6655, 0, 0, 0, 0, 0, 8000, 0, 0, 0, 0
