hour,t(sec),kWh,State,kWOut,kWIn,kvarOut,DCkW,kWTotalLosses,kWInvLosses,kWIdlingLosses,kWChDchLosses,"kWh Chng",InvEff,InverterON,Vref,"Vavg (DRC)","VV Oper","VW Oper","DRC Oper","VV_DRC Oper","WP Oper","WV Oper",kWDesired,"kW VW Limit","Limit kWOut Function","kVA Exceeded","Grid voltage",di/dt,it,"it History","Rated VDC","Avg duty cycle","Target (Amps)","Series L","Max. Amps (phase)"
1, 0.00000, 11.6637, 1, 1.89317, 0, 3.09451, 1.89317, 0.0996405, 0, 0, 0.0996405, -6.99825, 1, 1, 9999, 9999, 9999, 9999, 9999, 9999, 9999, 9999, 1.89312, 9999, 4.6655, 0, 0, 0, 0, 0, 8000, 0, 0, 0, 0
1, 0.00000, 9.67094, 1, 1.89313, 0, 3.09467, 1.89313, 0.0996384, 0, 0, 0.0996384, -1.99281, 1, 1, 9999, 9999, 9999, 9999, 9999, 9999, 9999, 9999, 1.89312, 9999, 4.6655, 0, 0, 0, 0, 0, 8000, 0, 0, 0, 0
2, 0.00000, 7.67817, 1, 1.95274, 0, 3.0947, 1.95274, 0.102776, 0, 0, 0.102776, -1.99277, 1, 1, 9999, 9999, 9999, 9999, 9999, 9999, 9999, 9999, 1.95275, 9999, 4.6655, 0, 0, 0, 0, 0, 8000, 0, 0, 0, 0
1, 0.00000, 5.62265, 1, 1.89313, 0, 3.09469, 1.89313, 0.0996382, 0, 0, 0.0996382, -2.05552, 1, 1, 9999, 9999, 9999, 9999, 9999, 9999, 9999, 9999, 1.89312, 9999, 4.6655, 0, 0, 0, 0, 0, 8000, 0, 0, 0, 0
2, 0.00000, 5.5986, 0, 0, 4.90443E-6, 3.0947, -4.90443E-6, 4.90443E-6, 0, 4.90443E-6, 0, -0.0240525, 1, 1, 9999, 9999, 9999, 9999, 9999, 9999, 9999, 9999, 1.95275, 9999, 4.6655, 0, 0, 0, 0, 0, 8000, 0, 0, 0, 0
3, 0.00000, 5.5986, 0, 0, 1.18378E-6, 3.0947, -1.18378E-6, 1.18378E-6, 0, 1.18378E-6, 0, 0, 1, 1, 9999, 9999, 9999, 9999, 9999, 9999, 9999, 9999, 1.91603, 9999, 4.6655, 0, 0, 0, 0, 0, 8000, 0, 0, 0, 0
