hour,t(sec),kWh,State,kWOut,kWIn,kvarOut,DCkW,kWTotalLosses,kWInvLosses,kWIdlingLosses,kWChDchLosses,"kWh Chng",InvEff,InverterON,Vref,"Vavg (DRC)","VV Oper","VW Oper","DRC Oper","VV_DRC Oper","WP Oper","WV Oper",kWDesired,"kW VW Limit","Limit kWOut Function","kVA Exceeded","Grid voltage",di/dt,it,"it History","Rated VDC","Avg duty cycle","Target (Amps)","Series L","Max. Amps (phase)"
1, 0.00000, 11.6637, 1, 1.81242, 0, 3.09458, 1.81242, 0.0953907, 0, 0, 0.0953907, -6.99825, 1, 1, 9999, 9999, 9999, 9999, 9999, 9999, 9999, 9999, 1.81241, 9999, 4.6655, 0, 0, 0, 0, 0, 8000, 0, 0, 0, 0
1, 0.00000, 9.75594, 1, 1.81241, 0, 3.09468, 1.81241, 0.09539, 0, 0, 0.09539, -1.90781, 1, 1, 9999, 9999, 9999, 9999, 9999, 9999, 9999, 9999, 1.81241, 9999, 4.6655, 0, 0, 0, 0, 0, 8000, 0, 0, 0, 0
2, 0.00000, 7.84814, 1, 1.89345, 0, 3.0947, 1.89345, 0.0996551, 0, 0, 0.0996551, -1.9078, 1, 1, 9999, 9999, 9999, 9999, 9999, 9999, 9999, 9999, 1.89345, 9999, 4.6655, 0, 0, 0, 0, 0, 8000, 0, 0, 0, 0
1, 0.00000, 5.85503, 1, 1.81241, 0, 3.09469, 1.81241, 0.09539, 0, 0, 0.09539, -1.9931, 1, 1, 9999, 9999, 9999, 9999, 9999, 9999, 9999, 9999, 1.81241, 9999, 4.6655, 0, 0, 0, 0, 0, 8000, 0, 0, 0, 0
2, 0.00000, 5.5986, 0, 0, 2.22043E-6, 3.0947, -2.22043E-6, 2.22043E-6, 0, 2.22043E-6, 0, -0.256434, 1, 1, 9999, 9999, 9999, 9999, 9999, 9999, 9999, 9999, 1.89345, 9999, 4.6655, 0, 0, 0, 0, 0, 8000, 0, 0, 0, 0
3, 0.00000, 5.5986, 0, 0, 8.76235E-7, 3.0947, -8.76235E-7, 8.76235E-7, 0, 8.76235E-7, 0, 0, 1, 1, 9999, 9999, 9999, 9999, 9999, 9999, 9999, 9999, 2.05604, 9999, 4.6655, 0, 0, 0, 0, 0, 8000, 0, 0, 0, 0
