hour,t(sec),kWh,State,kWOut,kWIn,kvarOut,DCkW,kWTotalLosses,kWInvLosses,kWIdlingLosses,kWChDchLosses,"kWh Chng",InvEff,InverterON,Vref,"Vavg (DRC)","VV Oper","VW Oper","DRC Oper","VV_DRC Oper","WP Oper","WV Oper",kWDesired,"kW VW Limit","Limit kWOut Function","kVA Exceeded","Grid voltage",di/dt,it,"it History","Rated VDC","Avg duty cycle","Target (Amps)","Series L","Max. Amps (phase)"
1, 0.00000, 11.6637, 1, 1.92988, 0, -3.09468, 1.92988, 0.101572, 0, 0, 0.101572, -6.99825, 1, 1, 9999, 9999, 9999, 9999, 9999, 9999, 9999, 9999, 1.93007, 9999, 4.6655, 0, 0, 0, 0, 0, 8000, 0, 0, 0, 0
1, 0.00000, 9.6323, 1, 1.93004, 0, -3.0947, 1.93004, 0.101581, 0, 0, 0.101581, -2.03145, 1, 1, 9999, 9999, 9999, 9999, 9999, 9999, 9999, 9999, 1.93007, 9999, 4.6655, 0, 0, 0, 0, 0, 8000, 0, 0, 0, 0
2, 0.00000, 7.60068, 1, 1.92881, 0, -3.0947, 1.92881, 0.101516, 0, 0, 0.101516, -2.03162, 1, 1, 9999, 9999, 9999, 9999, 9999, 9999, 9999, 9999, 1.92881, 9999, 4.6655, 0, 0, 0, 0, 0, 8000, 0, 0, 0, 0
1, 0.00000, 5.5986, 0, 0, 0.0000118227, -3.09469, -0.0000118227, 0.0000118227, 0, 0.0000118227, 0, -2.00208, 1, 1, 9999, 9999, 9999, 9999, 9999, 9999, 9999, 9999, 1.93007, 9999, 4.6655, 0, 0, 0, 0, 0, 8000, 0, 0, 0, 0
2, 0.00000, 5.5986, 0, 0, 5.34767E-6, -3.0947, -5.34767E-6, 5.34767E-6, 0, 5.34767E-6, 0, 0, 1, 1, 9999, 9999, 9999, 9999, 9999, 9999, 9999, 9999, 1.92881, 9999, 4.6655, 0, 0, 0, 0, 0, 8000, 0, 0, 0, 0
3, 0.00000, 5.5986, 0, 0, 1.25767E-6, -3.0947, -1.25767E-6, 1.25767E-6, 0, 1.25767E-6, 0, 0, 1, 1, 9999, 9999, 9999, 9999, 9999, 9999, 9999, 9999, 1.90296, 9999, 4.6655, 0, 0, 0, 0, 0, 8000, 0, 0, 0, 0
