hour,t(sec),kWh,State,kWOut,kWIn,kvarOut,DCkW,kWTotalLosses,kWInvLosses,kWIdlingLosses,kWChDchLosses,"kWh Chng",InvEff,InverterON,Vref,"Vavg (DRC)","VV Oper","VW Oper","DRC Oper","VV_DRC Oper","WP Oper","WV Oper",kWDesired,"kW VW Limit","Limit kWOut Function","kVA Exceeded","Grid voltage",di/dt,it,"it History","Rated VDC","Avg duty cycle","Target (Amps)","Series L","Max. Amps (phase)"
1, 0.00000, 11.6637, 1, 2.10256, 0, 3.09456, 2.10256, 0.110661, 0, 0, 0.110661, -6.99825, 1, 1, 9999, 9999, 9999, 9999, 9999, 9999, 9999, 9999, 2.10255, 9999, 4.6655, 0, 0, 0, 0, 0, 8000, 0, 0, 0, 0
1, 0.00000, 9.45053, 1, 2.10256, 0, 3.09468, 2.10256, 0.110661, 0, 0, 0.110661, -2.21322, 1, 1, 9999, 9999, 9999, 9999, 9999, 9999, 9999, 9999, 2.10255, 9999, 4.6655, 0, 0, 0, 0, 0, 8000, 0, 0, 0, 0
2, 0.00000, 7.23731, 1, 1.98396, 0, 3.0947, 1.98396, 0.104419, 0, 0, 0.104419, -2.21322, 1, 1, 9999, 9999, 9999, 9999, 9999, 9999, 9999, 9999, 1.98396, 9999, 4.6655, 0, 0, 0, 0, 0, 8000, 0, 0, 0, 0
1, 0.00000, 5.5986, 0, 0, 5.78833E-6, 3.09469, -5.78833E-6, 5.78833E-6, 0, 5.78833E-6, 0, -1.63871, 1, 1, 9999, 9999, 9999, 9999, 9999, 9999, 9999, 9999, 2.10255, 9999, 4.6655, 0, 0, 0, 0, 0, 8000, 0, 0, 0, 0
2, 0.00000, 5.5986, 0, 0, 2.36469E-6, 3.0947, -2.36469E-6, 2.36469E-6, 0, 2.36469E-6, 0, 0, 1, 1, 9999, 9999, 9999, 9999, 9999, 9999, 9999, 9999, 1.98396, 9999, 4.6655, 0, 0, 0, 0, 0, 8000, 0, 0, 0, 0
3, 0.00000, 5.5986, 0, 0, 1.03296E-6, 3.0947, -1.03296E-6, 1.03296E-6, 0, 1.03296E-6, 0, 0, 1, 1, 9999, 9999, 9999, 9999, 9999, 9999, 9999, 9999, 1.67533, 9999, 4.6655, 0, 0, 0, 0, 0, 8000, 0, 0, 0, 0
