hour,t(sec),kWh,State,kWOut,kWIn,kvarOut,DCkW,kWTotalLosses,kWInvLosses,kWIdlingLosses,kWChDchLosses,"kWh Chng",InvEff,InverterON,Vref,"Vavg (DRC)","VV Oper","VW Oper","DRC Oper","VV_DRC Oper","WP Oper","WV Oper",kWDesired,"kW VW Limit","Limit kWOut Function","kVA Exceeded","Grid voltage",di/dt,it,"it History","Rated VDC","Avg duty cycle","Target (Amps)","Series L","Max. Amps (phase)"
1, 0.00000, 5.83362, 1, 1.00105, 0, 1.54774, 1.00105, 0.0526871, 0, 0, 0.0526871, -3.50017, 1, 1, 9999, 9999, 9999, 9999, 9999, 9999, 9999, 9999, 1.00105, 9999, 2.3335, 0, 0, 0, 0, 0, 8000, 0, 0, 0, 0
1, 0.00000, 4.77988, 1, 1.00105, 0, 1.54779, 1.00105, 0.0526868, 0, 0, 0.0526868, -1.05374, 1, 1, 9999, 9999, 9999, 9999, 9999, 9999, 9999, 9999, 1.00105, 9999, 2.3335, 0, 0, 0, 0, 0, 8000, 0, 0, 0, 0
2, 0.00000, 3.72615, 1, 0.969079, 0, 1.5478, 0.969079, 0.0510042, 0, 0, 0.0510042, -1.05374, 1, 1, 9999, 9999, 9999, 9999, 9999, 9999, 9999, 9999, 0.969079, 9999, 2.3335, 0, 0, 0, 0, 0, 8000, 0, 0, 0, 0
1, 0.00000, 2.80014, 0, 0, 2.73233E-6, 1.5478, -2.73233E-6, 2.73233E-6, 0, 2.73233E-6, 0, -0.926008, 1, 1, 9999, 9999, 9999, 9999, 9999, 9999, 9999, 9999, 1.00105, 9999, 2.3335, 0, 0, 0, 0, 0, 8000, 0, 0, 0, 0
2, 0.00000, 2.80014, 0, 0, 1.13095E-6, 1.5478, -1.13095E-6, 1.13095E-6, 0, 1.13095E-6, 0, 0, 1, 1, 9999, 9999, 9999, 9999, 9999, 9999, 9999, 9999, 0.969079, 9999, 2.3335, 0, 0, 0, 0, 0, 8000, 0, 0, 0, 0
3, 0.00000, 2.80014, 0, 0, 4.59406E-7, 1.5478, -4.59406E-7, 4.59406E-7, 0, 4.59406E-7, 0, 0, 1, 1, 9999, 9999, 9999, 9999, 9999, 9999, 9999, 9999, 0.911745, 9999, 2.3335, 0, 0, 0, 0, 0, 8000, 0, 0, 0, 0
