hour,t(sec),kWh,State,kWOut,kWIn,kvarOut,DCkW,kWTotalLosses,kWInvLosses,kWIdlingLosses,kWChDchLosses,"kWh Chng",InvEff,InverterON,Vref,"Vavg (DRC)","VV Oper","VW Oper","DRC Oper","VV_DRC Oper","WP Oper","WV Oper",kWDesired,"kW VW Limit","Limit kWOut Function","kVA Exceeded","Grid voltage",di/dt,it,"it History","Rated VDC","Avg duty cycle","Target (Amps)","Series L","Max. Amps (phase)"
1, 0.00000, 5.83362, 1, 0.959747, 0, 1.54778, 0.959747, 0.050513, 0, 0, 0.050513, -3.50017, 1, 1, 9999, 9999, 9999, 9999, 9999, 9999, 9999, 9999, 0.959745, 9999, 2.3335, 0, 0, 0, 0, 0, 8000, 0, 0, 0, 0
1, 0.00000, 4.82336, 1, 0.959746, 0, 1.5478, 0.959746, 0.0505129, 0, 0, 0.0505129, -1.01026, 1, 1, 9999, 9999, 9999, 9999, 9999, 9999, 9999, 9999, 0.959745, 9999, 2.3335, 0, 0, 0, 0, 0, 8000, 0, 0, 0, 0
2, 0.00000, 3.81311, 1, 0.964622, 0, 1.5478, 0.964622, 0.0507696, 0, 0, 0.0507696, -1.01026, 1, 1, 9999, 9999, 9999, 9999, 9999, 9999, 9999, 9999, 0.964622, 9999, 2.3335, 0, 0, 0, 0, 0, 8000, 0, 0, 0, 0
1, 0.00000, 2.80014, 0, 0, 7.36001E-7, 1.5478, -7.36001E-7, 7.36001E-7, 0, 7.36001E-7, 0, -1.01297, 1, 1, 9999, 9999, 9999, 9999, 9999, 9999, 9999, 9999, 0.959745, 9999, 2.3335, 0, 0, 0, 0, 0, 8000, 0, 0, 0, 0
2, 0.00000, 2.80014, 0, 0, 3.18115E-7, 1.5478, -3.18115E-7, 3.18115E-7, 0, 3.18115E-7, 0, 0, 1, 1, 9999, 9999, 9999, 9999, 9999, 9999, 9999, 9999, 0.964622, 9999, 2.3335, 0, 0, 0, 0, 0, 8000, 0, 0, 0, 0
3, 0.00000, 2.80014, 0, 0, 9.92231E-8, 1.5478, -9.92231E-8, 9.92231E-8, 0, 9.92231E-8, 0, 0, 1, 1, 9999, 9999, 9999, 9999, 9999, 9999, 9999, 9999, 0.957505, 9999, 2.3335, 0, 0, 0, 0, 0, 8000, 0, 0, 0, 0
