hour,t(sec),kWh,State,kWOut,kWIn,kvarOut,DCkW,kWTotalLosses,kWInvLosses,kWIdlingLosses,kWChDchLosses,"kWh Chng",InvEff,InverterON,Vref,"Vavg (DRC)","VV Oper","VW Oper","DRC Oper","VV_DRC Oper","WP Oper","WV Oper",kWDesired,"kW VW Limit","Limit kWOut Function","kVA Exceeded","Grid voltage",di/dt,it,"it History","Rated VDC","Avg duty cycle","Target (Amps)","Series L","Max. Amps (phase)"
1, 0.00000, 11.6637, 1, 1.9083, 0, 3.09458, 1.9083, 0.100437, 0, 0, 0.100437, -6.99825, 1, 1, 9999, 9999, 9999, 9999, 9999, 9999, 9999, 9999, 1.90828, 9999, 4.6655, 0, 0, 0, 0, 0, 8000, 0, 0, 0, 0
1, 0.00000, 9.65501, 1, 1.90829, 0, 3.09468, 1.90829, 0.100436, 0, 0, 0.100436, -2.00873, 1, 1, 9999, 9999, 9999, 9999, 9999, 9999, 9999, 9999, 1.90828, 9999, 4.6655, 0, 0, 0, 0, 0, 8000, 0, 0, 0, 0
2, 0.00000, 7.64629, 1, 1.91761, 0, 3.0947, 1.91761, 0.100927, 0, 0, 0.100927, -2.00872, 1, 1, 9999, 9999, 9999, 9999, 9999, 9999, 9999, 9999, 1.91761, 9999, 4.6655, 0, 0, 0, 0, 0, 8000, 0, 0, 0, 0
1, 0.00000, 5.62775, 1, 1.90829, 0, 3.09469, 1.90829, 0.100436, 0, 0, 0.100436, -2.01854, 1, 1, 9999, 9999, 9999, 9999, 9999, 9999, 9999, 9999, 1.90828, 9999, 4.6655, 0, 0, 0, 0, 0, 8000, 0, 0, 0, 0
2, 0.00000, 5.5986, 0, 0, 2.21488E-6, 3.0947, -2.21488E-6, 2.21488E-6, 0, 2.21488E-6, 0, -0.0291526, 1, 1, 9999, 9999, 9999, 9999, 9999, 9999, 9999, 9999, 1.91761, 9999, 4.6655, 0, 0, 0, 0, 0, 8000, 0, 0, 0, 0
3, 0.00000, 5.5986, 0, 0, 8.49074E-7, 3.0947, -8.49074E-7, 8.49074E-7, 0, 8.49074E-7, 0, 0, 1, 1, 9999, 9999, 9999, 9999, 9999, 9999, 9999, 9999, 1.93604, 9999, 4.6655, 0, 0, 0, 0, 0, 8000, 0, 0, 0, 0
