hour,t(sec),kWh,State,kWOut,kWIn,kvarOut,DCkW,kWTotalLosses,kWInvLosses,kWIdlingLosses,kWChDchLosses,"kWh Chng",InvEff,InverterON,Vref,"Vavg (DRC)","VV Oper","VW Oper","DRC Oper","VV_DRC Oper","WP Oper","WV Oper",kWDesired,"kW VW Limit","Limit kWOut Function","kVA Exceeded","Grid voltage",di/dt,it,"it History","Rated VDC","Avg duty cycle","Target (Amps)","Series L","Max. Amps (phase)"
1, 0.00000, 5.83362, 1, 0.932877, 0, 1.54774, 0.932877, 0.0490988, 0, 0, 0.0490988, -3.50017, 1, 1, 9999, 9999, 9999, 9999, 9999, 9999, 9999, 9999, 0.932863, 9999, 2.3335, 0, 0, 0, 0, 0, 8000, 0, 0, 0, 0
1, 0.00000, 4.85165, 1, 0.932866, 0, 1.54779, 0.932866, 0.0490982, 0, 0, 0.0490982, -0.981976, 1, 1, 9999, 9999, 9999, 9999, 9999, 9999, 9999, 9999, 0.932863, 9999, 2.3335, 0, 0, 0, 0, 0, 8000, 0, 0, 0, 0
2, 0.00000, 3.86969, 1, 0.952581, 0, 1.5478, 0.952581, 0.0501359, 0, 0, 0.0501359, -0.981964, 1, 1, 9999, 9999, 9999, 9999, 9999, 9999, 9999, 9999, 0.952581, 9999, 2.3335, 0, 0, 0, 0, 0, 8000, 0, 0, 0, 0
1, 0.00000, 2.86697, 1, 0.932865, 0, 1.5478, 0.932865, 0.0490982, 0, 0, 0.0490982, -1.00272, 1, 1, 9999, 9999, 9999, 9999, 9999, 9999, 9999, 9999, 0.932863, 9999, 2.3335, 0, 0, 0, 0, 0, 8000, 0, 0, 0, 0
2, 0.00000, 2.80014, 0, 0, 1.44301E-6, 1.5478, -1.44301E-6, 1.44301E-6, 0, 1.44301E-6, 0, -0.066828, 1, 1, 9999, 9999, 9999, 9999, 9999, 9999, 9999, 9999, 0.952581, 9999, 2.3335, 0, 0, 0, 0, 0, 8000, 0, 0, 0, 0
3, 0.00000, 2.80014, 0, 0, 3.97194E-7, 1.5478, -3.97194E-7, 3.97194E-7, 0, 3.97194E-7, 0, 0, 1, 1, 9999, 9999, 9999, 9999, 9999, 9999, 9999, 9999, 0.996428, 9999, 2.3335, 0, 0, 0, 0, 0, 8000, 0, 0, 0, 0
