hour,t(sec),kWh,State,kWOut,kWIn,kvarOut,DCkW,kWTotalLosses,kWInvLosses,kWIdlingLosses,kWChDchLosses,"kWh Chng",InvEff,InverterON,Vref,"Vavg (DRC)","VV Oper","VW Oper","DRC Oper","VV_DRC Oper","WP Oper","WV Oper",kWDesired,"kW VW Limit","Limit kWOut Function","kVA Exceeded","Grid voltage",di/dt,it,"it History","Rated VDC","Avg duty cycle","Target (Amps)","Series L","Max. Amps (phase)"
1, 0.00000, 5.83362, 1, 0.961829, 0, 1.54774, 0.961829, 0.0506226, 0, 0, 0.0506226, -3.50017, 1, 1, 9999, 9999, 9999, 9999, 9999, 9999, 9999, 9999, 0.961822, 9999, 2.3335, 0, 0, 0, 0, 0, 8000, 0, 0, 0, 0
1, 0.00000, 4.82117, 1, 0.961823, 0, 1.54779, 0.961823, 0.0506223, 0, 0, 0.0506223, -1.01245, 1, 1, 9999, 9999, 9999, 9999, 9999, 9999, 9999, 9999, 0.961822, 9999, 2.3335, 0, 0, 0, 0, 0, 8000, 0, 0, 0, 0
2, 0.00000, 3.80873, 1, 0.961775, 0, 1.5478, 0.961775, 0.0506198, 0, 0, 0.0506198, -1.01245, 1, 1, 9999, 9999, 9999, 9999, 9999, 9999, 9999, 9999, 0.961775, 9999, 2.3335, 0, 0, 0, 0, 0, 8000, 0, 0, 0, 0
1, 0.00000, 2.80014, 0, 0, 2.65534E-6, 1.5478, -2.65534E-6, 2.65534E-6, 0, 2.65534E-6, 0, -1.00859, 1, 1, 9999, 9999, 9999, 9999, 9999, 9999, 9999, 9999, 0.961822, 9999, 2.3335, 0, 0, 0, 0, 0, 8000, 0, 0, 0, 0
2, 0.00000, 2.80014, 0, 0, 1.11102E-6, 1.5478, -1.11102E-6, 1.11102E-6, 0, 1.11102E-6, 0, 0, 1, 1, 9999, 9999, 9999, 9999, 9999, 9999, 9999, 9999, 0.961775, 9999, 2.3335, 0, 0, 0, 0, 0, 8000, 0, 0, 0, 0
3, 0.00000, 2.80014, 0, 0, 4.2681E-7, 1.5478, -4.2681E-7, 4.2681E-7, 0, 4.2681E-7, 0, 0, 1, 1, 9999, 9999, 9999, 9999, 9999, 9999, 9999, 9999, 0.958298, 9999, 2.3335, 0, 0, 0, 0, 0, 8000, 0, 0, 0, 0
