hour,t(sec),kWh,State,kWOut,kWIn,kvarOut,DCkW,kWTotalLosses,kWInvLosses,kWIdlingLosses,kWChDchLosses,"kWh Chng",InvEff,InverterON,Vref,"Vavg (DRC)","VV Oper","VW Oper","DRC Oper","VV_DRC Oper","WP Oper","WV Oper",kWDesired,"kW VW Limit","Limit kWOut Function","kVA Exceeded","Grid voltage",di/dt,it,"it History","Rated VDC","Avg duty cycle","Target (Amps)","Series L","Max. Amps (phase)"
1, 0.00000, 21.875, 1, 3.61109, 0, 5.80375, 3.61109, 0.190058, 0, 0, 0.190058, -13.125, 1, 1, 9999, 9999, 9999, 9999, 9999, 9999, 9999, 9999, 3.61104, 9999, 8.75, 0, 0, 0, 0, 0, 8000, 0, 0, 0, 0
1, 0.00000, 18.0738, 1, 3.61105, 0, 5.80404, 3.61105, 0.190055, 0, 0, 0.190055, -3.80115, 1, 1, 9999, 9999, 9999, 9999, 9999, 9999, 9999, 9999, 3.61104, 9999, 8.75, 0, 0, 0, 0, 0, 8000, 0, 0, 0, 0
2, 0.00000, 14.2727, 1, 3.60237, 0, 5.8041, 3.60237, 0.189599, 0, 0, 0.189599, -3.8011, 1, 1, 9999, 9999, 9999, 9999, 9999, 9999, 9999, 9999, 3.60238, 9999, 8.75, 0, 0, 0, 0, 0, 8000, 0, 0, 0, 0
1, 0.00000, 10.5, 0, 0, 0.0000181235, 5.80408, -0.0000181235, 0.0000181235, 0, 0.0000181235, 0, -3.77274, 1, 1, 9999, 9999, 9999, 9999, 9999, 9999, 9999, 9999, 3.61104, 9999, 8.75, 0, 0, 0, 0, 0, 8000, 0, 0, 0, 0
2, 0.00000, 10.5, 0, 0, 8.15592E-6, 5.80411, -8.15592E-6, 8.15592E-6, 0, 8.15592E-6, 0, 0, 1, 1, 9999, 9999, 9999, 9999, 9999, 9999, 9999, 9999, 3.60238, 9999, 8.75, 0, 0, 0, 0, 0, 8000, 0, 0, 0, 0
3, 0.00000, 10.5, 0, 0, 2.02045E-6, 5.8041, -2.02045E-6, 2.02045E-6, 0, 2.02045E-6, 0, 0, 1, 1, 9999, 9999, 9999, 9999, 9999, 9999, 9999, 9999, 3.59284, 9999, 8.75, 0, 0, 0, 0, 0, 8000, 0, 0, 0, 0
