hour,t(sec),kWh,State,kWOut,kWIn,kvarOut,DCkW,kWTotalLosses,kWInvLosses,kWIdlingLosses,kWChDchLosses,"kWh Chng",InvEff,InverterON,Vref,"Vavg (DRC)","VV Oper","VW Oper","DRC Oper","VV_DRC Oper","WP Oper","WV Oper",kWDesired,"kW VW Limit","Limit kWOut Function","kVA Exceeded","Grid voltage",di/dt,it,"it History","Rated VDC","Avg duty cycle","Target (Amps)","Series L","Max. Amps (phase)"
1, 0.00000, 11.6637, 1, 1.41711, 0, 3.09467, 1.41711, 0.0745846, 0, 0, 0.0745846, -6.99825, 1, 1, 9999, 9999, 9999, 9999, 9999, 9999, 9999, 9999, 1.4171, 9999, 4.6655, 0, 0, 0, 0, 0, 8000, 0, 0, 0, 0
1, 0.00000, 10.1721, 1, 1.4171, 0, 3.0947, 1.4171, 0.0745842, 0, 0, 0.0745842, -1.49169, 1, 1, 9999, 9999, 9999, 9999, 9999, 9999, 9999, 9999, 1.4171, 9999, 4.6655, 0, 0, 0, 0, 0, 8000, 0, 0, 0, 0
2, 0.00000, 8.68037, 1, 1.39998, 0, 3.0947, 1.39998, 0.073683, 0, 0, 0.073683, -1.49168, 1, 1, 9999, 9999, 9999, 9999, 9999, 9999, 9999, 9999, 1.39998, 9999, 4.6655, 0, 0, 0, 0, 0, 8000, 0, 0, 0, 0
1, 0.00000, 7.20671, 1, 1.4171, 0, 3.0947, 1.4171, 0.0745842, 0, 0, 0.0745842, -1.47366, 1, 1, 9999, 9999, 9999, 9999, 9999, 9999, 9999, 9999, 1.4171, 9999, 4.6655, 0, 0, 0, 0, 0, 8000, 0, 0, 0, 0
2, 0.00000, 5.71503, 1, 1.39998, 0, 3.0947, 1.39998, 0.073683, 0, 0, 0.073683, -1.49168, 1, 1, 9999, 9999, 9999, 9999, 9999, 9999, 9999, 9999, 1.39998, 9999, 4.6655, 0, 0, 0, 0, 0, 8000, 0, 0, 0, 0
3, 0.00000, 5.5986, 0, 0, 1.98622E-7, 3.0947, -1.98622E-7, 1.98622E-7, 0, 1.98622E-7, 0, -0.116431, 1, 1, 9999, 9999, 9999, 9999, 9999, 9999, 9999, 9999, 1.39065, 9999, 4.6655, 0, 0, 0, 0, 0, 8000, 0, 0, 0, 0
