hour,t(sec),kWh,State,kWOut,kWIn,kvarOut,DCkW,kWTotalLosses,kWInvLosses,kWIdlingLosses,kWChDchLosses,"kWh Chng",InvEff,InverterON,Vref,"Vavg (DRC)","VV Oper","VW Oper","DRC Oper","VV_DRC Oper","WP Oper","WV Oper",kWDesired,"kW VW Limit","Limit kWOut Function","kVA Exceeded","Grid voltage",di/dt,it,"it History","Rated VDC","Avg duty cycle","Target (Amps)","Series L","Max. Amps (phase)"
1, 0.00000, 5.83362, 1, 0.838087, 0, 1.54773, 0.838087, 0.0441098, 0, 0, 0.0441098, -3.50017, 1, 1, 9999, 9999, 9999, 9999, 9999, 9999, 9999, 9999, 0.838077, 9999, 2.3335, 0, 0, 0, 0, 0, 8000, 0, 0, 0, 0
1, 0.00000, 4.95143, 1, 0.838078, 0, 1.54779, 0.838078, 0.0441094, 0, 0, 0.0441094, -0.882197, 1, 1, 9999, 9999, 9999, 9999, 9999, 9999, 9999, 9999, 0.838077, 9999, 2.3335, 0, 0, 0, 0, 0, 8000, 0, 0, 0, 0
2, 0.00000, 4.06924, 1, 0.915852, 0, 1.5478, 0.915852, 0.0482027, 0, 0, 0.0482027, -0.882188, 1, 1, 9999, 9999, 9999, 9999, 9999, 9999, 9999, 9999, 0.915852, 9999, 2.3335, 0, 0, 0, 0, 0, 8000, 0, 0, 0, 0
1, 0.00000, 3.10519, 1, 0.838078, 0, 1.5478, 0.838078, 0.0441094, 0, 0, 0.0441094, -0.964055, 1, 1, 9999, 9999, 9999, 9999, 9999, 9999, 9999, 9999, 0.838077, 9999, 2.3335, 0, 0, 0, 0, 0, 8000, 0, 0, 0, 0
2, 0.00000, 2.80014, 0, 0, 1.18351E-6, 1.5478, -1.18351E-6, 1.18351E-6, 0, 1.18351E-6, 0, -0.305046, 1, 1, 9999, 9999, 9999, 9999, 9999, 9999, 9999, 9999, 0.915852, 9999, 2.3335, 0, 0, 0, 0, 0, 8000, 0, 0, 0, 0
3, 0.00000, 2.80014, 0, 0, 5.17409E-7, 1.5478, -5.17409E-7, 5.17409E-7, 0, 5.17409E-7, 0, 0, 1, 1, 9999, 9999, 9999, 9999, 9999, 9999, 9999, 9999, 1.12797, 9999, 2.3335, 0, 0, 0, 0, 0, 8000, 0, 0, 0, 0
