hour,t(sec),kWh,State,kWOut,kWIn,kvarOut,DCkW,kWTotalLosses,kWInvLosses,kWIdlingLosses,kWChDchLosses,"kWh Chng",InvEff,InverterON,Vref,"Vavg (DRC)","VV Oper","VW Oper","DRC Oper","VV_DRC Oper","WP Oper","WV Oper",kWDesired,"kW VW Limit","Limit kWOut Function","kVA Exceeded","Grid voltage",di/dt,it,"it History","Rated VDC","Avg duty cycle","Target (Amps)","Series L","Max. Amps (phase)"
1, 0.00000, 11.6637, 1, 1.90825, 0, 3.09458, 1.90825, 0.100434, 0, 0, 0.100434, -6.99825, 1, 1, 9999, 9999, 9999, 9999, 9999, 9999, 9999, 9999, 1.90824, 9999, 4.6655, 0, 0, 0, 0, 0, 8000, 0, 0, 0, 0
1, 0.00000, 9.65506, 1, 1.90824, 0, 3.09468, 1.90824, 0.100434, 0, 0, 0.100434, -2.00869, 1, 1, 9999, 9999, 9999, 9999, 9999, 9999, 9999, 9999, 1.90824, 9999, 4.6655, 0, 0, 0, 0, 0, 8000, 0, 0, 0, 0
2, 0.00000, 7.64639, 1, 1.91873, 0, 3.0947, 1.91873, 0.100986, 0, 0, 0.100986, -2.00867, 1, 1, 9999, 9999, 9999, 9999, 9999, 9999, 9999, 9999, 1.91873, 9999, 4.6655, 0, 0, 0, 0, 0, 8000, 0, 0, 0, 0
1, 0.00000, 5.62667, 1, 1.90824, 0, 3.09469, 1.90824, 0.100434, 0, 0, 0.100434, -2.01972, 1, 1, 9999, 9999, 9999, 9999, 9999, 9999, 9999, 9999, 1.90824, 9999, 4.6655, 0, 0, 0, 0, 0, 8000, 0, 0, 0, 0
2, 0.00000, 5.5986, 0, 0, 2.22568E-6, 3.0947, -2.22568E-6, 2.22568E-6, 0, 2.22568E-6, 0, -0.0280721, 1, 1, 9999, 9999, 9999, 9999, 9999, 9999, 9999, 9999, 1.91873, 9999, 4.6655, 0, 0, 0, 0, 0, 8000, 0, 0, 0, 0
3, 0.00000, 5.5986, 0, 0, 8.56183E-7, 3.0947, -8.56183E-7, 8.56183E-7, 0, 8.56183E-7, 0, 0, 1, 1, 9999, 9999, 9999, 9999, 9999, 9999, 9999, 9999, 1.93492, 9999, 4.6655, 0, 0, 0, 0, 0, 8000, 0, 0, 0, 0
