hour,t(sec),kWh,State,kWOut,kWIn,kvarOut,DCkW,kWTotalLosses,kWInvLosses,kWIdlingLosses,kWChDchLosses,"kWh Chng",InvEff,InverterON,Vref,"Vavg (DRC)","VV Oper","VW Oper","DRC Oper","VV_DRC Oper","WP Oper","WV Oper",kWDesired,"kW VW Limit","Limit kWOut Function","kVA Exceeded","Grid voltage",di/dt,it,"it History","Rated VDC","Avg duty cycle","Target (Amps)","Series L","Max. Amps (phase)"
1, 0.00000, 11.6637, 1, 1.91048, 0, 3.09451, 1.91048, 0.100551, 0, 0, 0.100551, -6.99825, 1, 1, 9999, 9999, 9999, 9999, 9999, 9999, 9999, 9999, 1.91043, 9999, 4.6655, 0, 0, 0, 0, 0, 8000, 0, 0, 0, 0
1, 0.00000, 9.65272, 1, 1.91044, 0, 3.09467, 1.91044, 0.100549, 0, 0, 0.100549, -2.01103, 1, 1, 9999, 9999, 9999, 9999, 9999, 9999, 9999, 9999, 1.91043, 9999, 4.6655, 0, 0, 0, 0, 0, 8000, 0, 0, 0, 0
2, 0.00000, 7.64173, 1, 1.92606, 0, 3.0947, 1.92606, 0.101371, 0, 0, 0.101371, -2.01099, 1, 1, 9999, 9999, 9999, 9999, 9999, 9999, 9999, 9999, 1.92606, 9999, 4.6655, 0, 0, 0, 0, 0, 8000, 0, 0, 0, 0
1, 0.00000, 5.6143, 1, 1.91044, 0, 3.09469, 1.91044, 0.100549, 0, 0, 0.100549, -2.02743, 1, 1, 9999, 9999, 9999, 9999, 9999, 9999, 9999, 9999, 1.91043, 9999, 4.6655, 0, 0, 0, 0, 0, 8000, 0, 0, 0, 0
2, 0.00000, 5.5986, 0, 0, 4.90322E-6, 3.0947, -4.90322E-6, 4.90322E-6, 0, 4.90322E-6, 0, -0.0157033, 1, 1, 9999, 9999, 9999, 9999, 9999, 9999, 9999, 9999, 1.92606, 9999, 4.6655, 0, 0, 0, 0, 0, 8000, 0, 0, 0, 0
3, 0.00000, 5.5986, 0, 0, 1.18366E-6, 3.0947, -1.18366E-6, 1.18366E-6, 0, 1.18366E-6, 0, 0, 1, 1, 9999, 9999, 9999, 9999, 9999, 9999, 9999, 9999, 1.92541, 9999, 4.6655, 0, 0, 0, 0, 0, 8000, 0, 0, 0, 0
