hour,t(sec),kWh,State,kWOut,kWIn,kvarOut,DCkW,kWTotalLosses,kWInvLosses,kWIdlingLosses,kWChDchLosses,"kWh Chng",InvEff,InverterON,Vref,"Vavg (DRC)","VV Oper","VW Oper","DRC Oper","VV_DRC Oper","WP Oper","WV Oper",kWDesired,"kW VW Limit","Limit kWOut Function","kVA Exceeded","Grid voltage",di/dt,it,"it History","Rated VDC","Avg duty cycle","Target (Amps)","Series L","Max. Amps (phase)"
1, 0.00000, 11.6637, 1, 1.90902, 0, -3.09468, 1.90902, 0.100475, 0, 0, 0.100475, -6.99825, 1, 1, 9999, 9999, 9999, 9999, 9999, 9999, 9999, 9999, 1.90922, 9999, 4.6655, 0, 0, 0, 0, 0, 8000, 0, 0, 0, 0
1, 0.00000, 9.65425, 1, 1.90918, 0, -3.0947, 1.90918, 0.100483, 0, 0, 0.100483, -2.0095, 1, 1, 9999, 9999, 9999, 9999, 9999, 9999, 9999, 9999, 1.90922, 9999, 4.6655, 0, 0, 0, 0, 0, 8000, 0, 0, 0, 0
2, 0.00000, 7.64459, 1, 1.92368, 0, -3.0947, 1.92368, 0.101246, 0, 0, 0.101246, -2.00967, 1, 1, 9999, 9999, 9999, 9999, 9999, 9999, 9999, 9999, 1.92368, 9999, 4.6655, 0, 0, 0, 0, 0, 8000, 0, 0, 0, 0
1, 0.00000, 5.61966, 1, 1.9092, 0, -3.0947, 1.9092, 0.100484, 0, 0, 0.100484, -2.02493, 1, 1, 9999, 9999, 9999, 9999, 9999, 9999, 9999, 9999, 1.90922, 9999, 4.6655, 0, 0, 0, 0, 0, 8000, 0, 0, 0, 0
2, 0.00000, 5.5986, 0, 0, 5.38257E-6, -3.0947, -5.38257E-6, 5.38257E-6, 0, 5.38257E-6, 0, -0.0210637, 1, 1, 9999, 9999, 9999, 9999, 9999, 9999, 9999, 9999, 1.92368, 9999, 4.6655, 0, 0, 0, 0, 0, 8000, 0, 0, 0, 0
3, 0.00000, 5.5986, 0, 0, 1.26366E-6, -3.0947, -1.26366E-6, 1.26366E-6, 0, 1.26366E-6, 0, 0, 1, 1, 9999, 9999, 9999, 9999, 9999, 9999, 9999, 9999, 1.929, 9999, 4.6655, 0, 0, 0, 0, 0, 8000, 0, 0, 0, 0
