hour,t(sec),kWh,State,kWOut,kWIn,kvarOut,DCkW,kWTotalLosses,kWInvLosses,kWIdlingLosses,kWChDchLosses,"kWh Chng",InvEff,InverterON,Vref,"Vavg (DRC)","VV Oper","VW Oper","DRC Oper","VV_DRC Oper","WP Oper","WV Oper",kWDesired,"kW VW Limit","Limit kWOut Function","kVA Exceeded","Grid voltage",di/dt,it,"it History","Rated VDC","Avg duty cycle","Target (Amps)","Series L","Max. Amps (phase)"
1, 0.00000, 5.83362, 1, 0.951183, 0, 1.54771, 0.951183, 0.0500623, 0, 0, 0.0500623, -3.50017, 1, 1, 9999, 9999, 9999, 9999, 9999, 9999, 9999, 9999, 0.951158, 9999, 2.3335, 0, 0, 0, 0, 0, 8000, 0, 0, 0, 0
1, 0.00000, 4.83238, 1, 0.951162, 0, 1.54778, 0.951162, 0.0500612, 0, 0, 0.0500612, -1.00125, 1, 1, 9999, 9999, 9999, 9999, 9999, 9999, 9999, 9999, 0.951158, 9999, 2.3335, 0, 0, 0, 0, 0, 8000, 0, 0, 0, 0
2, 0.00000, 3.83116, 1, 0.955358, 0, 1.5478, 0.955358, 0.050282, 0, 0, 0.050282, -1.00122, 1, 1, 9999, 9999, 9999, 9999, 9999, 9999, 9999, 9999, 0.955358, 9999, 2.3335, 0, 0, 0, 0, 0, 8000, 0, 0, 0, 0
1, 0.00000, 2.82552, 1, 0.951161, 0, 1.54779, 0.951161, 0.0500611, 0, 0, 0.0500611, -1.00564, 1, 1, 9999, 9999, 9999, 9999, 9999, 9999, 9999, 9999, 0.951158, 9999, 2.3335, 0, 0, 0, 0, 0, 8000, 0, 0, 0, 0
2, 0.00000, 2.80014, 0, 0, 2.42134E-6, 1.5478, -2.42134E-6, 2.42134E-6, 0, 2.42134E-6, 0, -0.025376, 1, 1, 9999, 9999, 9999, 9999, 9999, 9999, 9999, 9999, 0.955358, 9999, 2.3335, 0, 0, 0, 0, 0, 8000, 0, 0, 0, 0
3, 0.00000, 2.80014, 0, 0, 5.85825E-7, 1.5478, -5.85825E-7, 5.85825E-7, 0, 5.85825E-7, 0, 0, 1, 1, 9999, 9999, 9999, 9999, 9999, 9999, 9999, 9999, 0.975356, 9999, 2.3335, 0, 0, 0, 0, 0, 8000, 0, 0, 0, 0
