hour,t(sec),kWh,State,kWOut,kWIn,kvarOut,DCkW,kWTotalLosses,kWInvLosses,kWIdlingLosses,kWChDchLosses,"kWh Chng",InvEff,InverterON,Vref,"Vavg (DRC)","VV Oper","VW Oper","DRC Oper","VV_DRC Oper","WP Oper","WV Oper",kWDesired,"kW VW Limit","Limit kWOut Function","kVA Exceeded","Grid voltage",di/dt,it,"it History","Rated VDC","Avg duty cycle","Target (Amps)","Series L","Max. Amps (phase)"
1, 0.00000, 5.83362, 1, 1.00283, 0, 1.54774, 1.00283, 0.0527807, 0, 0, 0.0527807, -3.50017, 1, 1, 9999, 9999, 9999, 9999, 9999, 9999, 9999, 9999, 1.00282, 9999, 2.3335, 0, 0, 0, 0, 0, 8000, 0, 0, 0, 0
1, 0.00000, 4.77801, 1, 1.00282, 0, 1.54779, 1.00282, 0.0527802, 0, 0, 0.0527802, -1.05561, 1, 1, 9999, 9999, 9999, 9999, 9999, 9999, 9999, 9999, 1.00282, 9999, 2.3335, 0, 0, 0, 0, 0, 8000, 0, 0, 0, 0
2, 0.00000, 3.72241, 1, 0.969896, 0, 1.5478, 0.969896, 0.0510472, 0, 0, 0.0510472, -1.0556, 1, 1, 9999, 9999, 9999, 9999, 9999, 9999, 9999, 9999, 0.969896, 9999, 2.3335, 0, 0, 0, 0, 0, 8000, 0, 0, 0, 0
1, 0.00000, 2.80014, 0, 0, 3.25851E-6, 1.5478, -3.25851E-6, 3.25851E-6, 0, 3.25851E-6, 0, -0.922267, 1, 1, 9999, 9999, 9999, 9999, 9999, 9999, 9999, 9999, 1.00282, 9999, 2.3335, 0, 0, 0, 0, 0, 8000, 0, 0, 0, 0
2, 0.00000, 2.80014, 0, 0, 1.44189E-6, 1.5478, -1.44189E-6, 1.44189E-6, 0, 1.44189E-6, 0, 0, 1, 1, 9999, 9999, 9999, 9999, 9999, 9999, 9999, 9999, 0.969896, 9999, 2.3335, 0, 0, 0, 0, 0, 8000, 0, 0, 0, 0
3, 0.00000, 2.80014, 0, 0, 3.96881E-7, 1.5478, -3.96881E-7, 3.96881E-7, 0, 3.96881E-7, 0, 0, 1, 1, 9999, 9999, 9999, 9999, 9999, 9999, 9999, 9999, 0.909155, 9999, 2.3335, 0, 0, 0, 0, 0, 8000, 0, 0, 0, 0
