hour,t(sec),kWh,State,kWOut,kWIn,kvarOut,DCkW,kWTotalLosses,kWInvLosses,kWIdlingLosses,kWChDchLosses,"kWh Chng",InvEff,InverterON,Vref,"Vavg (DRC)","VV Oper","VW Oper","DRC Oper","VV_DRC Oper","WP Oper","WV Oper",kWDesired,"kW VW Limit","Limit kWOut Function","kVA Exceeded","Grid voltage",di/dt,it,"it History","Rated VDC","Avg duty cycle","Target (Amps)","Series L","Max. Amps (phase)"
1, 0.00000, 11.6637, 1, 1.91245, 0, 3.09459, 1.91245, 0.100655, 0, 0, 0.100655, -6.99825, 1, 1, 9999, 9999, 9999, 9999, 9999, 9999, 9999, 9999, 1.91244, 9999, 4.6655, 0, 0, 0, 0, 0, 8000, 0, 0, 0, 0
1, 0.00000, 9.65065, 1, 1.91244, 0, 3.09468, 1.91244, 0.100655, 0, 0, 0.100655, -2.0131, 1, 1, 9999, 9999, 9999, 9999, 9999, 9999, 9999, 9999, 1.91244, 9999, 4.6655, 0, 0, 0, 0, 0, 8000, 0, 0, 0, 0
2, 0.00000, 7.63755, 1, 1.91915, 0, 3.0947, 1.91915, 0.101008, 0, 0, 0.101008, -2.01309, 1, 1, 9999, 9999, 9999, 9999, 9999, 9999, 9999, 9999, 1.91915, 9999, 4.6655, 0, 0, 0, 0, 0, 8000, 0, 0, 0, 0
1, 0.00000, 5.61739, 1, 1.91244, 0, 3.09469, 1.91244, 0.100655, 0, 0, 0.100655, -2.02016, 1, 1, 9999, 9999, 9999, 9999, 9999, 9999, 9999, 9999, 1.91244, 9999, 4.6655, 0, 0, 0, 0, 0, 8000, 0, 0, 0, 0
2, 0.00000, 5.5986, 0, 0, 2.16168E-6, 3.0947, -2.16168E-6, 2.16168E-6, 0, 2.16168E-6, 0, -0.0187912, 1, 1, 9999, 9999, 9999, 9999, 9999, 9999, 9999, 9999, 1.91915, 9999, 4.6655, 0, 0, 0, 0, 0, 8000, 0, 0, 0, 0
3, 0.00000, 5.5986, 0, 0, 8.14001E-7, 3.0947, -8.14001E-7, 8.14001E-7, 0, 8.14001E-7, 0, 0, 1, 1, 9999, 9999, 9999, 9999, 9999, 9999, 9999, 9999, 1.9303, 9999, 4.6655, 0, 0, 0, 0, 0, 8000, 0, 0, 0, 0
