hour,t(sec),kWh,State,kWOut,kWIn,kvarOut,DCkW,kWTotalLosses,kWInvLosses,kWIdlingLosses,kWChDchLosses,"kWh Chng",InvEff,InverterON,Vref,"Vavg (DRC)","VV Oper","VW Oper","DRC Oper","VV_DRC Oper","WP Oper","WV Oper",kWDesired,"kW VW Limit","Limit kWOut Function","kVA Exceeded","Grid voltage",di/dt,it,"it History","Rated VDC","Avg duty cycle","Target (Amps)","Series L","Max. Amps (phase)"
1, 0.00000, 11.6637, 1, 1.93424, 0, 3.09458, 1.93424, 0.101802, 0, 0, 0.101802, -6.99825, 1, 1, 9999, 9999, 9999, 9999, 9999, 9999, 9999, 9999, 1.93422, 9999, 4.6655, 0, 0, 0, 0, 0, 8000, 0, 0, 0, 0
1, 0.00000, 9.62771, 1, 1.93423, 0, 3.09468, 1.93423, 0.101801, 0, 0, 0.101801, -2.03604, 1, 1, 9999, 9999, 9999, 9999, 9999, 9999, 9999, 9999, 1.93422, 9999, 4.6655, 0, 0, 0, 0, 0, 8000, 0, 0, 0, 0
2, 0.00000, 7.59168, 1, 1.9241, 0, 3.0947, 1.9241, 0.101268, 0, 0, 0.101268, -2.03603, 1, 1, 9999, 9999, 9999, 9999, 9999, 9999, 9999, 9999, 1.9241, 9999, 4.6655, 0, 0, 0, 0, 0, 8000, 0, 0, 0, 0
1, 0.00000, 5.5986, 0, 0, 5.26685E-6, 3.09469, -5.26685E-6, 5.26685E-6, 0, 5.26685E-6, 0, -1.99308, 1, 1, 9999, 9999, 9999, 9999, 9999, 9999, 9999, 9999, 1.93422, 9999, 4.6655, 0, 0, 0, 0, 0, 8000, 0, 0, 0, 0
2, 0.00000, 5.5986, 0, 0, 2.20346E-6, 3.0947, -2.20346E-6, 2.20346E-6, 0, 2.20346E-6, 0, 0, 1, 1, 9999, 9999, 9999, 9999, 9999, 9999, 9999, 9999, 1.9241, 9999, 4.6655, 0, 0, 0, 0, 0, 8000, 0, 0, 0, 0
3, 0.00000, 5.5986, 0, 0, 8.41524E-7, 3.0947, -8.41524E-7, 8.41524E-7, 0, 8.41524E-7, 0, 0, 1, 1, 9999, 9999, 9999, 9999, 9999, 9999, 9999, 9999, 1.90357, 9999, 4.6655, 0, 0, 0, 0, 0, 8000, 0, 0, 0, 0
