hour,t(sec),kWh,State,kWOut,kWIn,kvarOut,DCkW,kWTotalLosses,kWInvLosses,kWIdlingLosses,kWChDchLosses,"kWh Chng",InvEff,InverterON,Vref,"Vavg (DRC)","VV Oper","VW Oper","DRC Oper","VV_DRC Oper","WP Oper","WV Oper",kWDesired,"kW VW Limit","Limit kWOut Function","kVA Exceeded","Grid voltage",di/dt,it,"it History","Rated VDC","Avg duty cycle","Target (Amps)","Series L","Max. Amps (phase)"
1, 0.00000, 11.6637, 1, 1.93764, 0, 3.09458, 1.93764, 0.101981, 0, 0, 0.101981, -6.99825, 1, 1, 9999, 9999, 9999, 9999, 9999, 9999, 9999, 9999, 1.93763, 9999, 4.6655, 0, 0, 0, 0, 0, 8000, 0, 0, 0, 0
1, 0.00000, 9.62413, 1, 1.93763, 0, 3.09468, 1.93763, 0.101981, 0, 0, 0.101981, -2.03962, 1, 1, 9999, 9999, 9999, 9999, 9999, 9999, 9999, 9999, 1.93763, 9999, 4.6655, 0, 0, 0, 0, 0, 8000, 0, 0, 0, 0
2, 0.00000, 7.58451, 1, 1.92718, 0, 3.0947, 1.92718, 0.10143, 0, 0, 0.10143, -2.03961, 1, 1, 9999, 9999, 9999, 9999, 9999, 9999, 9999, 9999, 1.92718, 9999, 4.6655, 0, 0, 0, 0, 0, 8000, 0, 0, 0, 0
1, 0.00000, 5.5986, 0, 0, 5.16676E-6, 3.0947, -5.16676E-6, 5.16676E-6, 0, 5.16676E-6, 0, -1.98591, 1, 1, 9999, 9999, 9999, 9999, 9999, 9999, 9999, 9999, 1.93763, 9999, 4.6655, 0, 0, 0, 0, 0, 8000, 0, 0, 0, 0
2, 0.00000, 5.5986, 0, 0, 2.16822E-6, 3.0947, -2.16822E-6, 2.16822E-6, 0, 2.16822E-6, 0, 0, 1, 1, 9999, 9999, 9999, 9999, 9999, 9999, 9999, 9999, 1.92718, 9999, 4.6655, 0, 0, 0, 0, 0, 8000, 0, 0, 0, 0
3, 0.00000, 5.5986, 0, 0, 8.18266E-7, 3.0947, -8.18266E-7, 8.18266E-7, 0, 8.18266E-7, 0, 0, 1, 1, 9999, 9999, 9999, 9999, 9999, 9999, 9999, 9999, 1.89709, 9999, 4.6655, 0, 0, 0, 0, 0, 8000, 0, 0, 0, 0
