hour,t(sec),kWh,State,kWOut,kWIn,kvarOut,DCkW,kWTotalLosses,kWInvLosses,kWIdlingLosses,kWChDchLosses,"kWh Chng",InvEff,InverterON,Vref,"Vavg (DRC)","VV Oper","VW Oper","DRC Oper","VV_DRC Oper","WP Oper","WV Oper",kWDesired,"kW VW Limit","Limit kWOut Function","kVA Exceeded","Grid voltage",di/dt,it,"it History","Rated VDC","Avg duty cycle","Target (Amps)","Series L","Max. Amps (phase)"
1, 0.00000, 11.6637, 1, 1.94057, 0, 3.09451, 1.94057, 0.102135, 0, 0, 0.102135, -6.99825, 1, 1, 9999, 9999, 9999, 9999, 9999, 9999, 9999, 9999, 1.94052, 9999, 4.6655, 0, 0, 0, 0, 0, 8000, 0, 0, 0, 0
1, 0.00000, 9.62104, 1, 1.94053, 0, 3.09467, 1.94053, 0.102133, 0, 0, 0.102133, -2.04271, 1, 1, 9999, 9999, 9999, 9999, 9999, 9999, 9999, 9999, 1.94052, 9999, 4.6655, 0, 0, 0, 0, 0, 8000, 0, 0, 0, 0
2, 0.00000, 7.57838, 1, 1.91715, 0, 3.0947, 1.91715, 0.100902, 0, 0, 0.100902, -2.04266, 1, 1, 9999, 9999, 9999, 9999, 9999, 9999, 9999, 9999, 1.91715, 9999, 4.6655, 0, 0, 0, 0, 0, 8000, 0, 0, 0, 0
1, 0.00000, 5.5986, 0, 0, 0.0000109417, 3.09469, -0.0000109417, 0.0000109417, 0, 0.0000109417, 0, -1.97978, 1, 1, 9999, 9999, 9999, 9999, 9999, 9999, 9999, 9999, 1.94052, 9999, 4.6655, 0, 0, 0, 0, 0, 8000, 0, 0, 0, 0
2, 0.00000, 5.5986, 0, 0, 4.92667E-6, 3.0947, -4.92667E-6, 4.92667E-6, 0, 4.92667E-6, 0, 0, 1, 1, 9999, 9999, 9999, 9999, 9999, 9999, 9999, 9999, 1.91715, 9999, 4.6655, 0, 0, 0, 0, 0, 8000, 0, 0, 0, 0
3, 0.00000, 5.5986, 0, 0, 1.18471E-6, 3.0947, -1.18471E-6, 1.18471E-6, 0, 1.18471E-6, 0, 0, 1, 1, 9999, 9999, 9999, 9999, 9999, 9999, 9999, 9999, 1.90422, 9999, 4.6655, 0, 0, 0, 0, 0, 8000, 0, 0, 0, 0
