hour,t(sec),kWh,State,kWOut,kWIn,kvarOut,DCkW,kWTotalLosses,kWInvLosses,kWIdlingLosses,kWChDchLosses,"kWh Chng",InvEff,InverterON,Vref,"Vavg (DRC)","VV Oper","VW Oper","DRC Oper","VV_DRC Oper","WP Oper","WV Oper",kWDesired,"kW VW Limit","Limit kWOut Function","kVA Exceeded","Grid voltage",di/dt,it,"it History","Rated VDC","Avg duty cycle","Target (Amps)","Series L","Max. Amps (phase)"
1, 0.00000, 5.83362, 1, 0.944573, 0, -1.54779, 0.944573, 0.0497144, 0, 0, 0.0497144, -3.50017, 1, 1, 9999, 9999, 9999, 9999, 9999, 9999, 9999, 9999, 0.944671, 9999, 2.3335, 0, 0, 0, 0, 0, 8000, 0, 0, 0, 0
1, 0.00000, 4.83934, 1, 0.944654, 0, -1.5478, 0.944654, 0.0497186, 0, 0, 0.0497186, -0.994288, 1, 1, 9999, 9999, 9999, 9999, 9999, 9999, 9999, 9999, 0.944671, 9999, 2.3335, 0, 0, 0, 0, 0, 8000, 0, 0, 0, 0
2, 0.00000, 3.84496, 1, 0.946421, 0, -1.5478, 0.946421, 0.0498116, 0, 0, 0.0498116, -0.994373, 1, 1, 9999, 9999, 9999, 9999, 9999, 9999, 9999, 9999, 0.946421, 9999, 2.3335, 0, 0, 0, 0, 0, 8000, 0, 0, 0, 0
1, 0.00000, 2.84873, 1, 0.944663, 0, -1.5478, 0.944663, 0.0497191, 0, 0, 0.0497191, -0.996233, 1, 1, 9999, 9999, 9999, 9999, 9999, 9999, 9999, 9999, 0.944671, 9999, 2.3335, 0, 0, 0, 0, 0, 8000, 0, 0, 0, 0
2, 0.00000, 2.80014, 0, 0, 2.69258E-6, -1.5478, -2.69258E-6, 2.69258E-6, 0, 2.69258E-6, 0, -0.0485918, 1, 1, 9999, 9999, 9999, 9999, 9999, 9999, 9999, 9999, 0.946421, 9999, 2.3335, 0, 0, 0, 0, 0, 8000, 0, 0, 0, 0
3, 0.00000, 2.80014, 0, 0, 6.32095E-7, -1.5478, -6.32095E-7, 6.32095E-7, 0, 6.32095E-7, 0, 0, 1, 1, 9999, 9999, 9999, 9999, 9999, 9999, 9999, 9999, 0.990757, 9999, 2.3335, 0, 0, 0, 0, 0, 8000, 0, 0, 0, 0
