hour,t(sec),kWh,State,kWOut,kWIn,kvarOut,DCkW,kWTotalLosses,kWInvLosses,kWIdlingLosses,kWChDchLosses,"kWh Chng",InvEff,InverterON,Vref,"Vavg (DRC)","VV Oper","VW Oper","DRC Oper","VV_DRC Oper","WP Oper","WV Oper",kWDesired,"kW VW Limit","Limit kWOut Function","kVA Exceeded","Grid voltage",di/dt,it,"it History","Rated VDC","Avg duty cycle","Target (Amps)","Series L","Max. Amps (phase)"
1, 0.00000, 71.4613, 1, 6.96356, 0, 1.07638, 6.96356, 0.366503, 0, 0, 0.366503, -42.8768, 1, 1, 9999, 9999, 9999, 9999, 9999, 9999, 9999, 9999, 6.96376, 9999, 28.5845, 0, 0, 0, 0, 0, 8000, 0, 0, 0, 0
1, 0.00000, 64.1312, 1, 6.96372, 0, 1.07635, 6.96372, 0.366512, 0, 0, 0.366512, -7.33006, 1, 1, 9999, 9999, 9999, 9999, 9999, 9999, 9999, 9999, 6.96376, 9999, 28.5845, 0, 0, 0, 0, 0, 8000, 0, 0, 0, 0
2, 0.00000, 56.801, 1, 7.37766, 0, 1.0764, 7.37766, 0.388298, 0, 0, 0.388298, -7.33023, 1, 1, 9999, 9999, 9999, 9999, 9999, 9999, 9999, 9999, 7.37766, 9999, 28.5845, 0, 0, 0, 0, 0, 8000, 0, 0, 0, 0
1, 0.00000, 49.035, 1, 6.96374, 0, 1.07497, 6.96374, 0.366513, 0, 0, 0.366513, -7.76596, 1, 1, 9999, 9999, 9999, 9999, 9999, 9999, 9999, 9999, 6.96376, 9999, 28.5845, 0, 0, 0, 0, 0, 8000, 0, 0, 0, 0
2, 0.00000, 41.7047, 1, 7.37766, 0, 1.07501, 7.37766, 0.388298, 0, 0, 0.388298, -7.33026, 1, 1, 9999, 9999, 9999, 9999, 9999, 9999, 9999, 9999, 7.37766, 9999, 28.5845, 0, 0, 0, 0, 0, 8000, 0, 0, 0, 0
3, 0.00000, 34.3014, 0, 0, 4.16976E-7, 1.075, -4.16976E-7, 4.16976E-7, 0, 4.16976E-7, 0, -7.40334, 1, 1, 9999, 9999, 9999, 9999, 9999, 9999, 9999, 9999, 7.86674, 9999, 28.5845, 0, 0, 0, 0, 0, 8000, 0, 0, 0, 0
