hour,t(sec),kWh,State,kWOut,kWIn,kvarOut,DCkW,kWTotalLosses,kWInvLosses,kWIdlingLosses,kWChDchLosses,"kWh Chng",InvEff,InverterON,Vref,"Vavg (DRC)","VV Oper","VW Oper","DRC Oper","VV_DRC Oper","WP Oper","WV Oper",kWDesired,"kW VW Limit","Limit kWOut Function","kVA Exceeded","Grid voltage",di/dt,it,"it History","Rated VDC","Avg duty cycle","Target (Amps)","Series L","Max. Amps (phase)"
1, 0.00000, 11.6637, 1, 1.07322, 0, 3.09467, 1.07322, 0.056485, 0, 0, 0.056485, -6.99825, 1, 1, 9999, 9999, 9999, 9999, 9999, 9999, 9999, 9999, 1.0732, 9999, 4.6655, 0, 0, 0, 0, 0, 8000, 0, 0, 0, 0
1, 0.00000, 10.534, 1, 1.07321, 0, 3.0947, 1.07321, 0.0564846, 0, 0, 0.0564846, -1.1297, 1, 1, 9999, 9999, 9999, 9999, 9999, 9999, 9999, 9999, 1.0732, 9999, 4.6655, 0, 0, 0, 0, 0, 8000, 0, 0, 0, 0
2, 0.00000, 9.40436, 1, 1.16577, 0, 3.0947, 1.16577, 0.0613562, 0, 0, 0.0613562, -1.12969, 1, 1, 9999, 9999, 9999, 9999, 9999, 9999, 9999, 9999, 1.16577, 9999, 4.6655, 0, 0, 0, 0, 0, 8000, 0, 0, 0, 0
1, 0.00000, 8.17723, 1, 1.07321, 0, 3.0947, 1.07321, 0.0564845, 0, 0, 0.0564845, -1.22712, 1, 1, 9999, 9999, 9999, 9999, 9999, 9999, 9999, 9999, 1.0732, 9999, 4.6655, 0, 0, 0, 0, 0, 8000, 0, 0, 0, 0
2, 0.00000, 7.04754, 1, 1.16577, 0, 3.0947, 1.16577, 0.0613562, 0, 0, 0.0613562, -1.12969, 1, 1, 9999, 9999, 9999, 9999, 9999, 9999, 9999, 9999, 1.16577, 9999, 4.6655, 0, 0, 0, 0, 0, 8000, 0, 0, 0, 0
3, 0.00000, 5.82042, 1, 1.35715, 0, 3.0947, 1.35715, 0.0714288, 0, 0, 0.0714288, -1.22712, 1, 1, 9999, 9999, 9999, 9999, 9999, 9999, 9999, 9999, 1.35715, 9999, 4.6655, 0, 0, 0, 0, 0, 8000, 0, 0, 0, 0
