hour,t(sec),kWh,State,kWOut,kWIn,kvarOut,DCkW,kWTotalLosses,kWInvLosses,kWIdlingLosses,kWChDchLosses,"kWh Chng",InvEff,InverterON,Vref,"Vavg (DRC)","VV Oper","VW Oper","DRC Oper","VV_DRC Oper","WP Oper","WV Oper",kWDesired,"kW VW Limit","Limit kWOut Function","kVA Exceeded","Grid voltage",di/dt,it,"it History","Rated VDC","Avg duty cycle","Target (Amps)","Series L","Max. Amps (phase)"
1, 0.00000, 61.25, 1, 5.26012, 0, 16.2509, 5.26012, 0.276848, 0, 0, 0.276848, -36.75, 1, 1, 9999, 9999, 9999, 9999, 9999, 9999, 9999, 9999, 5.2599, 9999, 24.5, 0, 0, 0, 0, 0, 8000, 0, 0, 0, 0
1, 0.00000, 55.713, 1, 5.25994, 0, 16.2514, 5.25994, 0.276839, 0, 0, 0.276839, -5.53697, 1, 1, 9999, 9999, 9999, 9999, 9999, 9999, 9999, 9999, 5.2599, 9999, 24.5, 0, 0, 0, 0, 0, 8000, 0, 0, 0, 0
2, 0.00000, 50.1763, 1, 5.16533, 0, 16.2515, 5.16533, 0.27186, 0, 0, 0.27186, -5.53678, 1, 1, 9999, 9999, 9999, 9999, 9999, 9999, 9999, 9999, 5.16534, 9999, 24.5, 0, 0, 0, 0, 0, 8000, 0, 0, 0, 0
1, 0.00000, 44.7391, 1, 5.25992, 0, 16.2515, 5.25992, 0.276838, 0, 0, 0.276838, -5.43719, 1, 1, 9999, 9999, 9999, 9999, 9999, 9999, 9999, 9999, 5.2599, 9999, 24.5, 0, 0, 0, 0, 0, 8000, 0, 0, 0, 0
2, 0.00000, 39.2023, 1, 5.16533, 0, 16.2515, 5.16533, 0.271859, 0, 0, 0.271859, -5.53676, 1, 1, 9999, 9999, 9999, 9999, 9999, 9999, 9999, 9999, 5.16534, 9999, 24.5, 0, 0, 0, 0, 0, 8000, 0, 0, 0, 0
3, 0.00000, 33.7651, 1, 4.96689, 0, 16.2515, 4.96689, 0.261415, 0, 0, 0.261415, -5.43718, 1, 1, 9999, 9999, 9999, 9999, 9999, 9999, 9999, 9999, 4.96689, 9999, 24.5, 0, 0, 0, 0, 0, 8000, 0, 0, 0, 0
