hour,t(sec),kWh,State,kWOut,kWIn,kvarOut,DCkW,kWTotalLosses,kWInvLosses,kWIdlingLosses,kWChDchLosses,"kWh Chng",InvEff,InverterON,Vref,"Vavg (DRC)","VV Oper","VW Oper","DRC Oper","VV_DRC Oper","WP Oper","WV Oper",kWDesired,"kW VW Limit","Limit kWOut Function","kVA Exceeded","Grid voltage",di/dt,it,"it History","Rated VDC","Avg duty cycle","Target (Amps)","Series L","Max. Amps (phase)"
1, 0.00000, 11.6637, 1, 1.95388, 0, 3.09457, 1.95388, 0.102836, 0, 0, 0.102836, -6.99825, 1, 1, 9999, 9999, 9999, 9999, 9999, 9999, 9999, 9999, 1.95386, 9999, 4.6655, 0, 0, 0, 0, 0, 8000, 0, 0, 0, 0
1, 0.00000, 9.60704, 1, 1.95387, 0, 3.09468, 1.95387, 0.102835, 0, 0, 0.102835, -2.05671, 1, 1, 9999, 9999, 9999, 9999, 9999, 9999, 9999, 9999, 1.95386, 9999, 4.6655, 0, 0, 0, 0, 0, 8000, 0, 0, 0, 0
2, 0.00000, 7.55033, 1, 1.91542, 0, 3.0947, 1.91542, 0.100812, 0, 0, 0.100812, -2.0567, 1, 1, 9999, 9999, 9999, 9999, 9999, 9999, 9999, 9999, 1.91542, 9999, 4.6655, 0, 0, 0, 0, 0, 8000, 0, 0, 0, 0
1, 0.00000, 5.5986, 0, 0, 5.60289E-6, 3.09469, -5.60289E-6, 5.60289E-6, 0, 5.60289E-6, 0, -1.95173, 1, 1, 9999, 9999, 9999, 9999, 9999, 9999, 9999, 9999, 1.95386, 9999, 4.6655, 0, 0, 0, 0, 0, 8000, 0, 0, 0, 0
2, 0.00000, 5.5986, 0, 0, 2.30455E-6, 3.0947, -2.30455E-6, 2.30455E-6, 0, 2.30455E-6, 0, 0, 1, 1, 9999, 9999, 9999, 9999, 9999, 9999, 9999, 9999, 1.91542, 9999, 4.6655, 0, 0, 0, 0, 0, 8000, 0, 0, 0, 0
3, 0.00000, 5.5986, 0, 0, 9.63638E-7, 3.0947, -9.63638E-7, 9.63638E-7, 0, 9.63638E-7, 0, 0, 1, 1, 9999, 9999, 9999, 9999, 9999, 9999, 9999, 9999, 1.89261, 9999, 4.6655, 0, 0, 0, 0, 0, 8000, 0, 0, 0, 0
