hour,t(sec),kWh,State,kWOut,kWIn,kvarOut,DCkW,kWTotalLosses,kWInvLosses,kWIdlingLosses,kWChDchLosses,"kWh Chng",InvEff,InverterON,Vref,"Vavg (DRC)","VV Oper","VW Oper","DRC Oper","VV_DRC Oper","WP Oper","WV Oper",kWDesired,"kW VW Limit","Limit kWOut Function","kVA Exceeded","Grid voltage",di/dt,it,"it History","Rated VDC","Avg duty cycle","Target (Amps)","Series L","Max. Amps (phase)"
1, 0.00000, 11.6637, 1, 1.90633, 0, 3.09451, 1.90633, 0.100333, 0, 0, 0.100333, -6.99825, 1, 1, 9999, 9999, 9999, 9999, 9999, 9999, 9999, 9999, 1.90628, 9999, 4.6655, 0, 0, 0, 0, 0, 8000, 0, 0, 0, 0
1, 0.00000, 9.65709, 1, 1.90629, 0, 3.09467, 1.90629, 0.100331, 0, 0, 0.100331, -2.00666, 1, 1, 9999, 9999, 9999, 9999, 9999, 9999, 9999, 9999, 1.90628, 9999, 4.6655, 0, 0, 0, 0, 0, 8000, 0, 0, 0, 0
2, 0.00000, 7.65047, 1, 1.90992, 0, 3.0947, 1.90992, 0.100522, 0, 0, 0.100522, -2.00662, 1, 1, 9999, 9999, 9999, 9999, 9999, 9999, 9999, 9999, 1.90992, 9999, 4.6655, 0, 0, 0, 0, 0, 8000, 0, 0, 0, 0
1, 0.00000, 5.64004, 1, 1.90628, 0, 3.09469, 1.90628, 0.100331, 0, 0, 0.100331, -2.01044, 1, 1, 9999, 9999, 9999, 9999, 9999, 9999, 9999, 9999, 1.90628, 9999, 4.6655, 0, 0, 0, 0, 0, 8000, 0, 0, 0, 0
2, 0.00000, 5.5986, 0, 0, 4.87629E-6, 3.0947, -4.87629E-6, 4.87629E-6, 0, 4.87629E-6, 0, -0.0414364, 1, 1, 9999, 9999, 9999, 9999, 9999, 9999, 9999, 9999, 1.90992, 9999, 4.6655, 0, 0, 0, 0, 0, 8000, 0, 0, 0, 0
3, 0.00000, 5.5986, 0, 0, 1.17835E-6, 3.0947, -1.17835E-6, 1.17835E-6, 0, 1.17835E-6, 0, 0, 1, 1, 9999, 9999, 9999, 9999, 9999, 9999, 9999, 9999, 1.9457, 9999, 4.6655, 0, 0, 0, 0, 0, 8000, 0, 0, 0, 0
