hour,t(sec),kWh,State,kWOut,kWIn,kvarOut,DCkW,kWTotalLosses,kWInvLosses,kWIdlingLosses,kWChDchLosses,"kWh Chng",InvEff,InverterON,Vref,"Vavg (DRC)","VV Oper","VW Oper","DRC Oper","VV_DRC Oper","WP Oper","WV Oper",kWDesired,"kW VW Limit","Limit kWOut Function","kVA Exceeded","Grid voltage",di/dt,it,"it History","Rated VDC","Avg duty cycle","Target (Amps)","Series L","Max. Amps (phase)"
1, 0.00000, 11.6637, 1, 1.8899, 0, -3.09468, 1.8899, 0.0994682, 0, 0, 0.0994682, -6.99825, 1, 1, 9999, 9999, 9999, 9999, 9999, 9999, 9999, 9999, 1.89009, 9999, 4.6655, 0, 0, 0, 0, 0, 8000, 0, 0, 0, 0
1, 0.00000, 9.67439, 1, 1.89005, 0, -3.0947, 1.89005, 0.0994766, 0, 0, 0.0994766, -1.98936, 1, 1, 9999, 9999, 9999, 9999, 9999, 9999, 9999, 9999, 1.89009, 9999, 4.6655, 0, 0, 0, 0, 0, 8000, 0, 0, 0, 0
2, 0.00000, 7.68485, 1, 1.88444, 0, -3.0947, 1.88444, 0.0991812, 0, 0, 0.0991812, -1.98953, 1, 1, 9999, 9999, 9999, 9999, 9999, 9999, 9999, 9999, 1.88444, 9999, 4.6655, 0, 0, 0, 0, 0, 8000, 0, 0, 0, 0
1, 0.00000, 5.70123, 1, 1.89007, 0, -3.0947, 1.89007, 0.0994775, 0, 0, 0.0994775, -1.98362, 1, 1, 9999, 9999, 9999, 9999, 9999, 9999, 9999, 9999, 1.89009, 9999, 4.6655, 0, 0, 0, 0, 0, 8000, 0, 0, 0, 0
2, 0.00000, 5.5986, 0, 0, 5.39534E-6, -3.0947, -5.39534E-6, 5.39534E-6, 0, 5.39534E-6, 0, -0.102631, 1, 1, 9999, 9999, 9999, 9999, 9999, 9999, 9999, 9999, 1.88444, 9999, 4.6655, 0, 0, 0, 0, 0, 8000, 0, 0, 0, 0
3, 0.00000, 5.5986, 0, 0, 1.26402E-6, -3.0947, -1.26402E-6, 1.26402E-6, 0, 1.26402E-6, 0, 0, 1, 1, 9999, 9999, 9999, 9999, 9999, 9999, 9999, 9999, 1.98736, 9999, 4.6655, 0, 0, 0, 0, 0, 8000, 0, 0, 0, 0
