hour,t(sec),kWh,State,kWOut,kWIn,kvarOut,DCkW,kWTotalLosses,kWInvLosses,kWIdlingLosses,kWChDchLosses,"kWh Chng",InvEff,InverterON,Vref,"Vavg (DRC)","VV Oper","VW Oper","DRC Oper","VV_DRC Oper","WP Oper","WV Oper",kWDesired,"kW VW Limit","Limit kWOut Function","kVA Exceeded","Grid voltage",di/dt,it,"it History","Rated VDC","Avg duty cycle","Target (Amps)","Series L","Max. Amps (phase)"
1, 0.00000, 5.83362, 1, 0.947674, 0, 1.54773, 0.947674, 0.0498776, 0, 0, 0.0498776, -3.50017, 1, 1, 9999, 9999, 9999, 9999, 9999, 9999, 9999, 9999, 0.947658, 9999, 2.3335, 0, 0, 0, 0, 0, 8000, 0, 0, 0, 0
1, 0.00000, 4.83607, 1, 0.947661, 0, 1.54779, 0.947661, 0.0498769, 0, 0, 0.0498769, -0.997551, 1, 1, 9999, 9999, 9999, 9999, 9999, 9999, 9999, 9999, 0.947658, 9999, 2.3335, 0, 0, 0, 0, 0, 8000, 0, 0, 0, 0
2, 0.00000, 3.83854, 1, 0.959372, 0, 1.5478, 0.959372, 0.0504933, 0, 0, 0.0504933, -0.997537, 1, 1, 9999, 9999, 9999, 9999, 9999, 9999, 9999, 9999, 0.959372, 9999, 2.3335, 0, 0, 0, 0, 0, 8000, 0, 0, 0, 0
1, 0.00000, 2.82867, 1, 0.94766, 0, 1.54779, 0.94766, 0.0498768, 0, 0, 0.0498768, -1.00987, 1, 1, 9999, 9999, 9999, 9999, 9999, 9999, 9999, 9999, 0.947658, 9999, 2.3335, 0, 0, 0, 0, 0, 8000, 0, 0, 0, 0
2, 0.00000, 2.80014, 0, 0, 1.67206E-6, 1.5478, -1.67206E-6, 1.67206E-6, 0, 1.67206E-6, 0, -0.0285312, 1, 1, 9999, 9999, 9999, 9999, 9999, 9999, 9999, 9999, 0.959372, 9999, 2.3335, 0, 0, 0, 0, 0, 8000, 0, 0, 0, 0
3, 0.00000, 2.80014, 0, 0, 4.41613E-7, 1.5478, -4.41613E-7, 4.41613E-7, 0, 4.41613E-7, 0, 0, 1, 1, 9999, 9999, 9999, 9999, 9999, 9999, 9999, 9999, 0.974843, 9999, 2.3335, 0, 0, 0, 0, 0, 8000, 0, 0, 0, 0
