hour,t(sec),kWh,State,kWOut,kWIn,kvarOut,DCkW,kWTotalLosses,kWInvLosses,kWIdlingLosses,kWChDchLosses,"kWh Chng",InvEff,InverterON,Vref,"Vavg (DRC)","VV Oper","VW Oper","DRC Oper","VV_DRC Oper","WP Oper","WV Oper",kWDesired,"kW VW Limit","Limit kWOut Function","kVA Exceeded","Grid voltage",di/dt,it,"it History","Rated VDC","Avg duty cycle","Target (Amps)","Series L","Max. Amps (phase)"
1, 0.00000, 11.6637, 1, 1.90268, 0, 3.0945, 1.90268, 0.100141, 0, 0, 0.100141, -6.99825, 1, 1, 9999, 9999, 9999, 9999, 9999, 9999, 9999, 9999, 1.90264, 9999, 4.6655, 0, 0, 0, 0, 0, 8000, 0, 0, 0, 0
1, 0.00000, 9.66092, 1, 1.90265, 0, 3.09467, 1.90265, 0.100139, 0, 0, 0.100139, -2.00283, 1, 1, 9999, 9999, 9999, 9999, 9999, 9999, 9999, 9999, 1.90264, 9999, 4.6655, 0, 0, 0, 0, 0, 8000, 0, 0, 0, 0
2, 0.00000, 7.65814, 1, 1.90819, 0, 3.0947, 1.90819, 0.100431, 0, 0, 0.100431, -2.00279, 1, 1, 9999, 9999, 9999, 9999, 9999, 9999, 9999, 9999, 1.90819, 9999, 4.6655, 0, 0, 0, 0, 0, 8000, 0, 0, 0, 0
1, 0.00000, 5.64952, 1, 1.90264, 0, 3.09469, 1.90264, 0.100139, 0, 0, 0.100139, -2.00862, 1, 1, 9999, 9999, 9999, 9999, 9999, 9999, 9999, 9999, 1.90264, 9999, 4.6655, 0, 0, 0, 0, 0, 8000, 0, 0, 0, 0
2, 0.00000, 5.5986, 0, 0, 5.04167E-6, 3.0947, -5.04167E-6, 5.04167E-6, 0, 5.04167E-6, 0, -0.050918, 1, 1, 9999, 9999, 9999, 9999, 9999, 9999, 9999, 9999, 1.90819, 9999, 4.6655, 0, 0, 0, 0, 0, 8000, 0, 0, 0, 0
3, 0.00000, 5.5986, 0, 0, 1.21199E-6, 3.0947, -1.21199E-6, 1.21199E-6, 0, 1.21199E-6, 0, 0, 1, 1, 9999, 9999, 9999, 9999, 9999, 9999, 9999, 9999, 1.95102, 9999, 4.6655, 0, 0, 0, 0, 0, 8000, 0, 0, 0, 0
