hour,t(sec),kWh,State,kWOut,kWIn,kvarOut,DCkW,kWTotalLosses,kWInvLosses,kWIdlingLosses,kWChDchLosses,"kWh Chng",InvEff,InverterON,Vref,"Vavg (DRC)","VV Oper","VW Oper","DRC Oper","VV_DRC Oper","WP Oper","WV Oper",kWDesired,"kW VW Limit","Limit kWOut Function","kVA Exceeded","Grid voltage",di/dt,it,"it History","Rated VDC","Avg duty cycle","Target (Amps)","Series L","Max. Amps (phase)"
1, 0.00000, 11.6637, 1, 1.92416, 0, 3.09461, 1.92416, 0.101272, 0, 0, 0.101272, -6.99825, 1, 1, 9999, 9999, 9999, 9999, 9999, 9999, 9999, 9999, 1.92415, 9999, 4.6655, 0, 0, 0, 0, 0, 8000, 0, 0, 0, 0
1, 0.00000, 9.63832, 1, 1.92415, 0, 3.09468, 1.92415, 0.101271, 0, 0, 0.101271, -2.02543, 1, 1, 9999, 9999, 9999, 9999, 9999, 9999, 9999, 9999, 1.92415, 9999, 4.6655, 0, 0, 0, 0, 0, 8000, 0, 0, 0, 0
2, 0.00000, 7.6129, 1, 1.91859, 0, 3.0947, 1.91859, 0.100979, 0, 0, 0.100979, -2.02542, 1, 1, 9999, 9999, 9999, 9999, 9999, 9999, 9999, 9999, 1.91859, 9999, 4.6655, 0, 0, 0, 0, 0, 8000, 0, 0, 0, 0
1, 0.00000, 5.5986, 0, 0, 4.44819E-6, 3.0947, -4.44819E-6, 4.44819E-6, 0, 4.44819E-6, 0, -2.0143, 1, 1, 9999, 9999, 9999, 9999, 9999, 9999, 9999, 9999, 1.92415, 9999, 4.6655, 0, 0, 0, 0, 0, 8000, 0, 0, 0, 0
2, 0.00000, 5.5986, 0, 0, 1.92625E-6, 3.0947, -1.92625E-6, 1.92625E-6, 0, 1.92625E-6, 0, 0, 1, 1, 9999, 9999, 9999, 9999, 9999, 9999, 9999, 9999, 1.91859, 9999, 4.6655, 0, 0, 0, 0, 0, 8000, 0, 0, 0, 0
3, 0.00000, 5.5986, 0, 0, 6.06368E-7, 3.0947, -6.06368E-7, 6.06368E-7, 0, 6.06368E-7, 0, 0, 1, 1, 9999, 9999, 9999, 9999, 9999, 9999, 9999, 9999, 1.91915, 9999, 4.6655, 0, 0, 0, 0, 0, 8000, 0, 0, 0, 0
