hour,t(sec),kWh,State,kWOut,kWIn,kvarOut,DCkW,kWTotalLosses,kWInvLosses,kWIdlingLosses,kWChDchLosses,"kWh Chng",InvEff,InverterON,Vref,"Vavg (DRC)","VV Oper","VW Oper","DRC Oper","VV_DRC Oper","WP Oper","WV Oper",kWDesired,"kW VW Limit","Limit kWOut Function","kVA Exceeded","Grid voltage",di/dt,it,"it History","Rated VDC","Avg duty cycle","Target (Amps)","Series L","Max. Amps (phase)"
1, 0.00000, 11.6637, 1, 1.92312, 0, 3.0945, 1.92312, 0.101217, 0, 0, 0.101217, -6.99825, 1, 1, 9999, 9999, 9999, 9999, 9999, 9999, 9999, 9999, 1.92307, 9999, 4.6655, 0, 0, 0, 0, 0, 8000, 0, 0, 0, 0
1, 0.00000, 9.63941, 1, 1.92308, 0, 3.09467, 1.92308, 0.101215, 0, 0, 0.101215, -2.02434, 1, 1, 9999, 9999, 9999, 9999, 9999, 9999, 9999, 9999, 1.92307, 9999, 4.6655, 0, 0, 0, 0, 0, 8000, 0, 0, 0, 0
2, 0.00000, 7.61512, 1, 1.91472, 0, 3.0947, 1.91472, 0.100775, 0, 0, 0.100775, -2.0243, 1, 1, 9999, 9999, 9999, 9999, 9999, 9999, 9999, 9999, 1.91472, 9999, 4.6655, 0, 0, 0, 0, 0, 8000, 0, 0, 0, 0
1, 0.00000, 5.59962, 1, 1.92308, 0, 3.09469, 1.92308, 0.101215, 0, 0, 0.101215, -2.0155, 1, 1, 9999, 9999, 9999, 9999, 9999, 9999, 9999, 9999, 1.92307, 9999, 4.6655, 0, 0, 0, 0, 0, 8000, 0, 0, 0, 0
2, 0.00000, 5.5986, 0, 0, 4.95846E-6, 3.0947, -4.95846E-6, 4.95846E-6, 0, 4.95846E-6, 0, -0.00102048, 1, 1, 9999, 9999, 9999, 9999, 9999, 9999, 9999, 9999, 1.91472, 9999, 4.6655, 0, 0, 0, 0, 0, 8000, 0, 0, 0, 0
3, 0.00000, 5.5986, 0, 0, 1.19508E-6, 3.0947, -1.19508E-6, 1.19508E-6, 0, 1.19508E-6, 0, 0, 1, 1, 9999, 9999, 9999, 9999, 9999, 9999, 9999, 9999, 1.92415, 9999, 4.6655, 0, 0, 0, 0, 0, 8000, 0, 0, 0, 0
