hour,t(sec),kWh,State,kWOut,kWIn,kvarOut,DCkW,kWTotalLosses,kWInvLosses,kWIdlingLosses,kWChDchLosses,"kWh Chng",InvEff,InverterON,Vref,"Vavg (DRC)","VV Oper","VW Oper","DRC Oper","VV_DRC Oper","WP Oper","WV Oper",kWDesired,"kW VW Limit","Limit kWOut Function","kVA Exceeded","Grid voltage",di/dt,it,"it History","Rated VDC","Avg duty cycle","Target (Amps)","Series L","Max. Amps (phase)"
1, 0.00000, 5.83362, 1, 1.01622, 0, 1.54777, 1.01622, 0.0534852, 0, 0, 0.0534852, -3.50017, 1, 1, 9999, 9999, 9999, 9999, 9999, 9999, 9999, 9999, 1.01622, 9999, 2.3335, 0, 0, 0, 0, 0, 8000, 0, 0, 0, 0
1, 0.00000, 4.76392, 1, 1.01622, 0, 1.5478, 1.01622, 0.0534851, 0, 0, 0.0534851, -1.0697, 1, 1, 9999, 9999, 9999, 9999, 9999, 9999, 9999, 9999, 1.01622, 9999, 2.3335, 0, 0, 0, 0, 0, 8000, 0, 0, 0, 0
2, 0.00000, 3.69422, 1, 0.9758, 0, 1.5478, 0.9758, 0.0513579, 0, 0, 0.0513579, -1.0697, 1, 1, 9999, 9999, 9999, 9999, 9999, 9999, 9999, 9999, 0.9758, 9999, 2.3335, 0, 0, 0, 0, 0, 8000, 0, 0, 0, 0
1, 0.00000, 2.80014, 0, 0, 1.28226E-6, 1.5478, -1.28226E-6, 1.28226E-6, 0, 1.28226E-6, 0, -0.894079, 1, 1, 9999, 9999, 9999, 9999, 9999, 9999, 9999, 9999, 1.01622, 9999, 2.3335, 0, 0, 0, 0, 0, 8000, 0, 0, 0, 0
2, 0.00000, 2.80014, 0, 0, 5.5573E-7, 1.5478, -5.5573E-7, 5.5573E-7, 0, 5.5573E-7, 0, 0, 1, 1, 9999, 9999, 9999, 9999, 9999, 9999, 9999, 9999, 0.9758, 9999, 2.3335, 0, 0, 0, 0, 0, 8000, 0, 0, 0, 0
3, 0.00000, 2.80014, 0, 0, 1.74166E-7, 1.5478, -1.74166E-7, 1.74166E-7, 0, 1.74166E-7, 0, 0, 1, 1, 9999, 9999, 9999, 9999, 9999, 9999, 9999, 9999, 0.889857, 9999, 2.3335, 0, 0, 0, 0, 0, 8000, 0, 0, 0, 0
