hour,t(sec),kWh,State,kWOut,kWIn,kvarOut,DCkW,kWTotalLosses,kWInvLosses,kWIdlingLosses,kWChDchLosses,"kWh Chng",InvEff,InverterON,Vref,"Vavg (DRC)","VV Oper","VW Oper","DRC Oper","VV_DRC Oper","WP Oper","WV Oper",kWDesired,"kW VW Limit","Limit kWOut Function","kVA Exceeded","Grid voltage",di/dt,it,"it History","Rated VDC","Avg duty cycle","Target (Amps)","Series L","Max. Amps (phase)"
1, 0.00000, 11.6637, 1, 1.90563, 0, 3.09451, 1.90563, 0.100296, 0, 0, 0.100296, -6.99825, 1, 1, 9999, 9999, 9999, 9999, 9999, 9999, 9999, 9999, 1.90558, 9999, 4.6655, 0, 0, 0, 0, 0, 8000, 0, 0, 0, 0
1, 0.00000, 9.65783, 1, 1.90559, 0, 3.09467, 1.90559, 0.100294, 0, 0, 0.100294, -2.00592, 1, 1, 9999, 9999, 9999, 9999, 9999, 9999, 9999, 9999, 1.90558, 9999, 4.6655, 0, 0, 0, 0, 0, 8000, 0, 0, 0, 0
2, 0.00000, 7.65195, 1, 1.91878, 0, 3.0947, 1.91878, 0.100988, 0, 0, 0.100988, -2.00588, 1, 1, 9999, 9999, 9999, 9999, 9999, 9999, 9999, 9999, 1.91878, 9999, 4.6655, 0, 0, 0, 0, 0, 8000, 0, 0, 0, 0
1, 0.00000, 5.63218, 1, 1.90558, 0, 3.09469, 1.90558, 0.100294, 0, 0, 0.100294, -2.01977, 1, 1, 9999, 9999, 9999, 9999, 9999, 9999, 9999, 9999, 1.90558, 9999, 4.6655, 0, 0, 0, 0, 0, 8000, 0, 0, 0, 0
2, 0.00000, 5.5986, 0, 0, 4.82146E-6, 3.0947, -4.82146E-6, 4.82146E-6, 0, 4.82146E-6, 0, -0.0335783, 1, 1, 9999, 9999, 9999, 9999, 9999, 9999, 9999, 9999, 1.91878, 9999, 4.6655, 0, 0, 0, 0, 0, 8000, 0, 0, 0, 0
3, 0.00000, 5.5986, 0, 0, 1.16711E-6, 3.0947, -1.16711E-6, 1.16711E-6, 0, 1.16711E-6, 0, 0, 1, 1, 9999, 9999, 9999, 9999, 9999, 9999, 9999, 9999, 1.93758, 9999, 4.6655, 0, 0, 0, 0, 0, 8000, 0, 0, 0, 0
