hour,t(sec),kWh,State,kWOut,kWIn,kvarOut,DCkW,kWTotalLosses,kWInvLosses,kWIdlingLosses,kWChDchLosses,"kWh Chng",InvEff,InverterON,Vref,"Vavg (DRC)","VV Oper","VW Oper","DRC Oper","VV_DRC Oper","WP Oper","WV Oper",kWDesired,"kW VW Limit","Limit kWOut Function","kVA Exceeded","Grid voltage",di/dt,it,"it History","Rated VDC","Avg duty cycle","Target (Amps)","Series L","Max. Amps (phase)"
1, 0.00000, 11.6637, 1, 1.90148, 0, 3.09463, 1.90148, 0.100078, 0, 0, 0.100078, -6.99825, 1, 1, 9999, 9999, 9999, 9999, 9999, 9999, 9999, 9999, 1.90147, 9999, 4.6655, 0, 0, 0, 0, 0, 8000, 0, 0, 0, 0
1, 0.00000, 9.66219, 1, 1.90147, 0, 3.09469, 1.90147, 0.100078, 0, 0, 0.100078, -2.00156, 1, 1, 9999, 9999, 9999, 9999, 9999, 9999, 9999, 9999, 1.90147, 9999, 4.6655, 0, 0, 0, 0, 0, 8000, 0, 0, 0, 0
2, 0.00000, 7.66064, 1, 1.92205, 0, 3.0947, 1.92205, 0.10116, 0, 0, 0.10116, -2.00155, 1, 1, 9999, 9999, 9999, 9999, 9999, 9999, 9999, 9999, 1.92205, 9999, 4.6655, 0, 0, 0, 0, 0, 8000, 0, 0, 0, 0
1, 0.00000, 5.63743, 1, 1.90147, 0, 3.0947, 1.90147, 0.100078, 0, 0, 0.100078, -2.02321, 1, 1, 9999, 9999, 9999, 9999, 9999, 9999, 9999, 9999, 1.90147, 9999, 4.6655, 0, 0, 0, 0, 0, 8000, 0, 0, 0, 0
2, 0.00000, 5.5986, 0, 0, 1.44363E-6, 3.0947, -1.44363E-6, 1.44363E-6, 0, 1.44363E-6, 0, -0.0388327, 1, 1, 9999, 9999, 9999, 9999, 9999, 9999, 9999, 9999, 1.92205, 9999, 4.6655, 0, 0, 0, 0, 0, 8000, 0, 0, 0, 0
3, 0.00000, 5.5986, 0, 0, 4.53448E-7, 3.0947, -4.53448E-7, 4.53448E-7, 0, 4.53448E-7, 0, 0, 1, 1, 9999, 9999, 9999, 9999, 9999, 9999, 9999, 9999, 1.93838, 9999, 4.6655, 0, 0, 0, 0, 0, 8000, 0, 0, 0, 0
