hour,t(sec),kWh,State,kWOut,kWIn,kvarOut,DCkW,kWTotalLosses,kWInvLosses,kWIdlingLosses,kWChDchLosses,"kWh Chng",InvEff,InverterON,Vref,"Vavg (DRC)","VV Oper","VW Oper","DRC Oper","VV_DRC Oper","WP Oper","WV Oper",kWDesired,"kW VW Limit","Limit kWOut Function","kVA Exceeded","Grid voltage",di/dt,it,"it History","Rated VDC","Avg duty cycle","Target (Amps)","Series L","Max. Amps (phase)"
1, 0.00000, 5.83362, 1, 0.895396, 0, 1.54773, 0.895396, 0.0471261, 0, 0, 0.0471261, -3.50017, 1, 1, 9999, 9999, 9999, 9999, 9999, 9999, 9999, 9999, 0.895387, 9999, 2.3335, 0, 0, 0, 0, 0, 8000, 0, 0, 0, 0
1, 0.00000, 4.8911, 1, 0.895389, 0, 1.54779, 0.895389, 0.0471257, 0, 0, 0.0471257, -0.942522, 1, 1, 9999, 9999, 9999, 9999, 9999, 9999, 9999, 9999, 0.895387, 9999, 2.3335, 0, 0, 0, 0, 0, 8000, 0, 0, 0, 0
2, 0.00000, 3.94859, 1, 0.968426, 0, 1.5478, 0.968426, 0.0509698, 0, 0, 0.0509698, -0.942515, 1, 1, 9999, 9999, 9999, 9999, 9999, 9999, 9999, 9999, 0.968426, 9999, 2.3335, 0, 0, 0, 0, 0, 8000, 0, 0, 0, 0
1, 0.00000, 2.92919, 1, 0.895388, 0, 1.5478, 0.895388, 0.0471257, 0, 0, 0.0471257, -1.0194, 1, 1, 9999, 9999, 9999, 9999, 9999, 9999, 9999, 9999, 0.895387, 9999, 2.3335, 0, 0, 0, 0, 0, 8000, 0, 0, 0, 0
2, 0.00000, 2.80014, 0, 0, 1.16212E-6, 1.5478, -1.16212E-6, 1.16212E-6, 0, 1.16212E-6, 0, -0.129053, 1, 1, 9999, 9999, 9999, 9999, 9999, 9999, 9999, 9999, 0.968426, 9999, 2.3335, 0, 0, 0, 0, 0, 8000, 0, 0, 0, 0
3, 0.00000, 2.80014, 0, 0, 4.93107E-7, 1.5478, -4.93107E-7, 4.93107E-7, 0, 4.93107E-7, 0, 0, 1, 1, 9999, 9999, 9999, 9999, 9999, 9999, 9999, 9999, 1.01804, 9999, 2.3335, 0, 0, 0, 0, 0, 8000, 0, 0, 0, 0
