hour,t(sec),kWh,State,kWOut,kWIn,kvarOut,DCkW,kWTotalLosses,kWInvLosses,kWIdlingLosses,kWChDchLosses,"kWh Chng",InvEff,InverterON,Vref,"Vavg (DRC)","VV Oper","VW Oper","DRC Oper","VV_DRC Oper","WP Oper","WV Oper",kWDesired,"kW VW Limit","Limit kWOut Function","kVA Exceeded","Grid voltage",di/dt,it,"it History","Rated VDC","Avg duty cycle","Target (Amps)","Series L","Max. Amps (phase)"
1, 0.00000, 11.6637, 1, 1.84768, 0, -3.09467, 1.84768, 0.0972461, 0, 0, 0.0972461, -6.99825, 1, 1, 9999, 9999, 9999, 9999, 9999, 9999, 9999, 9999, 1.84786, 9999, 4.6655, 0, 0, 0, 0, 0, 8000, 0, 0, 0, 0
1, 0.00000, 9.71883, 1, 1.84783, 0, -3.0947, 1.84783, 0.0972543, 0, 0, 0.0972543, -1.94492, 1, 1, 9999, 9999, 9999, 9999, 9999, 9999, 9999, 9999, 1.84786, 9999, 4.6655, 0, 0, 0, 0, 0, 8000, 0, 0, 0, 0
2, 0.00000, 7.77374, 1, 1.87828, 0, -3.0947, 1.87828, 0.098857, 0, 0, 0.098857, -1.94509, 1, 1, 9999, 9999, 9999, 9999, 9999, 9999, 9999, 9999, 1.87828, 9999, 4.6655, 0, 0, 0, 0, 0, 8000, 0, 0, 0, 0
1, 0.00000, 5.7966, 1, 1.84785, 0, -3.0947, 1.84785, 0.0972552, 0, 0, 0.0972552, -1.97714, 1, 1, 9999, 9999, 9999, 9999, 9999, 9999, 9999, 9999, 1.84786, 9999, 4.6655, 0, 0, 0, 0, 0, 8000, 0, 0, 0, 0
2, 0.00000, 5.5986, 0, 0, 5.165E-6, -3.0947, -5.165E-6, 5.165E-6, 0, 5.165E-6, 0, -0.198001, 1, 1, 9999, 9999, 9999, 9999, 9999, 9999, 9999, 9999, 1.87828, 9999, 4.6655, 0, 0, 0, 0, 0, 8000, 0, 0, 0, 0
3, 0.00000, 5.5986, 0, 0, 1.22609E-6, -3.0947, -1.22609E-6, 1.22609E-6, 0, 1.22609E-6, 0, 0, 1, 1, 9999, 9999, 9999, 9999, 9999, 9999, 9999, 9999, 2.03574, 9999, 4.6655, 0, 0, 0, 0, 0, 8000, 0, 0, 0, 0
