hour,t(sec),kWh,State,kWOut,kWIn,kvarOut,DCkW,kWTotalLosses,kWInvLosses,kWIdlingLosses,kWChDchLosses,"kWh Chng",InvEff,InverterON,Vref,"Vavg (DRC)","VV Oper","VW Oper","DRC Oper","VV_DRC Oper","WP Oper","WV Oper",kWDesired,"kW VW Limit","Limit kWOut Function","kVA Exceeded","Grid voltage",di/dt,it,"it History","Rated VDC","Avg duty cycle","Target (Amps)","Series L","Max. Amps (phase)"
1, 0.00000, 30.625, 1, 4.98027, 0, 8.12534, 4.98027, 0.26212, 0, 0, 0.26212, -18.375, 1, 1, 9999, 9999, 9999, 9999, 9999, 9999, 9999, 9999, 4.98024, 9999, 12.25, 0, 0, 0, 0, 0, 8000, 0, 0, 0, 0
1, 0.00000, 25.3826, 1, 4.98024, 0, 8.12564, 4.98024, 0.262118, 0, 0, 0.262118, -5.24239, 1, 1, 9999, 9999, 9999, 9999, 9999, 9999, 9999, 9999, 4.98024, 9999, 12.25, 0, 0, 0, 0, 0, 8000, 0, 0, 0, 0
2, 0.00000, 20.1402, 1, 5.03255, 0, 8.1257, 5.03255, 0.264871, 0, 0, 0.264871, -5.24236, 1, 1, 9999, 9999, 9999, 9999, 9999, 9999, 9999, 9999, 5.03255, 9999, 12.25, 0, 0, 0, 0, 0, 8000, 0, 0, 0, 0
1, 0.00000, 14.8428, 1, 4.98024, 0, 8.12568, 4.98024, 0.262118, 0, 0, 0.262118, -5.29742, 1, 1, 9999, 9999, 9999, 9999, 9999, 9999, 9999, 9999, 4.98024, 9999, 12.25, 0, 0, 0, 0, 0, 8000, 0, 0, 0, 0
2, 0.00000, 14.7, 0, 0, 6.16482E-6, 8.1257, -6.16482E-6, 6.16482E-6, 0, 6.16482E-6, 0, -0.142828, 1, 1, 9999, 9999, 9999, 9999, 9999, 9999, 9999, 9999, 5.03255, 9999, 12.25, 0, 0, 0, 0, 0, 8000, 0, 0, 0, 0
3, 0.00000, 14.7, 0, 0, 2.66157E-6, 8.1257, -2.66157E-6, 2.66157E-6, 0, 2.66157E-6, 0, 0, 1, 1, 9999, 9999, 9999, 9999, 9999, 9999, 9999, 9999, 5.11597, 9999, 12.25, 0, 0, 0, 0, 0, 8000, 0, 0, 0, 0
