hour,t(sec),kWh,State,kWOut,kWIn,kvarOut,DCkW,kWTotalLosses,kWInvLosses,kWIdlingLosses,kWChDchLosses,"kWh Chng",InvEff,InverterON,Vref,"Vavg (DRC)","VV Oper","VW Oper","DRC Oper","VV_DRC Oper","WP Oper","WV Oper",kWDesired,"kW VW Limit","Limit kWOut Function","kVA Exceeded","Grid voltage",di/dt,it,"it History","Rated VDC","Avg duty cycle","Target (Amps)","Series L","Max. Amps (phase)"
1, 0.00000, 11.6637, 1, 1.86167, 0, -3.09468, 1.86167, 0.0979826, 0, 0, 0.0979826, -6.99825, 1, 1, 9999, 9999, 9999, 9999, 9999, 9999, 9999, 9999, 1.86186, 9999, 4.6655, 0, 0, 0, 0, 0, 8000, 0, 0, 0, 0
1, 0.00000, 9.7041, 1, 1.86183, 0, -3.0947, 1.86183, 0.097991, 0, 0, 0.097991, -1.95965, 1, 1, 9999, 9999, 9999, 9999, 9999, 9999, 9999, 9999, 1.86186, 9999, 4.6655, 0, 0, 0, 0, 0, 8000, 0, 0, 0, 0
2, 0.00000, 7.74428, 1, 1.90105, 0, -3.0947, 1.90105, 0.100055, 0, 0, 0.100055, -1.95982, 1, 1, 9999, 9999, 9999, 9999, 9999, 9999, 9999, 9999, 1.90105, 9999, 4.6655, 0, 0, 0, 0, 0, 8000, 0, 0, 0, 0
1, 0.00000, 5.74317, 1, 1.86185, 0, -3.0947, 1.86185, 0.0979919, 0, 0, 0.0979919, -2.00111, 1, 1, 9999, 9999, 9999, 9999, 9999, 9999, 9999, 9999, 1.86186, 9999, 4.6655, 0, 0, 0, 0, 0, 8000, 0, 0, 0, 0
2, 0.00000, 5.5986, 0, 0, 5.30444E-6, -3.0947, -5.30444E-6, 5.30444E-6, 0, 5.30444E-6, 0, -0.144573, 1, 1, 9999, 9999, 9999, 9999, 9999, 9999, 9999, 9999, 1.90105, 9999, 4.6655, 0, 0, 0, 0, 0, 8000, 0, 0, 0, 0
3, 0.00000, 5.5986, 0, 0, 1.25035E-6, -3.0947, -1.25035E-6, 1.25035E-6, 0, 1.25035E-6, 0, 0, 1, 1, 9999, 9999, 9999, 9999, 9999, 9999, 9999, 9999, 1.99898, 9999, 4.6655, 0, 0, 0, 0, 0, 8000, 0, 0, 0, 0
