fbus,tbus,R,X
15,117,0.000001,0.000001
117,54,0.0232,0.0475
54,55,0.0116,0.0238
55,56,0.0072,0.0148
56,57,0.0159,0.0327
56,59,0.0203,0.0416
57,58,0.0159,0.0327
59,60,0.0629,0.0638
59,62,0.0435,0.0891
60,61,0.0629,0.0638
62,63,0.0319,0.0653
62,64,0.048,0.0229
62,125,0.0001,0.0001
63,122,0.0001,0.0001
64,65,0.0336,0.016
65,66,0.0672,0.032
66,67,0.0816,0.0389
67,68,0.0624,0.0297
