hour,t(sec),kWh,State,kWOut,kWIn,kvarOut,DCkW,kWTotalLosses,kWInvLosses,kWIdlingLosses,kWChDchLosses,"kWh Chng",InvEff,InverterON,Vref,"Vavg (DRC)","VV Oper","VW Oper","DRC Oper","VV_DRC Oper","WP Oper","WV Oper",kWDesired,"kW VW Limit","Limit kWOut Function","kVA Exceeded","Grid voltage",di/dt,it,"it History","Rated VDC","Avg duty cycle","Target (Amps)","Series L","Max. Amps (phase)"
1, 0.00000, 5.83362, -1, 0, 1.42955, 1.5478, -1.42955, 0.0714774, 0, 0, 0.0714774, -3.50017, 1, 1, 9999, 9999, 9999, 9999, 9999, 9999, 9999, 9999, -1.42955, 9999, 2.3335, 0, 0, 0, 0, 0, 8000, 0, 0, 0, 0
2, 0.00000, 7.1917, -1, 0, 1.76368, 1.5478, -1.76368, 0.0881841, 0, 0, 0.0881841, 1.35807, 1, 1, 9999, 9999, 9999, 9999, 9999, 9999, 9999, 9999, -1.76368, 9999, 2.3335, 0, 0, 0, 0, 0, 8000, 0, 0, 0, 0
3, 0.00000, 8.86719, 1, 2.33343, 0, 1.5478, 2.33343, 0.122812, 0, 0, 0.122812, 1.6755, 1, 1, 9999, 9999, 9999, 9999, 9999, 9999, 9999, 9999, 2.3335, 9999, 2.3335, 1, 0, 0, 0, 0, 8000, 0, 0, 0, 0
4, 0.00000, 6.41096, 1, 2.33341, 0, 1.54771, 2.33341, 0.122811, 0, 0, 0.122811, -2.45624, 1, 1, 9999, 9999, 9999, 9999, 9999, 9999, 9999, 9999, 2.3335, 9999, 2.3335, 1, 0, 0, 0, 0, 8000, 0, 0, 0, 0
5, 0.00000, 3.95474, -1, 0, 1.97799, 1.5478, -1.97799, 0.0988996, 0, 0, 0.0988996, -2.45622, 1, 1, 9999, 9999, 9999, 9999, 9999, 9999, 9999, 9999, -1.97799, 9999, 2.3335, 0, 0, 0, 0, 0, 8000, 0, 0, 0, 0
