hour,t(sec),kWh,State,kWOut,kWIn,kvarOut,DCkW,kWTotalLosses,kWInvLosses,kWIdlingLosses,kWChDchLosses,"kWh Chng",InvEff,InverterON,Vref,"Vavg (DRC)","VV Oper","VW Oper","DRC Oper","VV_DRC Oper","WP Oper","WV Oper",kWDesired,"kW VW Limit","Limit kWOut Function","kVA Exceeded","Grid voltage",di/dt,it,"it History","Rated VDC","Avg duty cycle","Target (Amps)","Series L","Max. Amps (phase)"
1, 0.00000, 11.6637, -1, 0, 3.67441, 3.0947, -3.67441, 0.18372, 0, 0, 0.18372, -6.99825, 1, 1, 9999, 9999, 9999, 9999, 9999, 9999, 9999, 9999, -3.67441, 9999, 4.6655, 0, 0, 0, 0, 0, 8000, 0, 0, 0, 0
2, 0.00000, 15.1544, -1, 0, 2.70996, 3.0947, -2.70996, 0.135498, 0, 0, 0.135498, 3.49069, 1, 1, 9999, 9999, 9999, 9999, 9999, 9999, 9999, 9999, -2.70996, 9999, 4.6655, 0, 0, 0, 0, 0, 8000, 0, 0, 0, 0
3, 0.00000, 17.7289, 1, 4.6655, 0, 3.0947, 4.6655, 0.245553, 0, 0, 0.245553, 2.57446, 1, 1, 9999, 9999, 9999, 9999, 9999, 9999, 9999, 9999, 4.6655, 9999, 4.6655, 1, 0, 0, 0, 0, 8000, 0, 0, 0, 0
4, 0.00000, 12.8178, 1, 4.66549, 0, 3.09461, 4.66549, 0.245552, 0, 0, 0.245552, -4.91105, 1, 1, 9999, 9999, 9999, 9999, 9999, 9999, 9999, 9999, 4.6655, 9999, 4.6655, 1, 0, 0, 0, 0, 8000, 0, 0, 0, 0
5, 0.00000, 7.9068, -1, 0, 3.95471, 3.0947, -3.95471, 0.197736, 0, 0, 0.197736, -4.91104, 1, 1, 9999, 9999, 9999, 9999, 9999, 9999, 9999, 9999, -3.95471, 9999, 4.6655, 0, 0, 0, 0, 0, 8000, 0, 0, 0, 0
