hour,t(sec),kWh,State,kWOut,kWIn,kvarOut,DCkW,kWTotalLosses,kWInvLosses,kWIdlingLosses,kWChDchLosses,"kWh Chng",InvEff,InverterON,Vref,"Vavg (DRC)","VV Oper","VW Oper","DRC Oper","VV_DRC Oper","WP Oper","WV Oper",kWDesired,"kW VW Limit","Limit kWOut Function","kVA Exceeded","Grid voltage",di/dt,it,"it History","Rated VDC","Avg duty cycle","Target (Amps)","Series L","Max. Amps (phase)"
1, 0.00000, 5.83362, -1, 0, 2.32048, -1.5478, -2.32048, 0.116024, 0, 0, 0.116024, -3.50017, 1, 1, 9999, 9999, 9999, 9999, 9999, 9999, 9999, 9999, -2.32048, 9999, 2.3335, 0, 0, 0, 0, 0, 8000, 0, 0, 0, 0
2, 0.00000, 8.03808, -1, 0, 0.872752, -1.5478, -0.872752, 0.0436376, 0, 0, 0.0436376, 2.20446, 1, 1, 9999, 9999, 9999, 9999, 9999, 9999, 9999, 9999, -0.872752, 9999, 2.3335, 0, 0, 0, 0, 0, 8000, 0, 0, 0, 0
3, 0.00000, 8.8672, 1, 2.33343, 0, -1.5478, 2.33343, 0.122812, 0, 0, 0.122812, 0.829115, 1, 1, 9999, 9999, 9999, 9999, 9999, 9999, 9999, 9999, 2.3335, 9999, 2.3335, 1, 0, 0, 0, 0, 8000, 0, 0, 0, 0
4, 0.00000, 6.41096, 1, 2.33332, 0, -1.54785, 2.33332, 0.122806, 0, 0, 0.122806, -2.45624, 1, 1, 9999, 9999, 9999, 9999, 9999, 9999, 9999, 9999, 2.3335, 9999, 2.3335, 1, 0, 0, 0, 0, 8000, 0, 0, 0, 0
5, 0.00000, 3.95483, -1, 0, 1.97799, -1.5478, -1.97799, 0.0988996, 0, 0, 0.0988996, -2.45613, 1, 1, 9999, 9999, 9999, 9999, 9999, 9999, 9999, 9999, -1.97799, 9999, 2.3335, 0, 0, 0, 0, 0, 8000, 0, 0, 0, 0
