hour,t(sec),kWh,State,kWOut,kWIn,kvarOut,DCkW,kWTotalLosses,kWInvLosses,kWIdlingLosses,kWChDchLosses,"kWh Chng",InvEff,InverterON,Vref,"Vavg (DRC)","VV Oper","VW Oper","DRC Oper","VV_DRC Oper","WP Oper","WV Oper",kWDesired,"kW VW Limit","Limit kWOut Function","kVA Exceeded","Grid voltage",di/dt,it,"it History","Rated VDC","Avg duty cycle","Target (Amps)","Series L","Max. Amps (phase)"
1, 0.00000, 5.83362, -1, 0, 1.75605, -1.5478, -1.75605, 0.0878026, 0, 0, 0.0878026, -3.50017, 1, 1, 9999, 9999, 9999, 9999, 9999, 9999, 9999, 9999, -1.75605, 9999, 2.3335, 0, 0, 0, 0, 0, 8000, 0, 0, 0, 0
2, 0.00000, 7.50187, -1, 0, 1.43716, -1.5478, -1.43716, 0.0718578, 0, 0, 0.0718578, 1.66825, 1, 1, 9999, 9999, 9999, 9999, 9999, 9999, 9999, 9999, -1.43716, 9999, 2.3335, 0, 0, 0, 0, 0, 8000, 0, 0, 0, 0
3, 0.00000, 8.86717, 1, 2.33343, 0, -1.5478, 2.33343, 0.122812, 0, 0, 0.122812, 1.3653, 1, 1, 9999, 9999, 9999, 9999, 9999, 9999, 9999, 9999, 2.3335, 9999, 2.3335, 1, 0, 0, 0, 0, 8000, 0, 0, 0, 0
4, 0.00000, 6.41094, 1, 2.33335, 0, -1.54783, 2.33335, 0.122808, 0, 0, 0.122808, -2.45624, 1, 1, 9999, 9999, 9999, 9999, 9999, 9999, 9999, 9999, 2.3335, 9999, 2.3335, 1, 0, 0, 0, 0, 8000, 0, 0, 0, 0
5, 0.00000, 3.95478, -1, 0, 1.97799, -1.5478, -1.97799, 0.0988996, 0, 0, 0.0988996, -2.45615, 1, 1, 9999, 9999, 9999, 9999, 9999, 9999, 9999, 9999, -1.97799, 9999, 2.3335, 0, 0, 0, 0, 0, 8000, 0, 0, 0, 0
