hour,t(sec),kWh,State,kWOut,kWIn,kvarOut,DCkW,kWTotalLosses,kWInvLosses,kWIdlingLosses,kWChDchLosses,"kWh Chng",InvEff,InverterON,Vref,"Vavg (DRC)","VV Oper","VW Oper","DRC Oper","VV_DRC Oper","WP Oper","WV Oper",kWDesired,"kW VW Limit","Limit kWOut Function","kVA Exceeded","Grid voltage",di/dt,it,"it History","Rated VDC","Avg duty cycle","Target (Amps)","Series L","Max. Amps (phase)"
1, 0.00000, 5.83362, -1, 0, 2.04496, 1.5478, -2.04496, 0.102248, 0, 0, 0.102248, -3.50017, 1, 1, 9999, 9999, 9999, 9999, 9999, 9999, 9999, 9999, -2.04496, 9999, 2.3335, 0, 0, 0, 0, 0, 8000, 0, 0, 0, 0
2, 0.00000, 7.77634, -1, 0, 1.14825, 1.5478, -1.14825, 0.0574123, 0, 0, 0.0574123, 1.94271, 1, 1, 9999, 9999, 9999, 9999, 9999, 9999, 9999, 9999, -1.14825, 9999, 2.3335, 0, 0, 0, 0, 0, 8000, 0, 0, 0, 0
3, 0.00000, 8.86717, 1, 2.33343, 0, 1.5478, 2.33343, 0.122812, 0, 0, 0.122812, 1.09083, 1, 1, 9999, 9999, 9999, 9999, 9999, 9999, 9999, 9999, 2.3335, 9999, 2.3335, 1, 0, 0, 0, 0, 8000, 0, 0, 0, 0
4, 0.00000, 6.41093, 1, 2.33342, 0, 1.54778, 2.33342, 0.122812, 0, 0, 0.122812, -2.45624, 1, 1, 9999, 9999, 9999, 9999, 9999, 9999, 9999, 9999, 2.3335, 9999, 2.3335, 1, 0, 0, 0, 0, 8000, 0, 0, 0, 0
5, 0.00000, 3.9547, -1, 0, 1.97799, 1.5478, -1.97799, 0.0988996, 0, 0, 0.0988996, -2.45623, 1, 1, 9999, 9999, 9999, 9999, 9999, 9999, 9999, 9999, -1.97799, 9999, 2.3335, 0, 0, 0, 0, 0, 8000, 0, 0, 0, 0
