hour,t(sec),kWh,State,kWOut,kWIn,kvarOut,DCkW,kWTotalLosses,kWInvLosses,kWIdlingLosses,kWChDchLosses,"kWh Chng",InvEff,InverterON,Vref,"Vavg (DRC)","VV Oper","VW Oper","DRC Oper","VV_DRC Oper","WP Oper","WV Oper",kWDesired,"kW VW Limit","Limit kWOut Function","kVA Exceeded","Grid voltage",di/dt,it,"it History","Rated VDC","Avg duty cycle","Target (Amps)","Series L","Max. Amps (phase)"
1, 0.00000, 40.8363, -1, 0, 10.0387, 6.7538, -10.0387, 0.501935, 0, 0, 0.501935, -24.5018, 1, 1, 9999, 9999, 9999, 9999, 9999, 9999, 9999, 9999, -10.0387, 9999, 16.3345, 0, 0, 0, 0, 0, 8000, 0, 0, 0, 0
2, 0.00000, 50.373, -1, 0, 12.3138, 8.3382, -12.3138, 0.615688, 0, 0, 0.615688, 9.53676, 1, 1, 9999, 9999, 9999, 9999, 9999, 9999, 9999, 9999, -12.3138, 9999, 16.3345, 0, 0, 0, 0, 0, 8000, 0, 0, 0, 0
3, 0.00000, 62.0711, 1, 16.3345, 0, 8.2074, 16.3345, 0.859711, 0, 0, 0.859711, 11.6981, 1, 1, 9999, 9999, 9999, 9999, 9999, 9999, 9999, 9999, 16.3345, 9999, 16.3345, 0, 0, 0, 0, 0, 8000, 0, 0, 0, 0
4, 0.00000, 44.8769, 1, 16.3344, 0, 8.72943, 16.3344, 0.859704, 0, 0, 0.859704, -17.1942, 1, 1, 9999, 9999, 9999, 9999, 9999, 9999, 9999, 9999, 16.3345, 9999, 16.3345, 0, 0, 0, 0, 0, 8000, 0, 0, 0, 0
5, 0.00000, 27.6828, -1, 0, 13.8459, 8.6621, -13.8459, 0.692297, 0, 0, 0.692297, -17.1941, 1, 1, 9999, 9999, 9999, 9999, 9999, 9999, 9999, 9999, -13.8459, 9999, 16.3345, 0, 0, 0, 0, 0, 8000, 0, 0, 0, 0
