hour,t(sec),kWh,State,kWOut,kWIn,kvarOut,DCkW,kWTotalLosses,kWInvLosses,kWIdlingLosses,kWChDchLosses,"kWh Chng",InvEff,InverterON,Vref,"Vavg (DRC)","VV Oper","VW Oper","DRC Oper","VV_DRC Oper","WP Oper","WV Oper",kWDesired,"kW VW Limit","Limit kWOut Function","kVA Exceeded","Grid voltage",di/dt,it,"it History","Rated VDC","Avg duty cycle","Target (Amps)","Series L","Max. Amps (phase)"
1, 0.00000, 40.8363, -1, 0, 10.0072, 10.8351, -10.0072, 0.500358, 0, 0, 0.500358, -24.5018, 1, 1, 9999, 9999, 9999, 9999, 9999, 9999, 9999, 9999, -10.0072, 9999, 16.3345, 0, 0, 0, 0, 0, 8000, 0, 0, 0, 0
2, 0.00000, 50.3431, -1, 0, 12.3453, 10.8351, -12.3453, 0.617264, 0, 0, 0.617264, 9.50681, 1, 1, 9999, 9999, 9999, 9999, 9999, 9999, 9999, 9999, -12.3453, 9999, 16.3345, 0, 0, 0, 0, 0, 8000, 0, 0, 0, 0
3, 0.00000, 62.0711, 1, 16.3345, 0, 10.8351, 16.3345, 0.85971, 0, 0, 0.85971, 11.728, 1, 1, 9999, 9999, 9999, 9999, 9999, 9999, 9999, 9999, 16.3345, 9999, 16.3345, 1, 0, 0, 0, 0, 8000, 0, 0, 0, 0
4, 0.00000, 44.8769, 1, 16.3345, 0, 10.8343, 16.3345, 0.859709, 0, 0, 0.859709, -17.1942, 1, 1, 9999, 9999, 9999, 9999, 9999, 9999, 9999, 9999, 16.3345, 9999, 16.3345, 1, 0, 0, 0, 0, 8000, 0, 0, 0, 0
5, 0.00000, 27.6827, -1, 0, 13.8459, 10.8351, -13.8459, 0.692297, 0, 0, 0.692297, -17.1942, 1, 1, 9999, 9999, 9999, 9999, 9999, 9999, 9999, 9999, -13.8459, 9999, 16.3345, 0, 0, 0, 0, 0, 8000, 0, 0, 0, 0
