bus,P_L,Q_L,P_der,Q_der,busType
20,0,0,0,0,0
118,0,0,0,0,0
37,13.33,6.667,0,4.6655,0
38,0,0,0,0,0
39,13.33,6.667,0,4.6655,1
40,6.667,3.333,0,2.33345,0
41,6.667,3.333,0,2.33345,2
42,0,0,0,0,0
43,6.667,3.333,0,2.33345,0
44,6.667,3.333,0,2.33345,0
45,13.33,6.667,0,4.6655,0
46,0,0,0,0,0
47,6.667,3.333,0,2.33345,0
48,6.667,3.333,0,2.33345,1
49,35,25,0,12.25,0
50,70,50,0,24.5,3
51,46.67,31.67,0,16.3345,0
52,13.33,6.667,0,4.6655,0
53,6.667,3.333,0,2.33345,0
120,0,0,0,0,0
