hour,t(sec),kWh,State,kWOut,kWIn,kvarOut,DCkW,kWTotalLosses,kWInvLosses,kWIdlingLosses,kWChDchLosses,"kWh Chng",InvEff,InverterON,Vref,"Vavg (DRC)","VV Oper","VW Oper","DRC Oper","VV_DRC Oper","WP Oper","WV Oper",kWDesired,"kW VW Limit","Limit kWOut Function","kVA Exceeded","Grid voltage",di/dt,it,"it History","Rated VDC","Avg duty cycle","Target (Amps)","Series L","Max. Amps (phase)"
1, 0.00000, 11.6637, 1, 1.67194, 0, 3.09467, 1.67194, 0.0879967, 0, 0, 0.0879967, -6.99825, 1, 1, 9999, 9999, 9999, 9999, 9999, 9999, 9999, 9999, 1.67193, 9999, 4.6655, 0, 0, 0, 0, 0, 8000, 0, 0, 0, 0
2, 0.00000, 9.90382, 1, 1.93069, 0, 3.09475, 1.93069, 0.101615, 0, 0, 0.101615, -1.75993, 1, 1, 9999, 9999, 9999, 9999, 9999, 9999, 9999, 9999, 1.93072, 9999, 4.6655, 0, 0, 0, 0, 0, 8000, 0, 0, 0, 0
3, 0.00000, 7.87151, 1, 2.15921, 0, 3.09475, 2.15921, 0.113643, 0, 0, 0.113643, -2.03231, 1, 1, 9999, 9999, 9999, 9999, 9999, 9999, 9999, 9999, 2.15924, 9999, 4.6655, 0, 0, 0, 0, 0, 8000, 0, 0, 0, 0
