hour,t(sec),kWh,State,kWOut,kWIn,kvarOut,DCkW,kWTotalLosses,kWInvLosses,kWIdlingLosses,kWChDchLosses,"kWh Chng",InvEff,InverterON,Vref,"Vavg (DRC)","VV Oper","VW Oper","DRC Oper","VV_DRC Oper","WP Oper","WV Oper",kWDesired,"kW VW Limit","Limit kWOut Function","kVA Exceeded","Grid voltage",di/dt,it,"it History","Rated VDC","Avg duty cycle","Target (Amps)","Series L","Max. Amps (phase)"
1, 0.00000, 5.83362, 1, 0.999582, 0, 1.54778, 0.999582, 0.0526096, 0, 0, 0.0526096, -3.50017, 1, 1, 9999, 9999, 9999, 9999, 9999, 9999, 9999, 9999, 0.999578, 9999, 2.3335, 0, 0, 0, 0, 0, 8000, 0, 0, 0, 0
2, 0.00000, 4.78143, 1, 0.967057, 0, 1.54783, 0.967057, 0.0508977, 0, 0, 0.0508977, -1.05219, 1, 1, 9999, 9999, 9999, 9999, 9999, 9999, 9999, 9999, 0.967072, 9999, 2.3335, 0, 0, 0, 0, 0, 8000, 0, 0, 0, 0
3, 0.00000, 3.76348, 1, 0.915231, 0, 1.54782, 0.915231, 0.0481701, 0, 0, 0.0481701, -1.01795, 1, 1, 9999, 9999, 9999, 9999, 9999, 9999, 9999, 9999, 0.915245, 9999, 2.3335, 0, 0, 0, 0, 0, 8000, 0, 0, 0, 0
