hour,t(sec),kWh,State,kWOut,kWIn,kvarOut,DCkW,kWTotalLosses,kWInvLosses,kWIdlingLosses,kWChDchLosses,"kWh Chng",InvEff,InverterON,Vref,"Vavg (DRC)","VV Oper","VW Oper","DRC Oper","VV_DRC Oper","WP Oper","WV Oper",kWDesired,"kW VW Limit","Limit kWOut Function","kVA Exceeded","Grid voltage",di/dt,it,"it History","Rated VDC","Avg duty cycle","Target (Amps)","Series L","Max. Amps (phase)"
1, 0.00000, 11.6637, 1, 1.70669, 0, 3.09468, 1.70669, 0.0898258, 0, 0, 0.0898258, -6.99825, 1, 1, 9999, 9999, 9999, 9999, 9999, 9999, 9999, 9999, 1.70669, 9999, 4.6655, 0, 0, 0, 0, 0, 8000, 0, 0, 0, 0
2, 0.00000, 9.86723, 1, 1.92917, 0, 3.09473, 1.92917, 0.101535, 0, 0, 0.101535, -1.79652, 1, 1, 9999, 9999, 9999, 9999, 9999, 9999, 9999, 9999, 1.92918, 9999, 4.6655, 0, 0, 0, 0, 0, 8000, 0, 0, 0, 0
3, 0.00000, 7.83653, 1, 2.12601, 0, 3.09473, 2.12601, 0.111895, 0, 0, 0.111895, -2.03071, 1, 1, 9999, 9999, 9999, 9999, 9999, 9999, 9999, 9999, 2.12602, 9999, 4.6655, 0, 0, 0, 0, 0, 8000, 0, 0, 0, 0
