hour,t(sec),kWh,State,kWOut,kWIn,kvarOut,DCkW,kWTotalLosses,kWInvLosses,kWIdlingLosses,kWChDchLosses,"kWh Chng",InvEff,InverterON,Vref,"Vavg (DRC)","VV Oper","VW Oper","DRC Oper","VV_DRC Oper","WP Oper","WV Oper",kWDesired,"kW VW Limit","Limit kWOut Function","kVA Exceeded","Grid voltage",di/dt,it,"it History","Rated VDC","Avg duty cycle","Target (Amps)","Series L","Max. Amps (phase)"
1, 0.00000, 5.83362, 1, 0.584545, 0, 1.54779, 0.584545, 0.0307655, 0, 0, 0.0307655, -3.50017, 1, 1, 9999, 9999, 9999, 9999, 9999, 9999, 9999, 9999, 0.584542, 9999, 2.3335, 0, 0, 0, 0, 0, 8000, 0, 0, 0, 0
2, 0.00000, 5.21831, 1, 0.991312, 0, 1.54782, 0.991312, 0.0521743, 0, 0, 0.0521743, -0.61531, 1, 1, 9999, 9999, 9999, 9999, 9999, 9999, 9999, 9999, 0.991317, 9999, 2.3335, 0, 0, 0, 0, 0, 8000, 0, 0, 0, 0
3, 0.00000, 4.17483, 1, 1.30601, 0, 1.54782, 1.30601, 0.0687374, 0, 0, 0.0687374, -1.04349, 1, 1, 9999, 9999, 9999, 9999, 9999, 9999, 9999, 9999, 1.30601, 9999, 2.3335, 0, 0, 0, 0, 0, 8000, 0, 0, 0, 0
