hour,t(sec),kWh,State,kWOut,kWIn,kvarOut,DCkW,kWTotalLosses,kWInvLosses,kWIdlingLosses,kWChDchLosses,"kWh Chng",InvEff,InverterON,Vref,"Vavg (DRC)","VV Oper","VW Oper","DRC Oper","VV_DRC Oper","WP Oper","WV Oper",kWDesired,"kW VW Limit","Limit kWOut Function","kVA Exceeded","Grid voltage",di/dt,it,"it History","Rated VDC","Avg duty cycle","Target (Amps)","Series L","Max. Amps (phase)"
1, 0.00000, 11.6637, 1, 2.17408, 0, 3.09468, 2.17408, 0.114425, 0, 0, 0.114425, -6.99825, 1, 1, 9999, 9999, 9999, 9999, 9999, 9999, 9999, 9999, 2.17408, 9999, 4.6655, 0, 0, 0, 0, 0, 8000, 0, 0, 0, 0
2, 0.00000, 9.37525, 1, 1.92474, 0, 3.09472, 1.92474, 0.101302, 0, 0, 0.101302, -2.2885, 1, 1, 9999, 9999, 9999, 9999, 9999, 9999, 9999, 9999, 1.92475, 9999, 4.6655, 0, 0, 0, 0, 0, 8000, 0, 0, 0, 0
3, 0.00000, 7.3492, 1, 1.66305, 0, 3.09472, 1.66305, 0.0875291, 0, 0, 0.0875291, -2.02604, 1, 1, 9999, 9999, 9999, 9999, 9999, 9999, 9999, 9999, 1.66306, 9999, 4.6655, 0, 0, 0, 0, 0, 8000, 0, 0, 0, 0
