hour,t(sec),kWh,State,kWOut,kWIn,kvarOut,DCkW,kWTotalLosses,kWInvLosses,kWIdlingLosses,kWChDchLosses,"kWh Chng",InvEff,InverterON,Vref,"Vavg (DRC)","VV Oper","VW Oper","DRC Oper","VV_DRC Oper","WP Oper","WV Oper",kWDesired,"kW VW Limit","Limit kWOut Function","kVA Exceeded","Grid voltage",di/dt,it,"it History","Rated VDC","Avg duty cycle","Target (Amps)","Series L","Max. Amps (phase)"
1, 0.00000, 11.6637, 1, 1.8574, 0, -2.4643, 1.8574, 0.0977581, 0, 0, 0.0977581, -6.99825, 1, 1, 9999, 9999, 9999, 9999, 9999, 9999, 9999, 9999, 1.85743, 9999, 4.6655, 0, 0, 0, 0, 0, 8000, 0, 0, 0, 0
2, 0.00000, 9.70859, 1, 1.94004, 0, -1.13438, 1.94004, 0.102107, 0, 0, 0.102107, -1.95516, 1, 1, 9999, 9999, 9999, 9999, 9999, 9999, 9999, 9999, 1.94001, 9999, 4.6655, 0, 0, 0, 0, 0, 8000, 0, 0, 0, 0
3, 0.00000, 7.66644, 1, 1.96451, 0, -0.0790987, 1.96451, 0.103396, 0, 0, 0.103396, -2.04215, 1, 1, 9999, 9999, 9999, 9999, 9999, 9999, 9999, 9999, 1.9645, 9999, 4.6655, 0, 0, 0, 0, 0, 8000, 0, 0, 0, 0
