hour,t(sec),kWh,State,kWOut,kWIn,kvarOut,DCkW,kWTotalLosses,kWInvLosses,kWIdlingLosses,kWChDchLosses,"kWh Chng",InvEff,InverterON,Vref,"Vavg (DRC)","VV Oper","VW Oper","DRC Oper","VV_DRC Oper","WP Oper","WV Oper",kWDesired,"kW VW Limit","Limit kWOut Function","kVA Exceeded","Grid voltage",di/dt,it,"it History","Rated VDC","Avg duty cycle","Target (Amps)","Series L","Max. Amps (phase)"
1, 0.00000, 11.6637, 1, 1.54364, 0, 3.09467, 1.54364, 0.0812441, 0, 0, 0.0812441, -6.99825, 1, 1, 9999, 9999, 9999, 9999, 9999, 9999, 9999, 9999, 1.54363, 9999, 4.6655, 0, 0, 0, 0, 0, 8000, 0, 0, 0, 0
2, 0.00000, 10.0389, 1, 1.93368, 0, 3.09475, 1.93368, 0.101773, 0, 0, 0.101773, -1.62488, 1, 1, 9999, 9999, 9999, 9999, 9999, 9999, 9999, 9999, 1.93371, 9999, 4.6655, 0, 0, 0, 0, 0, 8000, 0, 0, 0, 0
3, 0.00000, 8.00342, 1, 2.28453, 0, 3.09475, 2.28453, 0.120238, 0, 0, 0.120238, -2.03545, 1, 1, 9999, 9999, 9999, 9999, 9999, 9999, 9999, 9999, 2.28456, 9999, 4.6655, 0, 0, 0, 0, 0, 8000, 0, 0, 0, 0
