hour,t(sec),kWh,State,kWOut,kWIn,kvarOut,DCkW,kWTotalLosses,kWInvLosses,kWIdlingLosses,kWChDchLosses,"kWh Chng",InvEff,InverterON,Vref,"Vavg (DRC)","VV Oper","VW Oper","DRC Oper","VV_DRC Oper","WP Oper","WV Oper",kWDesired,"kW VW Limit","Limit kWOut Function","kVA Exceeded","Grid voltage",di/dt,it,"it History","Rated VDC","Avg duty cycle","Target (Amps)","Series L","Max. Amps (phase)"
1, 0.00000, 11.6637, 1, 1.45149, 0, 3.09468, 1.45149, 0.0763941, 0, 0, 0.0763941, -6.99825, 1, 1, 9999, 9999, 9999, 9999, 9999, 9999, 9999, 9999, 1.45148, 9999, 4.6655, 0, 0, 0, 0, 0, 8000, 0, 0, 0, 0
2, 0.00000, 10.1359, 1, 1.93827, 0, 3.09473, 1.93827, 0.102014, 0, 0, 0.102014, -1.52788, 1, 1, 9999, 9999, 9999, 9999, 9999, 9999, 9999, 9999, 1.93828, 9999, 4.6655, 0, 0, 0, 0, 0, 8000, 0, 0, 0, 0
3, 0.00000, 8.09558, 1, 2.37212, 0, 3.09473, 2.37212, 0.124848, 0, 0, 0.124848, -2.04029, 1, 1, 9999, 9999, 9999, 9999, 9999, 9999, 9999, 9999, 2.37213, 9999, 4.6655, 0, 0, 0, 0, 0, 8000, 0, 0, 0, 0
