hour,t(sec),kWh,State,kWOut,kWIn,kvarOut,DCkW,kWTotalLosses,kWInvLosses,kWIdlingLosses,kWChDchLosses,"kWh Chng",InvEff,InverterON,Vref,"Vavg (DRC)","VV Oper","VW Oper","DRC Oper","VV_DRC Oper","WP Oper","WV Oper",kWDesired,"kW VW Limit","Limit kWOut Function","kVA Exceeded","Grid voltage",di/dt,it,"it History","Rated VDC","Avg duty cycle","Target (Amps)","Series L","Max. Amps (phase)"
1, 0.00000, 11.6637, 1, 1.96233, 0, -3.09469, 1.96233, 0.10328, 0, 0, 0.10328, -6.99825, 1, 1, 9999, 9999, 9999, 9999, 9999, 9999, 9999, 9999, 1.96236, 9999, 4.6655, 0, 0, 0, 0, 0, 8000, 0, 0, 0, 0
2, 0.00000, 9.59814, 1, 1.93432, 0, -2.36479, 1.93432, 0.101806, 0, 0, 0.101806, -2.06561, 1, 1, 9999, 9999, 9999, 9999, 9999, 9999, 9999, 9999, 1.93427, 9999, 4.6655, 0, 0, 0, 0, 0, 8000, 0, 0, 0, 0
3, 0.00000, 7.56202, 1, 1.86534, 0, -1.24018, 1.86534, 0.0981758, 0, 0, 0.0981758, -2.03612, 1, 1, 9999, 9999, 9999, 9999, 9999, 9999, 9999, 9999, 1.86531, 9999, 4.6655, 0, 0, 0, 0, 0, 8000, 0, 0, 0, 0
