hour,t(sec),kWh,State,kWOut,kWIn,kvarOut,DCkW,kWTotalLosses,kWInvLosses,kWIdlingLosses,kWChDchLosses,"kWh Chng",InvEff,InverterON,Vref,"Vavg (DRC)","VV Oper","VW Oper","DRC Oper","VV_DRC Oper","WP Oper","WV Oper",kWDesired,"kW VW Limit","Limit kWOut Function","kVA Exceeded","Grid voltage",di/dt,it,"it History","Rated VDC","Avg duty cycle","Target (Amps)","Series L","Max. Amps (phase)"
1, 0.00000, 5.83362, 1, 0.715732, 0, 1.5478, 0.715732, 0.0376701, 0, 0, 0.0376701, -3.50017, 1, 1, 9999, 9999, 9999, 9999, 9999, 9999, 9999, 9999, 0.715731, 9999, 2.3335, 0, 0, 0, 0, 0, 8000, 0, 0, 0, 0
2, 0.00000, 5.08022, 1, 0.969334, 0, 1.5478, 0.969334, 0.0510176, 0, 0, 0.0510176, -0.753402, 1, 1, 9999, 9999, 9999, 9999, 9999, 9999, 9999, 9999, 0.969336, 9999, 2.3335, 0, 0, 0, 0, 0, 8000, 0, 0, 0, 0
3, 0.00000, 4.05987, 1, 1.1968, 0, 1.5478, 1.1968, 0.0629897, 0, 0, 0.0629897, -1.02035, 1, 1, 9999, 9999, 9999, 9999, 9999, 9999, 9999, 9999, 1.19681, 9999, 2.3335, 0, 0, 0, 0, 0, 8000, 0, 0, 0, 0
