hour,t(sec),kWh,State,kWOut,kWIn,kvarOut,DCkW,kWTotalLosses,kWInvLosses,kWIdlingLosses,kWChDchLosses,"kWh Chng",InvEff,InverterON,Vref,"Vavg (DRC)","VV Oper","VW Oper","DRC Oper","VV_DRC Oper","WP Oper","WV Oper",kWDesired,"kW VW Limit","Limit kWOut Function","kVA Exceeded","Grid voltage",di/dt,it,"it History","Rated VDC","Avg duty cycle","Target (Amps)","Series L","Max. Amps (phase)"
1, 0.00000, 11.6637, 1, 1.55193, 0, 3.09469, 1.55193, 0.0816808, 0, 0, 0.0816808, -6.99825, 1, 1, 9999, 9999, 9999, 9999, 9999, 9999, 9999, 9999, 1.55193, 9999, 4.6655, 0, 0, 0, 0, 0, 8000, 0, 0, 0, 0
2, 0.00000, 10.0301, 1, 1.92339, 0, 3.09472, 1.92339, 0.101231, 0, 0, 0.101231, -1.63362, 1, 1, 9999, 9999, 9999, 9999, 9999, 9999, 9999, 9999, 1.9234, 9999, 4.6655, 0, 0, 0, 0, 0, 8000, 0, 0, 0, 0
3, 0.00000, 8.00551, 1, 2.28656, 0, 3.09472, 2.28656, 0.120345, 0, 0, 0.120345, -2.02462, 1, 1, 9999, 9999, 9999, 9999, 9999, 9999, 9999, 9999, 2.28656, 9999, 4.6655, 0, 0, 0, 0, 0, 8000, 0, 0, 0, 0
