hour,t(sec),kWh,State,kWOut,kWIn,kvarOut,DCkW,kWTotalLosses,kWInvLosses,kWIdlingLosses,kWChDchLosses,"kWh Chng",InvEff,InverterON,Vref,"Vavg (DRC)","VV Oper","VW Oper","DRC Oper","VV_DRC Oper","WP Oper","WV Oper",kWDesired,"kW VW Limit","Limit kWOut Function","kVA Exceeded","Grid voltage",di/dt,it,"it History","Rated VDC","Avg duty cycle","Target (Amps)","Series L","Max. Amps (phase)"
1, 0.00000, 40.8363, 1, 5.32736, 0, 10.835, 5.32736, 0.280387, 0, 0, 0.280387, -24.5018, 1, 1, 9999, 9999, 9999, 9999, 9999, 9999, 9999, 9999, 5.32733, 9999, 16.3345, 0, 0, 0, 0, 0, 8000, 0, 0, 0, 0
2, 0.00000, 35.2285, 1, 6.29425, 0, 10.8353, 6.29425, 0.331276, 0, 0, 0.331276, -5.60775, 1, 1, 9999, 9999, 9999, 9999, 9999, 9999, 9999, 9999, 6.29434, 9999, 16.3345, 0, 0, 0, 0, 0, 8000, 0, 0, 0, 0
3, 0.00000, 28.603, 1, 7.14006, 0, 10.8353, 7.14006, 0.375793, 0, 0, 0.375793, -6.62552, 1, 1, 9999, 9999, 9999, 9999, 9999, 9999, 9999, 9999, 7.14014, 9999, 16.3345, 0, 0, 0, 0, 0, 8000, 0, 0, 0, 0
