hour,t(sec),kWh,State,kWOut,kWIn,kvarOut,DCkW,kWTotalLosses,kWInvLosses,kWIdlingLosses,kWChDchLosses,"kWh Chng",InvEff,InverterON,Vref,"Vavg (DRC)","VV Oper","VW Oper","DRC Oper","VV_DRC Oper","WP Oper","WV Oper",kWDesired,"kW VW Limit","Limit kWOut Function","kVA Exceeded","Grid voltage",di/dt,it,"it History","Rated VDC","Avg duty cycle","Target (Amps)","Series L","Max. Amps (phase)"
1, 0.00000, 5.83362, 1, 0.467154, 0, -1.5478, 0.467154, 0.0245871, 0, 0, 0.0245871, -3.50017, 1, 1, 9999, 9999, 9999, 9999, 9999, 9999, 9999, 9999, 0.467167, 9999, 2.3335, 0, 0, 0, 0, 0, 8000, 0, 0, 0, 0
2, 0.00000, 5.34188, 1, 0.978304, 0, -1.54779, 0.978304, 0.0514897, 0, 0, 0.0514897, -0.491741, 1, 1, 9999, 9999, 9999, 9999, 9999, 9999, 9999, 9999, 0.978273, 9999, 2.3335, 0, 0, 0, 0, 0, 8000, 0, 0, 0, 0
3, 0.00000, 4.31209, 1, 1.43646, 0, -1.54779, 1.43646, 0.0756032, 0, 0, 0.0756032, -1.02979, 1, 1, 9999, 9999, 9999, 9999, 9999, 9999, 9999, 9999, 1.43643, 9999, 2.3335, 0, 0, 0, 0, 0, 8000, 0, 0, 0, 0
