hour,t(sec),kWh,State,kWOut,kWIn,kvarOut,DCkW,kWTotalLosses,kWInvLosses,kWIdlingLosses,kWChDchLosses,"kWh Chng",InvEff,InverterON,Vref,"Vavg (DRC)","VV Oper","VW Oper","DRC Oper","VV_DRC Oper","WP Oper","WV Oper",kWDesired,"kW VW Limit","Limit kWOut Function","kVA Exceeded","Grid voltage",di/dt,it,"it History","Rated VDC","Avg duty cycle","Target (Amps)","Series L","Max. Amps (phase)"
1, 0.00000, 5.83362, 1, 0.437211, 0, 1.54779, 0.437211, 0.0230111, 0, 0, 0.0230111, -3.50017, 1, 1, 9999, 9999, 9999, 9999, 9999, 9999, 9999, 9999, 0.437205, 9999, 2.3335, 0, 0, 0, 0, 0, 8000, 0, 0, 0, 0
2, 0.00000, 5.3734, 1, 0.98323, 0, 1.54782, 0.98323, 0.0517489, 0, 0, 0.0517489, -0.460222, 1, 1, 9999, 9999, 9999, 9999, 9999, 9999, 9999, 9999, 0.983244, 9999, 2.3335, 0, 0, 0, 0, 0, 8000, 0, 0, 0, 0
3, 0.00000, 4.33842, 1, 1.46144, 0, 1.54783, 1.46144, 0.0769178, 0, 0, 0.0769178, -1.03498, 1, 1, 9999, 9999, 9999, 9999, 9999, 9999, 9999, 9999, 1.46145, 9999, 2.3335, 0, 0, 0, 0, 0, 8000, 0, 0, 0, 0
