hour,t(sec),kWh,State,kWOut,kWIn,kvarOut,DCkW,kWTotalLosses,kWInvLosses,kWIdlingLosses,kWChDchLosses,"kWh Chng",InvEff,InverterON,Vref,"Vavg (DRC)","VV Oper","VW Oper","DRC Oper","VV_DRC Oper","WP Oper","WV Oper",kWDesired,"kW VW Limit","Limit kWOut Function","kVA Exceeded","Grid voltage",di/dt,it,"it History","Rated VDC","Avg duty cycle","Target (Amps)","Series L","Max. Amps (phase)"
1, 0.00000, 11.6637, 1, 1.6043, 0, -3.0947, 1.6043, 0.0844367, 0, 0, 0.0844367, -6.99825, 1, 1, 9999, 9999, 9999, 9999, 9999, 9999, 9999, 9999, 1.60433, 9999, 4.6655, 0, 0, 0, 0, 0, 8000, 0, 0, 0, 0
2, 0.00000, 9.97502, 1, 1.93223, 0, -3.09468, 1.93223, 0.101696, 0, 0, 0.101696, -1.68873, 1, 1, 9999, 9999, 9999, 9999, 9999, 9999, 9999, 9999, 1.93217, 9999, 4.6655, 0, 0, 0, 0, 0, 8000, 0, 0, 0, 0
3, 0.00000, 7.94109, 1, 2.22545, 0, -3.09468, 2.22545, 0.117129, 0, 0, 0.117129, -2.03393, 1, 1, 9999, 9999, 9999, 9999, 9999, 9999, 9999, 9999, 2.2254, 9999, 4.6655, 0, 0, 0, 0, 0, 8000, 0, 0, 0, 0
