hour,t(sec),kWh,State,kWOut,kWIn,kvarOut,DCkW,kWTotalLosses,kWInvLosses,kWIdlingLosses,kWChDchLosses,"kWh Chng",InvEff,InverterON,Vref,"Vavg (DRC)","VV Oper","VW Oper","DRC Oper","VV_DRC Oper","WP Oper","WV Oper",kWDesired,"kW VW Limit","Limit kWOut Function","kVA Exceeded","Grid voltage",di/dt,it,"it History","Rated VDC","Avg duty cycle","Target (Amps)","Series L","Max. Amps (phase)"
1, 0.00000, 11.6637, 1, 0.96632, 0, 3.0947, 0.96632, 0.050859, 0, 0, 0.050859, -6.99825, 1, 1, 9999, 9999, 9999, 9999, 9999, 9999, 9999, 9999, 0.966318, 9999, 4.6655, 0, 0, 0, 0, 0, 8000, 0, 0, 0, 0
2, 0.00000, 10.6466, 1, 0.969019, 0, 3.09471, 0.969019, 0.051001, 0, 0, 0.051001, -1.01718, 1, 1, 9999, 9999, 9999, 9999, 9999, 9999, 9999, 9999, 0.969024, 9999, 4.6655, 0, 0, 0, 0, 0, 8000, 0, 0, 0, 0
3, 0.00000, 9.62655, 1, 1.02347, 0, 3.09471, 1.02347, 0.0538667, 0, 0, 0.0538667, -1.02002, 1, 1, 9999, 9999, 9999, 9999, 9999, 9999, 9999, 9999, 1.02347, 9999, 4.6655, 0, 0, 0, 0, 0, 8000, 0, 0, 0, 0
