hour,t(sec),kWh,State,kWOut,kWIn,kvarOut,DCkW,kWTotalLosses,kWInvLosses,kWIdlingLosses,kWChDchLosses,"kWh Chng",InvEff,InverterON,Vref,"Vavg (DRC)","VV Oper","VW Oper","DRC Oper","VV_DRC Oper","WP Oper","WV Oper",kWDesired,"kW VW Limit","Limit kWOut Function","kVA Exceeded","Grid voltage",di/dt,it,"it History","Rated VDC","Avg duty cycle","Target (Amps)","Series L","Max. Amps (phase)"
1, 0.00000, 5.83362, 1, 0.825664, 0, 1.54779, 0.825664, 0.043456, 0, 0, 0.043456, -3.50017, 1, 1, 9999, 9999, 9999, 9999, 9999, 9999, 9999, 9999, 0.825662, 9999, 2.3335, 0, 0, 0, 0, 0, 8000, 0, 0, 0, 0
2, 0.00000, 4.9645, 1, 0.963333, 0, 1.54782, 0.963333, 0.0507018, 0, 0, 0.0507018, -0.86912, 1, 1, 9999, 9999, 9999, 9999, 9999, 9999, 9999, 9999, 0.963339, 9999, 2.3335, 0, 0, 0, 0, 0, 8000, 0, 0, 0, 0
3, 0.00000, 3.95047, 1, 1.09287, 0, 1.54782, 1.09287, 0.0575193, 0, 0, 0.0575193, -1.01404, 1, 1, 9999, 9999, 9999, 9999, 9999, 9999, 9999, 9999, 1.09287, 9999, 2.3335, 0, 0, 0, 0, 0, 8000, 0, 0, 0, 0
