hour,t(sec),kWh,State,kWOut,kWIn,kvarOut,DCkW,kWTotalLosses,kWInvLosses,kWIdlingLosses,kWChDchLosses,"kWh Chng",InvEff,InverterON,Vref,"Vavg (DRC)","VV Oper","VW Oper","DRC Oper","VV_DRC Oper","WP Oper","WV Oper",kWDesired,"kW VW Limit","Limit kWOut Function","kVA Exceeded","Grid voltage",di/dt,it,"it History","Rated VDC","Avg duty cycle","Target (Amps)","Series L","Max. Amps (phase)"
1, 0.00000, 11.6637, 1, 2.20493, 0, -3.0947, 2.20493, 0.116049, 0, 0, 0.116049, -6.99825, 1, 1, 9999, 9999, 9999, 9999, 9999, 9999, 9999, 9999, 2.20496, 9999, 4.6655, 0, 0, 0, 0, 0, 8000, 0, 0, 0, 0
2, 0.00000, 9.34277, 1, 1.92523, 0, -3.09468, 1.92523, 0.101328, 0, 0, 0.101328, -2.32098, 1, 1, 9999, 9999, 9999, 9999, 9999, 9999, 9999, 9999, 1.92517, 9999, 4.6655, 0, 0, 0, 0, 0, 8000, 0, 0, 0, 0
3, 0.00000, 7.31621, 1, 1.63181, 0, -3.09469, 1.63181, 0.0858847, 0, 0, 0.0858847, -2.02656, 1, 1, 9999, 9999, 9999, 9999, 9999, 9999, 9999, 9999, 1.63176, 9999, 4.6655, 0, 0, 0, 0, 0, 8000, 0, 0, 0, 0
