hour,t(sec),kWh,State,kWOut,kWIn,kvarOut,DCkW,kWTotalLosses,kWInvLosses,kWIdlingLosses,kWChDchLosses,"kWh Chng",InvEff,InverterON,Vref,"Vavg (DRC)","VV Oper","VW Oper","DRC Oper","VV_DRC Oper","WP Oper","WV Oper",kWDesired,"kW VW Limit","Limit kWOut Function","kVA Exceeded","Grid voltage",di/dt,it,"it History","Rated VDC","Avg duty cycle","Target (Amps)","Series L","Max. Amps (phase)"
1, 0.00000, 5.83362, 1, 0.989265, 0, 1.54779, 0.989265, 0.0520666, 0, 0, 0.0520666, -3.50017, 1, 1, 9999, 9999, 9999, 9999, 9999, 9999, 9999, 9999, 0.989264, 9999, 2.3335, 0, 0, 0, 0, 0, 8000, 0, 0, 0, 0
2, 0.00000, 4.79229, 1, 0.971174, 0, 1.54782, 0.971174, 0.0511144, 0, 0, 0.0511144, -1.04133, 1, 1, 9999, 9999, 9999, 9999, 9999, 9999, 9999, 9999, 0.971179, 9999, 2.3335, 0, 0, 0, 0, 0, 8000, 0, 0, 0, 0
3, 0.00000, 3.77, 1, 0.921401, 0, 1.54782, 0.921401, 0.0484948, 0, 0, 0.0484948, -1.02229, 1, 1, 9999, 9999, 9999, 9999, 9999, 9999, 9999, 9999, 0.921406, 9999, 2.3335, 0, 0, 0, 0, 0, 8000, 0, 0, 0, 0
