hour,t(sec),kWh,State,kWOut,kWIn,kvarOut,DCkW,kWTotalLosses,kWInvLosses,kWIdlingLosses,kWChDchLosses,"kWh Chng",InvEff,InverterON,Vref,"Vavg (DRC)","VV Oper","VW Oper","DRC Oper","VV_DRC Oper","WP Oper","WV Oper",kWDesired,"kW VW Limit","Limit kWOut Function","kVA Exceeded","Grid voltage",di/dt,it,"it History","Rated VDC","Avg duty cycle","Target (Amps)","Series L","Max. Amps (phase)"
1, 0.00000, 5.83362, 1, 1.05017, 0, 1.54779, 1.05017, 0.0552721, 0, 0, 0.0552721, -3.50017, 1, 1, 9999, 9999, 9999, 9999, 9999, 9999, 9999, 9999, 1.05017, 9999, 2.3335, 0, 0, 0, 0, 0, 8000, 0, 0, 0, 0
2, 0.00000, 4.72818, 1, 0.966204, 0, 1.54782, 0.966204, 0.0508528, 0, 0, 0.0508528, -1.10544, 1, 1, 9999, 9999, 9999, 9999, 9999, 9999, 9999, 9999, 0.966209, 9999, 2.3335, 0, 0, 0, 0, 0, 8000, 0, 0, 0, 0
3, 0.00000, 3.71113, 1, 0.86549, 0, 1.54781, 0.86549, 0.0455521, 0, 0, 0.0455521, -1.01706, 1, 1, 9999, 9999, 9999, 9999, 9999, 9999, 9999, 9999, 0.865495, 9999, 2.3335, 0, 0, 0, 0, 0, 8000, 0, 0, 0, 0
