hour,t(sec),kWh,State,kWOut,kWIn,kvarOut,DCkW,kWTotalLosses,kWInvLosses,kWIdlingLosses,kWChDchLosses,"kWh Chng",InvEff,InverterON,Vref,"Vavg (DRC)","VV Oper","VW Oper","DRC Oper","VV_DRC Oper","WP Oper","WV Oper",kWDesired,"kW VW Limit","Limit kWOut Function","kVA Exceeded","Grid voltage",di/dt,it,"it History","Rated VDC","Avg duty cycle","Target (Amps)","Series L","Max. Amps (phase)"
1, 0.00000, 11.6637, 1, 1.04869, 0, -3.09469, 1.04869, 0.055194, 0, 0, 0.055194, -6.99825, 1, 1, 9999, 9999, 9999, 9999, 9999, 9999, 9999, 9999, 1.04871, 9999, 4.6655, 0, 0, 0, 0, 0, 8000, 0, 0, 0, 0
2, 0.00000, 10.5599, 1, 1.9514, 0, -3.09469, 1.9514, 0.102706, 0, 0, 0.102706, -1.10388, 1, 1, 9999, 9999, 9999, 9999, 9999, 9999, 9999, 9999, 1.95135, 9999, 4.6655, 0, 0, 0, 0, 0, 8000, 0, 0, 0, 0
3, 0.00000, 8.50576, 1, 2.76189, 0, -3.09468, 2.76189, 0.145363, 0, 0, 0.145363, -2.05411, 1, 1, 9999, 9999, 9999, 9999, 9999, 9999, 9999, 9999, 2.76184, 9999, 4.6655, 0, 0, 0, 0, 0, 8000, 0, 0, 0, 0
