hour,t(sec),kWh,State,kWOut,kWIn,kvarOut,DCkW,kWTotalLosses,kWInvLosses,kWIdlingLosses,kWChDchLosses,"kWh Chng",InvEff,InverterON,Vref,"Vavg (DRC)","VV Oper","VW Oper","DRC Oper","VV_DRC Oper","WP Oper","WV Oper",kWDesired,"kW VW Limit","Limit kWOut Function","kVA Exceeded","Grid voltage",di/dt,it,"it History","Rated VDC","Avg duty cycle","Target (Amps)","Series L","Max. Amps (phase)"
1, 0.00000, 11.6637, 1, 1.6001, 0, -3.0947, 1.6001, 0.0842158, 0, 0, 0.0842158, -6.99825, 1, 1, 9999, 9999, 9999, 9999, 9999, 9999, 9999, 9999, 1.60013, 9999, 4.6655, 0, 0, 0, 0, 0, 8000, 0, 0, 0, 0
2, 0.00000, 9.97943, 1, 1.93433, 0, -3.09468, 1.93433, 0.101807, 0, 0, 0.101807, -1.68432, 1, 1, 9999, 9999, 9999, 9999, 9999, 9999, 9999, 9999, 1.93427, 9999, 4.6655, 0, 0, 0, 0, 0, 8000, 0, 0, 0, 0
3, 0.00000, 7.9433, 1, 2.2276, 0, -3.09468, 2.2276, 0.117242, 0, 0, 0.117242, -2.03614, 1, 1, 9999, 9999, 9999, 9999, 9999, 9999, 9999, 9999, 2.22754, 9999, 4.6655, 0, 0, 0, 0, 0, 8000, 0, 0, 0, 0
