hour,t(sec),kWh,State,kWOut,kWIn,kvarOut,DCkW,kWTotalLosses,kWInvLosses,kWIdlingLosses,kWChDchLosses,"kWh Chng",InvEff,InverterON,Vref,"Vavg (DRC)","VV Oper","VW Oper","DRC Oper","VV_DRC Oper","WP Oper","WV Oper",kWDesired,"kW VW Limit","Limit kWOut Function","kVA Exceeded","Grid voltage",di/dt,it,"it History","Rated VDC","Avg duty cycle","Target (Amps)","Series L","Max. Amps (phase)"
1, 0.00000, 11.6637, 1, 1.33844, 0, 3.09468, 1.33844, 0.0704444, 0, 0, 0.0704444, -6.99825, 1, 1, 9999, 9999, 9999, 9999, 9999, 9999, 9999, 9999, 1.33844, 9999, 4.6655, 0, 0, 0, 0, 0, 8000, 0, 0, 0, 0
2, 0.00000, 10.2549, 1, 1.947, 0, 3.09473, 1.947, 0.102473, 0, 0, 0.102473, -1.40889, 1, 1, 9999, 9999, 9999, 9999, 9999, 9999, 9999, 9999, 1.94701, 9999, 4.6655, 0, 0, 0, 0, 0, 8000, 0, 0, 0, 0
3, 0.00000, 8.20539, 1, 2.47644, 0, 3.09473, 2.47644, 0.130339, 0, 0, 0.130339, -2.04947, 1, 1, 9999, 9999, 9999, 9999, 9999, 9999, 9999, 9999, 2.47645, 9999, 4.6655, 0, 0, 0, 0, 0, 8000, 0, 0, 0, 0
