hour,t(sec),kWh,State,kWOut,kWIn,kvarOut,DCkW,kWTotalLosses,kWInvLosses,kWIdlingLosses,kWChDchLosses,"kWh Chng",InvEff,InverterON,Vref,"Vavg (DRC)","VV Oper","VW Oper","DRC Oper","VV_DRC Oper","WP Oper","WV Oper",kWDesired,"kW VW Limit","Limit kWOut Function","kVA Exceeded","Grid voltage",di/dt,it,"it History","Rated VDC","Avg duty cycle","Target (Amps)","Series L","Max. Amps (phase)"
1, 0.00000, 11.6637, 1, 1.37466, 0, -3.09469, 1.37466, 0.0723507, 0, 0, 0.0723507, -6.99825, 1, 1, 9999, 9999, 9999, 9999, 9999, 9999, 9999, 9999, 1.37469, 9999, 4.6655, 0, 0, 0, 0, 0, 8000, 0, 0, 0, 0
2, 0.00000, 10.2167, 1, 1.94049, 0, -3.09469, 1.94049, 0.102131, 0, 0, 0.102131, -1.44701, 1, 1, 9999, 9999, 9999, 9999, 9999, 9999, 9999, 9999, 1.94043, 9999, 4.6655, 0, 0, 0, 0, 0, 8000, 0, 0, 0, 0
3, 0.00000, 8.17412, 1, 2.44683, 0, -3.09469, 2.44683, 0.12878, 0, 0, 0.12878, -2.04262, 1, 1, 9999, 9999, 9999, 9999, 9999, 9999, 9999, 9999, 2.44677, 9999, 4.6655, 0, 0, 0, 0, 0, 8000, 0, 0, 0, 0
