hour,t(sec),kWh,State,kWOut,kWIn,kvarOut,DCkW,kWTotalLosses,kWInvLosses,kWIdlingLosses,kWChDchLosses,"kWh Chng",InvEff,InverterON,Vref,"Vavg (DRC)","VV Oper","VW Oper","DRC Oper","VV_DRC Oper","WP Oper","WV Oper",kWDesired,"kW VW Limit","Limit kWOut Function","kVA Exceeded","Grid voltage",di/dt,it,"it History","Rated VDC","Avg duty cycle","Target (Amps)","Series L","Max. Amps (phase)"
1, 0.00000, 5.83362, 1, 0.730038, 0, 1.54779, 0.730038, 0.0384231, 0, 0, 0.0384231, -3.50017, 1, 1, 9999, 9999, 9999, 9999, 9999, 9999, 9999, 9999, 0.730035, 9999, 2.3335, 0, 0, 0, 0, 0, 8000, 0, 0, 0, 0
2, 0.00000, 5.06516, 1, 0.968067, 0, 1.54782, 0.968067, 0.0509509, 0, 0, 0.0509509, -0.768462, 1, 1, 9999, 9999, 9999, 9999, 9999, 9999, 9999, 9999, 0.968076, 9999, 2.3335, 0, 0, 0, 0, 0, 8000, 0, 0, 0, 0
3, 0.00000, 4.04615, 1, 1.18375, 0, 1.54782, 1.18375, 0.0623029, 0, 0, 0.0623029, -1.01902, 1, 1, 9999, 9999, 9999, 9999, 9999, 9999, 9999, 9999, 1.18376, 9999, 2.3335, 0, 0, 0, 0, 0, 8000, 0, 0, 0, 0
