hour,t(sec),kWh,State,kWOut,kWIn,kvarOut,DCkW,kWTotalLosses,kWInvLosses,kWIdlingLosses,kWChDchLosses,"kWh Chng",InvEff,InverterON,Vref,"Vavg (DRC)","VV Oper","VW Oper","DRC Oper","VV_DRC Oper","WP Oper","WV Oper",kWDesired,"kW VW Limit","Limit kWOut Function","kVA Exceeded","Grid voltage",di/dt,it,"it History","Rated VDC","Avg duty cycle","Target (Amps)","Series L","Max. Amps (phase)"
1, 0.00000, 5.83362, -1, 0, 4.13014E-9, 1.5478, -4.13014E-9, 2.06507E-10, 0, 0, 2.06507E-10, -3.50017, 1, 1, 9999, 9999, 9999, 9999, 9999, 9999, 9999, 9999, -1.2939E-20, 9999, 2.3335, 0, 0, 0, 0, 0, 8000, 0, 0, 0, 0
2, 0.00000, 5.83362, 1, 1.40114E-7, 0, 1.5478, 1.40114E-7, 7.37444E-9, 0, 0, 7.37444E-9, 3.92363E-9, 1, 1, 9999, 9999, 9999, 9999, 9999, 9999, 9999, 9999, 5.95719E-22, 9999, 2.3335, 0, 0, 0, 0, 0, 8000, 0, 0, 0, 0
3, 0.00000, 5.83362, 1, 1.594E-7, 0, 1.5478, 1.594E-7, 8.38946E-9, 0, 0, 8.38946E-9, -1.47489E-7, 1, 1, 9999, 9999, 9999, 9999, 9999, 9999, 9999, 9999, 2.93881E-35, 9999, 2.3335, 0, 0, 0, 0, 0, 8000, 0, 0, 0, 0
4, 0.00000, 5.83362, 1, 1.56057E-7, 0, 1.5478, 1.56057E-7, 8.2135E-9, 0, 0, 8.2135E-9, -1.67789E-7, 1, 1, 9999, 9999, 9999, 9999, 9999, 9999, 9999, 9999, 1.91109E-18, 9999, 2.3335, 0, 0, 0, 0, 0, 8000, 0, 0, 0, 0
5, 0.00000, 5.83362, 1, 1.50634E-7, 0, 1.5478, 1.50634E-7, 7.9281E-9, 0, 0, 7.9281E-9, -1.6427E-7, 1, 1, 9999, 9999, 9999, 9999, 9999, 9999, 9999, 9999, 3.46805E-20, 9999, 2.3335, 0, 0, 0, 0, 0, 8000, 0, 0, 0, 0
