hour,t(sec),kWh,State,kWOut,kWIn,kvarOut,DCkW,kWTotalLosses,kWInvLosses,kWIdlingLosses,kWChDchLosses,"kWh Chng",InvEff,InverterON,Vref,"Vavg (DRC)","VV Oper","VW Oper","DRC Oper","VV_DRC Oper","WP Oper","WV Oper",kWDesired,"kW VW Limit","Limit kWOut Function","kVA Exceeded","Grid voltage",di/dt,it,"it History","Rated VDC","Avg duty cycle","Target (Amps)","Series L","Max. Amps (phase)"
1, 0.00000, 11.6637, -1, 0, 0.896989, 3.0947, -0.896989, 0.0448495, 0, 0, 0.0448495, -6.99825, 1, 1, 9999, 9999, 9999, 9999, 9999, 9999, 9999, 9999, -0.896989, 9999, 4.6655, 0, 0, 0, 0, 0, 8000, 0, 0, 0, 0
2, 0.00000, 12.5159, 0, 0, 2.09766E-7, 3.0947, -2.09766E-7, 2.09766E-7, 0, 2.09766E-7, 0, 0.85214, 1, 1, 9999, 9999, 9999, 9999, 9999, 9999, 9999, 9999, 0, 9999, 4.6655, 0, 0, 0, 0, 0, 8000, 0, 0, 0, 0
3, 0.00000, 12.5159, -1, 0, 2.58908E-7, 3.0947, -2.58908E-7, 1.29454E-8, 0, 0, 1.29454E-8, 0, 1, 1, 9999, 9999, 9999, 9999, 9999, 9999, 9999, 9999, -2.29645E-21, 9999, 4.6655, 0, 0, 0, 0, 0, 8000, 0, 0, 0, 0
4, 0.00000, 12.5159, 1, 0.809558, 0, 3.0947, 0.809558, 0.0426083, 0, 0, 0.0426083, 2.45963E-7, 1, 1, 9999, 9999, 9999, 9999, 9999, 9999, 9999, 9999, 0.809558, 9999, 4.6655, 0, 0, 0, 0, 0, 8000, 0, 0, 0, 0
5, 0.00000, 11.6637, 0, 0, 2.4515E-7, 3.0947, -2.4515E-7, 2.4515E-7, 0, 2.4515E-7, 0, -0.852166, 1, 1, 9999, 9999, 9999, 9999, 9999, 9999, 9999, 9999, 0, 9999, 4.6655, 0, 0, 0, 0, 0, 8000, 0, 0, 0, 0
