hour,t(sec),kWh,State,kWOut,kWIn,kvarOut,DCkW,kWTotalLosses,kWInvLosses,kWIdlingLosses,kWChDchLosses,"kWh Chng",InvEff,InverterON,Vref,"Vavg (DRC)","VV Oper","VW Oper","DRC Oper","VV_DRC Oper","WP Oper","WV Oper",kWDesired,"kW VW Limit","Limit kWOut Function","kVA Exceeded","Grid voltage",di/dt,it,"it History","Rated VDC","Avg duty cycle","Target (Amps)","Series L","Max. Amps (phase)"
1, 0.00000, 5.83362, 0, 0, 1.55973E-8, -1.5478, -1.55973E-8, 1.55973E-8, 0, 1.55973E-8, 0, -3.50017, 1, 1, 9999, 9999, 9999, 9999, 9999, 9999, 9999, 9999, 0, 9999, 2.3335, 0, 0, 0, 0, 0, 8000, 0, 0, 0, 0
2, 0.00000, 5.83362, 0, 0, 1.35504E-7, -1.5478, -1.35504E-7, 1.35504E-7, 0, 1.35504E-7, 0, 0, 1, 1, 9999, 9999, 9999, 9999, 9999, 9999, 9999, 9999, 0, 9999, 2.3335, 0, 0, 0, 0, 0, 8000, 0, 0, 0, 0
3, 0.00000, 5.83362, 1, 1.67136E-7, 0, -1.5478, 1.67136E-7, 8.79664E-9, 0, 0, 8.79664E-9, 0, 1, 1, 9999, 9999, 9999, 9999, 9999, 9999, 9999, 9999, 8.20949E-22, 9999, 2.3335, 0, 0, 0, 0, 0, 8000, 0, 0, 0, 0
4, 0.00000, 5.83362, 1, 1.87368E-7, 0, -1.5478, 1.87368E-7, 9.86145E-9, 0, 0, 9.86145E-9, -1.75933E-7, 1, 1, 9999, 9999, 9999, 9999, 9999, 9999, 9999, 9999, 1.89476E-17, 9999, 2.3335, 0, 0, 0, 0, 0, 8000, 0, 0, 0, 0
5, 0.00000, 5.83362, 0, 0, 1.58127E-7, -1.5478, -1.58127E-7, 1.58127E-7, 0, 1.58127E-7, 0, -1.97229E-7, 1, 1, 9999, 9999, 9999, 9999, 9999, 9999, 9999, 9999, 0, 9999, 2.3335, 0, 0, 0, 0, 0, 8000, 0, 0, 0, 0
