hour,t(sec),kWh,State,kWOut,kWIn,kvarOut,DCkW,kWTotalLosses,kWInvLosses,kWIdlingLosses,kWChDchLosses,"kWh Chng",InvEff,InverterON,Vref,"Vavg (DRC)","VV Oper","VW Oper","DRC Oper","VV_DRC Oper","WP Oper","WV Oper",kWDesired,"kW VW Limit","Limit kWOut Function","kVA Exceeded","Grid voltage",di/dt,it,"it History","Rated VDC","Avg duty cycle","Target (Amps)","Series L","Max. Amps (phase)"
1, 0.00000, 11.6637, 1, 1.91901E-8, 0, 3.0947, 1.91901E-8, 1.01E-9, 0, 0, 1.01E-9, -6.99825, 1, 1, 9999, 9999, 9999, 9999, 9999, 9999, 9999, 9999, 9.12572E-20, 9999, 4.6655, 0, 0, 0, 0, 0, 8000, 0, 0, 0, 0
2, 0.00000, 11.6637, 0, 0, 2.48487E-7, 3.0947, -2.48487E-7, 2.48487E-7, 0, 2.48487E-7, 0, -2.02001E-8, 1, 1, 9999, 9999, 9999, 9999, 9999, 9999, 9999, 9999, 0, 9999, 4.6655, 0, 0, 0, 0, 0, 8000, 0, 0, 0, 0
3, 0.00000, 11.6637, -1, 0, 2.83635E-7, 3.0947, -2.83635E-7, 1.41818E-8, 0, 0, 1.41818E-8, 0, 1, 1, 9999, 9999, 9999, 9999, 9999, 9999, 9999, 9999, -1.43403E-19, 9999, 4.6655, 0, 0, 0, 0, 0, 8000, 0, 0, 0, 0
4, 0.00000, 11.6638, 1, 2.72475E-7, 0, 3.0947, 2.72475E-7, 1.43408E-8, 0, 0, 1.43408E-8, 2.69454E-7, 1, 1, 9999, 9999, 9999, 9999, 9999, 9999, 9999, 9999, 6.34788E-19, 9999, 4.6655, 0, 0, 0, 0, 0, 8000, 0, 0, 0, 0
5, 0.00000, 11.6637, 0, 0, 2.67579E-7, 3.0947, -2.67579E-7, 2.67579E-7, 0, 2.67579E-7, 0, -2.86815E-7, 1, 1, 9999, 9999, 9999, 9999, 9999, 9999, 9999, 9999, 0, 9999, 4.6655, 0, 0, 0, 0, 0, 8000, 0, 0, 0, 0
