hour,t(sec),kWh,State,kWOut,kWIn,kvarOut,DCkW,kWTotalLosses,kWInvLosses,kWIdlingLosses,kWChDchLosses,"kWh Chng",InvEff,InverterON,Vref,"Vavg (DRC)","VV Oper","VW Oper","DRC Oper","VV_DRC Oper","WP Oper","WV Oper",kWDesired,"kW VW Limit","Limit kWOut Function","kVA Exceeded","Grid voltage",di/dt,it,"it History","Rated VDC","Avg duty cycle","Target (Amps)","Series L","Max. Amps (phase)"
1, 0.00000, 5.83362, 0, 0, 9.73816E-9, 1.5478, -9.73816E-9, 9.73816E-9, 0, 9.73816E-9, 0, -3.50017, 1, 1, 9999, 9999, 9999, 9999, 9999, 9999, 9999, 9999, 0, 9999, 2.3335, 0, 0, 0, 0, 0, 8000, 0, 0, 0, 0
2, 0.00000, 5.83362, 1, 1.90868E-7, 0, 1.5478, 1.90868E-7, 1.00457E-8, 0, 0, 1.00457E-8, 0, 1, 1, 9999, 9999, 9999, 9999, 9999, 9999, 9999, 9999, 2.62939E-19, 9999, 2.3335, 0, 0, 0, 0, 0, 8000, 0, 0, 0, 0
3, 0.00000, 5.83362, -1, 0, 2.17541E-7, 1.5478, -2.17541E-7, 1.08771E-8, 0, 0, 1.08771E-8, -2.00914E-7, 1, 1, 9999, 9999, 9999, 9999, 9999, 9999, 9999, 9999, -2.50968E-19, 9999, 2.3335, 0, 0, 0, 0, 0, 8000, 0, 0, 0, 0
4, 0.00000, 5.83362, 1, 2.13313E-7, 0, 1.5478, 2.13313E-7, 1.1227E-8, 0, 0, 1.1227E-8, 2.06664E-7, 1, 1, 9999, 9999, 9999, 9999, 9999, 9999, 9999, 9999, 2.7477E-16, 9999, 2.3335, 0, 0, 0, 0, 0, 8000, 0, 0, 0, 0
5, 0.00000, 5.83362, 1, 2.04986E-7, 0, 1.5478, 2.04986E-7, 1.07888E-8, 0, 0, 1.07888E-8, -2.2454E-7, 1, 1, 9999, 9999, 9999, 9999, 9999, 9999, 9999, 9999, 4.75381E-21, 9999, 2.3335, 0, 0, 0, 0, 0, 8000, 0, 0, 0, 0
