hour,t(sec),kWh,State,kWOut,kWIn,kvarOut,DCkW,kWTotalLosses,kWInvLosses,kWIdlingLosses,kWChDchLosses,"kWh Chng",InvEff,InverterON,Vref,"Vavg (DRC)","VV Oper","VW Oper","DRC Oper","VV_DRC Oper","WP Oper","WV Oper",kWDesired,"kW VW Limit","Limit kWOut Function","kVA Exceeded","Grid voltage",di/dt,it,"it History","Rated VDC","Avg duty cycle","Target (Amps)","Series L","Max. Amps (phase)"
1, 0.00000, 5.83362, -1, 0, 0.208354, 1.5478, -0.208354, 0.0104177, 0, 0, 0.0104177, -3.50017, 1, 1, 9999, 9999, 9999, 9999, 9999, 9999, 9999, 9999, -0.208354, 9999, 2.3335, 0, 0, 0, 0, 0, 8000, 0, 0, 0, 0
2, 0.00000, 6.03156, -1, 0, 1.17691E-7, 1.5478, -1.17691E-7, 5.88457E-9, 0, 0, 5.88457E-9, 0.197936, 1, 1, 9999, 9999, 9999, 9999, 9999, 9999, 9999, 9999, -1.12822E-19, 9999, 2.3335, 0, 0, 0, 0, 0, 8000, 0, 0, 0, 0
3, 0.00000, 6.03156, -1, 0, 1.33996E-7, 1.5478, -1.33996E-7, 6.69982E-9, 0, 0, 6.69982E-9, 1.11807E-7, 1, 1, 9999, 9999, 9999, 9999, 9999, 9999, 9999, 9999, -8.28696E-20, 9999, 2.3335, 0, 0, 0, 0, 0, 8000, 0, 0, 0, 0
4, 0.00000, 6.03156, 1, 0.188038, 0, 1.5478, 0.188038, 0.00989675, 0, 0, 0.00989675, 1.27297E-7, 1, 1, 9999, 9999, 9999, 9999, 9999, 9999, 9999, 9999, 0.188038, 9999, 2.3335, 0, 0, 0, 0, 0, 8000, 0, 0, 0, 0
5, 0.00000, 5.83363, 1, 1.26707E-7, 0, 1.5478, 1.26707E-7, 6.66877E-9, 0, 0, 6.66877E-9, -0.197935, 1, 1, 9999, 9999, 9999, 9999, 9999, 9999, 9999, 9999, 2.02599E-19, 9999, 2.3335, 0, 0, 0, 0, 0, 8000, 0, 0, 0, 0
