hour,t(sec),kWh,State,kWOut,kWIn,kvarOut,DCkW,kWTotalLosses,kWInvLosses,kWIdlingLosses,kWChDchLosses,"kWh Chng",InvEff,InverterON,Vref,"Vavg (DRC)","VV Oper","VW Oper","DRC Oper","VV_DRC Oper","WP Oper","WV Oper",kWDesired,"kW VW Limit","Limit kWOut Function","kVA Exceeded","Grid voltage",di/dt,it,"it History","Rated VDC","Avg duty cycle","Target (Amps)","Series L","Max. Amps (phase)"
1, 0.00000, 11.6637, -1, 0, 4.98384E-8, 3.0947, -4.98384E-8, 2.49192E-9, 0, 0, 2.49192E-9, -6.99825, 1, 1, 9999, 9999, 9999, 9999, 9999, 9999, 9999, 9999, -6.11694E-17, 9999, 4.6655, 0, 0, 0, 0, 0, 8000, 0, 0, 0, 0
2, 0.00000, 11.6637, -1, 0, 3.88371E-7, 3.0947, -3.88371E-7, 1.94186E-8, 0, 0, 1.94186E-8, 4.73465E-8, 1, 1, 9999, 9999, 9999, 9999, 9999, 9999, 9999, 9999, -1.30867E-16, 9999, 4.6655, 0, 0, 0, 0, 0, 8000, 0, 0, 0, 0
3, 0.00000, 11.6638, 1, 4.72307E-7, 0, 3.0947, 4.72307E-7, 2.48583E-8, 0, 0, 2.48583E-8, 3.68953E-7, 1, 1, 9999, 9999, 9999, 9999, 9999, 9999, 9999, 9999, 3.0078E-17, 9999, 4.6655, 0, 0, 0, 0, 0, 8000, 0, 0, 0, 0
4, 0.00000, 11.6637, 1, 5.30758E-7, 0, 3.0947, 5.30758E-7, 2.79346E-8, 0, 0, 2.79346E-8, -4.97165E-7, 1, 1, 9999, 9999, 9999, 9999, 9999, 9999, 9999, 9999, 9.48076E-17, 9999, 4.6655, 0, 0, 0, 0, 0, 8000, 0, 0, 0, 0
5, 0.00000, 11.6637, -1, 0, 4.54536E-7, 3.0947, -4.54536E-7, 2.27268E-8, 0, 0, 2.27268E-8, -5.58693E-7, 1, 1, 9999, 9999, 9999, 9999, 9999, 9999, 9999, 9999, -9.13365E-18, 9999, 4.6655, 0, 0, 0, 0, 0, 8000, 0, 0, 0, 0
