hour,t(sec),kWh,State,kWOut,kWIn,kvarOut,DCkW,kWTotalLosses,kWInvLosses,kWIdlingLosses,kWChDchLosses,"kWh Chng",InvEff,InverterON,Vref,"Vavg (DRC)","VV Oper","VW Oper","DRC Oper","VV_DRC Oper","WP Oper","WV Oper",kWDesired,"kW VW Limit","Limit kWOut Function","kVA Exceeded","Grid voltage",di/dt,it,"it History","Rated VDC","Avg duty cycle","Target (Amps)","Series L","Max. Amps (phase)"
1, 0.00000, 11.6637, 1, 2.52048E-9, 0, 3.0947, 2.52048E-9, 1.32657E-10, 0, 0, 1.32657E-10, -6.99825, 1, 1, 9999, 9999, 9999, 9999, 9999, 9999, 9999, 9999, 6.89561E-25, 9999, 4.6655, 0, 0, 0, 0, 0, 8000, 0, 0, 0, 0
2, 0.00000, 11.6637, 0, 0, 2.41415E-7, 3.0947, -2.41415E-7, 2.41415E-7, 0, 2.41415E-7, 0, -2.65314E-9, 1, 1, 9999, 9999, 9999, 9999, 9999, 9999, 9999, 9999, 0, 9999, 4.6655, 0, 0, 0, 0, 0, 8000, 0, 0, 0, 0
3, 0.00000, 11.6637, -1, 0, 2.9804E-7, 3.0947, -2.9804E-7, 1.4902E-8, 0, 0, 1.4902E-8, 0, 1, 1, 9999, 9999, 9999, 9999, 9999, 9999, 9999, 9999, -5.41898E-25, 9999, 4.6655, 0, 0, 0, 0, 0, 8000, 0, 0, 0, 0
4, 0.00000, 11.6638, 0, 0, 3.31834E-7, 3.0947, -3.31834E-7, 3.31834E-7, 0, 3.31834E-7, 0, 2.83138E-7, 1, 1, 9999, 9999, 9999, 9999, 9999, 9999, 9999, 9999, 0, 9999, 4.6655, 0, 0, 0, 0, 0, 8000, 0, 0, 0, 0
5, 0.00000, 11.6638, -1, 0, 2.8331E-7, 3.0947, -2.8331E-7, 1.41655E-8, 0, 0, 1.41655E-8, 0, 1, 1, 9999, 9999, 9999, 9999, 9999, 9999, 9999, 9999, -2.01928E-25, 9999, 4.6655, 0, 0, 0, 0, 0, 8000, 0, 0, 0, 0
