hour,t(sec),kWh,State,kWOut,kWIn,kvarOut,DCkW,kWTotalLosses,kWInvLosses,kWIdlingLosses,kWChDchLosses,"kWh Chng",InvEff,InverterON,Vref,"Vavg (DRC)","VV Oper","VW Oper","DRC Oper","VV_DRC Oper","WP Oper","WV Oper",kWDesired,"kW VW Limit","Limit kWOut Function","kVA Exceeded","Grid voltage",di/dt,it,"it History","Rated VDC","Avg duty cycle","Target (Amps)","Series L","Max. Amps (phase)"
1, 0.00000, 11.6637, -1, 0, 4.6655, 3.0947, -4.6655, 0.233275, 0, 0, 0.233275, -6.99825, 1, 1, 9999, 9999, 9999, 9999, 9999, 9999, 9999, 9999, -4.6655, 9999, 4.6655, 1, 0, 0, 0, 0, 8000, 0, 0, 0, 0
2, 0.00000, 16.096, -1, 0, 0.0363325, 3.0947, -0.0363325, 0.00181663, 0, 0, 0.00181663, 4.43223, 1, 1, 9999, 9999, 9999, 9999, 9999, 9999, 9999, 9999, -0.0363326, 9999, 4.6655, 0, 0, 0, 0, 0, 8000, 0, 0, 0, 0
3, 0.00000, 16.1305, 1, 0.650417, 0, 3.0947, 0.650417, 0.0342325, 0, 0, 0.0342325, 0.0345159, 1, 1, 9999, 9999, 9999, 9999, 9999, 9999, 9999, 9999, 0.650417, 9999, 4.6655, 0, 0, 0, 0, 0, 8000, 0, 0, 0, 0
4, 0.00000, 15.4458, 1, 4.6655, 0, 3.0947, 4.6655, 0.245553, 0, 0, 0.245553, -0.68465, 1, 1, 9999, 9999, 9999, 9999, 9999, 9999, 9999, 9999, 4.6655, 9999, 4.6655, 1, 0, 0, 0, 0, 8000, 0, 0, 0, 0
5, 0.00000, 10.5348, -1, 0, 1.1884, 3.0947, -1.1884, 0.0594198, 0, 0, 0.0594198, -4.91105, 1, 1, 9999, 9999, 9999, 9999, 9999, 9999, 9999, 9999, -1.1884, 9999, 4.6655, 0, 0, 0, 0, 0, 8000, 0, 0, 0, 0
