hour,t(sec),kWh,State,kWOut,kWIn,kvarOut,DCkW,kWTotalLosses,kWInvLosses,kWIdlingLosses,kWChDchLosses,"kWh Chng",InvEff,InverterON,Vref,"Vavg (DRC)","VV Oper","VW Oper","DRC Oper","VV_DRC Oper","WP Oper","WV Oper",kWDesired,"kW VW Limit","Limit kWOut Function","kVA Exceeded","Grid voltage",di/dt,it,"it History","Rated VDC","Avg duty cycle","Target (Amps)","Series L","Max. Amps (phase)"
1, 0.00000, 5.83362, -1, 0, 2.33343, 1.5478, -2.33343, 0.116671, 0, 0, 0.116671, -3.50017, 1, 1, 9999, 9999, 9999, 9999, 9999, 9999, 9999, 9999, -2.3335, 9999, 2.3335, 1, 0, 0, 0, 0, 8000, 0, 0, 0, 0
2, 0.00000, 8.05038, -1, 0, 0.0573107, 1.5478, -0.0573107, 0.00286553, 0, 0, 0.00286553, 2.21675, 1, 1, 9999, 9999, 9999, 9999, 9999, 9999, 9999, 9999, -0.0573108, 9999, 2.3335, 0, 0, 0, 0, 0, 8000, 0, 0, 0, 0
3, 0.00000, 8.10482, -1, 0, 7.45922E-8, 1.5478, -7.45922E-8, 3.72961E-9, 0, 0, 3.72961E-9, 0.0544452, 1, 1, 9999, 9999, 9999, 9999, 9999, 9999, 9999, 9999, -1.97157E-19, 9999, 2.3335, 0, 0, 0, 0, 0, 8000, 0, 0, 0, 0
4, 0.00000, 8.10483, 1, 2.33343, 0, 1.5478, 2.33343, 0.122812, 0, 0, 0.122812, 7.08626E-8, 1, 1, 9999, 9999, 9999, 9999, 9999, 9999, 9999, 9999, 2.3335, 9999, 2.3335, 1, 0, 0, 0, 0, 8000, 0, 0, 0, 0
5, 0.00000, 5.64859, -1, 0, 0.194784, 1.5478, -0.194784, 0.00973921, 0, 0, 0.00973921, -2.45624, 1, 1, 9999, 9999, 9999, 9999, 9999, 9999, 9999, 9999, -0.194784, 9999, 2.3335, 0, 0, 0, 0, 0, 8000, 0, 0, 0, 0
