hour,t(sec),kWh,State,kWOut,kWIn,kvarOut,DCkW,kWTotalLosses,kWInvLosses,kWIdlingLosses,kWChDchLosses,"kWh Chng",InvEff,InverterON,Vref,"Vavg (DRC)","VV Oper","VW Oper","DRC Oper","VV_DRC Oper","WP Oper","WV Oper",kWDesired,"kW VW Limit","Limit kWOut Function","kVA Exceeded","Grid voltage",di/dt,it,"it History","Rated VDC","Avg duty cycle","Target (Amps)","Series L","Max. Amps (phase)"
1, 0.00000, 5.83362, 1, 1.43582E-8, 0, -1.5478, 1.43582E-8, 7.55695E-10, 0, 0, 7.55695E-10, -3.50017, 1, 1, 9999, 9999, 9999, 9999, 9999, 9999, 9999, 9999, 6.33662E-21, 9999, 2.3335, 0, 0, 0, 0, 0, 8000, 0, 0, 0, 0
2, 0.00000, 5.83362, -1, 0, 2.18843E-7, -1.5478, -2.18843E-7, 1.09422E-8, 0, 0, 1.09422E-8, -1.51139E-8, 1, 1, 9999, 9999, 9999, 9999, 9999, 9999, 9999, 9999, -4.30764E-20, 9999, 2.3335, 0, 0, 0, 0, 0, 8000, 0, 0, 0, 0
3, 0.00000, 5.83363, 0, 0, 2.49091E-7, -1.5478, -2.49091E-7, 2.49091E-7, 0, 2.49091E-7, 0, 2.07901E-7, 1, 1, 9999, 9999, 9999, 9999, 9999, 9999, 9999, 9999, 0, 9999, 2.3335, 0, 0, 0, 0, 0, 8000, 0, 0, 0, 0
4, 0.00000, 5.83363, 1, 2.4427E-7, 0, -1.5478, 2.4427E-7, 1.28563E-8, 0, 0, 1.28563E-8, 0, 1, 1, 9999, 9999, 9999, 9999, 9999, 9999, 9999, 9999, 3.14089E-17, 9999, 2.3335, 0, 0, 0, 0, 0, 8000, 0, 0, 0, 0
5, 0.00000, 5.83362, 0, 0, 2.35544E-7, -1.5478, -2.35544E-7, 2.35544E-7, 0, 2.35544E-7, 0, -2.57126E-7, 1, 1, 9999, 9999, 9999, 9999, 9999, 9999, 9999, 9999, 0, 9999, 2.3335, 0, 0, 0, 0, 0, 8000, 0, 0, 0, 0
