hour,t(sec),kWh,State,kWOut,kWIn,kvarOut,DCkW,kWTotalLosses,kWInvLosses,kWIdlingLosses,kWChDchLosses,"kWh Chng",InvEff,InverterON,Vref,"Vavg (DRC)","VV Oper","VW Oper","DRC Oper","VV_DRC Oper","WP Oper","WV Oper",kWDesired,"kW VW Limit","Limit kWOut Function","kVA Exceeded","Grid voltage",di/dt,it,"it History","Rated VDC","Avg duty cycle","Target (Amps)","Series L","Max. Amps (phase)"
1, 0.00000, 11.6637, 1, 1.97934E-8, 0, 3.0947, 1.97934E-8, 1.04176E-9, 0, 0, 1.04176E-9, -6.99825, 1, 1, 9999, 9999, 9999, 9999, 9999, 9999, 9999, 9999, 5.83887E-20, 9999, 4.6655, 0, 0, 0, 0, 0, 8000, 0, 0, 0, 0
2, 0.00000, 11.6637, -1, 0, 4.00753E-7, 3.0947, -4.00753E-7, 2.00376E-8, 0, 0, 2.00376E-8, -2.08352E-8, 1, 1, 9999, 9999, 9999, 9999, 9999, 9999, 9999, 9999, -3.61656E-19, 9999, 4.6655, 0, 0, 0, 0, 0, 8000, 0, 0, 0, 0
3, 0.00000, 11.6638, -1, 0, 4.56507E-7, 3.0947, -4.56507E-7, 2.28253E-8, 0, 0, 2.28253E-8, 3.80715E-7, 1, 1, 9999, 9999, 9999, 9999, 9999, 9999, 9999, 9999, -8.08345E-20, 9999, 4.6655, 0, 0, 0, 0, 0, 8000, 0, 0, 0, 0
4, 0.00000, 11.6638, 1, 4.38886E-7, 0, 3.0947, 4.38886E-7, 2.30993E-8, 0, 0, 2.30993E-8, 4.33681E-7, 1, 1, 9999, 9999, 9999, 9999, 9999, 9999, 9999, 9999, 2.03971E-18, 9999, 4.6655, 0, 0, 0, 0, 0, 8000, 0, 0, 0, 0
5, 0.00000, 11.6638, 1, 4.2291E-7, 0, 3.0947, 4.2291E-7, 2.22584E-8, 0, 0, 2.22584E-8, -4.61986E-7, 1, 1, 9999, 9999, 9999, 9999, 9999, 9999, 9999, 9999, 9.17097E-20, 9999, 4.6655, 0, 0, 0, 0, 0, 8000, 0, 0, 0, 0
