hour,t(sec),kWh,State,kWOut,kWIn,kvarOut,DCkW,kWTotalLosses,kWInvLosses,kWIdlingLosses,kWChDchLosses,"kWh Chng",InvEff,InverterON,Vref,"Vavg (DRC)","VV Oper","VW Oper","DRC Oper","VV_DRC Oper","WP Oper","WV Oper",kWDesired,"kW VW Limit","Limit kWOut Function","kVA Exceeded","Grid voltage",di/dt,it,"it History","Rated VDC","Avg duty cycle","Target (Amps)","Series L","Max. Amps (phase)"
1, 0.00000, 11.6637, -1, 0, 4.6655, 3.0947, -4.6655, 0.233275, 0, 0, 0.233275, -6.99825, 1, 1, 9999, 9999, 9999, 9999, 9999, 9999, 9999, 9999, -4.6655, 9999, 4.6655, 1, 0, 0, 0, 0, 8000, 0, 0, 0, 0
2, 0.00000, 16.096, -1, 0, 0.375055, 3.0947, -0.375055, 0.0187527, 0, 0, 0.0187527, 4.43223, 1, 1, 9999, 9999, 9999, 9999, 9999, 9999, 9999, 9999, -0.375055, 9999, 4.6655, 0, 0, 0, 0, 0, 8000, 0, 0, 0, 0
3, 0.00000, 16.4523, 1, 0.671925, 0, 3.0947, 0.671925, 0.0353645, 0, 0, 0.0353645, 0.356302, 1, 1, 9999, 9999, 9999, 9999, 9999, 9999, 9999, 9999, 0.671925, 9999, 4.6655, 0, 0, 0, 0, 0, 8000, 0, 0, 0, 0
4, 0.00000, 15.745, 1, 4.6655, 0, 3.0947, 4.6655, 0.245553, 0, 0, 0.245553, -0.70729, 1, 1, 9999, 9999, 9999, 9999, 9999, 9999, 9999, 9999, 4.6655, 9999, 4.6655, 1, 0, 0, 0, 0, 8000, 0, 0, 0, 0
5, 0.00000, 10.8339, -1, 0, 0.873522, 3.0947, -0.873522, 0.0436761, 0, 0, 0.0436761, -4.91105, 1, 1, 9999, 9999, 9999, 9999, 9999, 9999, 9999, 9999, -0.873522, 9999, 4.6655, 0, 0, 0, 0, 0, 8000, 0, 0, 0, 0
