hour,t(sec),kWh,State,kWOut,kWIn,kvarOut,DCkW,kWTotalLosses,kWInvLosses,kWIdlingLosses,kWChDchLosses,"kWh Chng",InvEff,InverterON,Vref,"Vavg (DRC)","VV Oper","VW Oper","DRC Oper","VV_DRC Oper","WP Oper","WV Oper",kWDesired,"kW VW Limit","Limit kWOut Function","kVA Exceeded","Grid voltage",di/dt,it,"it History","Rated VDC","Avg duty cycle","Target (Amps)","Series L","Max. Amps (phase)"
1, 0.00000, 5.83362, 1, 9.85103E-9, 0, 1.5478, 9.85103E-9, 5.18475E-10, 0, 0, 5.18475E-10, -3.50017, 1, 1, 9999, 9999, 9999, 9999, 9999, 9999, 9999, 9999, 2.22896E-19, 9999, 2.3335, 0, 0, 0, 0, 0, 8000, 0, 0, 0, 0
2, 0.00000, 5.83362, 1, 2.01766E-7, 0, 1.5478, 2.01766E-7, 1.06193E-8, 0, 0, 1.06193E-8, -1.03695E-8, 1, 1, 9999, 9999, 9999, 9999, 9999, 9999, 9999, 9999, 3.96648E-20, 9999, 2.3335, 0, 0, 0, 0, 0, 8000, 0, 0, 0, 0
3, 0.00000, 5.83362, 1, 2.29935E-7, 0, 1.5478, 2.29935E-7, 1.21018E-8, 0, 0, 1.21018E-8, -2.12385E-7, 1, 1, 9999, 9999, 9999, 9999, 9999, 9999, 9999, 9999, 1.90838E-19, 9999, 2.3335, 0, 0, 0, 0, 0, 8000, 0, 0, 0, 0
4, 0.00000, 5.83362, 1, 2.24672E-7, 0, 1.5478, 2.24672E-7, 1.18249E-8, 0, 0, 1.18249E-8, -2.42036E-7, 1, 1, 9999, 9999, 9999, 9999, 9999, 9999, 9999, 9999, 1.3346E-16, 9999, 2.3335, 0, 0, 0, 0, 0, 8000, 0, 0, 0, 0
5, 0.00000, 5.83362, -1, 0, 2.19735E-7, 1.5478, -2.19735E-7, 1.09868E-8, 0, 0, 1.09868E-8, -2.36497E-7, 1, 1, 9999, 9999, 9999, 9999, 9999, 9999, 9999, 9999, -3.37821E-20, 9999, 2.3335, 0, 0, 0, 0, 0, 8000, 0, 0, 0, 0
