hour,t(sec),kWh,State,kWOut,kWIn,kvarOut,DCkW,kWTotalLosses,kWInvLosses,kWIdlingLosses,kWChDchLosses,"kWh Chng",InvEff,InverterON,Vref,"Vavg (DRC)","VV Oper","VW Oper","DRC Oper","VV_DRC Oper","WP Oper","WV Oper",kWDesired,"kW VW Limit","Limit kWOut Function","kVA Exceeded","Grid voltage",di/dt,it,"it History","Rated VDC","Avg duty cycle","Target (Amps)","Series L","Max. Amps (phase)"
1, 0.00000, 5.83362, -1, 0, 3.10259E-8, -1.5478, -3.10259E-8, 1.55129E-9, 0, 0, 1.55129E-9, -3.50017, 1, 1, 9999, 9999, 9999, 9999, 9999, 9999, 9999, 9999, -5.6424E-33, 9999, 2.3335, 0, 0, 0, 0, 0, 8000, 0, 0, 0, 0
2, 0.00000, 5.83362, -1, 0, 2.12216E-7, -1.5478, -2.12216E-7, 1.06108E-8, 0, 0, 1.06108E-8, 2.94746E-8, 1, 1, 9999, 9999, 9999, 9999, 9999, 9999, 9999, 9999, -2.25701E-33, 9999, 2.3335, 0, 0, 0, 0, 0, 8000, 0, 0, 0, 0
3, 0.00000, 5.83363, 0, 0, 2.64267E-7, -1.5478, -2.64267E-7, 2.64267E-7, 0, 2.64267E-7, 0, 2.01605E-7, 1, 1, 9999, 9999, 9999, 9999, 9999, 9999, 9999, 9999, 0, 9999, 2.3335, 0, 0, 0, 0, 0, 8000, 0, 0, 0, 0
4, 0.00000, 5.83363, 1, 2.96999E-7, 0, -1.5478, 2.96999E-7, 1.56315E-8, 0, 0, 1.56315E-8, 0, 1, 1, 9999, 9999, 9999, 9999, 9999, 9999, 9999, 9999, 7.72062E-18, 9999, 2.3335, 0, 0, 0, 0, 0, 8000, 0, 0, 0, 0
5, 0.00000, 5.83362, -1, 0, 2.48746E-7, -1.5478, -2.48746E-7, 1.24373E-8, 0, 0, 1.24373E-8, -3.12631E-7, 1, 1, 9999, 9999, 9999, 9999, 9999, 9999, 9999, 9999, -3.39501E-17, 9999, 2.3335, 0, 0, 0, 0, 0, 8000, 0, 0, 0, 0
