hour,t(sec),kWh,State,kWOut,kWIn,kvarOut,DCkW,kWTotalLosses,kWInvLosses,kWIdlingLosses,kWChDchLosses,"kWh Chng",InvEff,InverterON,Vref,"Vavg (DRC)","VV Oper","VW Oper","DRC Oper","VV_DRC Oper","WP Oper","WV Oper",kWDesired,"kW VW Limit","Limit kWOut Function","kVA Exceeded","Grid voltage",di/dt,it,"it History","Rated VDC","Avg duty cycle","Target (Amps)","Series L","Max. Amps (phase)"
1, 0.00000, 71.4613, 0, 0, 1.49417E-7, -18.9608, -1.49417E-7, 1.49417E-7, 0, 1.49417E-7, 0, -42.8768, 1, 1, 9999, 9999, 9999, 9999, 9999, 9999, 9999, 9999, 0, 9999, 28.5845, 0, 0, 0, 0, 0, 8000, 0, 0, 0, 0
2, 0.00000, 71.4613, 0, 0, 2.48091E-6, -18.9608, -2.48091E-6, 2.48091E-6, 0, 2.48091E-6, 0, 0, 1, 1, 9999, 9999, 9999, 9999, 9999, 9999, 9999, 9999, 0, 9999, 28.5845, 0, 0, 0, 0, 0, 8000, 0, 0, 0, 0
3, 0.00000, 71.4613, 1, 2.81765E-6, 0, -18.9608, 2.81765E-6, 1.48298E-7, 0, 0, 1.48298E-7, 0, 1, 1, 9999, 9999, 9999, 9999, 9999, 9999, 9999, 9999, 3.66453E-19, 9999, 28.5845, 0, 0, 0, 0, 0, 8000, 0, 0, 0, 0
4, 0.00000, 71.4613, -1, 0, 2.78418E-6, -18.9608, -2.78418E-6, 1.39209E-7, 0, 0, 1.39209E-7, -2.96595E-6, 1, 1, 9999, 9999, 9999, 9999, 9999, 9999, 9999, 9999, -1.58255E-19, 9999, 28.5845, 0, 0, 0, 0, 0, 8000, 0, 0, 0, 0
5, 0.00000, 71.4613, 1, 2.6626E-6, 0, -18.9608, 2.6626E-6, 1.40137E-7, 0, 0, 1.40137E-7, 2.64497E-6, 1, 1, 9999, 9999, 9999, 9999, 9999, 9999, 9999, 9999, 2.98079E-20, 9999, 28.5845, 0, 0, 0, 0, 0, 8000, 0, 0, 0, 0
