hour,t(sec),kWh,State,kWOut,kWIn,kvarOut,DCkW,kWTotalLosses,kWInvLosses,kWIdlingLosses,kWChDchLosses,"kWh Chng",InvEff,InverterON,Vref,"Vavg (DRC)","VV Oper","VW Oper","DRC Oper","VV_DRC Oper","WP Oper","WV Oper",kWDesired,"kW VW Limit","Limit kWOut Function","kVA Exceeded","Grid voltage",di/dt,it,"it History","Rated VDC","Avg duty cycle","Target (Amps)","Series L","Max. Amps (phase)"
1, 0.00000, 5.83362, 1, 2.57804E-8, 0, 1.5478, 2.57804E-8, 1.35686E-9, 0, 0, 1.35686E-9, -3.50017, 1, 1, 9999, 9999, 9999, 9999, 9999, 9999, 9999, 9999, 7.52344E-34, 9999, 2.3335, 0, 0, 0, 0, 0, 8000, 0, 0, 0, 0
2, 0.00000, 5.83362, 1, 1.9535E-7, 0, 1.5478, 1.9535E-7, 1.02816E-8, 0, 0, 1.02816E-8, -2.71373E-8, 1, 1, 9999, 9999, 9999, 9999, 9999, 9999, 9999, 9999, 9.8609E-17, 9999, 2.3335, 0, 0, 0, 0, 0, 8000, 0, 0, 0, 0
3, 0.00000, 5.83362, 1, 2.42164E-7, 0, 1.5478, 2.42164E-7, 1.27455E-8, 0, 0, 1.27455E-8, -2.05631E-7, 1, 1, 9999, 9999, 9999, 9999, 9999, 9999, 9999, 9999, 3.00928E-33, 9999, 2.3335, 0, 0, 0, 0, 0, 8000, 0, 0, 0, 0
4, 0.00000, 5.83362, 1, 2.72251E-7, 0, 1.5478, 2.72251E-7, 1.4329E-8, 0, 0, 1.4329E-8, -2.5491E-7, 1, 1, 9999, 9999, 9999, 9999, 9999, 9999, 9999, 9999, 2.06907E-16, 9999, 2.3335, 0, 0, 0, 0, 0, 8000, 0, 0, 0, 0
5, 0.00000, 5.83362, -1, 0, 2.31957E-7, 1.5478, -2.31957E-7, 1.15978E-8, 0, 0, 1.15978E-8, -2.8658E-7, 1, 1, 9999, 9999, 9999, 9999, 9999, 9999, 9999, 9999, -6.77088E-33, 9999, 2.3335, 0, 0, 0, 0, 0, 8000, 0, 0, 0, 0
