hour,t(sec),kWh,State,kWOut,kWIn,kvarOut,DCkW,kWTotalLosses,kWInvLosses,kWIdlingLosses,kWChDchLosses,"kWh Chng",InvEff,InverterON,Vref,"Vavg (DRC)","VV Oper","VW Oper","DRC Oper","VV_DRC Oper","WP Oper","WV Oper",kWDesired,"kW VW Limit","Limit kWOut Function","kVA Exceeded","Grid voltage",di/dt,it,"it History","Rated VDC","Avg duty cycle","Target (Amps)","Series L","Max. Amps (phase)"
1, 0.00000, 11.6637, 0, 0, 6.45026E-8, -3.0947, -6.45026E-8, 6.45026E-8, 0, 6.45026E-8, 0, -6.99825, 1, 1, 9999, 9999, 9999, 9999, 9999, 9999, 9999, 9999, 0, 9999, 4.6655, 0, 0, 0, 0, 0, 8000, 0, 0, 0, 0
2, 0.00000, 11.6637, -1, 0, 4.1765E-7, -3.0947, -4.1765E-7, 2.08825E-8, 0, 0, 2.08825E-8, 0, 1, 1, 9999, 9999, 9999, 9999, 9999, 9999, 9999, 9999, -1.58174E-17, 9999, 4.6655, 0, 0, 0, 0, 0, 8000, 0, 0, 0, 0
3, 0.00000, 11.6638, 1, 5.10352E-7, 0, -3.0947, 5.10352E-7, 2.68606E-8, 0, 0, 2.68606E-8, 3.96767E-7, 1, 1, 9999, 9999, 9999, 9999, 9999, 9999, 9999, 9999, 9.02774E-33, 9999, 4.6655, 0, 0, 0, 0, 0, 8000, 0, 0, 0, 0
4, 0.00000, 11.6637, 1, 5.73773E-7, 0, -3.0947, 5.73773E-7, 3.01986E-8, 0, 0, 3.01986E-8, -5.37213E-7, 1, 1, 9999, 9999, 9999, 9999, 9999, 9999, 9999, 9999, 3.61362E-16, 9999, 4.6655, 0, 0, 0, 0, 0, 8000, 0, 0, 0, 0
5, 0.00000, 11.6637, -1, 0, 4.87948E-7, -3.0947, -4.87948E-7, 2.43974E-8, 0, 0, 2.43974E-8, -6.03972E-7, 1, 1, 9999, 9999, 9999, 9999, 9999, 9999, 9999, 9999, -3.98896E-17, 9999, 4.6655, 0, 0, 0, 0, 0, 8000, 0, 0, 0, 0
