hour,t(sec),kWh,State,kWOut,kWIn,kvarOut,DCkW,kWTotalLosses,kWInvLosses,kWIdlingLosses,kWChDchLosses,"kWh Chng",InvEff,InverterON,Vref,"Vavg (DRC)","VV Oper","VW Oper","DRC Oper","VV_DRC Oper","WP Oper","WV Oper",kWDesired,"kW VW Limit","Limit kWOut Function","kVA Exceeded","Grid voltage",di/dt,it,"it History","Rated VDC","Avg duty cycle","Target (Amps)","Series L","Max. Amps (phase)"
1, 0.00000, 11.6637, -1, 0, 0.709436, 3.0947, -0.709436, 0.0354718, 0, 0, 0.0354718, -6.99825, 1, 1, 9999, 9999, 9999, 9999, 9999, 9999, 9999, 9999, -0.709436, 9999, 4.6655, 0, 0, 0, 0, 0, 8000, 0, 0, 0, 0
2, 0.00000, 12.3377, 1, 2.14073E-7, 0, 3.0947, 2.14073E-7, 1.1267E-8, 0, 0, 1.1267E-8, 0.673964, 1, 1, 9999, 9999, 9999, 9999, 9999, 9999, 9999, 9999, 1.32085E-19, 9999, 4.6655, 0, 0, 0, 0, 0, 8000, 0, 0, 0, 0
3, 0.00000, 12.3377, 1, 2.42949E-7, 0, 3.0947, 2.42949E-7, 1.27868E-8, 0, 0, 1.27868E-8, -2.2534E-7, 1, 1, 9999, 9999, 9999, 9999, 9999, 9999, 9999, 9999, 3.75209E-19, 9999, 4.6655, 0, 0, 0, 0, 0, 8000, 0, 0, 0, 0
4, 0.00000, 12.3377, 1, 0.640247, 0, 3.0947, 0.640247, 0.0336972, 0, 0, 0.0336972, -2.55736E-7, 1, 1, 9999, 9999, 9999, 9999, 9999, 9999, 9999, 9999, 0.640247, 9999, 4.6655, 0, 0, 0, 0, 0, 8000, 0, 0, 0, 0
5, 0.00000, 11.6638, 0, 0, 2.32502E-7, 3.0947, -2.32502E-7, 2.32502E-7, 0, 2.32502E-7, 0, -0.673944, 1, 1, 9999, 9999, 9999, 9999, 9999, 9999, 9999, 9999, 0, 9999, 4.6655, 0, 0, 0, 0, 0, 8000, 0, 0, 0, 0
