hour,t(sec),kWh,State,kWOut,kWIn,kvarOut,DCkW,kWTotalLosses,kWInvLosses,kWIdlingLosses,kWChDchLosses,"kWh Chng",InvEff,InverterON,Vref,"Vavg (DRC)","VV Oper","VW Oper","DRC Oper","VV_DRC Oper","WP Oper","WV Oper",kWDesired,"kW VW Limit","Limit kWOut Function","kVA Exceeded","Grid voltage",di/dt,it,"it History","Rated VDC","Avg duty cycle","Target (Amps)","Series L","Max. Amps (phase)"
1, 0.00000, 11.6637, -1, 0, 5.8469E-9, 3.0947, -5.8469E-9, 2.92345E-10, 0, 0, 2.92345E-10, -6.99825, 1, 1, 9999, 9999, 9999, 9999, 9999, 9999, 9999, 9999, -2.66283E-16, 9999, 4.6655, 0, 0, 0, 0, 0, 8000, 0, 0, 0, 0
2, 0.00000, 11.6637, -1, 0, 2.17057E-7, 3.0947, -2.17057E-7, 1.08529E-8, 0, 0, 1.08529E-8, 5.55455E-9, 1, 1, 9999, 9999, 9999, 9999, 9999, 9999, 9999, 9999, -7.02811E-20, 9999, 4.6655, 0, 0, 0, 0, 0, 8000, 0, 0, 0, 0
3, 0.00000, 11.6638, 1, 2.62488E-7, 0, 3.0947, 2.62488E-7, 1.38152E-8, 0, 0, 1.38152E-8, 2.06204E-7, 1, 1, 9999, 9999, 9999, 9999, 9999, 9999, 9999, 9999, 6.23917E-20, 9999, 4.6655, 0, 0, 0, 0, 0, 8000, 0, 0, 0, 0
4, 0.00000, 11.6637, -1, 0, 2.97583E-7, 3.0947, -2.97583E-7, 1.48792E-8, 0, 0, 1.48792E-8, -2.76303E-7, 1, 1, 9999, 9999, 9999, 9999, 9999, 9999, 9999, 9999, -4.61577E-20, 9999, 4.6655, 0, 0, 0, 0, 0, 8000, 0, 0, 0, 0
5, 0.00000, 11.6638, -1, 0, 2.5315E-7, 3.0947, -2.5315E-7, 1.26575E-8, 0, 0, 1.26575E-8, 2.82704E-7, 1, 1, 9999, 9999, 9999, 9999, 9999, 9999, 9999, 9999, -3.93913E-20, 9999, 4.6655, 0, 0, 0, 0, 0, 8000, 0, 0, 0, 0
