hour,t(sec),kWh,State,kWOut,kWIn,kvarOut,DCkW,kWTotalLosses,kWInvLosses,kWIdlingLosses,kWChDchLosses,"kWh Chng",InvEff,InverterON,Vref,"Vavg (DRC)","VV Oper","VW Oper","DRC Oper","VV_DRC Oper","WP Oper","WV Oper",kWDesired,"kW VW Limit","Limit kWOut Function","kVA Exceeded","Grid voltage",di/dt,it,"it History","Rated VDC","Avg duty cycle","Target (Amps)","Series L","Max. Amps (phase)"
1, 0.00000, 11.6637, 1, 1.4902, 0, 2.82545, 1.4902, 0.0784315, 0, 0, 0.0784315, -6.99825, 1, 1, 9999, 9999, 9999, 9999, 9999, 9999, 9999, 9999, 1.49007, 9999, 4.6655, 0, 0, 0, 0, 0, 8000, 0, 0, 0, 0
2, 0.00000, 10.0951, 1, 1.97256, 0, 3.09449, 1.97256, 0.103819, 0, 0, 0.103819, -1.56863, 1, 1, 9999, 9999, 9999, 9999, 9999, 9999, 9999, 9999, 1.97243, 9999, 4.6655, 0, 0, 0, 0, 0, 8000, 0, 0, 0, 0
3, 0.00000, 8.01874, 1, 2.29937, 0, 3.09474, 2.29937, 0.121019, 0, 0, 0.121019, -2.07638, 1, 1, 9999, 9999, 9999, 9999, 9999, 9999, 9999, 9999, 2.29939, 9999, 4.6655, 0, 0, 0, 0, 0, 8000, 0, 0, 0, 0
