hour,t(sec),kWh,State,kWOut,kWIn,kvarOut,DCkW,kWTotalLosses,kWInvLosses,kWIdlingLosses,kWChDchLosses,"kWh Chng",InvEff,InverterON,Vref,"Vavg (DRC)","VV Oper","VW Oper","DRC Oper","VV_DRC Oper","WP Oper","WV Oper",kWDesired,"kW VW Limit","Limit kWOut Function","kVA Exceeded","Grid voltage",di/dt,it,"it History","Rated VDC","Avg duty cycle","Target (Amps)","Series L","Max. Amps (phase)"
1, 0.00000, 11.6637, 1, 0.000010412, 0, 3.0947, 0.000010412, 5.48E-7, 0, 0, 5.48E-7, -6.99825, 1, 1, 9999, 9999, 9999, 9999, 9999, 9999, 9999, 9999, 7.83571E-19, 9999, 4.6655, 0, 0, 0, 0, 0, 8000, 0, 0, 0, 0
2, 0.00000, 11.6637, 1, 0.0000265226, 0, 3.09469, 0.0000265226, 1.39592E-6, 0, 0, 1.39592E-6, -0.00001096, 1, 1, 9999, 9999, 9999, 9999, 9999, 9999, 9999, 9999, 5.57947E-18, 9999, 4.6655, 0, 0, 0, 0, 0, 8000, 0, 0, 0, 0
3, 0.00000, 11.6637, 1, 0.745415, 0, 3.09469, 0.745415, 0.0392324, 0, 0, 0.0392324, -0.0000279185, 1, 1, 9999, 9999, 9999, 9999, 9999, 9999, 9999, 9999, 0.745407, 9999, 4.6655, 0, 0, 0, 0, 0, 8000, 0, 0, 0, 0
4, 0.00000, 10.8791, 1, 2.12621, 0, 3.09471, 2.12621, 0.111906, 0, 0, 0.111906, -0.784648, 1, 1, 9999, 9999, 9999, 9999, 9999, 9999, 9999, 9999, 2.12621, 9999, 4.6655, 0, 0, 0, 0, 0, 8000, 0, 0, 0, 0
5, 0.00000, 8.64095, 1, 0.0380487, 0, 3.09471, 0.0380487, 0.00200257, 0, 0, 0.00200257, -2.23811, 1, 1, 9999, 9999, 9999, 9999, 9999, 9999, 9999, 9999, 0.0380607, 9999, 4.6655, 0, 0, 0, 0, 0, 8000, 0, 0, 0, 0
6, 0.00000, 8.6009, 1, 0.185671, 0, 3.09469, 0.185671, 0.00977213, 0, 0, 0.00977213, -0.0400513, 1, 1, 9999, 9999, 9999, 9999, 9999, 9999, 9999, 9999, 0.185659, 9999, 4.6655, 0, 0, 0, 0, 0, 8000, 0, 0, 0, 0
