hour,t(sec),kWh,State,kWOut,kWIn,kvarOut,DCkW,kWTotalLosses,kWInvLosses,kWIdlingLosses,kWChDchLosses,"kWh Chng",InvEff,InverterON,Vref,"Vavg (DRC)","VV Oper","VW Oper","DRC Oper","VV_DRC Oper","WP Oper","WV Oper",kWDesired,"kW VW Limit","Limit kWOut Function","kVA Exceeded","Grid voltage",di/dt,it,"it History","Rated VDC","Avg duty cycle","Target (Amps)","Series L","Max. Amps (phase)"
1, 0.00000, 11.6637, -1, 0, 7.80664E-6, 3.0947, -7.80664E-6, 3.90332E-7, 0, 0, 3.90332E-7, -6.99825, 1, 1, 9999, 9999, 9999, 9999, 9999, 9999, 9999, 9999, -6.08661E-19, 9999, 4.6655, 0, 0, 0, 0, 0, 8000, 0, 0, 0, 0
2, 0.00000, 11.6638, 1, 0.0000370731, 0, 3.09471, 0.0000370731, 1.95121E-6, 0, 0, 1.95121E-6, 7.41631E-6, 1, 1, 9999, 9999, 9999, 9999, 9999, 9999, 9999, 9999, 1.14561E-18, 9999, 4.6655, 0, 0, 0, 0, 0, 8000, 0, 0, 0, 0
3, 0.00000, 11.6637, 1, 0.0106023, 0, 3.09464, 0.0106023, 0.000558017, 0, 0, 0.000558017, -0.0000390243, 1, 1, 9999, 9999, 9999, 9999, 9999, 9999, 9999, 9999, 0.010502, 9999, 4.6655, 0, 0, 0, 0, 0, 8000, 0, 0, 0, 0
4, 0.00000, 11.6526, 1, 1.46708, 0, 3.09468, 1.46708, 0.0772146, 0, 0, 0.0772146, -0.0111603, 1, 1, 9999, 9999, 9999, 9999, 9999, 9999, 9999, 9999, 1.46707, 9999, 4.6655, 0, 0, 0, 0, 0, 8000, 0, 0, 0, 0
5, 0.00000, 10.1083, 1, 2.27634, 0, 3.09473, 2.27634, 0.119807, 0, 0, 0.119807, -1.54429, 1, 1, 9999, 9999, 9999, 9999, 9999, 9999, 9999, 9999, 2.27634, 9999, 4.6655, 0, 0, 0, 0, 0, 8000, 0, 0, 0, 0
6, 0.00000, 7.71212, 1, 0.00793625, 0, 3.09472, 0.00793625, 0.000417697, 0, 0, 0.000417697, -2.39614, 1, 1, 9999, 9999, 9999, 9999, 9999, 9999, 9999, 9999, 0.00795141, 9999, 4.6655, 0, 0, 0, 0, 0, 8000, 0, 0, 0, 0
7, 0.00000, 7.70377, 1, 0.24643, 0, 3.0947, 0.24643, 0.01297, 0, 0, 0.01297, -0.00835395, 1, 1, 9999, 9999, 9999, 9999, 9999, 9999, 9999, 9999, 0.246436, 9999, 4.6655, 0, 0, 0, 0, 0, 8000, 0, 0, 0, 0
8, 0.00000, 7.44437, 1, 1.75363, 0, 3.09467, 1.75363, 0.0922965, 0, 0, 0.0922965, -0.2594, 1, 1, 9999, 9999, 9999, 9999, 9999, 9999, 9999, 9999, 1.75362, 9999, 4.6655, 0, 0, 0, 0, 0, 8000, 0, 0, 0, 0
