hour,t(sec),kWh,State,kWOut,kWIn,kvarOut,DCkW,kWTotalLosses,kWInvLosses,kWIdlingLosses,kWChDchLosses,"kWh Chng",InvEff,InverterON,Vref,"Vavg (DRC)","VV Oper","VW Oper","DRC Oper","VV_DRC Oper","WP Oper","WV Oper",kWDesired,"kW VW Limit","Limit kWOut Function","kVA Exceeded","Grid voltage",di/dt,it,"it History","Rated VDC","Avg duty cycle","Target (Amps)","Series L","Max. Amps (phase)"
1, 0.00000, 5.83362, 1, 1.06816, 0, 1.54779, 1.06816, 0.0562189, 0, 0, 0.0562189, -3.50017, 1, 1, 9999, 9999, 9999, 9999, 9999, 9999, 9999, 9999, 1.06816, 9999, 2.3335, 0, 0, 0, 0, 0, 8000, 0, 0, 0, 0
2, 0.00000, 4.70925, 1, 0.812231, 0, 1.54775, 0.812231, 0.042749, 0, 0, 0.042749, -1.12438, 1, 1, 9999, 9999, 9999, 9999, 9999, 9999, 9999, 9999, 0.812198, 9999, 2.3335, 0, 0, 0, 0, 0, 8000, 0, 0, 0, 0
3, 0.00000, 3.85427, 1, 0.718037, 0, 1.54781, 0.718037, 0.0377914, 0, 0, 0.0377914, -0.85498, 1, 1, 9999, 9999, 9999, 9999, 9999, 9999, 9999, 9999, 0.718041, 9999, 2.3335, 0, 0, 0, 0, 0, 8000, 0, 0, 0, 0
4, 0.00000, 3.09844, 1, 0.283425, 0, 1.54782, 0.283425, 0.0149171, 0, 0, 0.0149171, -0.755829, 1, 1, 9999, 9999, 9999, 9999, 9999, 9999, 9999, 9999, 0.28345, 9999, 2.3335, 0, 0, 0, 0, 0, 8000, 0, 0, 0, 0
