hour,t(sec),kWh,State,kWOut,kWIn,kvarOut,DCkW,kWTotalLosses,kWInvLosses,kWIdlingLosses,kWChDchLosses,"kWh Chng",InvEff,InverterON,Vref,"Vavg (DRC)","VV Oper","VW Oper","DRC Oper","VV_DRC Oper","WP Oper","WV Oper",kWDesired,"kW VW Limit","Limit kWOut Function","kVA Exceeded","Grid voltage",di/dt,it,"it History","Rated VDC","Avg duty cycle","Target (Amps)","Series L","Max. Amps (phase)"
1, 0.00000, 5.83362, -1, 0, 0.0000151967, -1.54779, -0.0000151967, 7.59836E-7, 0, 0, 7.59836E-7, -3.50017, 1, 1, 9999, 9999, 9999, 9999, 9999, 9999, 9999, 9999, -2.62775E-19, 9999, 2.3335, 0, 0, 0, 0, 0, 8000, 0, 0, 0, 0
2, 0.00000, 5.83364, -1, 0, 0.0000378527, -1.54782, -0.0000378527, 1.89264E-6, 0, 0, 1.89264E-6, 0.0000144369, 1, 1, 9999, 9999, 9999, 9999, 9999, 9999, 9999, 9999, -3.52872E-19, 9999, 2.3335, 0, 0, 0, 0, 0, 8000, 0, 0, 0, 0
3, 0.00000, 5.83368, 1, 0.0000608421, 0, -1.54777, 0.0000608421, 3.20221E-6, 0, 0, 3.20221E-6, 0.0000359601, 1, 1, 9999, 9999, 9999, 9999, 9999, 9999, 9999, 9999, 1.04321E-18, 9999, 2.3335, 0, 0, 0, 0, 0, 8000, 0, 0, 0, 0
4, 0.00000, 5.83361, 1, 0.184767, 0, -1.54778, 0.184767, 0.00972457, 0, 0, 0.00972457, -0.0000640443, 1, 1, 9999, 9999, 9999, 9999, 9999, 9999, 9999, 9999, 0.184841, 9999, 2.3335, 0, 0, 0, 0, 0, 8000, 0, 0, 0, 0
5, 0.00000, 5.63912, 1, 0.731683, 0, -1.5478, 0.731683, 0.0385097, 0, 0, 0.0385097, -0.194491, 1, 1, 9999, 9999, 9999, 9999, 9999, 9999, 9999, 9999, 0.731692, 9999, 2.3335, 0, 0, 0, 0, 0, 8000, 0, 0, 0, 0
6, 0.00000, 4.86893, 0, 0, 0.0000973229, -1.54784, -0.0000973229, 0.0000973229, 0, 0.0000973229, 0, -0.770193, 1, 1, 9999, 9999, 9999, 9999, 9999, 9999, 9999, 9999, 0, 9999, 2.3335, 0, 0, 0, 0, 0, 8000, 0, 0, 0, 0
7, 0.00000, 4.86893, 1, 7.92889E-6, 0, -1.5478, 7.92889E-6, 4.1731E-7, 0, 0, 4.1731E-7, 0, 1, 1, 9999, 9999, 9999, 9999, 9999, 9999, 9999, 9999, 4.49782E-19, 9999, 2.3335, 0, 0, 0, 0, 0, 8000, 0, 0, 0, 0
8, 0.00000, 4.86892, 1, 0.415832, 0, -1.54778, 0.415832, 0.0218859, 0, 0, 0.0218859, -8.3462E-6, 1, 1, 9999, 9999, 9999, 9999, 9999, 9999, 9999, 9999, 0.415946, 9999, 2.3335, 0, 0, 0, 0, 0, 8000, 0, 0, 0, 0
