hour,t(sec),kWh,State,kWOut,kWIn,kvarOut,DCkW,kWTotalLosses,kWInvLosses,kWIdlingLosses,kWChDchLosses,"kWh Chng",InvEff,InverterON,Vref,"Vavg (DRC)","VV Oper","VW Oper","DRC Oper","VV_DRC Oper","WP Oper","WV Oper",kWDesired,"kW VW Limit","Limit kWOut Function","kVA Exceeded","Grid voltage",di/dt,it,"it History","Rated VDC","Avg duty cycle","Target (Amps)","Series L","Max. Amps (phase)"
1, 0.00000, 5.83362, -1, 0, 0.000016614, -1.54778, -0.000016614, 8.30702E-7, 0, 0, 8.30702E-7, -3.50017, 1, 1, 9999, 9999, 9999, 9999, 9999, 9999, 9999, 9999, -2.42311E-20, 9999, 2.3335, 0, 0, 0, 0, 0, 8000, 0, 0, 0, 0
2, 0.00000, 5.83364, 0, 0, 0.0000596517, -1.54779, -0.0000596517, 0.0000596517, 0, 0.0000596517, 0, 0.0000157833, 1, 1, 9999, 9999, 9999, 9999, 9999, 9999, 9999, 9999, 0, 9999, 2.3335, 0, 0, 0, 0, 0, 8000, 0, 0, 0, 0
3, 0.00000, 5.83364, 1, 0.404393, 0, -1.54779, 0.404393, 0.0212838, 0, 0, 0.0212838, 0, 1, 1, 9999, 9999, 9999, 9999, 9999, 9999, 9999, 9999, 0.404442, 9999, 2.3335, 0, 0, 0, 0, 0, 8000, 0, 0, 0, 0
4, 0.00000, 5.40796, 1, 0.923222, 0, -1.5478, 0.923222, 0.0485906, 0, 0, 0.0485906, -0.425676, 1, 1, 9999, 9999, 9999, 9999, 9999, 9999, 9999, 9999, 0.923203, 9999, 2.3335, 0, 0, 0, 0, 0, 8000, 0, 0, 0, 0
5, 0.00000, 4.43615, -1, 0, 0.0000781258, -1.54783, -0.0000781258, 3.90629E-6, 0, 0, 3.90629E-6, -0.971812, 1, 1, 9999, 9999, 9999, 9999, 9999, 9999, 9999, 9999, -2.21402E-19, 9999, 2.3335, 0, 0, 0, 0, 0, 8000, 0, 0, 0, 0
