hour,t(sec),kWh,State,kWOut,kWIn,kvarOut,DCkW,kWTotalLosses,kWInvLosses,kWIdlingLosses,kWChDchLosses,"kWh Chng",InvEff,InverterON,Vref,"Vavg (DRC)","VV Oper","VW Oper","DRC Oper","VV_DRC Oper","WP Oper","WV Oper",kWDesired,"kW VW Limit","Limit kWOut Function","kVA Exceeded","Grid voltage",di/dt,it,"it History","Rated VDC","Avg duty cycle","Target (Amps)","Series L","Max. Amps (phase)"
1, 0.00000, 11.6637, -1, 0, 2.86438E-6, 3.0947, -2.86438E-6, 1.43219E-7, 0, 0, 1.43219E-7, -6.99825, 1, 1, 9999, 9999, 9999, 9999, 9999, 9999, 9999, 9999, -2.55655E-19, 9999, 4.6655, 0, 0, 0, 0, 0, 8000, 0, 0, 0, 0
2, 0.00000, 11.6638, 1, 7.79207E-6, 0, 3.0947, 7.79207E-6, 4.10109E-7, 0, 0, 4.10109E-7, 2.72116E-6, 1, 1, 9999, 9999, 9999, 9999, 9999, 9999, 9999, 9999, 5.35133E-19, 9999, 4.6655, 0, 0, 0, 0, 0, 8000, 0, 0, 0, 0
3, 0.00000, 11.6637, 0, 0, 0.0000152915, 3.09469, -0.0000152915, 0.0000152915, 0, 0.0000152915, 0, -8.20218E-6, 1, 1, 9999, 9999, 9999, 9999, 9999, 9999, 9999, 9999, 0, 9999, 4.6655, 0, 0, 0, 0, 0, 8000, 0, 0, 0, 0
4, 0.00000, 11.6637, 1, 0.635505, 0, 3.09469, 0.635505, 0.0334476, 0, 0, 0.0334476, 0, 1, 1, 9999, 9999, 9999, 9999, 9999, 9999, 9999, 9999, 0.635488, 9999, 4.6655, 0, 0, 0, 0, 0, 8000, 0, 0, 0, 0
5, 0.00000, 10.9948, 1, 1.26389, 0, 3.0947, 1.26389, 0.0665203, 0, 0, 0.0665203, -0.668952, 1, 1, 9999, 9999, 9999, 9999, 9999, 9999, 9999, 9999, 1.26388, 9999, 4.6655, 0, 0, 0, 0, 0, 8000, 0, 0, 0, 0
6, 0.00000, 9.66439, 1, 0.0000282187, 0, 3.09472, 0.0000282187, 1.4852E-6, 0, 0, 1.4852E-6, -1.33041, 1, 1, 9999, 9999, 9999, 9999, 9999, 9999, 9999, 9999, 3.83565E-19, 9999, 4.6655, 0, 0, 0, 0, 0, 8000, 0, 0, 0, 0
7, 0.00000, 9.66436, 0, 0, 1.62393E-6, 3.0947, -1.62393E-6, 1.62393E-6, 0, 1.62393E-6, 0, -0.0000297039, 1, 1, 9999, 9999, 9999, 9999, 9999, 9999, 9999, 9999, 0, 9999, 4.6655, 0, 0, 0, 0, 0, 8000, 0, 0, 0, 0
8, 0.00000, 9.66436, 1, 1.14993, 0, 3.09467, 1.14993, 0.0605225, 0, 0, 0.0605225, 0, 1, 1, 9999, 9999, 9999, 9999, 9999, 9999, 9999, 9999, 1.14991, 9999, 4.6655, 0, 0, 0, 0, 0, 8000, 0, 0, 0, 0
