hour,t(sec),kWh,State,kWOut,kWIn,kvarOut,DCkW,kWTotalLosses,kWInvLosses,kWIdlingLosses,kWChDchLosses,"kWh Chng",InvEff,InverterON,Vref,"Vavg (DRC)","VV Oper","VW Oper","DRC Oper","VV_DRC Oper","WP Oper","WV Oper",kWDesired,"kW VW Limit","Limit kWOut Function","kVA Exceeded","Grid voltage",di/dt,it,"it History","Rated VDC","Avg duty cycle","Target (Amps)","Series L","Max. Amps (phase)"
1, 0.00000, 11.6637, -1, 0, 0.0000142563, 3.09471, -0.0000142563, 7.12817E-7, 0, 0, 7.12817E-7, -6.99825, 1, 1, 9999, 9999, 9999, 9999, 9999, 9999, 9999, 9999, -3.0295E-20, 9999, 4.6655, 0, 0, 0, 0, 0, 8000, 0, 0, 0, 0
2, 0.00000, 11.6638, 1, 0.0000197878, 0, 3.09469, 0.0000197878, 1.04146E-6, 0, 0, 1.04146E-6, 0.0000135435, 1, 1, 9999, 9999, 9999, 9999, 9999, 9999, 9999, 9999, 1.19885E-17, 9999, 4.6655, 0, 0, 0, 0, 0, 8000, 0, 0, 0, 0
3, 0.00000, 11.6637, -1, 0, 0.000011417, 3.0947, -0.000011417, 5.70849E-7, 0, 0, 5.70849E-7, -0.0000208292, 1, 1, 9999, 9999, 9999, 9999, 9999, 9999, 9999, 9999, -5.64246E-34, 9999, 4.6655, 0, 0, 0, 0, 0, 8000, 0, 0, 0, 0
4, 0.00000, 11.6638, 0, 0, 0.0000158087, 3.09469, -0.0000158087, 0.0000158087, 0, 0.0000158087, 0, 0.0000108461, 1, 1, 9999, 9999, 9999, 9999, 9999, 9999, 9999, 9999, 0, 9999, 4.6655, 0, 0, 0, 0, 0, 8000, 0, 0, 0, 0
5, 0.00000, 11.6638, 1, 0.390276, 0, 3.09468, 0.390276, 0.0205408, 0, 0, 0.0205408, 0, 1, 1, 9999, 9999, 9999, 9999, 9999, 9999, 9999, 9999, 0.390255, 9999, 4.6655, 0, 0, 0, 0, 0, 8000, 0, 0, 0, 0
6, 0.00000, 11.2529, 1, 1.50961, 0, 3.0947, 1.50961, 0.0794533, 0, 0, 0.0794533, -0.410816, 1, 1, 9999, 9999, 9999, 9999, 9999, 9999, 9999, 9999, 1.50962, 9999, 4.6655, 0, 0, 0, 0, 0, 8000, 0, 0, 0, 0
7, 0.00000, 9.66387, 1, 0.0000296768, 0, 3.09471, 0.0000296768, 1.56194E-6, 0, 0, 1.56194E-6, -1.58907, 1, 1, 9999, 9999, 9999, 9999, 9999, 9999, 9999, 9999, 9.72617E-18, 9999, 4.6655, 0, 0, 0, 0, 0, 8000, 0, 0, 0, 0
8, 0.00000, 9.66384, -1, 0, 0.0000137648, 3.09469, -0.0000137648, 6.88241E-7, 0, 0, 6.88241E-7, -0.0000312387, 1, 1, 9999, 9999, 9999, 9999, 9999, 9999, 9999, 9999, -9.4677E-18, 9999, 4.6655, 0, 0, 0, 0, 0, 8000, 0, 0, 0, 0
9, 0.00000, 9.66385, 1, 1.14297, 0, 3.09468, 1.14297, 0.0601561, 0, 0, 0.0601561, 0.0000130766, 1, 1, 9999, 9999, 9999, 9999, 9999, 9999, 9999, 9999, 1.14295, 9999, 4.6655, 0, 0, 0, 0, 0, 8000, 0, 0, 0, 0
