hour,t(sec),kWh,State,kWOut,kWIn,kvarOut,DCkW,kWTotalLosses,kWInvLosses,kWIdlingLosses,kWChDchLosses,"kWh Chng",InvEff,InverterON,Vref,"Vavg (DRC)","VV Oper","VW Oper","DRC Oper","VV_DRC Oper","WP Oper","WV Oper",kWDesired,"kW VW Limit","Limit kWOut Function","kVA Exceeded","Grid voltage",di/dt,it,"it History","Rated VDC","Avg duty cycle","Target (Amps)","Series L","Max. Amps (phase)"
1, 0.00000, 11.6637, -1, 0, 4.6654, -3.09498, -4.6654, 0.23327, 0, 0, 0.23327, -6.99825, 1, 1, 9999, 9999, 9999, 9999, 9999, 9999, 9999, 9999, -4.6655, 9999, 4.6655, 1, 0, 0, 0, 0, 8000, 0, 0, 0, 0
2, 0.00000, 16.0959, -1, 0, 0.000137427, -3.09465, -0.000137427, 6.87137E-6, 0, 0, 6.87137E-6, 4.43213, 1, 1, 9999, 9999, 9999, 9999, 9999, 9999, 9999, 9999, -7.21426E-18, 9999, 4.6655, 0, 0, 0, 0, 0, 8000, 0, 0, 0, 0
3, 0.00000, 16.096, 1, 0.0000377355, 0, -2.16209, 0.0000377355, 1.98608E-6, 0, 0, 1.98608E-6, 0.000130556, 1, 1, 9999, 9999, 9999, 9999, 9999, 9999, 9999, 9999, 1.09742E-17, 9999, 4.6655, 0, 0, 0, 0, 0, 8000, 0, 0, 0, 0
4, 0.00000, 16.096, -1, 0, 0.0000390944, 1.83589, -0.0000390944, 1.95472E-6, 0, 0, 1.95472E-6, -0.0000397216, 1, 1, 9999, 9999, 9999, 9999, 9999, 9999, 9999, 9999, -3.1919E-18, 9999, 4.6655, 0, 0, 0, 0, 0, 8000, 0, 0, 0, 0
5, 0.00000, 16.096, 1, 2.15842, 0, 3.0946, 2.15842, 0.113601, 0, 0, 0.113601, 0.0000371397, 1, 1, 9999, 9999, 9999, 9999, 9999, 9999, 9999, 9999, 2.15835, 9999, 4.6655, 0, 0, 0, 0, 0, 8000, 0, 0, 0, 0
6, 0.00000, 13.824, 1, 4.35299, 0, 3.09477, 4.35299, 0.229105, 0, 0, 0.229105, -2.27202, 1, 1, 9999, 9999, 9999, 9999, 9999, 9999, 9999, 9999, 4.353, 9999, 4.6655, 0, 0, 0, 0, 0, 8000, 0, 0, 0, 0
7, 0.00000, 9.2419, 1, 0.198039, 0, 2.53897, 0.198039, 0.0104231, 0, 0, 0.0104231, -4.58209, 1, 1, 9999, 9999, 9999, 9999, 9999, 9999, 9999, 9999, 0.198148, 9999, 4.6655, 0, 0, 0, 0, 0, 8000, 0, 0, 0, 0
8, 0.00000, 9.03343, 1, 0.534557, 0, 2.67947, 0.534557, 0.0281346, 0, 0, 0.0281346, -0.208462, 1, 1, 9999, 9999, 9999, 9999, 9999, 9999, 9999, 9999, 0.534386, 9999, 4.6655, 0, 0, 0, 0, 0, 8000, 0, 0, 0, 0
9, 0.00000, 8.47074, 1, 2.72858, 0, 3.09477, 2.72858, 0.14361, 0, 0, 0.14361, -0.562692, 1, 1, 9999, 9999, 9999, 9999, 9999, 9999, 9999, 9999, 2.72862, 9999, 4.6655, 0, 0, 0, 0, 0, 8000, 0, 0, 0, 0
