hour,t(sec),kWh,State,kWOut,kWIn,kvarOut,DCkW,kWTotalLosses,kWInvLosses,kWIdlingLosses,kWChDchLosses,"kWh Chng",InvEff,InverterON,Vref,"Vavg (DRC)","VV Oper","VW Oper","DRC Oper","VV_DRC Oper","WP Oper","WV Oper",kWDesired,"kW VW Limit","Limit kWOut Function","kVA Exceeded","Grid voltage",di/dt,it,"it History","Rated VDC","Avg duty cycle","Target (Amps)","Series L","Max. Amps (phase)"
1, 0.00000, 5.83362, 1, 1.72138E-6, 0, -1.5478, 1.72138E-6, 9.05991E-8, 0, 0, 9.05991E-8, -3.50017, 1, 1, 9999, 9999, 9999, 9999, 9999, 9999, 9999, 9999, 2.70896E-19, 9999, 2.3335, 0, 0, 0, 0, 0, 8000, 0, 0, 0, 0
2, 0.00000, 5.83362, -1, 0, 0.0000360432, -1.54779, -0.0000360432, 1.80216E-6, 0, 0, 1.80216E-6, -1.81198E-6, 1, 1, 9999, 9999, 9999, 9999, 9999, 9999, 9999, 9999, -8.74316E-19, 9999, 2.3335, 0, 0, 0, 0, 0, 8000, 0, 0, 0, 0
3, 0.00000, 5.83366, 0, 0, 0.0000118836, -1.5478, -0.0000118836, 0.0000118836, 0, 0.0000118836, 0, 0.000034241, 1, 1, 9999, 9999, 9999, 9999, 9999, 9999, 9999, 9999, 0, 9999, 2.3335, 0, 0, 0, 0, 0, 8000, 0, 0, 0, 0
4, 0.00000, 5.83366, 1, 0.408444, 0, -1.54779, 0.408444, 0.021497, 0, 0, 0.021497, 0, 1, 1, 9999, 9999, 9999, 9999, 9999, 9999, 9999, 9999, 0.408549, 9999, 2.3335, 0, 0, 0, 0, 0, 8000, 0, 0, 0, 0
5, 0.00000, 5.40372, 1, 0.919791, 0, -1.5478, 0.919791, 0.04841, 0, 0, 0.04841, -0.429941, 1, 1, 9999, 9999, 9999, 9999, 9999, 9999, 9999, 9999, 0.919772, 9999, 2.3335, 0, 0, 0, 0, 0, 8000, 0, 0, 0, 0
6, 0.00000, 4.43552, -1, 0, 0.0000960186, -1.54784, -0.0000960186, 4.80093E-6, 0, 0, 4.80093E-6, -0.968201, 1, 1, 9999, 9999, 9999, 9999, 9999, 9999, 9999, 9999, -9.66232E-19, 9999, 2.3335, 0, 0, 0, 0, 0, 8000, 0, 0, 0, 0
7, 0.00000, 4.43561, 0, 0, 0.0000329045, -1.54779, -0.0000329045, 0.0000329045, 0, 0.0000329045, 0, 0.0000912176, 1, 1, 9999, 9999, 9999, 9999, 9999, 9999, 9999, 9999, 0, 9999, 2.3335, 0, 0, 0, 0, 0, 8000, 0, 0, 0, 0
