hour,t(sec),kWh,State,kWOut,kWIn,kvarOut,DCkW,kWTotalLosses,kWInvLosses,kWIdlingLosses,kWChDchLosses,"kWh Chng",InvEff,InverterON,Vref,"Vavg (DRC)","VV Oper","VW Oper","DRC Oper","VV_DRC Oper","WP Oper","WV Oper",kWDesired,"kW VW Limit","Limit kWOut Function","kVA Exceeded","Grid voltage",di/dt,it,"it History","Rated VDC","Avg duty cycle","Target (Amps)","Series L","Max. Amps (phase)"
1, 0.00000, 11.6637, -1, 0, 0.804185, -3.09478, -0.804185, 0.0402093, 0, 0, 0.0402093, -6.99825, 1, 1, 9999, 9999, 9999, 9999, 9999, 9999, 9999, 9999, -0.804332, 9999, 4.6655, 0, 0, 0, 0, 0, 8000, 0, 0, 0, 0
2, 0.00000, 12.4277, 1, 0.000100627, 0, -2.32796, 0.000100627, 5.29615E-6, 0, 0, 5.29615E-6, 0.763976, 1, 1, 9999, 9999, 9999, 9999, 9999, 9999, 9999, 9999, 1.21597E-18, 9999, 4.6655, 0, 0, 0, 0, 0, 8000, 0, 0, 0, 0
3, 0.00000, 12.4276, 1, 0.000031912, 0, 1.84579, 0.000031912, 1.67958E-6, 0, 0, 1.67958E-6, -0.000105923, 1, 1, 9999, 9999, 9999, 9999, 9999, 9999, 9999, 9999, 6.70432E-18, 9999, 4.6655, 0, 0, 0, 0, 0, 8000, 0, 0, 0, 0
4, 0.00000, 12.4276, 1, 0.92765, 0, 2.83577, 0.92765, 0.0488237, 0, 0, 0.0488237, -0.0000335916, 1, 1, 9999, 9999, 9999, 9999, 9999, 9999, 9999, 9999, 0.927595, 9999, 4.6655, 0, 0, 0, 0, 0, 8000, 0, 0, 0, 0
5, 0.00000, 11.4511, 1, 1.34943, 0, 3.09462, 1.34943, 0.0710225, 0, 0, 0.0710225, -0.976474, 1, 1, 9999, 9999, 9999, 9999, 9999, 9999, 9999, 9999, 1.34936, 9999, 4.6655, 0, 0, 0, 0, 0, 8000, 0, 0, 0, 0
6, 0.00000, 10.0307, 1, 1.63985, 0, 3.09474, 1.63985, 0.0863078, 0, 0, 0.0863078, -1.42045, 1, 1, 9999, 9999, 9999, 9999, 9999, 9999, 9999, 9999, 1.63988, 9999, 4.6655, 0, 0, 0, 0, 0, 8000, 0, 0, 0, 0
7, 0.00000, 8.30451, 1, 0.462057, 0, 3.01599, 0.462057, 0.0243188, 0, 0, 0.0243188, -1.72616, 1, 1, 9999, 9999, 9999, 9999, 9999, 9999, 9999, 9999, 0.462183, 9999, 4.6655, 0, 0, 0, 0, 0, 8000, 0, 0, 0, 0
8, 0.00000, 7.81813, 1, 0.593507, 0, 3.05165, 0.593507, 0.0312372, 0, 0, 0.0312372, -0.486376, 1, 1, 9999, 9999, 9999, 9999, 9999, 9999, 9999, 9999, 0.593312, 9999, 4.6655, 0, 0, 0, 0, 0, 8000, 0, 0, 0, 0
9, 0.00000, 7.19339, 1, 1.5155, 0, 3.09475, 1.5155, 0.079763, 0, 0, 0.079763, -0.624744, 1, 1, 9999, 9999, 9999, 9999, 9999, 9999, 9999, 9999, 1.51554, 9999, 4.6655, 0, 0, 0, 0, 0, 8000, 0, 0, 0, 0
