hour,t(sec),kWh,State,kWOut,kWIn,kvarOut,DCkW,kWTotalLosses,kWInvLosses,kWIdlingLosses,kWChDchLosses,"kWh Chng",InvEff,InverterON,Vref,"Vavg (DRC)","VV Oper","VW Oper","DRC Oper","VV_DRC Oper","WP Oper","WV Oper",kWDesired,"kW VW Limit","Limit kWOut Function","kVA Exceeded","Grid voltage",di/dt,it,"it History","Rated VDC","Avg duty cycle","Target (Amps)","Series L","Max. Amps (phase)"
1, 0.00000, 11.6637, 1, 0.0000152748, 0, 3.09468, 0.0000152748, 8.03935E-7, 0, 0, 8.03935E-7, -6.99825, 1, 1, 9999, 9999, 9999, 9999, 9999, 9999, 9999, 9999, 5.53935E-19, 9999, 4.6655, 0, 0, 0, 0, 0, 8000, 0, 0, 0, 0
2, 0.00000, 11.6637, 1, 0.0722947, 0, 3.09468, 0.0722947, 0.00380498, 0, 0, 0.00380498, -0.0000160787, 1, 1, 9999, 9999, 9999, 9999, 9999, 9999, 9999, 9999, 0.0722499, 9999, 4.6655, 0, 0, 0, 0, 0, 8000, 0, 0, 0, 0
3, 0.00000, 11.5876, 1, 2.36641, 0, 3.09464, 2.36641, 0.124548, 0, 0, 0.124548, -0.0760997, 1, 1, 9999, 9999, 9999, 9999, 9999, 9999, 9999, 9999, 2.36639, 9999, 4.6655, 0, 0, 0, 0, 0, 8000, 0, 0, 0, 0
4, 0.00000, 9.09668, 1, 3.32323, 0, 3.09472, 3.32323, 0.174907, 0, 0, 0.174907, -2.49095, 1, 1, 9999, 9999, 9999, 9999, 9999, 9999, 9999, 9999, 3.32324, 9999, 4.6655, 0, 0, 0, 0, 0, 8000, 0, 0, 0, 0
5, 0.00000, 5.5986, 0, 0, 0.0000635908, 3.09473, -0.0000635908, 0.0000635908, 0, 0.0000635908, 0, -3.49808, 1, 1, 9999, 9999, 9999, 9999, 9999, 9999, 9999, 9999, 8.42216E-18, 9999, 4.6655, 0, 0, 0, 0, 0, 8000, 0, 0, 0, 0
