hour,t(sec),kWh,State,kWOut,kWIn,kvarOut,DCkW,kWTotalLosses,kWInvLosses,kWIdlingLosses,kWChDchLosses,"kWh Chng",InvEff,InverterON,Vref,"Vavg (DRC)","VV Oper","VW Oper","DRC Oper","VV_DRC Oper","WP Oper","WV Oper",kWDesired,"kW VW Limit","Limit kWOut Function","kVA Exceeded","Grid voltage",di/dt,it,"it History","Rated VDC","Avg duty cycle","Target (Amps)","Series L","Max. Amps (phase)"
1, 0.00000, 5.83362, -1, 0, 0.0000181026, 1.54781, -0.0000181026, 9.05128E-7, 0, 0, 9.05128E-7, -3.50017, 1, 1, 9999, 9999, 9999, 9999, 9999, 9999, 9999, 9999, -2.51691E-18, 9999, 2.3335, 0, 0, 0, 0, 0, 8000, 0, 0, 0, 0
2, 0.00000, 5.83364, 1, 0.0000488931, 0, 1.54776, 0.0000488931, 2.57332E-6, 0, 0, 2.57332E-6, 0.0000171974, 1, 1, 9999, 9999, 9999, 9999, 9999, 9999, 9999, 9999, 1.57521E-18, 9999, 2.3335, 0, 0, 0, 0, 0, 8000, 0, 0, 0, 0
3, 0.00000, 5.83359, 1, 0.853395, 0, 1.54778, 0.853395, 0.0449155, 0, 0, 0.0449155, -0.0000514664, 1, 1, 9999, 9999, 9999, 9999, 9999, 9999, 9999, 9999, 0.853384, 9999, 2.3335, 0, 0, 0, 0, 0, 8000, 0, 0, 0, 0
4, 0.00000, 4.93528, 1, 1.96201, 0, 1.54782, 1.96201, 0.103264, 0, 0, 0.103264, -0.89831, 1, 1, 9999, 9999, 9999, 9999, 9999, 9999, 9999, 9999, 1.96201, 9999, 2.3335, 0, 0, 0, 0, 0, 8000, 0, 0, 0, 0
5, 0.00000, 2.87001, -1, 0, 0.0000229005, 1.54782, -0.0000229005, 1.14502E-6, 0, 0, 1.14502E-6, -2.06527, 1, 1, 9999, 9999, 9999, 9999, 9999, 9999, 9999, 9999, -3.47551E-18, 9999, 2.3335, 0, 0, 0, 0, 0, 8000, 0, 0, 0, 0
6, 0.00000, 2.87003, 1, 0.0665152, 0, 1.54778, 0.0665152, 0.0035008, 0, 0, 0.0035008, 0.0000217554, 1, 1, 9999, 9999, 9999, 9999, 9999, 9999, 9999, 9999, 0.0664931, 9999, 2.3335, 0, 0, 0, 0, 0, 8000, 0, 0, 0, 0
