hour,t(sec),kWh,State,kWOut,kWIn,kvarOut,DCkW,kWTotalLosses,kWInvLosses,kWIdlingLosses,kWChDchLosses,"kWh Chng",InvEff,InverterON,Vref,"Vavg (DRC)","VV Oper","VW Oper","DRC Oper","VV_DRC Oper","WP Oper","WV Oper",kWDesired,"kW VW Limit","Limit kWOut Function","kVA Exceeded","Grid voltage",di/dt,it,"it History","Rated VDC","Avg duty cycle","Target (Amps)","Series L","Max. Amps (phase)"
1, 0.00000, 5.83362, 1, 0.0000745844, 0, -1.54777, 0.0000745844, 3.92549E-6, 0, 0, 3.92549E-6, -3.50017, 1, 1, 9999, 9999, 9999, 9999, 9999, 9999, 9999, 9999, 3.37167E-20, 9999, 2.3335, 0, 0, 0, 0, 0, 8000, 0, 0, 0, 0
2, 0.00000, 5.83355, -1, 0, 0.0000792229, -1.54782, -0.0000792229, 3.96114E-6, 0, 0, 3.96114E-6, -0.0000785099, 1, 1, 9999, 9999, 9999, 9999, 9999, 9999, 9999, 9999, -1.33353E-18, 9999, 2.3335, 0, 0, 0, 0, 0, 8000, 0, 0, 0, 0
3, 0.00000, 5.83362, 1, 0.40795, 0, -1.54779, 0.40795, 0.021471, 0, 0, 0.021471, 0.0000752617, 1, 1, 9999, 9999, 9999, 9999, 9999, 9999, 9999, 9999, 0.408082, 9999, 2.3335, 0, 0, 0, 0, 0, 8000, 0, 0, 0, 0
4, 0.00000, 5.4042, 1, 0.919977, 0, -1.5478, 0.919977, 0.0484198, 0, 0, 0.0484198, -0.429421, 1, 1, 9999, 9999, 9999, 9999, 9999, 9999, 9999, 9999, 0.919959, 9999, 2.3335, 0, 0, 0, 0, 0, 8000, 0, 0, 0, 0
5, 0.00000, 4.4358, 1, 0.0000742981, 0, -1.54783, 0.0000742981, 3.91043E-6, 0, 0, 3.91043E-6, -0.968396, 1, 1, 9999, 9999, 9999, 9999, 9999, 9999, 9999, 9999, 3.43141E-20, 9999, 2.3335, 0, 0, 0, 0, 0, 8000, 0, 0, 0, 0
6, 0.00000, 4.43573, -1, 0, 0.0000191461, -1.5478, -0.0000191461, 9.57306E-7, 0, 0, 9.57306E-7, -0.0000782086, 1, 1, 9999, 9999, 9999, 9999, 9999, 9999, 9999, 9999, -9.40424E-35, 9999, 2.3335, 0, 0, 0, 0, 0, 8000, 0, 0, 0, 0
