hour,t(sec),kWh,State,kWOut,kWIn,kvarOut,DCkW,kWTotalLosses,kWInvLosses,kWIdlingLosses,kWChDchLosses,"kWh Chng",InvEff,InverterON,Vref,"Vavg (DRC)","VV Oper","VW Oper","DRC Oper","VV_DRC Oper","WP Oper","WV Oper",kWDesired,"kW VW Limit","Limit kWOut Function","kVA Exceeded","Grid voltage",di/dt,it,"it History","Rated VDC","Avg duty cycle","Target (Amps)","Series L","Max. Amps (phase)"
1, 0.00000, 11.6637, 1, 0.000175605, 0, -3.09467, 0.000175605, 9.24235E-6, 0, 0, 9.24235E-6, -6.99825, 1, 1, 9999, 9999, 9999, 9999, 9999, 9999, 9999, 9999, 7.38549E-20, 9999, 4.6655, 0, 0, 0, 0, 0, 8000, 0, 0, 0, 0
2, 0.00000, 11.6636, -1, 0, 0.000189151, -3.09471, -0.000189151, 9.45753E-6, 0, 0, 9.45753E-6, -0.000184847, 1, 1, 9999, 9999, 9999, 9999, 9999, 9999, 9999, 9999, -6.07448E-19, 9999, 4.6655, 0, 0, 0, 0, 0, 8000, 0, 0, 0, 0
3, 0.00000, 11.6637, 1, 0.8603, 0, -3.09473, 0.8603, 0.045279, 0, 0, 0.045279, 0.000179693, 1, 1, 9999, 9999, 9999, 9999, 9999, 9999, 9999, 9999, 0.860598, 9999, 4.6655, 0, 0, 0, 0, 0, 8000, 0, 0, 0, 0
4, 0.00000, 10.7582, 1, 1.60147, 0, -3.09469, 1.60147, 0.0842879, 0, 0, 0.0842879, -0.905579, 1, 1, 9999, 9999, 9999, 9999, 9999, 9999, 9999, 9999, 1.60143, 9999, 4.6655, 0, 0, 0, 0, 0, 8000, 0, 0, 0, 0
5, 0.00000, 9.07241, 0, 0, 0.000175744, -3.09473, -0.000175744, 0.000175744, 0, 0.000175744, 0, -1.68576, 1, 1, 9999, 9999, 9999, 9999, 9999, 9999, 9999, 9999, 0, 9999, 4.6655, 0, 0, 0, 0, 0, 8000, 0, 0, 0, 0
6, 0.00000, 9.07241, -1, 0, 0.0000467809, -3.0947, -0.0000467809, 2.33905E-6, 0, 0, 2.33905E-6, 0, 1, 1, 9999, 9999, 9999, 9999, 9999, 9999, 9999, 9999, -5.75443E-19, 9999, 4.6655, 0, 0, 0, 0, 0, 8000, 0, 0, 0, 0
