hour,t(sec),kWh,State,kWOut,kWIn,kvarOut,DCkW,kWTotalLosses,kWInvLosses,kWIdlingLosses,kWChDchLosses,"kWh Chng",InvEff,InverterON,Vref,"Vavg (DRC)","VV Oper","VW Oper","DRC Oper","VV_DRC Oper","WP Oper","WV Oper",kWDesired,"kW VW Limit","Limit kWOut Function","kVA Exceeded","Grid voltage",di/dt,it,"it History","Rated VDC","Avg duty cycle","Target (Amps)","Series L","Max. Amps (phase)"
1, 0.00000, 5.83362, -1, 0, 7.10207E-6, 1.5478, -7.10207E-6, 3.55104E-7, 0, 0, 3.55104E-7, -3.50017, 1, 1, 9999, 9999, 9999, 9999, 9999, 9999, 9999, 9999, -4.6908E-19, 9999, 2.3335, 0, 0, 0, 0, 0, 8000, 0, 0, 0, 0
2, 0.00000, 5.83363, -1, 0, 0.0000357648, 1.54781, -0.0000357648, 1.78824E-6, 0, 0, 1.78824E-6, 6.74697E-6, 1, 1, 9999, 9999, 9999, 9999, 9999, 9999, 9999, 9999, -1.17496E-18, 9999, 2.3335, 0, 0, 0, 0, 0, 8000, 0, 0, 0, 0
3, 0.00000, 5.83367, -1, 0, 0.0000816878, 1.54777, -0.0000816878, 4.08439E-6, 0, 0, 4.08439E-6, 0.0000339765, 1, 1, 9999, 9999, 9999, 9999, 9999, 9999, 9999, 9999, -6.53147E-19, 9999, 2.3335, 0, 0, 0, 0, 0, 8000, 0, 0, 0, 0
4, 0.00000, 5.83374, 1, 0.679735, 0, 1.54779, 0.679735, 0.0357755, 0, 0, 0.0357755, 0.0000776034, 1, 1, 9999, 9999, 9999, 9999, 9999, 9999, 9999, 9999, 0.679725, 9999, 2.3335, 0, 0, 0, 0, 0, 8000, 0, 0, 0, 0
5, 0.00000, 5.11823, 1, 1.33013, 0, 1.54782, 1.33013, 0.0700071, 0, 0, 0.0700071, -0.71551, 1, 1, 9999, 9999, 9999, 9999, 9999, 9999, 9999, 9999, 1.33014, 9999, 2.3335, 0, 0, 0, 0, 0, 8000, 0, 0, 0, 0
6, 0.00000, 3.71809, 1, 8.48406E-6, 0, 1.54781, 8.48406E-6, 4.4653E-7, 0, 0, 4.4653E-7, -1.40014, 1, 1, 9999, 9999, 9999, 9999, 9999, 9999, 9999, 9999, 7.71782E-19, 9999, 2.3335, 0, 0, 0, 0, 0, 8000, 0, 0, 0, 0
7, 0.00000, 3.71808, -1, 0, 5.77443E-6, 1.5478, -5.77443E-6, 2.88722E-7, 0, 0, 2.88722E-7, -8.93059E-6, 1, 1, 9999, 9999, 9999, 9999, 9999, 9999, 9999, 9999, -1.06205E-19, 9999, 2.3335, 0, 0, 0, 0, 0, 8000, 0, 0, 0, 0
8, 0.00000, 3.71809, 1, 0.872015, 0, 1.54778, 0.872015, 0.0458955, 0, 0, 0.0458955, 5.48571E-6, 1, 1, 9999, 9999, 9999, 9999, 9999, 9999, 9999, 9999, 0.872006, 9999, 2.3335, 0, 0, 0, 0, 0, 8000, 0, 0, 0, 0
