hour,t(sec),kWh,State,kWOut,kWIn,kvarOut,DCkW,kWTotalLosses,kWInvLosses,kWIdlingLosses,kWChDchLosses,"kWh Chng",InvEff,InverterON,Vref,"Vavg (DRC)","VV Oper","VW Oper","DRC Oper","VV_DRC Oper","WP Oper","WV Oper",kWDesired,"kW VW Limit","Limit kWOut Function","kVA Exceeded","Grid voltage",di/dt,it,"it History","Rated VDC","Avg duty cycle","Target (Amps)","Series L","Max. Amps (phase)"
1, 0.00000, 11.6637, 1, 0.0000340268, 0, 3.09472, 0.0000340268, 1.79088E-6, 0, 0, 1.79088E-6, -6.99825, 1, 1, 9999, 9999, 9999, 9999, 9999, 9999, 9999, 9999, 1.22894E-20, 9999, 4.6655, 0, 0, 0, 0, 0, 8000, 0, 0, 0, 0
2, 0.00000, 11.6637, 1, 0.470506, 0, 3.09462, 0.470506, 0.0247634, 0, 0, 0.0247634, -0.0000358177, 1, 1, 9999, 9999, 9999, 9999, 9999, 9999, 9999, 9999, 0.470422, 9999, 4.6655, 0, 0, 0, 0, 0, 8000, 0, 0, 0, 0
3, 0.00000, 11.1684, 1, 1.66766, 0, 3.09466, 1.66766, 0.0877715, 0, 0, 0.0877715, -0.495269, 1, 1, 9999, 9999, 9999, 9999, 9999, 9999, 9999, 9999, 1.66764, 9999, 4.6655, 0, 0, 0, 0, 0, 8000, 0, 0, 0, 0
4, 0.00000, 9.41302, 1, 2.52753, 0, 3.09473, 2.52753, 0.133028, 0, 0, 0.133028, -1.75543, 1, 1, 9999, 9999, 9999, 9999, 9999, 9999, 9999, 9999, 2.52753, 9999, 4.6655, 0, 0, 0, 0, 0, 8000, 0, 0, 0, 0
5, 0.00000, 6.75246, 1, 0.406299, 0, 3.09474, 0.406299, 0.0213841, 0, 0, 0.0213841, -2.66056, 1, 1, 9999, 9999, 9999, 9999, 9999, 9999, 9999, 9999, 0.406337, 9999, 4.6655, 0, 0, 0, 0, 0, 8000, 0, 0, 0, 0
6, 0.00000, 6.32478, 1, 0.690017, 0, 3.09466, 0.690017, 0.0363167, 0, 0, 0.0363167, -0.427683, 1, 1, 9999, 9999, 9999, 9999, 9999, 9999, 9999, 9999, 0.689981, 9999, 4.6655, 0, 0, 0, 0, 0, 8000, 0, 0, 0, 0
