hour,t(sec),kWh,State,kWOut,kWIn,kvarOut,DCkW,kWTotalLosses,kWInvLosses,kWIdlingLosses,kWChDchLosses,"kWh Chng",InvEff,InverterON,Vref,"Vavg (DRC)","VV Oper","VW Oper","DRC Oper","VV_DRC Oper","WP Oper","WV Oper",kWDesired,"kW VW Limit","Limit kWOut Function","kVA Exceeded","Grid voltage",di/dt,it,"it History","Rated VDC","Avg duty cycle","Target (Amps)","Series L","Max. Amps (phase)"
1, 0.00000, 5.83362, -1, 0, 4.2802E-6, 1.5478, -4.2802E-6, 2.1401E-7, 0, 0, 2.1401E-7, -3.50017, 1, 1, 9999, 9999, 9999, 9999, 9999, 9999, 9999, 9999, -7.13794E-20, 9999, 2.3335, 0, 0, 0, 0, 0, 8000, 0, 0, 0, 0
2, 0.00000, 5.83363, 1, 0.0000118567, 0, 1.5478, 0.0000118567, 6.24035E-7, 0, 0, 6.24035E-7, 4.06619E-6, 1, 1, 9999, 9999, 9999, 9999, 9999, 9999, 9999, 9999, 8.58401E-19, 9999, 2.3335, 0, 0, 0, 0, 0, 8000, 0, 0, 0, 0
3, 0.00000, 5.83362, 1, 0.291195, 0, 1.54778, 0.291195, 0.015326, 0, 0, 0.015326, -0.0000124807, 1, 1, 9999, 9999, 9999, 9999, 9999, 9999, 9999, 9999, 0.291174, 9999, 2.3335, 0, 0, 0, 0, 0, 8000, 0, 0, 0, 0
4, 0.00000, 5.5271, 1, 0.931366, 0, 1.54777, 0.931366, 0.0490193, 0, 0, 0.0490193, -0.306521, 1, 1, 9999, 9999, 9999, 9999, 9999, 9999, 9999, 9999, 0.931347, 9999, 2.3335, 0, 0, 0, 0, 0, 8000, 0, 0, 0, 0
5, 0.00000, 4.54671, 1, 0.737295, 0, 1.5478, 0.737295, 0.038805, 0, 0, 0.038805, -0.980385, 1, 1, 9999, 9999, 9999, 9999, 9999, 9999, 9999, 9999, 0.737293, 9999, 2.3335, 0, 0, 0, 0, 0, 8000, 0, 0, 0, 0
6, 0.00000, 3.77061, 0, 0, 0.0000430736, 1.54783, -0.0000430736, 0.0000430736, 0, 0.0000430736, 0, -0.7761, 1, 1, 9999, 9999, 9999, 9999, 9999, 9999, 9999, 9999, 0, 9999, 2.3335, 0, 0, 0, 0, 0, 8000, 0, 0, 0, 0
7, 0.00000, 3.77061, -1, 0, 2.42607E-6, 1.5478, -2.42607E-6, 1.21303E-7, 0, 0, 1.21303E-7, 0, 1, 1, 9999, 9999, 9999, 9999, 9999, 9999, 9999, 9999, -8.09561E-20, 9999, 2.3335, 0, 0, 0, 0, 0, 8000, 0, 0, 0, 0
8, 0.00000, 3.77061, 1, 0.922086, 0, 1.54775, 0.922086, 0.0485308, 0, 0, 0.0485308, 2.30476E-6, 1, 1, 9999, 9999, 9999, 9999, 9999, 9999, 9999, 9999, 0.922059, 9999, 2.3335, 0, 0, 0, 0, 0, 8000, 0, 0, 0, 0
