hour,t(sec),kWh,State,kWOut,kWIn,kvarOut,DCkW,kWTotalLosses,kWInvLosses,kWIdlingLosses,kWChDchLosses,"kWh Chng",InvEff,InverterON,Vref,"Vavg (DRC)","VV Oper","VW Oper","DRC Oper","VV_DRC Oper","WP Oper","WV Oper",kWDesired,"kW VW Limit","Limit kWOut Function","kVA Exceeded","Grid voltage",di/dt,it,"it History","Rated VDC","Avg duty cycle","Target (Amps)","Series L","Max. Amps (phase)"
1, 0.00000, 11.6637, 1, 0.0000203378, 0, -3.0947, 0.0000203378, 1.07041E-6, 0, 0, 1.07041E-6, -6.99825, 1, 1, 9999, 9999, 9999, 9999, 9999, 9999, 9999, 9999, 2.69969E-19, 9999, 4.6655, 0, 0, 0, 0, 0, 8000, 0, 0, 0, 0
2, 0.00000, 11.6637, -1, 0, 0.0000731086, -2.14341, -0.0000731086, 3.65543E-6, 0, 0, 3.65543E-6, -0.0000214082, 1, 1, 9999, 9999, 9999, 9999, 9999, 9999, 9999, 9999, -5.99237E-20, 9999, 4.6655, 0, 0, 0, 0, 0, 8000, 0, 0, 0, 0
3, 0.00000, 11.6638, 1, 0.000141171, 0, 1.85305, 0.000141171, 7.43004E-6, 0, 0, 7.43004E-6, 0.0000694531, 1, 1, 9999, 9999, 9999, 9999, 9999, 9999, 9999, 9999, 2.02254E-18, 9999, 4.6655, 0, 0, 0, 0, 0, 8000, 0, 0, 0, 0
4, 0.00000, 11.6636, 1, 0.982723, 0, 3.09468, 0.982723, 0.0517223, 0, 0, 0.0517223, -0.000148601, 1, 1, 9999, 9999, 9999, 9999, 9999, 9999, 9999, 9999, 0.982694, 9999, 4.6655, 0, 0, 0, 0, 0, 8000, 0, 0, 0, 0
5, 0.00000, 10.6292, 1, 3.19963, 0, 3.09475, 3.19963, 0.168401, 0, 0, 0.168401, -1.03445, 1, 1, 9999, 9999, 9999, 9999, 9999, 9999, 9999, 9999, 3.19965, 9999, 4.6655, 0, 0, 0, 0, 0, 8000, 0, 0, 0, 0
6, 0.00000, 7.26118, 1, 0.00001874, 0, 2.56391, 0.00001874, 9.86317E-7, 0, 0, 9.86317E-7, -3.36803, 1, 1, 9999, 9999, 9999, 9999, 9999, 9999, 9999, 9999, 1.20668E-18, 9999, 4.6655, 0, 0, 0, 0, 0, 8000, 0, 0, 0, 0
7, 0.00000, 7.26116, 1, 0.00001434, 0, 2.70721, 0.00001434, 7.54738E-7, 0, 0, 7.54738E-7, -0.0000197263, 1, 1, 9999, 9999, 9999, 9999, 9999, 9999, 9999, 9999, 1.10213E-18, 9999, 4.6655, 0, 0, 0, 0, 0, 8000, 0, 0, 0, 0
8, 0.00000, 7.26114, 1, 1.57958, 0, 3.09466, 1.57958, 0.0831359, 0, 0, 0.0831359, -0.0000150948, 1, 1, 9999, 9999, 9999, 9999, 9999, 9999, 9999, 9999, 1.57955, 9999, 4.6655, 0, 0, 0, 0, 0, 8000, 0, 0, 0, 0
