hour,t(sec),kWh,State,kWOut,kWIn,kvarOut,DCkW,kWTotalLosses,kWInvLosses,kWIdlingLosses,kWChDchLosses,"kWh Chng",InvEff,InverterON,Vref,"Vavg (DRC)","VV Oper","VW Oper","DRC Oper","VV_DRC Oper","WP Oper","WV Oper",kWDesired,"kW VW Limit","Limit kWOut Function","kVA Exceeded","Grid voltage",di/dt,it,"it History","Rated VDC","Avg duty cycle","Target (Amps)","Series L","Max. Amps (phase)"
1, 0.00000, 11.6637, 1, 3.81347E-6, 0, 3.09471, 3.81347E-6, 2.00709E-7, 0, 0, 2.00709E-7, -6.99825, 1, 1, 9999, 9999, 9999, 9999, 9999, 9999, 9999, 9999, 1.32594E-18, 9999, 4.6655, 0, 0, 0, 0, 0, 8000, 0, 0, 0, 0
2, 0.00000, 11.6637, 1, 0.0000251059, 0, 3.09471, 0.0000251059, 1.32136E-6, 0, 0, 1.32136E-6, -4.01418E-6, 1, 1, 9999, 9999, 9999, 9999, 9999, 9999, 9999, 9999, 8.77487E-19, 9999, 4.6655, 0, 0, 0, 0, 0, 8000, 0, 0, 0, 0
3, 0.00000, 11.6637, 1, 1.12892, 0, 3.09464, 1.12892, 0.0594167, 0, 0, 0.0594167, -0.0000264273, 1, 1, 9999, 9999, 9999, 9999, 9999, 9999, 9999, 9999, 1.12886, 9999, 4.6655, 0, 0, 0, 0, 0, 8000, 0, 0, 0, 0
4, 0.00000, 10.4754, 1, 1.51053, 0, 3.09465, 1.51053, 0.0795016, 0, 0, 0.0795016, -1.18833, 1, 1, 9999, 9999, 9999, 9999, 9999, 9999, 9999, 9999, 1.5105, 9999, 4.6655, 0, 0, 0, 0, 0, 8000, 0, 0, 0, 0
5, 0.00000, 8.88535, 1, 1.65727, 0, 3.09472, 1.65727, 0.0872247, 0, 0, 0.0872247, -1.59003, 1, 1, 9999, 9999, 9999, 9999, 9999, 9999, 9999, 9999, 1.65728, 9999, 4.6655, 0, 0, 0, 0, 0, 8000, 0, 0, 0, 0
6, 0.00000, 7.14086, 1, 0.649919, 0, 3.09473, 0.649919, 0.0342063, 0, 0, 0.0342063, -1.74449, 1, 1, 9999, 9999, 9999, 9999, 9999, 9999, 9999, 9999, 0.649951, 9999, 4.6655, 0, 0, 0, 0, 0, 8000, 0, 0, 0, 0
7, 0.00000, 6.45674, 1, 0.81528, 0, 3.09467, 0.81528, 0.0429095, 0, 0, 0.0429095, -0.684125, 1, 1, 9999, 9999, 9999, 9999, 9999, 9999, 9999, 9999, 0.815249, 9999, 4.6655, 0, 0, 0, 0, 0, 8000, 0, 0, 0, 0
