hour,t(sec),kWh,State,kWOut,kWIn,kvarOut,DCkW,kWTotalLosses,kWInvLosses,kWIdlingLosses,kWChDchLosses,"kWh Chng",InvEff,InverterON,Vref,"Vavg (DRC)","VV Oper","VW Oper","DRC Oper","VV_DRC Oper","WP Oper","WV Oper",kWDesired,"kW VW Limit","Limit kWOut Function","kVA Exceeded","Grid voltage",di/dt,it,"it History","Rated VDC","Avg duty cycle","Target (Amps)","Series L","Max. Amps (phase)"
1, 0.00000, 5.83362, 0, 0, 0.0000354575, 1.54778, -0.0000354575, 0.0000354575, 0, 0.0000354575, 0, -3.50017, 1, 1, 9999, 9999, 9999, 9999, 9999, 9999, 9999, 9999, 0, 9999, 2.3335, 0, 0, 0, 0, 0, 8000, 0, 0, 0, 0
2, 0.00000, 5.83362, -1, 0, 0.0000414447, 1.54783, -0.0000414447, 2.07223E-6, 0, 0, 2.07223E-6, 0, 1, 1, 9999, 9999, 9999, 9999, 9999, 9999, 9999, 9999, -3.49068E-20, 9999, 2.3335, 0, 0, 0, 0, 0, 8000, 0, 0, 0, 0
3, 0.00000, 5.83366, 1, 0.532272, 0, 1.54772, 0.532272, 0.0280143, 0, 0, 0.0280143, 0.0000393724, 1, 1, 9999, 9999, 9999, 9999, 9999, 9999, 9999, 9999, 0.532225, 9999, 2.3335, 0, 0, 0, 0, 0, 8000, 0, 0, 0, 0
4, 0.00000, 5.27338, 1, 1.51285, 0, 1.54781, 1.51285, 0.0796239, 0, 0, 0.0796239, -0.560286, 1, 1, 9999, 9999, 9999, 9999, 9999, 9999, 9999, 9999, 1.51285, 9999, 2.3335, 0, 0, 0, 0, 0, 8000, 0, 0, 0, 0
5, 0.00000, 3.6809, 1, 0.0000400527, 0, 1.54783, 0.0000400527, 2.10803E-6, 0, 0, 2.10803E-6, -1.59248, 1, 1, 9999, 9999, 9999, 9999, 9999, 9999, 9999, 9999, 1.28555E-19, 9999, 2.3335, 0, 0, 0, 0, 0, 8000, 0, 0, 0, 0
6, 0.00000, 3.68086, 0, 0, 9.16753E-6, 1.5478, -9.16753E-6, 9.16753E-6, 0, 9.16753E-6, 0, -0.0000421607, 1, 1, 9999, 9999, 9999, 9999, 9999, 9999, 9999, 9999, 0, 9999, 2.3335, 0, 0, 0, 0, 0, 8000, 0, 0, 0, 0
