hour,t(sec),kWh,State,kWOut,kWIn,kvarOut,DCkW,kWTotalLosses,kWInvLosses,kWIdlingLosses,kWChDchLosses,"kWh Chng",InvEff,InverterON,Vref,"Vavg (DRC)","VV Oper","VW Oper","DRC Oper","VV_DRC Oper","WP Oper","WV Oper",kWDesired,"kW VW Limit","Limit kWOut Function","kVA Exceeded","Grid voltage",di/dt,it,"it History","Rated VDC","Avg duty cycle","Target (Amps)","Series L","Max. Amps (phase)"
1, 0.00000, 11.6637, -1, 0, 0.0000946793, -3.09471, -0.0000946793, 4.73397E-6, 0, 0, 4.73397E-6, -6.99825, 1, 1, 9999, 9999, 9999, 9999, 9999, 9999, 9999, 9999, -1.24662E-18, 9999, 4.6655, 0, 0, 0, 0, 0, 8000, 0, 0, 0, 0
2, 0.00000, 11.6638, 1, 1.02426, 0, -3.09473, 1.02426, 0.0539084, 0, 0, 0.0539084, 0.0000899453, 1, 1, 9999, 9999, 9999, 9999, 9999, 9999, 9999, 9999, 1.0245, 9999, 4.6655, 0, 0, 0, 0, 0, 8000, 0, 0, 0, 0
3, 0.00000, 10.5857, 1, 1.51956, 0, -3.09472, 1.51956, 0.0799766, 0, 0, 0.0799766, -1.07817, 1, 1, 9999, 9999, 9999, 9999, 9999, 9999, 9999, 9999, 1.51965, 9999, 4.6655, 0, 0, 0, 0, 0, 8000, 0, 0, 0, 0
4, 0.00000, 8.98614, 1, 1.86532, 0, -3.09469, 1.86532, 0.0981745, 0, 0, 0.0981745, -1.59953, 1, 1, 9999, 9999, 9999, 9999, 9999, 9999, 9999, 9999, 1.86527, 9999, 4.6655, 0, 0, 0, 0, 0, 8000, 0, 0, 0, 0
5, 0.00000, 7.02265, 1, 0.594256, 0, -3.0947, 0.594256, 0.0312766, 0, 0, 0.0312766, -1.96349, 1, 1, 9999, 9999, 9999, 9999, 9999, 9999, 9999, 9999, 0.594151, 9999, 4.6655, 0, 0, 0, 0, 0, 8000, 0, 0, 0, 0
6, 0.00000, 6.39712, 1, 0.758177, 0, -3.0947, 0.758177, 0.0399041, 0, 0, 0.0399041, -0.625532, 1, 1, 9999, 9999, 9999, 9999, 9999, 9999, 9999, 9999, 0.758284, 9999, 4.6655, 0, 0, 0, 0, 0, 8000, 0, 0, 0, 0
