hour,t(sec),kWh,State,kWOut,kWIn,kvarOut,DCkW,kWTotalLosses,kWInvLosses,kWIdlingLosses,kWChDchLosses,"kWh Chng",InvEff,InverterON,Vref,"Vavg (DRC)","VV Oper","VW Oper","DRC Oper","VV_DRC Oper","WP Oper","WV Oper",kWDesired,"kW VW Limit","Limit kWOut Function","kVA Exceeded","Grid voltage",di/dt,it,"it History","Rated VDC","Avg duty cycle","Target (Amps)","Series L","Max. Amps (phase)"
1, 0.00000, 11.6637, -1, 0, 0.000012933, -3.0947, -0.000012933, 6.46648E-7, 0, 0, 6.46648E-7, -6.99825, 1, 1, 9999, 9999, 9999, 9999, 9999, 9999, 9999, 9999, -1.34544E-18, 9999, 4.6655, 0, 0, 0, 0, 0, 8000, 0, 0, 0, 0
2, 0.00000, 11.6638, 1, 0.000033819, 0, -3.09471, 0.000033819, 1.77995E-6, 0, 0, 1.77995E-6, 0.0000122863, 1, 1, 9999, 9999, 9999, 9999, 9999, 9999, 9999, 9999, 5.22303E-18, 9999, 4.6655, 0, 0, 0, 0, 0, 8000, 0, 0, 0, 0
3, 0.00000, 11.6637, 1, 0.0000607116, 0, -3.09466, 0.0000607116, 3.19535E-6, 0, 0, 3.19535E-6, -0.0000355989, 1, 1, 9999, 9999, 9999, 9999, 9999, 9999, 9999, 9999, 1.98638E-19, 9999, 4.6655, 0, 0, 0, 0, 0, 8000, 0, 0, 0, 0
4, 0.00000, 11.6637, 1, 0.121466, 0, -3.09467, 0.121466, 0.00639294, 0, 0, 0.00639294, -0.0000639069, 1, 1, 9999, 9999, 9999, 9999, 9999, 9999, 9999, 9999, 0.121541, 9999, 4.6655, 0, 0, 0, 0, 0, 8000, 0, 0, 0, 0
5, 0.00000, 11.5358, 1, 1.22076, 0, -3.0947, 1.22076, 0.0642507, 0, 0, 0.0642507, -0.127859, 1, 1, 9999, 9999, 9999, 9999, 9999, 9999, 9999, 9999, 1.22077, 9999, 4.6655, 0, 0, 0, 0, 0, 8000, 0, 0, 0, 0
6, 0.00000, 10.2508, -1, 0, 0.000105934, -3.09476, -0.000105934, 5.29668E-6, 0, 0, 5.29668E-6, -1.28501, 1, 1, 9999, 9999, 9999, 9999, 9999, 9999, 9999, 9999, -2.81162E-18, 9999, 4.6655, 0, 0, 0, 0, 0, 8000, 0, 0, 0, 0
7, 0.00000, 10.2509, -1, 0, 6.89714E-6, -3.0947, -6.89714E-6, 3.44857E-7, 0, 0, 3.44857E-7, 0.000100637, 1, 1, 9999, 9999, 9999, 9999, 9999, 9999, 9999, 9999, -5.22069E-19, 9999, 4.6655, 0, 0, 0, 0, 0, 8000, 0, 0, 0, 0
8, 0.00000, 10.2509, 1, 0.393012, 0, -3.09465, 0.393012, 0.0206848, 0, 0, 0.0206848, 6.55229E-6, 1, 1, 9999, 9999, 9999, 9999, 9999, 9999, 9999, 9999, 0.393129, 9999, 4.6655, 0, 0, 0, 0, 0, 8000, 0, 0, 0, 0
