hour,t(sec),kWh,State,kWOut,kWIn,kvarOut,DCkW,kWTotalLosses,kWInvLosses,kWIdlingLosses,kWChDchLosses,"kWh Chng",InvEff,InverterON,Vref,"Vavg (DRC)","VV Oper","VW Oper","DRC Oper","VV_DRC Oper","WP Oper","WV Oper",kWDesired,"kW VW Limit","Limit kWOut Function","kVA Exceeded","Grid voltage",di/dt,it,"it History","Rated VDC","Avg duty cycle","Target (Amps)","Series L","Max. Amps (phase)"
1, 0.00000, 11.6637, 1, 0.0000597844, 0, 3.09467, 0.0000597844, 3.14655E-6, 0, 0, 3.14655E-6, -6.99825, 1, 1, 9999, 9999, 9999, 9999, 9999, 9999, 9999, 9999, 1.50462E-33, 9999, 4.6655, 0, 0, 0, 0, 0, 8000, 0, 0, 0, 0
2, 0.00000, 11.6637, 1, 0.121523, 0, 3.09473, 0.121523, 0.00639596, 0, 0, 0.00639596, -0.0000629309, 1, 1, 9999, 9999, 9999, 9999, 9999, 9999, 9999, 9999, 0.121588, 9999, 4.6655, 0, 0, 0, 0, 0, 8000, 0, 0, 0, 0
3, 0.00000, 11.5358, 1, 2.3963, 0, 3.09456, 2.3963, 0.126121, 0, 0, 0.126121, -0.127919, 1, 1, 9999, 9999, 9999, 9999, 9999, 9999, 9999, 9999, 2.39625, 9999, 4.6655, 0, 0, 0, 0, 0, 8000, 0, 0, 0, 0
4, 0.00000, 9.01334, 1, 3.15266, 0, 3.09472, 3.15266, 0.16593, 0, 0, 0.16593, -2.52242, 1, 1, 9999, 9999, 9999, 9999, 9999, 9999, 9999, 9999, 3.15266, 9999, 4.6655, 0, 0, 0, 0, 0, 8000, 0, 0, 0, 0
5, 0.00000, 5.69475, 0, 0, 0.0000628905, 3.09474, -0.0000628905, 0.0000628905, 0, 0.0000628905, 0, -3.31859, 1, 1, 9999, 9999, 9999, 9999, 9999, 9999, 9999, 9999, 0, 9999, 4.6655, 0, 0, 0, 0, 0, 8000, 0, 0, 0, 0
6, 0.00000, 5.69475, 1, 0.0913636, 0, 3.09471, 0.0913636, 0.00480861, 0, 0, 0.00480861, 0, 1, 1, 9999, 9999, 9999, 9999, 9999, 9999, 9999, 9999, 0.0913785, 9999, 4.6655, 0, 0, 0, 0, 0, 8000, 0, 0, 0, 0
