hour,t(sec),kWh,State,kWOut,kWIn,kvarOut,DCkW,kWTotalLosses,kWInvLosses,kWIdlingLosses,kWChDchLosses,"kWh Chng",InvEff,InverterON,Vref,"Vavg (DRC)","VV Oper","VW Oper","DRC Oper","VV_DRC Oper","WP Oper","WV Oper",kWDesired,"kW VW Limit","Limit kWOut Function","kVA Exceeded","Grid voltage",di/dt,it,"it History","Rated VDC","Avg duty cycle","Target (Amps)","Series L","Max. Amps (phase)"
1, 0.00000, 5.83362, -1, 0, 4.44229E-6, 1.54781, -4.44229E-6, 2.22114E-7, 0, 0, 2.22114E-7, -3.50017, 1, 1, 9999, 9999, 9999, 9999, 9999, 9999, 9999, 9999, -1.65655E-18, 9999, 2.3335, 0, 0, 0, 0, 0, 8000, 0, 0, 0, 0
2, 0.00000, 5.83363, -1, 0, 0.0000137655, 1.5478, -0.0000137655, 6.88275E-7, 0, 0, 6.88275E-7, 4.22018E-6, 1, 1, 9999, 9999, 9999, 9999, 9999, 9999, 9999, 9999, -2.81793E-18, 9999, 2.3335, 0, 0, 0, 0, 0, 8000, 0, 0, 0, 0
3, 0.00000, 5.83364, -1, 0, 0.0000395408, 1.54777, -0.0000395408, 1.97704E-6, 0, 0, 1.97704E-6, 0.0000130772, 1, 1, 9999, 9999, 9999, 9999, 9999, 9999, 9999, 9999, -1.54086E-18, 9999, 2.3335, 0, 0, 0, 0, 0, 8000, 0, 0, 0, 0
4, 0.00000, 5.83368, 1, 0.861706, 0, 1.54777, 0.861706, 0.0453529, 0, 0, 0.0453529, 0.0000375638, 1, 1, 9999, 9999, 9999, 9999, 9999, 9999, 9999, 9999, 0.861692, 9999, 2.3335, 0, 0, 0, 0, 0, 8000, 0, 0, 0, 0
5, 0.00000, 4.92662, 1, 1.96635, 0, 1.54782, 1.96635, 0.103492, 0, 0, 0.103492, -0.907059, 1, 1, 9999, 9999, 9999, 9999, 9999, 9999, 9999, 9999, 1.96635, 9999, 2.3335, 0, 0, 0, 0, 0, 8000, 0, 0, 0, 0
6, 0.00000, 2.85678, -1, 0, 0.0000229032, 1.54782, -0.0000229032, 1.14516E-6, 0, 0, 1.14516E-6, -2.06984, 1, 1, 9999, 9999, 9999, 9999, 9999, 9999, 9999, 9999, -2.15074E-18, 9999, 2.3335, 0, 0, 0, 0, 0, 8000, 0, 0, 0, 0
7, 0.00000, 2.8568, 1, 0.0538538, 0, 1.54778, 0.0538538, 0.00283441, 0, 0, 0.00283441, 0.0000217581, 1, 1, 9999, 9999, 9999, 9999, 9999, 9999, 9999, 9999, 0.0538315, 9999, 2.3335, 0, 0, 0, 0, 0, 8000, 0, 0, 0, 0
