hour,t(sec),kWh,State,kWOut,kWIn,kvarOut,DCkW,kWTotalLosses,kWInvLosses,kWIdlingLosses,kWChDchLosses,"kWh Chng",InvEff,InverterON,Vref,"Vavg (DRC)","VV Oper","VW Oper","DRC Oper","VV_DRC Oper","WP Oper","WV Oper",kWDesired,"kW VW Limit","Limit kWOut Function","kVA Exceeded","Grid voltage",di/dt,it,"it History","Rated VDC","Avg duty cycle","Target (Amps)","Series L","Max. Amps (phase)"
1, 0.00000, 11.6637, 1, 2.64423E-6, 0, -2.33491, 2.64423E-6, 1.3917E-7, 0, 0, 1.3917E-7, -6.99825, 1, 1, 9999, 9999, 9999, 9999, 9999, 9999, 9999, 9999, 4.335E-18, 9999, 4.6655, 0, 0, 0, 0, 0, 8000, 0, 0, 0, 0
2, 0.00000, 11.6637, -1, 0, 0.0000414362, 1.85791, -0.0000414362, 2.07181E-6, 0, 0, 2.07181E-6, -2.7834E-6, 1, 1, 9999, 9999, 9999, 9999, 9999, 9999, 9999, 9999, -6.55783E-19, 9999, 4.6655, 0, 0, 0, 0, 0, 8000, 0, 0, 0, 0
3, 0.00000, 11.6638, 1, 0.983427, 0, 2.8297, 0.983427, 0.0517593, 0, 0, 0.0517593, 0.0000393644, 1, 1, 9999, 9999, 9999, 9999, 9999, 9999, 9999, 9999, 0.983301, 9999, 4.6655, 0, 0, 0, 0, 0, 8000, 0, 0, 0, 0
4, 0.00000, 10.6286, 1, 1.54244, 0, 3.09461, 1.54244, 0.0811813, 0, 0, 0.0811813, -1.03519, 1, 1, 9999, 9999, 9999, 9999, 9999, 9999, 9999, 9999, 1.54237, 9999, 4.6655, 0, 0, 0, 0, 0, 8000, 0, 0, 0, 0
5, 0.00000, 9.00497, 1, 1.83533, 0, 3.09474, 1.83533, 0.0965965, 0, 0, 0.0965965, -1.62363, 1, 1, 9999, 9999, 9999, 9999, 9999, 9999, 9999, 9999, 1.83536, 9999, 4.6655, 0, 0, 0, 0, 0, 8000, 0, 0, 0, 0
6, 0.00000, 7.07304, 1, 0.606436, 0, 3.02695, 0.606436, 0.0319177, 0, 0, 0.0319177, -1.93193, 1, 1, 9999, 9999, 9999, 9999, 9999, 9999, 9999, 9999, 0.606515, 9999, 4.6655, 0, 0, 0, 0, 0, 8000, 0, 0, 0, 0
7, 0.00000, 6.43469, 1, 0.794379, 0, 3.06104, 0.794379, 0.0418094, 0, 0, 0.0418094, -0.638353, 1, 1, 9999, 9999, 9999, 9999, 9999, 9999, 9999, 9999, 0.794301, 9999, 4.6655, 0, 0, 0, 0, 0, 8000, 0, 0, 0, 0
