hour,t(sec),kWh,State,kWOut,kWIn,kvarOut,DCkW,kWTotalLosses,kWInvLosses,kWIdlingLosses,kWChDchLosses,"kWh Chng",InvEff,InverterON,Vref,"Vavg (DRC)","VV Oper","VW Oper","DRC Oper","VV_DRC Oper","WP Oper","WV Oper",kWDesired,"kW VW Limit","Limit kWOut Function","kVA Exceeded","Grid voltage",di/dt,it,"it History","Rated VDC","Avg duty cycle","Target (Amps)","Series L","Max. Amps (phase)"
1, 0.00000, 11.6637, 1, 8.19788E-6, 0, 3.0947, 8.19788E-6, 4.31467E-7, 0, 0, 4.31467E-7, -6.99825, 1, 1, 9999, 9999, 9999, 9999, 9999, 9999, 9999, 9999, 2.19041E-19, 9999, 4.6655, 0, 0, 0, 0, 0, 8000, 0, 0, 0, 0
2, 0.00000, 11.6637, 1, 0.0000378274, 0, 3.09471, 0.0000378274, 1.99091E-6, 0, 0, 1.99091E-6, -8.62935E-6, 1, 1, 9999, 9999, 9999, 9999, 9999, 9999, 9999, 9999, 4.36565E-19, 9999, 4.6655, 0, 0, 0, 0, 0, 8000, 0, 0, 0, 0
3, 0.00000, 11.6637, 1, 0.770728, 0, 3.09463, 0.770728, 0.0405646, 0, 0, 0.0405646, -0.0000398183, 1, 1, 9999, 9999, 9999, 9999, 9999, 9999, 9999, 9999, 0.770647, 9999, 4.6655, 0, 0, 0, 0, 0, 8000, 0, 0, 0, 0
4, 0.00000, 10.8524, 1, 1.33159, 0, 3.09469, 1.33159, 0.0700837, 0, 0, 0.0700837, -0.811293, 1, 1, 9999, 9999, 9999, 9999, 9999, 9999, 9999, 9999, 1.33158, 9999, 4.6655, 0, 0, 0, 0, 0, 8000, 0, 0, 0, 0
5, 0.00000, 9.45074, 1, 1.46337, 0, 3.09472, 1.46337, 0.0770195, 0, 0, 0.0770195, -1.40167, 1, 1, 9999, 9999, 9999, 9999, 9999, 9999, 9999, 9999, 1.46338, 9999, 4.6655, 0, 0, 0, 0, 0, 8000, 0, 0, 0, 0
6, 0.00000, 7.91035, 1, 0.238989, 0, 3.09471, 0.238989, 0.0125784, 0, 0, 0.0125784, -1.54039, 1, 1, 9999, 9999, 9999, 9999, 9999, 9999, 9999, 9999, 0.239, 9999, 4.6655, 0, 0, 0, 0, 0, 8000, 0, 0, 0, 0
7, 0.00000, 7.65878, 1, 0.501395, 0, 3.0947, 0.501395, 0.0263892, 0, 0, 0.0263892, -0.251567, 1, 1, 9999, 9999, 9999, 9999, 9999, 9999, 9999, 9999, 0.501401, 9999, 4.6655, 0, 0, 0, 0, 0, 8000, 0, 0, 0, 0
8, 0.00000, 7.13099, 1, 1.45593, 0, 3.09468, 1.45593, 0.0766278, 0, 0, 0.0766278, -0.527785, 1, 1, 9999, 9999, 9999, 9999, 9999, 9999, 9999, 9999, 1.45592, 9999, 4.6655, 0, 0, 0, 0, 0, 8000, 0, 0, 0, 0
