hour,t(sec),kWh,State,kWOut,kWIn,kvarOut,DCkW,kWTotalLosses,kWInvLosses,kWIdlingLosses,kWChDchLosses,"kWh Chng",InvEff,InverterON,Vref,"Vavg (DRC)","VV Oper","VW Oper","DRC Oper","VV_DRC Oper","WP Oper","WV Oper",kWDesired,"kW VW Limit","Limit kWOut Function","kVA Exceeded","Grid voltage",di/dt,it,"it History","Rated VDC","Avg duty cycle","Target (Amps)","Series L","Max. Amps (phase)"
1, 0.00000, 5.83362, 0, 0, 7.6901E-6, 1.54779, -7.6901E-6, 7.6901E-6, 0, 7.6901E-6, 0, -3.50017, 1, 1, 9999, 9999, 9999, 9999, 9999, 9999, 9999, 9999, 0, 9999, 2.3335, 0, 0, 0, 0, 0, 8000, 0, 0, 0, 0
2, 0.00000, 5.83362, 1, 1.07385, 0, 1.54778, 1.07385, 0.0565183, 0, 0, 0.0565183, 0, 1, 1, 9999, 9999, 9999, 9999, 9999, 9999, 9999, 9999, 1.07383, 9999, 2.3335, 0, 0, 0, 0, 0, 8000, 0, 0, 0, 0
3, 0.00000, 4.70326, 1, 0.805419, 0, 1.54778, 0.805419, 0.0423905, 0, 0, 0.0423905, -1.13037, 1, 1, 9999, 9999, 9999, 9999, 9999, 9999, 9999, 9999, 0.805408, 9999, 2.3335, 0, 0, 0, 0, 0, 8000, 0, 0, 0, 0
4, 0.00000, 3.85545, 1, 0.720907, 0, 1.54781, 0.720907, 0.0379425, 0, 0, 0.0379425, -0.84781, 1, 1, 9999, 9999, 9999, 9999, 9999, 9999, 9999, 9999, 0.720912, 9999, 2.3335, 0, 0, 0, 0, 0, 8000, 0, 0, 0, 0
5, 0.00000, 3.0966, 1, 0.281695, 0, 1.54782, 0.281695, 0.014826, 0, 0, 0.014826, -0.75885, 1, 1, 9999, 9999, 9999, 9999, 9999, 9999, 9999, 9999, 0.281723, 9999, 2.3335, 0, 0, 0, 0, 0, 8000, 0, 0, 0, 0
