hour,t(sec),kWh,State,kWOut,kWIn,kvarOut,DCkW,kWTotalLosses,kWInvLosses,kWIdlingLosses,kWChDchLosses,"kWh Chng",InvEff,InverterON,Vref,"Vavg (DRC)","VV Oper","VW Oper","DRC Oper","VV_DRC Oper","WP Oper","WV Oper",kWDesired,"kW VW Limit","Limit kWOut Function","kVA Exceeded","Grid voltage",di/dt,it,"it History","Rated VDC","Avg duty cycle","Target (Amps)","Series L","Max. Amps (phase)"
1, 0.00000, 5.83362, 1, 0.000010534, 0, 1.54779, 0.000010534, 5.54421E-7, 0, 0, 5.54421E-7, -3.50017, 1, 1, 9999, 9999, 9999, 9999, 9999, 9999, 9999, 9999, 4.21873E-18, 9999, 2.3335, 0, 0, 0, 0, 0, 8000, 0, 0, 0, 0
2, 0.00000, 5.83361, 1, 0.448083, 0, 1.54775, 0.448083, 0.0235833, 0, 0, 0.0235833, -0.0000110884, 1, 1, 9999, 9999, 9999, 9999, 9999, 9999, 9999, 9999, 0.448009, 9999, 2.3335, 0, 0, 0, 0, 0, 8000, 0, 0, 0, 0
3, 0.00000, 5.36195, 1, 0.893073, 0, 1.5477, 0.893073, 0.0470038, 0, 0, 0.0470038, -0.471666, 1, 1, 9999, 9999, 9999, 9999, 9999, 9999, 9999, 9999, 0.893007, 9999, 2.3335, 0, 0, 0, 0, 0, 8000, 0, 0, 0, 0
4, 0.00000, 4.42187, 1, 1.22228, 0, 1.54782, 1.22228, 0.0643303, 0, 0, 0.0643303, -0.940077, 1, 1, 9999, 9999, 9999, 9999, 9999, 9999, 9999, 9999, 1.22229, 9999, 2.3335, 0, 0, 0, 0, 0, 8000, 0, 0, 0, 0
5, 0.00000, 3.13527, 1, 0.318468, 0, 1.54786, 0.318468, 0.0167615, 0, 0, 0.0167615, -1.28661, 1, 1, 9999, 9999, 9999, 9999, 9999, 9999, 9999, 9999, 0.318546, 9999, 2.3335, 0, 0, 0, 0, 0, 8000, 0, 0, 0, 0
