hour,t(sec),kWh,State,kWOut,kWIn,kvarOut,DCkW,kWTotalLosses,kWInvLosses,kWIdlingLosses,kWChDchLosses,"kWh Chng",InvEff,InverterON,Vref,"Vavg (DRC)","VV Oper","VW Oper","DRC Oper","VV_DRC Oper","WP Oper","WV Oper",kWDesired,"kW VW Limit","Limit kWOut Function","kVA Exceeded","Grid voltage",di/dt,it,"it History","Rated VDC","Avg duty cycle","Target (Amps)","Series L","Max. Amps (phase)"
1, 0.00000, 11.6637, 0, 0, 0.0000359496, -3.09469, -0.0000359496, 0.0000359496, 0, 0.0000359496, 0, -6.99825, 1, 1, 9999, 9999, 9999, 9999, 9999, 9999, 9999, 9999, 0, 9999, 4.6655, 0, 0, 0, 0, 0, 8000, 0, 0, 0, 0
2, 0.00000, 11.6637, 1, 0.0000860159, 0, -3.09472, 0.0000860159, 4.52715E-6, 0, 0, 4.52715E-6, 0, 1, 1, 9999, 9999, 9999, 9999, 9999, 9999, 9999, 9999, 4.70189E-35, 9999, 4.6655, 0, 0, 0, 0, 0, 8000, 0, 0, 0, 0
3, 0.00000, 11.6637, 0, 0, 0.000140008, -3.09465, -0.000140008, 0.000140008, 0, 0.000140008, 0, -0.000090543, 1, 1, 9999, 9999, 9999, 9999, 9999, 9999, 9999, 9999, 0, 9999, 4.6655, 0, 0, 0, 0, 0, 8000, 0, 0, 0, 0
4, 0.00000, 11.6637, 1, 0.470203, 0, -3.0947, 0.470203, 0.0247475, 0, 0, 0.0247475, 0, 1, 1, 9999, 9999, 9999, 9999, 9999, 9999, 9999, 9999, 0.470376, 9999, 4.6655, 0, 0, 0, 0, 0, 8000, 0, 0, 0, 0
5, 0.00000, 11.1687, 1, 1.20956, 0, -3.0947, 1.20956, 0.063661, 0, 0, 0.063661, -0.49495, 1, 1, 9999, 9999, 9999, 9999, 9999, 9999, 9999, 9999, 1.20958, 9999, 4.6655, 0, 0, 0, 0, 0, 8000, 0, 0, 0, 0
6, 0.00000, 9.89549, 1, 0.000226085, 0, -3.09475, 0.000226085, 0.0000118992, 0, 0, 0.0000118992, -1.27322, 1, 1, 9999, 9999, 9999, 9999, 9999, 9999, 9999, 9999, 3.5162E-19, 9999, 4.6655, 0, 0, 0, 0, 0, 8000, 0, 0, 0, 0
7, 0.00000, 9.89525, 0, 0, 0.0000206211, -3.09469, -0.0000206211, 0.0000206211, 0, 0.0000206211, 0, -0.000237985, 1, 1, 9999, 9999, 9999, 9999, 9999, 9999, 9999, 9999, 0, 9999, 4.6655, 0, 0, 0, 0, 0, 8000, 0, 0, 0, 0
8, 0.00000, 9.89525, 1, 0.790968, 0, -3.09471, 0.790968, 0.0416299, 0, 0, 0.0416299, 0, 1, 1, 9999, 9999, 9999, 9999, 9999, 9999, 9999, 9999, 0.791222, 9999, 4.6655, 0, 0, 0, 0, 0, 8000, 0, 0, 0, 0
