hour,t(sec),kWh,State,kWOut,kWIn,kvarOut,DCkW,kWTotalLosses,kWInvLosses,kWIdlingLosses,kWChDchLosses,"kWh Chng",InvEff,InverterON,Vref,"Vavg (DRC)","VV Oper","VW Oper","DRC Oper","VV_DRC Oper","WP Oper","WV Oper",kWDesired,"kW VW Limit","Limit kWOut Function","kVA Exceeded","Grid voltage",di/dt,it,"it History","Rated VDC","Avg duty cycle","Target (Amps)","Series L","Max. Amps (phase)"
1, 0.00000, 11.6637, 0, 0, 0.0000492207, 3.09473, -0.0000492207, 0.0000492207, 0, 0.0000492207, 0, -6.99825, 1, 1, 9999, 9999, 9999, 9999, 9999, 9999, 9999, 9999, 0, 9999, 4.6655, 0, 0, 0, 0, 0, 8000, 0, 0, 0, 0
2, 0.00000, 11.6637, 1, 0.0000694758, 0, 3.09465, 0.0000694758, 3.65662E-6, 0, 0, 3.65662E-6, 0, 1, 1, 9999, 9999, 9999, 9999, 9999, 9999, 9999, 9999, 1.35649E-20, 9999, 4.6655, 0, 0, 0, 0, 0, 8000, 0, 0, 0, 0
3, 0.00000, 11.6637, 1, 0.0000363168, 0, 3.09472, 0.0000363168, 1.91141E-6, 0, 0, 1.91141E-6, -0.0000731324, 1, 1, 9999, 9999, 9999, 9999, 9999, 9999, 9999, 9999, 2.04162E-21, 9999, 4.6655, 0, 0, 0, 0, 0, 8000, 0, 0, 0, 0
4, 0.00000, 11.6636, 0, 0, 0.0000530502, 3.09467, -0.0000530502, 0.0000530502, 0, 0.0000530502, 0, -0.0000382282, 1, 1, 9999, 9999, 9999, 9999, 9999, 9999, 9999, 9999, 0, 9999, 4.6655, 0, 0, 0, 0, 0, 8000, 0, 0, 0, 0
5, 0.00000, 11.6636, 1, 0.0000761816, 0, 3.09465, 0.0000761816, 4.00956E-6, 0, 0, 4.00956E-6, 0, 1, 1, 9999, 9999, 9999, 9999, 9999, 9999, 9999, 9999, 1.47738E-19, 9999, 4.6655, 0, 0, 0, 0, 0, 8000, 0, 0, 0, 0
6, 0.00000, 11.6636, 1, 0.466388, 0, 3.09471, 0.466388, 0.0245467, 0, 0, 0.0245467, -0.0000801911, 1, 1, 9999, 9999, 9999, 9999, 9999, 9999, 9999, 9999, 0.466401, 9999, 4.6655, 0, 0, 0, 0, 0, 8000, 0, 0, 0, 0
7, 0.00000, 11.1726, 1, 0.000101763, 0, 3.09476, 0.000101763, 5.35596E-6, 0, 0, 5.35596E-6, -0.490935, 1, 1, 9999, 9999, 9999, 9999, 9999, 9999, 9999, 9999, 3.20049E-19, 9999, 4.6655, 0, 0, 0, 0, 0, 8000, 0, 0, 0, 0
8, 0.00000, 11.1725, 1, 0.0000468899, 0, 3.09467, 0.0000468899, 2.46789E-6, 0, 0, 2.46789E-6, -0.000107119, 1, 1, 9999, 9999, 9999, 9999, 9999, 9999, 9999, 9999, 5.91632E-20, 9999, 4.6655, 0, 0, 0, 0, 0, 8000, 0, 0, 0, 0
9, 0.00000, 11.1725, 1, 0.14978, 0, 3.09466, 0.14978, 0.00788318, 0, 0, 0.00788318, -0.0000493578, 1, 1, 9999, 9999, 9999, 9999, 9999, 9999, 9999, 9999, 0.14973, 9999, 4.6655, 0, 0, 0, 0, 0, 8000, 0, 0, 0, 0
