hour,t(sec),kWh,State,kWOut,kWIn,kvarOut,DCkW,kWTotalLosses,kWInvLosses,kWIdlingLosses,kWChDchLosses,"kWh Chng",InvEff,InverterON,Vref,"Vavg (DRC)","VV Oper","VW Oper","DRC Oper","VV_DRC Oper","WP Oper","WV Oper",kWDesired,"kW VW Limit","Limit kWOut Function","kVA Exceeded","Grid voltage",di/dt,it,"it History","Rated VDC","Avg duty cycle","Target (Amps)","Series L","Max. Amps (phase)"
1, 0.00000, 11.6637, 0, 0, 5.02066E-6, 3.09469, -5.02066E-6, 5.02066E-6, 0, 5.02066E-6, 0, -6.99825, 1, 1, 9999, 9999, 9999, 9999, 9999, 9999, 9999, 9999, 0, 9999, 4.6655, 0, 0, 0, 0, 0, 8000, 0, 0, 0, 0
2, 0.00000, 11.6637, 1, 0.0000149563, 0, 3.09469, 0.0000149563, 7.87173E-7, 0, 0, 7.87173E-7, 0, 1, 1, 9999, 9999, 9999, 9999, 9999, 9999, 9999, 9999, 5.03827E-18, 9999, 4.6655, 0, 0, 0, 0, 0, 8000, 0, 0, 0, 0
3, 0.00000, 11.6637, 1, 1.02885, 0, 3.09469, 1.02885, 0.0541498, 0, 0, 0.0541498, -0.0000157435, 1, 1, 9999, 9999, 9999, 9999, 9999, 9999, 9999, 9999, 1.02884, 9999, 4.6655, 0, 0, 0, 0, 0, 8000, 0, 0, 0, 0
4, 0.00000, 10.5807, 1, 2.0077, 0, 3.09471, 2.0077, 0.105669, 0, 0, 0.105669, -1.083, 1, 1, 9999, 9999, 9999, 9999, 9999, 9999, 9999, 9999, 2.0077, 9999, 4.6655, 0, 0, 0, 0, 0, 8000, 0, 0, 0, 0
5, 0.00000, 8.46737, 1, 0.0000210065, 0, 3.09471, 0.0000210065, 1.1056E-6, 0, 0, 1.1056E-6, -2.11337, 1, 1, 9999, 9999, 9999, 9999, 9999, 9999, 9999, 9999, 1.88687E-18, 9999, 4.6655, 0, 0, 0, 0, 0, 8000, 0, 0, 0, 0
