hour,t(sec),kWh,State,kWOut,kWIn,kvarOut,DCkW,kWTotalLosses,kWInvLosses,kWIdlingLosses,kWChDchLosses,"kWh Chng",InvEff,InverterON,Vref,"Vavg (DRC)","VV Oper","VW Oper","DRC Oper","VV_DRC Oper","WP Oper","WV Oper",kWDesired,"kW VW Limit","Limit kWOut Function","kVA Exceeded","Grid voltage",di/dt,it,"it History","Rated VDC","Avg duty cycle","Target (Amps)","Series L","Max. Amps (phase)"
1, 0.00000, 11.6637, 1, 0.0000241833, 0, -3.0947, 0.0000241833, 1.27281E-6, 0, 0, 1.27281E-6, -6.99825, 1, 1, 9999, 9999, 9999, 9999, 9999, 9999, 9999, 9999, 1.44472E-18, 9999, 4.6655, 0, 0, 0, 0, 0, 8000, 0, 0, 0, 0
2, 0.00000, 11.6637, -1, 0, 0.000126101, -3.0947, -0.000126101, 6.30505E-6, 0, 0, 6.30505E-6, -0.0000254561, 1, 1, 9999, 9999, 9999, 9999, 9999, 9999, 9999, 9999, -3.44333E-19, 9999, 4.6655, 0, 0, 0, 0, 0, 8000, 0, 0, 0, 0
3, 0.00000, 11.6638, 1, 0.631013, 0, -3.09471, 0.631013, 0.0332112, 0, 0, 0.0332112, 0.000119796, 1, 1, 9999, 9999, 9999, 9999, 9999, 9999, 9999, 9999, 0.631289, 9999, 4.6655, 0, 0, 0, 0, 0, 8000, 0, 0, 0, 0
4, 0.00000, 10.9996, 1, 1.32748, 0, -3.09471, 1.32748, 0.0698673, 0, 0, 0.0698673, -0.664224, 1, 1, 9999, 9999, 9999, 9999, 9999, 9999, 9999, 9999, 1.32752, 9999, 4.6655, 0, 0, 0, 0, 0, 8000, 0, 0, 0, 0
5, 0.00000, 9.60227, 1, 1.6445, 0, -3.09469, 1.6445, 0.0865524, 0, 0, 0.0865524, -1.39735, 1, 1, 9999, 9999, 9999, 9999, 9999, 9999, 9999, 9999, 1.64445, 9999, 4.6655, 0, 0, 0, 0, 0, 8000, 0, 0, 0, 0
6, 0.00000, 7.87122, 1, 0.219281, 0, -3.09471, 0.219281, 0.0115411, 0, 0, 0.0115411, -1.73105, 1, 1, 9999, 9999, 9999, 9999, 9999, 9999, 9999, 9999, 0.219255, 9999, 4.6655, 0, 0, 0, 0, 0, 8000, 0, 0, 0, 0
7, 0.00000, 7.6404, 1, 0.440363, 0, -3.0947, 0.440363, 0.023177, 0, 0, 0.023177, -0.230822, 1, 1, 9999, 9999, 9999, 9999, 9999, 9999, 9999, 9999, 0.440344, 9999, 4.6655, 0, 0, 0, 0, 0, 8000, 0, 0, 0, 0
8, 0.00000, 7.17686, 1, 1.49902, 0, -3.09471, 1.49902, 0.0788958, 0, 0, 0.0788958, -0.46354, 1, 1, 9999, 9999, 9999, 9999, 9999, 9999, 9999, 9999, 1.49907, 9999, 4.6655, 0, 0, 0, 0, 0, 8000, 0, 0, 0, 0
