hour,t(sec),kWh,State,kWOut,kWIn,kvarOut,DCkW,kWTotalLosses,kWInvLosses,kWIdlingLosses,kWChDchLosses,"kWh Chng",InvEff,InverterON,Vref,"Vavg (DRC)","VV Oper","VW Oper","DRC Oper","VV_DRC Oper","WP Oper","WV Oper",kWDesired,"kW VW Limit","Limit kWOut Function","kVA Exceeded","Grid voltage",di/dt,it,"it History","Rated VDC","Avg duty cycle","Target (Amps)","Series L","Max. Amps (phase)"
1, 0.00000, 11.6637, 1, 0.0000192728, 0, 3.09468, 0.0000192728, 1.01436E-6, 0, 0, 1.01436E-6, -6.99825, 1, 1, 9999, 9999, 9999, 9999, 9999, 9999, 9999, 9999, 1.56486E-21, 9999, 4.6655, 0, 0, 0, 0, 0, 8000, 0, 0, 0, 0
2, 0.00000, 11.6637, -1, 0, 0.0000477107, 3.09468, -0.0000477107, 2.38553E-6, 0, 0, 2.38553E-6, -0.0000202872, 1, 1, 9999, 9999, 9999, 9999, 9999, 9999, 9999, 9999, -7.88796E-20, 9999, 4.6655, 0, 0, 0, 0, 0, 8000, 0, 0, 0, 0
3, 0.00000, 11.6638, 1, 0.0474262, 0, 3.09466, 0.0474262, 0.00249611, 0, 0, 0.00249611, 0.0000453252, 1, 1, 9999, 9999, 9999, 9999, 9999, 9999, 9999, 9999, 0.0473782, 9999, 4.6655, 0, 0, 0, 0, 0, 8000, 0, 0, 0, 0
4, 0.00000, 11.6139, 1, 0.569738, 0, 3.09472, 0.569738, 0.0299862, 0, 0, 0.0299862, -0.0499223, 1, 1, 9999, 9999, 9999, 9999, 9999, 9999, 9999, 9999, 0.569751, 9999, 4.6655, 0, 0, 0, 0, 0, 8000, 0, 0, 0, 0
5, 0.00000, 11.0141, 1, 0.0000729687, 0, 3.09475, 0.0000729687, 3.84046E-6, 0, 0, 3.84046E-6, -0.599724, 1, 1, 9999, 9999, 9999, 9999, 9999, 9999, 9999, 9999, 6.90541E-20, 9999, 4.6655, 0, 0, 0, 0, 0, 8000, 0, 0, 0, 0
