hour,t(sec),kWh,State,kWOut,kWIn,kvarOut,DCkW,kWTotalLosses,kWInvLosses,kWIdlingLosses,kWChDchLosses,"kWh Chng",InvEff,InverterON,Vref,"Vavg (DRC)","VV Oper","VW Oper","DRC Oper","VV_DRC Oper","WP Oper","WV Oper",kWDesired,"kW VW Limit","Limit kWOut Function","kVA Exceeded","Grid voltage",di/dt,it,"it History","Rated VDC","Avg duty cycle","Target (Amps)","Series L","Max. Amps (phase)"
1, 0.00000, 5.83362, 1, 4.68884E-6, 0, 1.5478, 4.68884E-6, 2.46781E-7, 0, 0, 2.46781E-7, -3.50017, 1, 1, 9999, 9999, 9999, 9999, 9999, 9999, 9999, 9999, 1.78338E-18, 9999, 2.3335, 0, 0, 0, 0, 0, 8000, 0, 0, 0, 0
2, 0.00000, 5.83362, 1, 0.0000191446, 0, 1.5478, 0.0000191446, 1.00761E-6, 0, 0, 1.00761E-6, -4.93562E-6, 1, 1, 9999, 9999, 9999, 9999, 9999, 9999, 9999, 9999, 2.63802E-19, 9999, 2.3335, 0, 0, 0, 0, 0, 8000, 0, 0, 0, 0
3, 0.00000, 5.8336, 1, 0.0000520594, 0, 1.54777, 0.0000520594, 2.73997E-6, 0, 0, 2.73997E-6, -0.0000201522, 1, 1, 9999, 9999, 9999, 9999, 9999, 9999, 9999, 9999, 2.24898E-18, 9999, 2.3335, 0, 0, 0, 0, 0, 8000, 0, 0, 0, 0
4, 0.00000, 5.83355, 1, 0.494055, 0, 1.54779, 0.494055, 0.0260029, 0, 0, 0.0260029, -0.0000547994, 1, 1, 9999, 9999, 9999, 9999, 9999, 9999, 9999, 9999, 0.494049, 9999, 2.3335, 0, 0, 0, 0, 0, 8000, 0, 0, 0, 0
5, 0.00000, 5.31349, 1, 1.60099, 0, 1.54782, 1.60099, 0.0842626, 0, 0, 0.0842626, -0.520058, 1, 1, 9999, 9999, 9999, 9999, 9999, 9999, 9999, 9999, 1.60099, 9999, 2.3335, 0, 0, 0, 0, 0, 8000, 0, 0, 0, 0
6, 0.00000, 3.62824, -1, 0, 8.8097E-6, 1.54781, -8.8097E-6, 4.40485E-7, 0, 0, 4.40485E-7, -1.68525, 1, 1, 9999, 9999, 9999, 9999, 9999, 9999, 9999, 9999, -3.2158E-19, 9999, 2.3335, 0, 0, 0, 0, 0, 8000, 0, 0, 0, 0
7, 0.00000, 3.62824, -1, 0, 3.55477E-6, 1.5478, -3.55477E-6, 1.77738E-7, 0, 0, 1.77738E-7, 8.36922E-6, 1, 1, 9999, 9999, 9999, 9999, 9999, 9999, 9999, 9999, -1.20978E-18, 9999, 2.3335, 0, 0, 0, 0, 0, 8000, 0, 0, 0, 0
8, 0.00000, 3.62825, 1, 0.786839, 0, 1.54778, 0.786839, 0.0414126, 0, 0, 0.0414126, 3.37703E-6, 1, 1, 9999, 9999, 9999, 9999, 9999, 9999, 9999, 9999, 0.786833, 9999, 2.3335, 0, 0, 0, 0, 0, 8000, 0, 0, 0, 0
