hour,t(sec),kWh,State,kWOut,kWIn,kvarOut,DCkW,kWTotalLosses,kWInvLosses,kWIdlingLosses,kWChDchLosses,"kWh Chng",InvEff,InverterON,Vref,"Vavg (DRC)","VV Oper","VW Oper","DRC Oper","VV_DRC Oper","WP Oper","WV Oper",kWDesired,"kW VW Limit","Limit kWOut Function","kVA Exceeded","Grid voltage",di/dt,it,"it History","Rated VDC","Avg duty cycle","Target (Amps)","Series L","Max. Amps (phase)"
1, 0.00000, 11.6637, -1, 0, 0.000076677, -3.09466, -0.000076677, 3.83385E-6, 0, 0, 3.83385E-6, -6.99825, 1, 1, 9999, 9999, 9999, 9999, 9999, 9999, 9999, 9999, -2.09924E-19, 9999, 4.6655, 0, 0, 0, 0, 0, 8000, 0, 0, 0, 0
2, 0.00000, 11.6638, -1, 0, 0.0000829501, -3.09473, -0.0000829501, 4.1475E-6, 0, 0, 4.1475E-6, 0.0000728431, 1, 1, 9999, 9999, 9999, 9999, 9999, 9999, 9999, 9999, -2.14739E-19, 9999, 4.6655, 0, 0, 0, 0, 0, 8000, 0, 0, 0, 0
3, 0.00000, 11.6639, 1, 0.583234, 0, -3.09466, 0.583234, 0.0306965, 0, 0, 0.0306965, 0.0000788026, 1, 1, 9999, 9999, 9999, 9999, 9999, 9999, 9999, 9999, 0.583374, 9999, 4.6655, 0, 0, 0, 0, 0, 8000, 0, 0, 0, 0
4, 0.00000, 11.05, 1, 1.14689, 0, -3.0947, 1.14689, 0.0603627, 0, 0, 0.0603627, -0.61393, 1, 1, 9999, 9999, 9999, 9999, 9999, 9999, 9999, 9999, 1.14687, 9999, 4.6655, 0, 0, 0, 0, 0, 8000, 0, 0, 0, 0
5, 0.00000, 9.84272, -1, 0, 0.0000789906, -3.09474, -0.0000789906, 3.94953E-6, 0, 0, 3.94953E-6, -1.20725, 1, 1, 9999, 9999, 9999, 9999, 9999, 9999, 9999, 9999, -4.39784E-19, 9999, 4.6655, 0, 0, 0, 0, 0, 8000, 0, 0, 0, 0
6, 0.00000, 9.84279, -1, 0, 0.0000194059, -3.09471, -0.0000194059, 9.70295E-7, 0, 0, 9.70295E-7, 0.000075041, 1, 1, 9999, 9999, 9999, 9999, 9999, 9999, 9999, 9999, -1.08837E-19, 9999, 4.6655, 0, 0, 0, 0, 0, 8000, 0, 0, 0, 0
