hour,t(sec),kWh,State,kWOut,kWIn,kvarOut,DCkW,kWTotalLosses,kWInvLosses,kWIdlingLosses,kWChDchLosses,"kWh Chng",InvEff,InverterON,Vref,"Vavg (DRC)","VV Oper","VW Oper","DRC Oper","VV_DRC Oper","WP Oper","WV Oper",kWDesired,"kW VW Limit","Limit kWOut Function","kVA Exceeded","Grid voltage",di/dt,it,"it History","Rated VDC","Avg duty cycle","Target (Amps)","Series L","Max. Amps (phase)"
1, 0.00000, 11.6637, 1, 0.0000474614, 0, 1.83931, 0.0000474614, 2.49797E-6, 0, 0, 2.49797E-6, -6.99825, 1, 1, 9999, 9999, 9999, 9999, 9999, 9999, 9999, 9999, 2.63204E-18, 9999, 4.6655, 0, 0, 0, 0, 0, 8000, 0, 0, 0, 0
2, 0.00000, 11.6637, 1, 1.01122, 0, 2.83977, 1.01122, 0.053222, 0, 0, 0.053222, -0.0000499594, 1, 1, 9999, 9999, 9999, 9999, 9999, 9999, 9999, 9999, 1.01106, 9999, 4.6655, 0, 0, 0, 0, 0, 8000, 0, 0, 0, 0
3, 0.00000, 10.5993, 1, 1.53417, 0, 3.09464, 1.53417, 0.0807457, 0, 0, 0.0807457, -1.06444, 1, 1, 9999, 9999, 9999, 9999, 9999, 9999, 9999, 9999, 1.53411, 9999, 4.6655, 0, 0, 0, 0, 0, 8000, 0, 0, 0, 0
4, 0.00000, 8.98435, 1, 1.83846, 0, 3.09474, 1.83846, 0.096761, 0, 0, 0.096761, -1.61491, 1, 1, 9999, 9999, 9999, 9999, 9999, 9999, 9999, 9999, 1.83849, 9999, 4.6655, 0, 0, 0, 0, 0, 8000, 0, 0, 0, 0
5, 0.00000, 7.04913, 1, 0.59995, 0, 3.03745, 0.59995, 0.0315763, 0, 0, 0.0315763, -1.93522, 1, 1, 9999, 9999, 9999, 9999, 9999, 9999, 9999, 9999, 0.60003, 9999, 4.6655, 0, 0, 0, 0, 0, 8000, 0, 0, 0, 0
6, 0.00000, 6.4176, 1, 0.778283, 0, 3.03234, 0.778283, 0.0409622, 0, 0, 0.0409622, -0.631526, 1, 1, 9999, 9999, 9999, 9999, 9999, 9999, 9999, 9999, 0.778205, 9999, 4.6655, 0, 0, 0, 0, 0, 8000, 0, 0, 0, 0
