hour,t(sec),kWh,State,kWOut,kWIn,kvarOut,DCkW,kWTotalLosses,kWInvLosses,kWIdlingLosses,kWChDchLosses,"kWh Chng",InvEff,InverterON,Vref,"Vavg (DRC)","VV Oper","VW Oper","DRC Oper","VV_DRC Oper","WP Oper","WV Oper",kWDesired,"kW VW Limit","Limit kWOut Function","kVA Exceeded","Grid voltage",di/dt,it,"it History","Rated VDC","Avg duty cycle","Target (Amps)","Series L","Max. Amps (phase)"
1, 0.00000, 21.875, 1, 0.000171436, 0, 3.95291, 0.000171436, 9.02294E-6, 0, 0, 9.02294E-6, -13.125, 1, 1, 9999, 9999, 9999, 9999, 9999, 9999, 9999, 9999, 7.60244E-19, 9999, 8.75, 0, 0, 0, 0, 0, 8000, 0, 0, 0, 0
2, 0.00000, 21.8748, 1, 2.19025, 0, 5.6298, 2.19025, 0.115277, 0, 0, 0.115277, -0.000180459, 1, 1, 9999, 9999, 9999, 9999, 9999, 9999, 9999, 9999, 2.19047, 9999, 8.75, 0, 0, 0, 0, 0, 8000, 0, 0, 0, 0
3, 0.00000, 19.5693, 1, 2.76741, 0, 5.8037, 2.76741, 0.145653, 0, 0, 0.145653, -2.30553, 1, 1, 9999, 9999, 9999, 9999, 9999, 9999, 9999, 9999, 2.7671, 9999, 8.75, 0, 0, 0, 0, 0, 8000, 0, 0, 0, 0
4, 0.00000, 16.6562, 1, 2.9733, 0, 5.80415, 2.9733, 0.15649, 0, 0, 0.15649, -2.91307, 1, 1, 9999, 9999, 9999, 9999, 9999, 9999, 9999, 9999, 2.97334, 9999, 8.75, 0, 0, 0, 0, 0, 8000, 0, 0, 0, 0
5, 0.00000, 13.5264, 1, 0.876516, 0, 5.80426, 0.876516, 0.0461324, 0, 0, 0.0461324, -3.12979, 1, 1, 9999, 9999, 9999, 9999, 9999, 9999, 9999, 9999, 0.87675, 9999, 8.75, 0, 0, 0, 0, 0, 8000, 0, 0, 0, 0
6, 0.00000, 12.6038, 1, 1.23614, 0, 5.80413, 1.23614, 0.0650599, 0, 0, 0.0650599, -0.922649, 1, 1, 9999, 9999, 9999, 9999, 9999, 9999, 9999, 9999, 1.2362, 9999, 8.75, 0, 0, 0, 0, 0, 8000, 0, 0, 0, 0
