hour,t(sec),kWh,State,kWOut,kWIn,kvarOut,DCkW,kWTotalLosses,kWInvLosses,kWIdlingLosses,kWChDchLosses,"kWh Chng",InvEff,InverterON,Vref,"Vavg (DRC)","VV Oper","VW Oper","DRC Oper","VV_DRC Oper","WP Oper","WV Oper",kWDesired,"kW VW Limit","Limit kWOut Function","kVA Exceeded","Grid voltage",di/dt,it,"it History","Rated VDC","Avg duty cycle","Target (Amps)","Series L","Max. Amps (phase)"
1, 0.00000, 11.6637, 1, 0.0000544112, 0, -3.09472, 0.0000544112, 2.86375E-6, 0, 0, 2.86375E-6, -6.99825, 1, 1, 9999, 9999, 9999, 9999, 9999, 9999, 9999, 9999, 1.07083E-17, 9999, 4.6655, 0, 0, 0, 0, 0, 8000, 0, 0, 0, 0
2, 0.00000, 11.6637, 1, 0.0000754913, 0, -3.09466, 0.0000754913, 3.97323E-6, 0, 0, 3.97323E-6, -0.0000572749, 1, 1, 9999, 9999, 9999, 9999, 9999, 9999, 9999, 9999, 8.75901E-18, 9999, 4.6655, 0, 0, 0, 0, 0, 8000, 0, 0, 0, 0
3, 0.00000, 11.6636, -1, 0, 0.0000448226, -3.09472, -0.0000448226, 2.24113E-6, 0, 0, 2.24113E-6, -0.0000794645, 1, 1, 9999, 9999, 9999, 9999, 9999, 9999, 9999, 9999, -5.54168E-18, 9999, 4.6655, 0, 0, 0, 0, 0, 8000, 0, 0, 0, 0
4, 0.00000, 11.6637, 1, 0.0000612952, 0, -3.09467, 0.0000612952, 3.22606E-6, 0, 0, 3.22606E-6, 0.0000425815, 1, 1, 9999, 9999, 9999, 9999, 9999, 9999, 9999, 9999, 2.10825E-18, 9999, 4.6655, 0, 0, 0, 0, 0, 8000, 0, 0, 0, 0
5, 0.00000, 11.6636, 1, 0.0368541, 0, -3.09466, 0.0368541, 0.00193969, 0, 0, 0.00193969, -0.0000645212, 1, 1, 9999, 9999, 9999, 9999, 9999, 9999, 9999, 9999, 0.0369396, 9999, 4.6655, 0, 0, 0, 0, 0, 8000, 0, 0, 0, 0
6, 0.00000, 11.6248, 1, 0.760587, 0, -3.09471, 0.760587, 0.0400309, 0, 0, 0.0400309, -0.0387938, 1, 1, 9999, 9999, 9999, 9999, 9999, 9999, 9999, 9999, 0.76057, 9999, 4.6655, 0, 0, 0, 0, 0, 8000, 0, 0, 0, 0
7, 0.00000, 10.8242, -1, 0, 0.000114474, -3.09475, -0.000114474, 5.72368E-6, 0, 0, 5.72368E-6, -0.800618, 1, 1, 9999, 9999, 9999, 9999, 9999, 9999, 9999, 9999, -2.65677E-19, 9999, 4.6655, 0, 0, 0, 0, 0, 8000, 0, 0, 0, 0
8, 0.00000, 10.8243, -1, 0, 0.0000533951, -3.09468, -0.0000533951, 2.66976E-6, 0, 0, 2.66976E-6, 0.00010875, 1, 1, 9999, 9999, 9999, 9999, 9999, 9999, 9999, 9999, -3.70949E-18, 9999, 4.6655, 0, 0, 0, 0, 0, 8000, 0, 0, 0, 0
9, 0.00000, 10.8243, 1, 0.936345, 0, -3.09469, 0.936345, 0.0492813, 0, 0, 0.0492813, 0.0000507254, 1, 1, 9999, 9999, 9999, 9999, 9999, 9999, 9999, 9999, 0.936413, 9999, 4.6655, 0, 0, 0, 0, 0, 8000, 0, 0, 0, 0
