hour,t(sec),kWh,State,kWOut,kWIn,kvarOut,DCkW,kWTotalLosses,kWInvLosses,kWIdlingLosses,kWChDchLosses,"kWh Chng",InvEff,InverterON,Vref,"Vavg (DRC)","VV Oper","VW Oper","DRC Oper","VV_DRC Oper","WP Oper","WV Oper",kWDesired,"kW VW Limit","Limit kWOut Function","kVA Exceeded","Grid voltage",di/dt,it,"it History","Rated VDC","Avg duty cycle","Target (Amps)","Series L","Max. Amps (phase)"
1, 0.00000, 11.6637, -1, 0, 0.0000568164, -2.16291, -0.0000568164, 2.84082E-6, 0, 0, 2.84082E-6, -6.99825, 1, 1, 9999, 9999, 9999, 9999, 9999, 9999, 9999, 9999, -2.09873E-18, 9999, 4.6655, 0, 0, 0, 0, 0, 8000, 0, 0, 0, 0
2, 0.00000, 11.6638, -1, 0, 0.000117574, 1.83446, -0.000117574, 5.87872E-6, 0, 0, 5.87872E-6, 0.0000539756, 1, 1, 9999, 9999, 9999, 9999, 9999, 9999, 9999, 9999, -5.20996E-18, 9999, 4.6655, 0, 0, 0, 0, 0, 8000, 0, 0, 0, 0
3, 0.00000, 11.6639, 1, 1.67936, 0, 3.09463, 1.67936, 0.0883873, 0, 0, 0.0883873, 0.000111696, 1, 1, 9999, 9999, 9999, 9999, 9999, 9999, 9999, 9999, 1.6793, 9999, 4.6655, 0, 0, 0, 0, 0, 8000, 0, 0, 0, 0
4, 0.00000, 9.89617, 1, 3.93528, 0, 3.09476, 3.93528, 0.20712, 0, 0, 0.20712, -1.76775, 1, 1, 9999, 9999, 9999, 9999, 9999, 9999, 9999, 9999, 3.9353, 9999, 4.6655, 0, 0, 0, 0, 0, 8000, 0, 0, 0, 0
5, 0.00000, 5.75376, -1, 0, 0.0000739581, 2.54973, -0.0000739581, 3.6979E-6, 0, 0, 3.6979E-6, -4.14241, 1, 1, 9999, 9999, 9999, 9999, 9999, 9999, 9999, 9999, -9.36646E-19, 9999, 4.6655, 0, 0, 0, 0, 0, 8000, 0, 0, 0, 0
6, 0.00000, 5.75383, 1, 0.147338, 0, 2.68096, 0.147338, 0.00775461, 0, 0, 0.00775461, 0.0000702602, 1, 1, 9999, 9999, 9999, 9999, 9999, 9999, 9999, 9999, 0.147262, 9999, 4.6655, 0, 0, 0, 0, 0, 8000, 0, 0, 0, 0
