hour,t(sec),kWh,State,kWOut,kWIn,kvarOut,DCkW,kWTotalLosses,kWInvLosses,kWIdlingLosses,kWChDchLosses,"kWh Chng",InvEff,InverterON,Vref,"Vavg (DRC)","VV Oper","VW Oper","DRC Oper","VV_DRC Oper","WP Oper","WV Oper",kWDesired,"kW VW Limit","Limit kWOut Function","kVA Exceeded","Grid voltage",di/dt,it,"it History","Rated VDC","Avg duty cycle","Target (Amps)","Series L","Max. Amps (phase)"
1, 0.00000, 5.83362, 1, 0.690344, 0, 1.54778, 0.690344, 0.0363339, 0, 0, 0.0363339, -3.50017, 1, 1, 9999, 9999, 9999, 9999, 9999, 9999, 9999, 9999, 0.690343, 9999, 2.3335, 0, 0, 0, 0, 0, 8000, 0, 0, 0, 0
2, 0.00000, 5.10695, 1, 0.868526, 0, 1.54768, 0.868526, 0.0457119, 0, 0, 0.0457119, -0.726678, 1, 1, 9999, 9999, 9999, 9999, 9999, 9999, 9999, 9999, 0.868435, 9999, 2.3335, 0, 0, 0, 0, 0, 8000, 0, 0, 0, 0
3, 0.00000, 4.19271, 1, 0.968159, 0, 1.54782, 0.968159, 0.0509557, 0, 0, 0.0509557, -0.914238, 1, 1, 9999, 9999, 9999, 9999, 9999, 9999, 9999, 9999, 0.968169, 9999, 2.3335, 0, 0, 0, 0, 0, 8000, 0, 0, 0, 0
4, 0.00000, 3.17359, 1, 0.354841, 0, 1.54785, 0.354841, 0.0186758, 0, 0, 0.0186758, -1.01911, 1, 1, 9999, 9999, 9999, 9999, 9999, 9999, 9999, 9999, 0.354902, 9999, 2.3335, 0, 0, 0, 0, 0, 8000, 0, 0, 0, 0
