hour,t(sec),kWh,State,kWOut,kWIn,kvarOut,DCkW,kWTotalLosses,kWInvLosses,kWIdlingLosses,kWChDchLosses,"kWh Chng",InvEff,InverterON,Vref,"Vavg (DRC)","VV Oper","VW Oper","DRC Oper","VV_DRC Oper","WP Oper","WV Oper",kWDesired,"kW VW Limit","Limit kWOut Function","kVA Exceeded","Grid voltage",di/dt,it,"it History","Rated VDC","Avg duty cycle","Target (Amps)","Series L","Max. Amps (phase)"
1, 0.00000, 11.6637, 1, 0.0000167409, 0, 3.09468, 0.0000167409, 8.81099E-7, 0, 0, 8.81099E-7, -6.99825, 1, 1, 9999, 9999, 9999, 9999, 9999, 9999, 9999, 9999, 3.28316E-18, 9999, 4.6655, 0, 0, 0, 0, 0, 8000, 0, 0, 0, 0
2, 0.00000, 11.6637, 1, 0.663448, 0, 3.09465, 0.663448, 0.0349183, 0, 0, 0.0349183, -0.000017622, 1, 1, 9999, 9999, 9999, 9999, 9999, 9999, 9999, 9999, 0.663387, 9999, 4.6655, 0, 0, 0, 0, 0, 8000, 0, 0, 0, 0
3, 0.00000, 10.9654, 1, 1.84414, 0, 3.09448, 1.84414, 0.0970602, 0, 0, 0.0970602, -0.698366, 1, 1, 9999, 9999, 9999, 9999, 9999, 9999, 9999, 9999, 1.84399, 9999, 4.6655, 0, 0, 0, 0, 0, 8000, 0, 0, 0, 0
4, 0.00000, 9.02416, 1, 2.64972, 0, 3.09473, 2.64972, 0.139459, 0, 0, 0.139459, -1.94121, 1, 1, 9999, 9999, 9999, 9999, 9999, 9999, 9999, 9999, 2.64972, 9999, 4.6655, 0, 0, 0, 0, 0, 8000, 0, 0, 0, 0
5, 0.00000, 6.23499, 1, 0.604601, 0, 3.09484, 0.604601, 0.0318211, 0, 0, 0.0318211, -2.78918, 1, 1, 9999, 9999, 9999, 9999, 9999, 9999, 9999, 9999, 0.604789, 9999, 4.6655, 0, 0, 0, 0, 0, 8000, 0, 0, 0, 0
