hour,t(sec),kWh,State,kWOut,kWIn,kvarOut,DCkW,kWTotalLosses,kWInvLosses,kWIdlingLosses,kWChDchLosses,"kWh Chng",InvEff,InverterON,Vref,"Vavg (DRC)","VV Oper","VW Oper","DRC Oper","VV_DRC Oper","WP Oper","WV Oper",kWDesired,"kW VW Limit","Limit kWOut Function","kVA Exceeded","Grid voltage",di/dt,it,"it History","Rated VDC","Avg duty cycle","Target (Amps)","Series L","Max. Amps (phase)"
1, 0.00000, 5.83362, 1, 0.0000786579, 0, 1.54776, 0.0000786579, 4.13989E-6, 0, 0, 4.13989E-6, -3.50017, 1, 1, 9999, 9999, 9999, 9999, 9999, 9999, 9999, 9999, 3.66803E-19, 9999, 2.3335, 0, 0, 0, 0, 0, 8000, 0, 0, 0, 0
2, 0.00000, 5.83354, 1, 0.592731, 0, 1.54786, 0.592731, 0.0311964, 0, 0, 0.0311964, -0.0000827977, 1, 1, 9999, 9999, 9999, 9999, 9999, 9999, 9999, 9999, 0.592802, 9999, 2.3335, 0, 0, 0, 0, 0, 8000, 0, 0, 0, 0
3, 0.00000, 5.20962, 1, 0.776267, 0, 1.54768, 0.776267, 0.0408561, 0, 0, 0.0408561, -0.623927, 1, 1, 9999, 9999, 9999, 9999, 9999, 9999, 9999, 9999, 0.776169, 9999, 2.3335, 0, 0, 0, 0, 0, 8000, 0, 0, 0, 0
4, 0.00000, 4.39249, 1, 0.871085, 0, 1.54782, 0.871085, 0.0458466, 0, 0, 0.0458466, -0.817123, 1, 1, 9999, 9999, 9999, 9999, 9999, 9999, 9999, 9999, 0.871096, 9999, 2.3335, 0, 0, 0, 0, 0, 8000, 0, 0, 0, 0
5, 0.00000, 3.47556, 1, 0.277358, 0, 1.54785, 0.277358, 0.0145978, 0, 0, 0.0145978, -0.916932, 1, 1, 9999, 9999, 9999, 9999, 9999, 9999, 9999, 9999, 0.27743, 9999, 2.3335, 0, 0, 0, 0, 0, 8000, 0, 0, 0, 0
6, 0.00000, 3.1836, 1, 0.364357, 0, 1.54781, 0.364357, 0.0191767, 0, 0, 0.0191767, -0.291956, 1, 1, 9999, 9999, 9999, 9999, 9999, 9999, 9999, 9999, 0.364376, 9999, 2.3335, 0, 0, 0, 0, 0, 8000, 0, 0, 0, 0
