hour,t(sec),kWh,State,kWOut,kWIn,kvarOut,DCkW,kWTotalLosses,kWInvLosses,kWIdlingLosses,kWChDchLosses,"kWh Chng",InvEff,InverterON,Vref,"Vavg (DRC)","VV Oper","VW Oper","DRC Oper","VV_DRC Oper","WP Oper","WV Oper",kWDesired,"kW VW Limit","Limit kWOut Function","kVA Exceeded","Grid voltage",di/dt,it,"it History","Rated VDC","Avg duty cycle","Target (Amps)","Series L","Max. Amps (phase)"
1, 0.00000, 5.83362, 1, 3.637E-6, 0, 1.54779, 3.637E-6, 1.91421E-7, 0, 0, 1.91421E-7, -3.50017, 1, 1, 9999, 9999, 9999, 9999, 9999, 9999, 9999, 9999, 4.702E-35, 9999, 2.3335, 0, 0, 0, 0, 0, 8000, 0, 0, 0, 0
2, 0.00000, 5.83362, 1, 0.531848, 0, 1.54774, 0.531848, 0.027992, 0, 0, 0.027992, -3.82842E-6, 1, 1, 9999, 9999, 9999, 9999, 9999, 9999, 9999, 9999, 0.531805, 9999, 2.3335, 0, 0, 0, 0, 0, 8000, 0, 0, 0, 0
3, 0.00000, 5.27378, 1, 1.51411, 0, 1.54781, 1.51411, 0.0796902, 0, 0, 0.0796902, -0.55984, 1, 1, 9999, 9999, 9999, 9999, 9999, 9999, 9999, 9999, 1.51411, 9999, 2.3335, 0, 0, 0, 0, 0, 8000, 0, 0, 0, 0
4, 0.00000, 3.67998, -1, 0, 0.0000396789, 1.54783, -0.0000396789, 1.98394E-6, 0, 0, 1.98394E-6, -1.5938, 1, 1, 9999, 9999, 9999, 9999, 9999, 9999, 9999, 9999, -2.23468E-19, 9999, 2.3335, 0, 0, 0, 0, 0, 8000, 0, 0, 0, 0
