hour,t(sec),kWh,State,kWOut,kWIn,kvarOut,DCkW,kWTotalLosses,kWInvLosses,kWIdlingLosses,kWChDchLosses,"kWh Chng",InvEff,InverterON,Vref,"Vavg (DRC)","VV Oper","VW Oper","DRC Oper","VV_DRC Oper","WP Oper","WV Oper",kWDesired,"kW VW Limit","Limit kWOut Function","kVA Exceeded","Grid voltage",di/dt,it,"it History","Rated VDC","Avg duty cycle","Target (Amps)","Series L","Max. Amps (phase)"
1, 0.00000, 11.6637, 1, 0.000013563, 0, -2.18489, 0.000013563, 7.13843E-7, 0, 0, 7.13843E-7, -6.99825, 1, 1, 9999, 9999, 9999, 9999, 9999, 9999, 9999, 9999, 2.41794E-18, 9999, 4.6655, 0, 0, 0, 0, 0, 8000, 0, 0, 0, 0
2, 0.00000, 11.6637, 1, 0.0000934431, 0, 1.80387, 0.0000934431, 4.91806E-6, 0, 0, 4.91806E-6, -0.0000142769, 1, 1, 9999, 9999, 9999, 9999, 9999, 9999, 9999, 9999, 4.4821E-18, 9999, 4.6655, 0, 0, 0, 0, 0, 8000, 0, 0, 0, 0
3, 0.00000, 11.6636, 1, 1.79733, 0, 3.0945, 1.79733, 0.0945962, 0, 0, 0.0945962, -0.0000983612, 1, 1, 9999, 9999, 9999, 9999, 9999, 9999, 9999, 9999, 1.7972, 9999, 4.6655, 0, 0, 0, 0, 0, 8000, 0, 0, 0, 0
4, 0.00000, 9.77171, 1, 3.96468, 0, 3.09476, 3.96468, 0.208667, 0, 0, 0.208667, -1.89192, 1, 1, 9999, 9999, 9999, 9999, 9999, 9999, 9999, 9999, 3.9647, 9999, 4.6655, 0, 0, 0, 0, 0, 8000, 0, 0, 0, 0
5, 0.00000, 5.5986, 0, 0, 0.000143335, 2.50647, -0.000143335, 0.000143335, 0, 0.000143335, 0, -4.17311, 1, 1, 9999, 9999, 9999, 9999, 9999, 9999, 9999, 9999, 1.18476E-17, 9999, 4.6655, 0, 0, 0, 0, 0, 8000, 0, 0, 0, 0
