hour,t(sec),kWh,State,kWOut,kWIn,kvarOut,DCkW,kWTotalLosses,kWInvLosses,kWIdlingLosses,kWChDchLosses,"kWh Chng",InvEff,InverterON,Vref,"Vavg (DRC)","VV Oper","VW Oper","DRC Oper","VV_DRC Oper","WP Oper","WV Oper",kWDesired,"kW VW Limit","Limit kWOut Function","kVA Exceeded","Grid voltage",di/dt,it,"it History","Rated VDC","Avg duty cycle","Target (Amps)","Series L","Max. Amps (phase)"
1, 0.00000, 5.83362, 0, 0, 0.0000161576, 1.54779, -0.0000161576, 0.0000161576, 0, 0.0000161576, 0, -3.50017, 1, 1, 9999, 9999, 9999, 9999, 9999, 9999, 9999, 9999, 0, 9999, 2.3335, 0, 0, 0, 0, 0, 8000, 0, 0, 0, 0
2, 0.00000, 5.83362, 0, 0, 0.0000401723, 1.54782, -0.0000401723, 0.0000401723, 0, 0.0000401723, 0, 0, 1, 1, 9999, 9999, 9999, 9999, 9999, 9999, 9999, 9999, 0, 9999, 2.3335, 0, 0, 0, 0, 0, 8000, 0, 0, 0, 0
3, 0.00000, 5.83362, 1, 0.433548, 0, 1.54774, 0.433548, 0.0228183, 0, 0, 0.0228183, 0, 1, 1, 9999, 9999, 9999, 9999, 9999, 9999, 9999, 9999, 0.433494, 9999, 2.3335, 0, 0, 0, 0, 0, 8000, 0, 0, 0, 0
4, 0.00000, 5.37726, 1, 0.652508, 0, 1.54774, 0.652508, 0.0343425, 0, 0, 0.0343425, -0.456366, 1, 1, 9999, 9999, 9999, 9999, 9999, 9999, 9999, 9999, 0.652447, 9999, 2.3335, 0, 0, 0, 0, 0, 8000, 0, 0, 0, 0
5, 0.00000, 4.69041, 1, 0.755662, 0, 1.54779, 0.755662, 0.0397717, 0, 0, 0.0397717, -0.68685, 1, 1, 9999, 9999, 9999, 9999, 9999, 9999, 9999, 9999, 0.755657, 9999, 2.3335, 0, 0, 0, 0, 0, 8000, 0, 0, 0, 0
6, 0.00000, 3.89497, 1, 0.112976, 0, 1.54786, 0.112976, 0.00594612, 0, 0, 0.00594612, -0.795434, 1, 1, 9999, 9999, 9999, 9999, 9999, 9999, 9999, 9999, 0.113074, 9999, 2.3335, 0, 0, 0, 0, 0, 8000, 0, 0, 0, 0
7, 0.00000, 3.77605, 1, 0.191721, 0, 1.5478, 0.191721, 0.0100906, 0, 0, 0.0100906, -0.118922, 1, 1, 9999, 9999, 9999, 9999, 9999, 9999, 9999, 9999, 0.19173, 9999, 2.3335, 0, 0, 0, 0, 0, 8000, 0, 0, 0, 0
8, 0.00000, 3.57424, 1, 0.735556, 0, 1.5477, 0.735556, 0.0387135, 0, 0, 0.0387135, -0.201812, 1, 1, 9999, 9999, 9999, 9999, 9999, 9999, 9999, 9999, 0.735473, 9999, 2.3335, 0, 0, 0, 0, 0, 8000, 0, 0, 0, 0
