hour,t(sec),kWh,State,kWOut,kWIn,kvarOut,DCkW,kWTotalLosses,kWInvLosses,kWIdlingLosses,kWChDchLosses,"kWh Chng",InvEff,InverterON,Vref,"Vavg (DRC)","VV Oper","VW Oper","DRC Oper","VV_DRC Oper","WP Oper","WV Oper",kWDesired,"kW VW Limit","Limit kWOut Function","kVA Exceeded","Grid voltage",di/dt,it,"it History","Rated VDC","Avg duty cycle","Target (Amps)","Series L","Max. Amps (phase)"
1, 0.00000, 21.875, 1, 8.95832E-6, 0, 1.06729, 8.95832E-6, 4.71491E-7, 0, 0, 4.71491E-7, -13.125, 1, 1, 9999, 9999, 9999, 9999, 9999, 9999, 9999, 9999, 1.92124E-18, 9999, 8.75, 0, 0, 0, 0, 0, 8000, 0, 0, 0, 0
2, 0.00000, 21.875, -1, 0, 0.0000918461, 3.96757, -0.0000918461, 4.59231E-6, 0, 0, 4.59231E-6, -9.42981E-6, 1, 1, 9999, 9999, 9999, 9999, 9999, 9999, 9999, 9999, -9.30038E-19, 9999, 8.75, 0, 0, 0, 0, 0, 8000, 0, 0, 0, 0
3, 0.00000, 21.8751, 1, 1.58644, 0, 5.66058, 1.58644, 0.083497, 0, 0, 0.083497, 0.0000872538, 1, 1, 9999, 9999, 9999, 9999, 9999, 9999, 9999, 9999, 1.58629, 9999, 8.75, 0, 0, 0, 0, 0, 8000, 0, 0, 0, 0
4, 0.00000, 20.2051, 1, 2.40172, 0, 5.80388, 2.40172, 0.126406, 0, 0, 0.126406, -1.66994, 1, 1, 9999, 9999, 9999, 9999, 9999, 9999, 9999, 9999, 2.40153, 9999, 8.75, 0, 0, 0, 0, 0, 8000, 0, 0, 0, 0
5, 0.00000, 17.677, 1, 2.60699, 0, 5.80407, 2.60699, 0.13721, 0, 0, 0.13721, -2.52813, 1, 1, 9999, 9999, 9999, 9999, 9999, 9999, 9999, 9999, 2.60698, 9999, 8.75, 0, 0, 0, 0, 0, 8000, 0, 0, 0, 0
6, 0.00000, 14.9328, 1, 0.27658, 0, 5.8043, 0.27658, 0.0145569, 0, 0, 0.0145569, -2.7442, 1, 1, 9999, 9999, 9999, 9999, 9999, 9999, 9999, 9999, 0.276902, 9999, 8.75, 0, 0, 0, 0, 0, 8000, 0, 0, 0, 0
7, 0.00000, 14.6417, 1, 0.624145, 0, 5.8041, 0.624145, 0.0328498, 0, 0, 0.0328498, -0.291137, 1, 1, 9999, 9999, 9999, 9999, 9999, 9999, 9999, 9999, 0.624173, 9999, 8.75, 0, 0, 0, 0, 0, 8000, 0, 0, 0, 0
8, 0.00000, 13.9847, 1, 2.58983, 0, 5.80376, 2.58983, 0.136307, 0, 0, 0.136307, -0.656995, 1, 1, 9999, 9999, 9999, 9999, 9999, 9999, 9999, 9999, 2.58956, 9999, 8.75, 0, 0, 0, 0, 0, 8000, 0, 0, 0, 0
