hour,t(sec),kWh,State,kWOut,kWIn,kvarOut,DCkW,kWTotalLosses,kWInvLosses,kWIdlingLosses,kWChDchLosses,"kWh Chng",InvEff,InverterON,Vref,"Vavg (DRC)","VV Oper","VW Oper","DRC Oper","VV_DRC Oper","WP Oper","WV Oper",kWDesired,"kW VW Limit","Limit kWOut Function","kVA Exceeded","Grid voltage",di/dt,it,"it History","Rated VDC","Avg duty cycle","Target (Amps)","Series L","Max. Amps (phase)"
1, 0.00000, 11.6637, 1, 2.30783E-6, 0, -3.09471, 2.30783E-6, 1.21465E-7, 0, 0, 1.21465E-7, -6.99825, 1, 1, 9999, 9999, 9999, 9999, 9999, 9999, 9999, 9999, 6.34648E-18, 9999, 4.6655, 0, 0, 0, 0, 0, 8000, 0, 0, 0, 0
2, 0.00000, 11.6637, -1, 0, 0.0000807257, -3.0947, -0.0000807257, 4.03628E-6, 0, 0, 4.03628E-6, -2.42929E-6, 1, 1, 9999, 9999, 9999, 9999, 9999, 9999, 9999, 9999, -3.1333E-18, 9999, 4.6655, 0, 0, 0, 0, 0, 8000, 0, 0, 0, 0
3, 0.00000, 11.6638, 1, 1.01647, 0, -3.09472, 1.01647, 0.0534984, 0, 0, 0.0534984, 0.0000766894, 1, 1, 9999, 9999, 9999, 9999, 9999, 9999, 9999, 9999, 1.01666, 9999, 4.6655, 0, 0, 0, 0, 0, 8000, 0, 0, 0, 0
4, 0.00000, 10.5939, 1, 1.52545, 0, -3.09473, 1.52545, 0.0802867, 0, 0, 0.0802867, -1.06997, 1, 1, 9999, 9999, 9999, 9999, 9999, 9999, 9999, 9999, 1.52557, 9999, 4.6655, 0, 0, 0, 0, 0, 8000, 0, 0, 0, 0
5, 0.00000, 8.98812, 1, 1.84539, 0, -3.09469, 1.84539, 0.097126, 0, 0, 0.097126, -1.60573, 1, 1, 9999, 9999, 9999, 9999, 9999, 9999, 9999, 9999, 1.84535, 9999, 4.6655, 0, 0, 0, 0, 0, 8000, 0, 0, 0, 0
6, 0.00000, 7.0456, 1, 0.604613, 0, -3.0947, 0.604613, 0.0318217, 0, 0, 0.0318217, -1.94252, 1, 1, 9999, 9999, 9999, 9999, 9999, 9999, 9999, 9999, 0.604509, 9999, 4.6655, 0, 0, 0, 0, 0, 8000, 0, 0, 0, 0
7, 0.00000, 6.40917, 1, 0.769654, 0, -3.0947, 0.769654, 0.0405081, 0, 0, 0.0405081, -0.636435, 1, 1, 9999, 9999, 9999, 9999, 9999, 9999, 9999, 9999, 0.769761, 9999, 4.6655, 0, 0, 0, 0, 0, 8000, 0, 0, 0, 0
