hour,t(sec),kWh,State,kWOut,kWIn,kvarOut,DCkW,kWTotalLosses,kWInvLosses,kWIdlingLosses,kWChDchLosses,"kWh Chng",InvEff,InverterON,Vref,"Vavg (DRC)","VV Oper","VW Oper","DRC Oper","VV_DRC Oper","WP Oper","WV Oper",kWDesired,"kW VW Limit","Limit kWOut Function","kVA Exceeded","Grid voltage",di/dt,it,"it History","Rated VDC","Avg duty cycle","Target (Amps)","Series L","Max. Amps (phase)"
1, 0.00000, 5.83362, 1, 1.43941E-6, 0, 1.5478, 1.43941E-6, 7.57586E-8, 0, 0, 7.57586E-8, -3.50017, 1, 1, 9999, 9999, 9999, 9999, 9999, 9999, 9999, 9999, 1.67426E-19, 9999, 2.3335, 0, 0, 0, 0, 0, 8000, 0, 0, 0, 0
2, 0.00000, 5.83362, 0, 0, 0.0000197933, 1.54778, -0.0000197933, 0.0000197933, 0, 0.0000197933, 0, -1.51517E-6, 1, 1, 9999, 9999, 9999, 9999, 9999, 9999, 9999, 9999, 0, 9999, 2.3335, 0, 0, 0, 0, 0, 8000, 0, 0, 0, 0
3, 0.00000, 5.83362, 0, 0, 6.66459E-6, 1.5478, -6.66459E-6, 6.66459E-6, 0, 6.66459E-6, 0, 0, 1, 1, 9999, 9999, 9999, 9999, 9999, 9999, 9999, 9999, 0, 9999, 2.3335, 0, 0, 0, 0, 0, 8000, 0, 0, 0, 0
4, 0.00000, 5.83362, 1, 0.509277, 0, 1.54775, 0.509277, 0.0268041, 0, 0, 0.0268041, 0, 1, 1, 9999, 9999, 9999, 9999, 9999, 9999, 9999, 9999, 0.50924, 9999, 2.3335, 0, 0, 0, 0, 0, 8000, 0, 0, 0, 0
5, 0.00000, 5.29754, 1, 1.53736, 0, 1.54781, 1.53736, 0.0809134, 0, 0, 0.0809134, -0.536081, 1, 1, 9999, 9999, 9999, 9999, 9999, 9999, 9999, 9999, 1.53736, 9999, 2.3335, 0, 0, 0, 0, 0, 8000, 0, 0, 0, 0
6, 0.00000, 3.67927, 1, 0.0000520431, 0, 1.54784, 0.0000520431, 2.73911E-6, 0, 0, 2.73911E-6, -1.61827, 1, 1, 9999, 9999, 9999, 9999, 9999, 9999, 9999, 9999, 5.79571E-20, 9999, 2.3335, 0, 0, 0, 0, 0, 8000, 0, 0, 0, 0
7, 0.00000, 3.67922, 0, 0, 0.0000160924, 1.54779, -0.0000160924, 0.0000160924, 0, 0.0000160924, 0, -0.0000547822, 1, 1, 9999, 9999, 9999, 9999, 9999, 9999, 9999, 9999, 0, 9999, 2.3335, 0, 0, 0, 0, 0, 8000, 0, 0, 0, 0
