hour,t(sec),kWh,State,kWOut,kWIn,kvarOut,DCkW,kWTotalLosses,kWInvLosses,kWIdlingLosses,kWChDchLosses,"kWh Chng",InvEff,InverterON,Vref,"Vavg (DRC)","VV Oper","VW Oper","DRC Oper","VV_DRC Oper","WP Oper","WV Oper",kWDesired,"kW VW Limit","Limit kWOut Function","kVA Exceeded","Grid voltage",di/dt,it,"it History","Rated VDC","Avg duty cycle","Target (Amps)","Series L","Max. Amps (phase)"
1, 0.00000, 21.875, 1, 2.49226, 0, 5.65244, 2.49226, 0.131172, 0, 0, 0.131172, -13.125, 1, 1, 9999, 9999, 9999, 9999, 9999, 9999, 9999, 9999, 2.49226, 9999, 8.75, 0, 0, 0, 0, 0, 8000, 0, 0, 0, 0
2, 0.00000, 19.2516, 1, 3.0809, 0, 5.80371, 3.0809, 0.162153, 0, 0, 0.162153, -2.62343, 1, 1, 9999, 9999, 9999, 9999, 9999, 9999, 9999, 9999, 3.08061, 9999, 8.75, 0, 0, 0, 0, 0, 8000, 0, 0, 0, 0
3, 0.00000, 16.0085, 1, 3.27404, 0, 5.80415, 3.27404, 0.172318, 0, 0, 0.172318, -3.24305, 1, 1, 9999, 9999, 9999, 9999, 9999, 9999, 9999, 9999, 3.27408, 9999, 8.75, 0, 0, 0, 0, 0, 8000, 0, 0, 0, 0
4, 0.00000, 12.5622, 1, 1.1765, 0, 5.80427, 1.1765, 0.0619211, 0, 0, 0.0619211, -3.44636, 1, 1, 9999, 9999, 9999, 9999, 9999, 9999, 9999, 9999, 1.1767, 9999, 8.75, 0, 0, 0, 0, 0, 8000, 0, 0, 0, 0
