hour,t(sec),kWh,State,kWOut,kWIn,kvarOut,DCkW,kWTotalLosses,kWInvLosses,kWIdlingLosses,kWChDchLosses,"kWh Chng",InvEff,InverterON,Vref,"Vavg (DRC)","VV Oper","VW Oper","DRC Oper","VV_DRC Oper","WP Oper","WV Oper",kWDesired,"kW VW Limit","Limit kWOut Function","kVA Exceeded","Grid voltage",di/dt,it,"it History","Rated VDC","Avg duty cycle","Target (Amps)","Series L","Max. Amps (phase)"
1, 0.00000, 5.83362, -1, 0, 2.52183E-6, 1.5478, -2.52183E-6, 1.26092E-7, 0, 0, 1.26092E-7, -3.50017, 1, 1, 9999, 9999, 9999, 9999, 9999, 9999, 9999, 9999, -3.12199E-20, 9999, 2.3335, 0, 0, 0, 0, 0, 8000, 0, 0, 0, 0
2, 0.00000, 5.83363, 1, 8.23627E-6, 0, 1.5478, 8.23627E-6, 4.33488E-7, 0, 0, 4.33488E-7, 2.39574E-6, 1, 1, 9999, 9999, 9999, 9999, 9999, 9999, 9999, 9999, 5.35305E-20, 9999, 2.3335, 0, 0, 0, 0, 0, 8000, 0, 0, 0, 0
3, 0.00000, 5.83362, 1, 0.000025519, 0, 1.54778, 0.000025519, 1.34311E-6, 0, 0, 1.34311E-6, -8.66976E-6, 1, 1, 9999, 9999, 9999, 9999, 9999, 9999, 9999, 9999, 5.05226E-21, 9999, 2.3335, 0, 0, 0, 0, 0, 8000, 0, 0, 0, 0
4, 0.00000, 5.83359, 1, 0.257556, 0, 1.54777, 0.257556, 0.0135556, 0, 0, 0.0135556, -0.0000268621, 1, 1, 9999, 9999, 9999, 9999, 9999, 9999, 9999, 9999, 0.257525, 9999, 2.3335, 0, 0, 0, 0, 0, 8000, 0, 0, 0, 0
5, 0.00000, 5.56248, 1, 1.19632, 0, 1.54779, 1.19632, 0.062964, 0, 0, 0.062964, -0.271112, 1, 1, 9999, 9999, 9999, 9999, 9999, 9999, 9999, 9999, 1.19632, 9999, 2.3335, 0, 0, 0, 0, 0, 8000, 0, 0, 0, 0
6, 0.00000, 4.3032, 0, 0, 0.0000570329, 1.54785, -0.0000570329, 0.0000570329, 0, 0.0000570329, 0, -1.25928, 1, 1, 9999, 9999, 9999, 9999, 9999, 9999, 9999, 9999, 0, 9999, 2.3335, 0, 0, 0, 0, 0, 8000, 0, 0, 0, 0
7, 0.00000, 4.3032, 1, 1.40545E-6, 0, 1.5478, 1.40545E-6, 7.39708E-8, 0, 0, 7.39708E-8, 0, 1, 1, 9999, 9999, 9999, 9999, 9999, 9999, 9999, 9999, 1.68927E-21, 9999, 2.3335, 0, 0, 0, 0, 0, 8000, 0, 0, 0, 0
8, 0.00000, 4.3032, 1, 0.597437, 0, 1.54773, 0.597437, 0.0314441, 0, 0, 0.0314441, -1.47942E-6, 1, 1, 9999, 9999, 9999, 9999, 9999, 9999, 9999, 9999, 0.597399, 9999, 2.3335, 0, 0, 0, 0, 0, 8000, 0, 0, 0, 0
