hour,t(sec),kWh,State,kWOut,kWIn,kvarOut,DCkW,kWTotalLosses,kWInvLosses,kWIdlingLosses,kWChDchLosses,"kWh Chng",InvEff,InverterON,Vref,"Vavg (DRC)","VV Oper","VW Oper","DRC Oper","VV_DRC Oper","WP Oper","WV Oper",kWDesired,"kW VW Limit","Limit kWOut Function","kVA Exceeded","Grid voltage",di/dt,it,"it History","Rated VDC","Avg duty cycle","Target (Amps)","Series L","Max. Amps (phase)"
1, 0.00000, 11.6637, -1, 0, 0.0000321714, 3.09471, -0.0000321714, 1.60857E-6, 0, 0, 1.60857E-6, -6.99825, 1, 1, 9999, 9999, 9999, 9999, 9999, 9999, 9999, 9999, -1.21896E-18, 9999, 4.6655, 0, 0, 0, 0, 0, 8000, 0, 0, 0, 0
2, 0.00000, 11.6638, 1, 1.15431, 0, 3.09463, 1.15431, 0.0607531, 0, 0, 0.0607531, 0.0000305628, 1, 1, 9999, 9999, 9999, 9999, 9999, 9999, 9999, 9999, 1.15424, 9999, 4.6655, 0, 0, 0, 0, 0, 8000, 0, 0, 0, 0
3, 0.00000, 10.4487, 1, 1.49098, 0, 3.09467, 1.49098, 0.0784724, 0, 0, 0.0784724, -1.21506, 1, 1, 9999, 9999, 9999, 9999, 9999, 9999, 9999, 9999, 1.49095, 9999, 4.6655, 0, 0, 0, 0, 0, 8000, 0, 0, 0, 0
4, 0.00000, 8.87927, 1, 1.66847, 0, 3.09472, 1.66847, 0.087814, 0, 0, 0.087814, -1.56945, 1, 1, 9999, 9999, 9999, 9999, 9999, 9999, 9999, 9999, 1.66848, 9999, 4.6655, 0, 0, 0, 0, 0, 8000, 0, 0, 0, 0
5, 0.00000, 7.12299, 1, 0.635922, 0, 3.09473, 0.635922, 0.0334696, 0, 0, 0.0334696, -1.75628, 1, 1, 9999, 9999, 9999, 9999, 9999, 9999, 9999, 9999, 0.635954, 9999, 4.6655, 0, 0, 0, 0, 0, 8000, 0, 0, 0, 0
6, 0.00000, 6.4536, 1, 0.812294, 0, 3.09467, 0.812294, 0.0427523, 0, 0, 0.0427523, -0.669392, 1, 1, 9999, 9999, 9999, 9999, 9999, 9999, 9999, 9999, 0.812264, 9999, 4.6655, 0, 0, 0, 0, 0, 8000, 0, 0, 0, 0
