hour,t(sec),kWh,State,kWOut,kWIn,kvarOut,DCkW,kWTotalLosses,kWInvLosses,kWIdlingLosses,kWChDchLosses,"kWh Chng",InvEff,InverterON,Vref,"Vavg (DRC)","VV Oper","VW Oper","DRC Oper","VV_DRC Oper","WP Oper","WV Oper",kWDesired,"kW VW Limit","Limit kWOut Function","kVA Exceeded","Grid voltage",di/dt,it,"it History","Rated VDC","Avg duty cycle","Target (Amps)","Series L","Max. Amps (phase)"
1, 0.00000, 11.6637, 1, 0.842985, 0, 3.09462, 0.842985, 0.0443676, 0, 0, 0.0443676, -6.99825, 1, 1, 9999, 9999, 9999, 9999, 9999, 9999, 9999, 9999, 0.842916, 9999, 4.6655, 0, 0, 0, 0, 0, 8000, 0, 0, 0, 0
2, 0.00000, 10.7764, 1, 2.04587, 0, 3.09446, 2.04587, 0.107678, 0, 0, 0.107678, -0.887353, 1, 1, 9999, 9999, 9999, 9999, 9999, 9999, 9999, 9999, 2.04573, 9999, 4.6655, 0, 0, 0, 0, 0, 8000, 0, 0, 0, 0
3, 0.00000, 8.62284, 1, 2.87329, 0, 3.09473, 2.87329, 0.151226, 0, 0, 0.151226, -2.15355, 1, 1, 9999, 9999, 9999, 9999, 9999, 9999, 9999, 9999, 2.87329, 9999, 4.6655, 0, 0, 0, 0, 0, 8000, 0, 0, 0, 0
