hour,t(sec),kWh,State,kWOut,kWIn,kvarOut,DCkW,kWTotalLosses,kWInvLosses,kWIdlingLosses,kWChDchLosses,"kWh Chng",InvEff,InverterON,Vref,"Vavg (DRC)","VV Oper","VW Oper","DRC Oper","VV_DRC Oper","WP Oper","WV Oper",kWDesired,"kW VW Limit","Limit kWOut Function","kVA Exceeded","Grid voltage",di/dt,it,"it History","Rated VDC","Avg duty cycle","Target (Amps)","Series L","Max. Amps (phase)"
1, 0.00000, 11.6637, -1, 0, 1.81004E-6, 3.0947, -1.81004E-6, 9.0502E-8, 0, 0, 9.0502E-8, -6.99825, 1, 1, 9999, 9999, 9999, 9999, 9999, 9999, 9999, 9999, -9.90906E-20, 9999, 4.6655, 0, 0, 0, 0, 0, 8000, 0, 0, 0, 0
2, 0.00000, 11.6638, 1, 1.05186, 0, 3.09467, 1.05186, 0.0553611, 0, 0, 0.0553611, 1.71954E-6, 1, 1, 9999, 9999, 9999, 9999, 9999, 9999, 9999, 9999, 1.05184, 9999, 4.6655, 0, 0, 0, 0, 0, 8000, 0, 0, 0, 0
3, 0.00000, 10.5565, 1, 1.98456, 0, 3.09471, 1.98456, 0.104451, 0, 0, 0.104451, -1.10722, 1, 1, 9999, 9999, 9999, 9999, 9999, 9999, 9999, 9999, 1.98456, 9999, 4.6655, 0, 0, 0, 0, 0, 8000, 0, 0, 0, 0
4, 0.00000, 8.46752, 1, 0.0000190757, 0, 3.09471, 0.0000190757, 1.00399E-6, 0, 0, 1.00399E-6, -2.08901, 1, 1, 9999, 9999, 9999, 9999, 9999, 9999, 9999, 9999, 1.45783E-19, 9999, 4.6655, 0, 0, 0, 0, 0, 8000, 0, 0, 0, 0
