hour,t(sec),kWh,State,kWOut,kWIn,kvarOut,DCkW,kWTotalLosses,kWInvLosses,kWIdlingLosses,kWChDchLosses,"kWh Chng",InvEff,InverterON,Vref,"Vavg (DRC)","VV Oper","VW Oper","DRC Oper","VV_DRC Oper","WP Oper","WV Oper",kWDesired,"kW VW Limit","Limit kWOut Function","kVA Exceeded","Grid voltage",di/dt,it,"it History","Rated VDC","Avg duty cycle","Target (Amps)","Series L","Max. Amps (phase)"
1, 0.00000, 11.6637, -1, 0, 1.2619, -3.09476, -1.2619, 0.0630949, 0, 0, 0.0630949, -6.99825, 1, 1, 9999, 9999, 9999, 9999, 9999, 9999, 9999, 9999, -1.26202, 9999, 4.6655, 0, 0, 0, 0, 0, 8000, 0, 0, 0, 0
2, 0.00000, 12.8626, -1, 0, 0.000166622, -3.09466, -0.000166622, 8.33111E-6, 0, 0, 8.33111E-6, 1.1988, 1, 1, 9999, 9999, 9999, 9999, 9999, 9999, 9999, 9999, -2.4367E-19, 9999, 4.6655, 0, 0, 0, 0, 0, 8000, 0, 0, 0, 0
3, 0.00000, 12.8627, -1, 0, 0.000106201, -3.09471, -0.000106201, 5.31003E-6, 0, 0, 5.31003E-6, 0.000158291, 1, 1, 9999, 9999, 9999, 9999, 9999, 9999, 9999, 9999, -1.07395E-19, 9999, 4.6655, 0, 0, 0, 0, 0, 8000, 0, 0, 0, 0
4, 0.00000, 12.8628, 0, 0, 0.000142956, -3.09469, -0.000142956, 0.000142956, 0, 0.000142956, 0, 0.000100891, 1, 1, 9999, 9999, 9999, 9999, 9999, 9999, 9999, 9999, 0, 9999, 4.6655, 0, 0, 0, 0, 0, 8000, 0, 0, 0, 0
5, 0.00000, 12.8628, 1, 0.8666, 0, -3.09473, 0.8666, 0.0456105, 0, 0, 0.0456105, 0, 1, 1, 9999, 9999, 9999, 9999, 9999, 9999, 9999, 9999, 0.866803, 9999, 4.6655, 0, 0, 0, 0, 0, 8000, 0, 0, 0, 0
6, 0.00000, 11.9506, 1, 1.61066, 0, -3.09469, 1.61066, 0.0847716, 0, 0, 0.0847716, -0.91221, 1, 1, 9999, 9999, 9999, 9999, 9999, 9999, 9999, 9999, 1.61062, 9999, 4.6655, 0, 0, 0, 0, 0, 8000, 0, 0, 0, 0
7, 0.00000, 10.2552, -1, 0, 0.000264135, -3.09472, -0.000264135, 0.0000132068, 0, 0, 0.0000132068, -1.69543, 1, 1, 9999, 9999, 9999, 9999, 9999, 9999, 9999, 9999, -1.8265E-18, 9999, 4.6655, 0, 0, 0, 0, 0, 8000, 0, 0, 0, 0
8, 0.00000, 10.2554, 1, 0.000125204, 0, -3.0947, 0.000125204, 6.58968E-6, 0, 0, 6.58968E-6, 0.000250929, 1, 1, 9999, 9999, 9999, 9999, 9999, 9999, 9999, 9999, 1.13955E-18, 9999, 4.6655, 0, 0, 0, 0, 0, 8000, 0, 0, 0, 0
9, 0.00000, 10.2553, 1, 1.1249, 0, -3.09472, 1.1249, 0.0592052, 0, 0, 0.0592052, -0.000131794, 1, 1, 9999, 9999, 9999, 9999, 9999, 9999, 9999, 9999, 1.12504, 9999, 4.6655, 0, 0, 0, 0, 0, 8000, 0, 0, 0, 0
