hour,t(sec),kWh,State,kWOut,kWIn,kvarOut,DCkW,kWTotalLosses,kWInvLosses,kWIdlingLosses,kWChDchLosses,"kWh Chng",InvEff,InverterON,Vref,"Vavg (DRC)","VV Oper","VW Oper","DRC Oper","VV_DRC Oper","WP Oper","WV Oper",kWDesired,"kW VW Limit","Limit kWOut Function","kVA Exceeded","Grid voltage",di/dt,it,"it History","Rated VDC","Avg duty cycle","Target (Amps)","Series L","Max. Amps (phase)"
1, 0.00000, 11.6637, -1, 0, 0.0000243163, 3.09469, -0.0000243163, 1.21581E-6, 0, 0, 1.21581E-6, -6.99825, 1, 1, 9999, 9999, 9999, 9999, 9999, 9999, 9999, 9999, -2.13503E-18, 9999, 4.6655, 0, 0, 0, 0, 0, 8000, 0, 0, 0, 0
2, 0.00000, 11.6638, 1, 0.801639, 0, 3.09453, 0.801639, 0.0421915, 0, 0, 0.0421915, 0.0000231005, 1, 1, 9999, 9999, 9999, 9999, 9999, 9999, 9999, 9999, 0.80144, 9999, 4.6655, 0, 0, 0, 0, 0, 8000, 0, 0, 0, 0
3, 0.00000, 10.8199, 1, 2.2874, 0, 3.09471, 2.2874, 0.120389, 0, 0, 0.120389, -0.843831, 1, 1, 9999, 9999, 9999, 9999, 9999, 9999, 9999, 9999, 2.2874, 9999, 4.6655, 0, 0, 0, 0, 0, 8000, 0, 0, 0, 0
