hour,t(sec),kWh,State,kWOut,kWIn,kvarOut,DCkW,kWTotalLosses,kWInvLosses,kWIdlingLosses,kWChDchLosses,"kWh Chng",InvEff,InverterON,Vref,"Vavg (DRC)","VV Oper","VW Oper","DRC Oper","VV_DRC Oper","WP Oper","WV Oper",kWDesired,"kW VW Limit","Limit kWOut Function","kVA Exceeded","Grid voltage",di/dt,it,"it History","Rated VDC","Avg duty cycle","Target (Amps)","Series L","Max. Amps (phase)"
1, 0.00000, 11.6637, -1, 0, 6.62746E-6, 3.09469, -6.62746E-6, 3.31373E-7, 0, 0, 3.31373E-7, -6.99825, 1, 1, 9999, 9999, 9999, 9999, 9999, 9999, 9999, 9999, -7.64069E-35, 9999, 4.6655, 0, 0, 0, 0, 0, 8000, 0, 0, 0, 0
2, 0.00000, 11.6638, 1, 0.0489223, 0, 3.09462, 0.0489223, 0.00257486, 0, 0, 0.00257486, 6.29609E-6, 1, 1, 9999, 9999, 9999, 9999, 9999, 9999, 9999, 9999, 0.0488151, 9999, 4.6655, 0, 0, 0, 0, 0, 8000, 0, 0, 0, 0
3, 0.00000, 11.6123, 1, 0.568199, 0, 3.09471, 0.568199, 0.0299052, 0, 0, 0.0299052, -0.0514972, 1, 1, 9999, 9999, 9999, 9999, 9999, 9999, 9999, 9999, 0.568211, 9999, 4.6655, 0, 0, 0, 0, 0, 8000, 0, 0, 0, 0
4, 0.00000, 11.0142, -1, 0, 0.000071736, 3.09476, -0.000071736, 3.5868E-6, 0, 0, 3.5868E-6, -0.598104, 1, 1, 9999, 9999, 9999, 9999, 9999, 9999, 9999, 9999, -7.47226E-19, 9999, 4.6655, 0, 0, 0, 0, 0, 8000, 0, 0, 0, 0
