hour,t(sec),kWh,State,kWOut,kWIn,kvarOut,DCkW,kWTotalLosses,kWInvLosses,kWIdlingLosses,kWChDchLosses,"kWh Chng",InvEff,InverterON,Vref,"Vavg (DRC)","VV Oper","VW Oper","DRC Oper","VV_DRC Oper","WP Oper","WV Oper",kWDesired,"kW VW Limit","Limit kWOut Function","kVA Exceeded","Grid voltage",di/dt,it,"it History","Rated VDC","Avg duty cycle","Target (Amps)","Series L","Max. Amps (phase)"
1, 0.00000, 21.875, -1, 0, 0.0000409164, -1.32652, -0.0000409164, 2.04582E-6, 0, 0, 2.04582E-6, -13.125, 1, 1, 9999, 9999, 9999, 9999, 9999, 9999, 9999, 9999, -1.50465E-33, 9999, 8.75, 0, 0, 0, 0, 0, 8000, 0, 0, 0, 0
2, 0.00000, 21.875, 1, 0.0000435878, 0, 1.06257, 0.0000435878, 2.2941E-6, 0, 0, 2.2941E-6, 0.0000388706, 1, 1, 9999, 9999, 9999, 9999, 9999, 9999, 9999, 9999, 2.57696E-18, 9999, 8.75, 0, 0, 0, 0, 0, 8000, 0, 0, 0, 0
3, 0.00000, 21.875, 1, 0.000103147, 0, 3.95604, 0.000103147, 5.4288E-6, 0, 0, 5.4288E-6, -0.0000458819, 1, 1, 9999, 9999, 9999, 9999, 9999, 9999, 9999, 9999, 2.36381E-19, 9999, 8.75, 0, 0, 0, 0, 0, 8000, 0, 0, 0, 0
4, 0.00000, 21.8749, 1, 1.61297, 0, 5.66556, 1.61297, 0.0848934, 0, 0, 0.0848934, -0.000108576, 1, 1, 9999, 9999, 9999, 9999, 9999, 9999, 9999, 9999, 1.6128, 9999, 8.75, 0, 0, 0, 0, 0, 8000, 0, 0, 0, 0
5, 0.00000, 20.177, 1, 2.35809, 0, 5.80385, 2.35809, 0.12411, 0, 0, 0.12411, -1.69787, 1, 1, 9999, 9999, 9999, 9999, 9999, 9999, 9999, 9999, 2.35786, 9999, 8.75, 0, 0, 0, 0, 0, 8000, 0, 0, 0, 0
6, 0.00000, 17.6948, 1, 2.55706, 0, 5.80415, 2.55706, 0.134582, 0, 0, 0.134582, -2.4822, 1, 1, 9999, 9999, 9999, 9999, 9999, 9999, 9999, 9999, 2.5571, 9999, 8.75, 0, 0, 0, 0, 0, 8000, 0, 0, 0, 0
7, 0.00000, 15.0032, 1, 0.338128, 0, 5.80428, 0.338128, 0.0177962, 0, 0, 0.0177962, -2.69165, 1, 1, 9999, 9999, 9999, 9999, 9999, 9999, 9999, 9999, 0.338494, 9999, 8.75, 0, 0, 0, 0, 0, 8000, 0, 0, 0, 0
8, 0.00000, 14.6472, 1, 0.67643, 0, 5.80402, 0.67643, 0.0356016, 0, 0, 0.0356016, -0.355924, 1, 1, 9999, 9999, 9999, 9999, 9999, 9999, 9999, 9999, 0.676261, 9999, 8.75, 0, 0, 0, 0, 0, 8000, 0, 0, 0, 0
9, 0.00000, 13.9352, 1, 2.54053, 0, 5.80391, 2.54053, 0.133712, 0, 0, 0.133712, -0.712032, 1, 1, 9999, 9999, 9999, 9999, 9999, 9999, 9999, 9999, 2.54039, 9999, 8.75, 0, 0, 0, 0, 0, 8000, 0, 0, 0, 0
