hour,t(sec),kWh,State,kWOut,kWIn,kvarOut,DCkW,kWTotalLosses,kWInvLosses,kWIdlingLosses,kWChDchLosses,"kWh Chng",InvEff,InverterON,Vref,"Vavg (DRC)","VV Oper","VW Oper","DRC Oper","VV_DRC Oper","WP Oper","WV Oper",kWDesired,"kW VW Limit","Limit kWOut Function","kVA Exceeded","Grid voltage",di/dt,it,"it History","Rated VDC","Avg duty cycle","Target (Amps)","Series L","Max. Amps (phase)"
1, 0.00000, 11.6637, -1, 0, 8.71235E-6, 3.0947, -8.71235E-6, 4.35617E-7, 0, 0, 4.35617E-7, -6.99825, 1, 1, 9999, 9999, 9999, 9999, 9999, 9999, 9999, 9999, -4.80873E-19, 9999, 4.6655, 0, 0, 0, 0, 0, 8000, 0, 0, 0, 0
2, 0.00000, 11.6638, -1, 0, 0.000023759, 3.09471, -0.000023759, 1.18795E-6, 0, 0, 1.18795E-6, 8.27673E-6, 1, 1, 9999, 9999, 9999, 9999, 9999, 9999, 9999, 9999, -2.40017E-19, 9999, 4.6655, 0, 0, 0, 0, 0, 8000, 0, 0, 0, 0
3, 0.00000, 11.6638, -1, 0, 0.0000465122, 3.09467, -0.0000465122, 2.32561E-6, 0, 0, 2.32561E-6, 0.000022571, 1, 1, 9999, 9999, 9999, 9999, 9999, 9999, 9999, 9999, -8.10304E-19, 9999, 4.6655, 0, 0, 0, 0, 0, 8000, 0, 0, 0, 0
4, 0.00000, 11.6638, 1, 1.58253, 0, 3.09464, 1.58253, 0.0832912, 0, 0, 0.0832912, 0.0000441866, 1, 1, 9999, 9999, 9999, 9999, 9999, 9999, 9999, 9999, 1.58249, 9999, 4.6655, 0, 0, 0, 0, 0, 8000, 0, 0, 0, 0
5, 0.00000, 9.998, 1, 2.28027, 0, 3.09469, 2.28027, 0.120014, 0, 0, 0.120014, -1.66582, 1, 1, 9999, 9999, 9999, 9999, 9999, 9999, 9999, 9999, 2.28026, 9999, 4.6655, 0, 0, 0, 0, 0, 8000, 0, 0, 0, 0
6, 0.00000, 7.59772, -1, 0, 0.0000857089, 3.09476, -0.0000857089, 4.28545E-6, 0, 0, 4.28545E-6, -2.40028, 1, 1, 9999, 9999, 9999, 9999, 9999, 9999, 9999, 9999, -7.56744E-21, 9999, 4.6655, 0, 0, 0, 0, 0, 8000, 0, 0, 0, 0
7, 0.00000, 7.5978, 0, 0, 4.8379E-6, 3.0947, -4.8379E-6, 4.8379E-6, 0, 4.8379E-6, 0, 0.0000814235, 1, 1, 9999, 9999, 9999, 9999, 9999, 9999, 9999, 9999, 0, 9999, 4.6655, 0, 0, 0, 0, 0, 8000, 0, 0, 0, 0
8, 0.00000, 7.5978, 1, 1.89919, 0, 3.09459, 1.89919, 0.0999574, 0, 0, 0.0999574, 0, 1, 1, 9999, 9999, 9999, 9999, 9999, 9999, 9999, 9999, 1.89914, 9999, 4.6655, 0, 0, 0, 0, 0, 8000, 0, 0, 0, 0
