hour,t(sec),kWh,State,kWOut,kWIn,kvarOut,DCkW,kWTotalLosses,kWInvLosses,kWIdlingLosses,kWChDchLosses,"kWh Chng",InvEff,InverterON,Vref,"Vavg (DRC)","VV Oper","VW Oper","DRC Oper","VV_DRC Oper","WP Oper","WV Oper",kWDesired,"kW VW Limit","Limit kWOut Function","kVA Exceeded","Grid voltage",di/dt,it,"it History","Rated VDC","Avg duty cycle","Target (Amps)","Series L","Max. Amps (phase)"
1, 0.00000, 11.6637, -1, 0, 2.24405E-6, 3.0947, -2.24405E-6, 1.12203E-7, 0, 0, 1.12203E-7, -6.99825, 1, 1, 9999, 9999, 9999, 9999, 9999, 9999, 9999, 9999, -1.40558E-19, 9999, 4.6655, 0, 0, 0, 0, 0, 8000, 0, 0, 0, 0
2, 0.00000, 11.6638, 1, 0.0000309565, 0, 3.09468, 0.0000309565, 1.62929E-6, 0, 0, 1.62929E-6, 2.13185E-6, 1, 1, 9999, 9999, 9999, 9999, 9999, 9999, 9999, 9999, 2.30975E-19, 9999, 4.6655, 0, 0, 0, 0, 0, 8000, 0, 0, 0, 0
3, 0.00000, 11.6637, 1, 0.20188, 0, 3.0947, 0.20188, 0.0106253, 0, 0, 0.0106253, -0.0000325858, 1, 1, 9999, 9999, 9999, 9999, 9999, 9999, 9999, 9999, 0.20189, 9999, 4.6655, 0, 0, 0, 0, 0, 8000, 0, 0, 0, 0
4, 0.00000, 11.4512, 1, 2.15616, 0, 3.0946, 2.15616, 0.113482, 0, 0, 0.113482, -0.212506, 1, 1, 9999, 9999, 9999, 9999, 9999, 9999, 9999, 9999, 2.15611, 9999, 4.6655, 0, 0, 0, 0, 0, 8000, 0, 0, 0, 0
5, 0.00000, 9.18157, 1, 3.34619, 0, 3.09472, 3.34619, 0.176115, 0, 0, 0.176115, -2.26965, 1, 1, 9999, 9999, 9999, 9999, 9999, 9999, 9999, 9999, 3.34619, 9999, 4.6655, 0, 0, 0, 0, 0, 8000, 0, 0, 0, 0
6, 0.00000, 5.65927, 0, 0, 0.0000811666, 3.09475, -0.0000811666, 0.0000811666, 0, 0.0000811666, 0, -3.5223, 1, 1, 9999, 9999, 9999, 9999, 9999, 9999, 9999, 9999, 0, 9999, 4.6655, 0, 0, 0, 0, 0, 8000, 0, 0, 0, 0
7, 0.00000, 5.65927, 1, 0.0577574, 0, 3.09469, 0.0577574, 0.00303986, 0, 0, 0.00303986, 0, 1, 1, 9999, 9999, 9999, 9999, 9999, 9999, 9999, 9999, 0.0577309, 9999, 4.6655, 0, 0, 0, 0, 0, 8000, 0, 0, 0, 0
