hour,t(sec),kWh,State,kWOut,kWIn,kvarOut,DCkW,kWTotalLosses,kWInvLosses,kWIdlingLosses,kWChDchLosses,"kWh Chng",InvEff,InverterON,Vref,"Vavg (DRC)","VV Oper","VW Oper","DRC Oper","VV_DRC Oper","WP Oper","WV Oper",kWDesired,"kW VW Limit","Limit kWOut Function","kVA Exceeded","Grid voltage",di/dt,it,"it History","Rated VDC","Avg duty cycle","Target (Amps)","Series L","Max. Amps (phase)"
1, 0.00000, 11.6637, 1, 0.000102778, 0, 1.75446, 0.000102778, 5.40935E-6, 0, 0, 5.40935E-6, -6.99825, 1, 1, 9999, 9999, 9999, 9999, 9999, 9999, 9999, 9999, 6.40293E-19, 9999, 4.6655, 0, 0, 0, 0, 0, 8000, 0, 0, 0, 0
2, 0.00000, 11.6636, 1, 1.74405, 0, 3.0945, 1.74405, 0.0917921, 0, 0, 0.0917921, -0.000108187, 1, 1, 9999, 9999, 9999, 9999, 9999, 9999, 9999, 9999, 1.74392, 9999, 4.6655, 0, 0, 0, 0, 0, 8000, 0, 0, 0, 0
3, 0.00000, 9.8278, 1, 4.01796, 0, 3.09477, 4.01796, 0.211471, 0, 0, 0.211471, -1.83584, 1, 1, 9999, 9999, 9999, 9999, 9999, 9999, 9999, 9999, 4.01798, 9999, 4.6655, 0, 0, 0, 0, 0, 8000, 0, 0, 0, 0
