hour,t(sec),kWh,State,kWOut,kWIn,kvarOut,DCkW,kWTotalLosses,kWInvLosses,kWIdlingLosses,kWChDchLosses,"kWh Chng",InvEff,InverterON,Vref,"Vavg (DRC)","VV Oper","VW Oper","DRC Oper","VV_DRC Oper","WP Oper","WV Oper",kWDesired,"kW VW Limit","Limit kWOut Function","kVA Exceeded","Grid voltage",di/dt,it,"it History","Rated VDC","Avg duty cycle","Target (Amps)","Series L","Max. Amps (phase)"
1, 0.00000, 11.6637, -1, 0, 0.0000109499, 1.84499, -0.0000109499, 5.47495E-7, 0, 0, 5.47495E-7, -6.99825, 1, 1, 9999, 9999, 9999, 9999, 9999, 9999, 9999, 9999, -1.47649E-18, 9999, 4.6655, 0, 0, 0, 0, 0, 8000, 0, 0, 0, 0
2, 0.00000, 11.6638, 1, 1.20938, 0, 2.84649, 1.20938, 0.0636515, 0, 0, 0.0636515, 0.0000104024, 1, 1, 9999, 9999, 9999, 9999, 9999, 9999, 9999, 9999, 1.20925, 9999, 4.6655, 0, 0, 0, 0, 0, 8000, 0, 0, 0, 0
3, 0.00000, 10.3907, 1, 1.71055, 0, 3.0945, 1.71055, 0.0900291, 0, 0, 0.0900291, -1.27303, 1, 1, 9999, 9999, 9999, 9999, 9999, 9999, 9999, 9999, 1.71042, 9999, 4.6655, 0, 0, 0, 0, 0, 8000, 0, 0, 0, 0
4, 0.00000, 8.59015, 1, 2.05298, 0, 3.09474, 2.05298, 0.108052, 0, 0, 0.108052, -1.80058, 1, 1, 9999, 9999, 9999, 9999, 9999, 9999, 9999, 9999, 2.05301, 9999, 4.6655, 0, 0, 0, 0, 0, 8000, 0, 0, 0, 0
5, 0.00000, 6.42912, 1, 0.789112, 0, 3.03574, 0.789112, 0.0415322, 0, 0, 0.0415322, -2.16103, 1, 1, 9999, 9999, 9999, 9999, 9999, 9999, 9999, 9999, 0.789263, 9999, 4.6655, 0, 0, 0, 0, 0, 8000, 0, 0, 0, 0
