hour,t(sec),kWh,State,kWOut,kWIn,kvarOut,DCkW,kWTotalLosses,kWInvLosses,kWIdlingLosses,kWChDchLosses,"kWh Chng",InvEff,InverterON,Vref,"Vavg (DRC)","VV Oper","VW Oper","DRC Oper","VV_DRC Oper","WP Oper","WV Oper",kWDesired,"kW VW Limit","Limit kWOut Function","kVA Exceeded","Grid voltage",di/dt,it,"it History","Rated VDC","Avg duty cycle","Target (Amps)","Series L","Max. Amps (phase)"
1, 0.00000, 11.6637, -1, 0, 0.0000356969, -3.09467, -0.0000356969, 1.78485E-6, 0, 0, 1.78485E-6, -6.99825, 1, 1, 9999, 9999, 9999, 9999, 9999, 9999, 9999, 9999, -1.09429E-19, 9999, 4.6655, 0, 0, 0, 0, 0, 8000, 0, 0, 0, 0
2, 0.00000, 11.6638, 1, 0.000143744, 0, -3.0947, 0.000143744, 7.56549E-6, 0, 0, 7.56549E-6, 0.0000339121, 1, 1, 9999, 9999, 9999, 9999, 9999, 9999, 9999, 9999, 2.01097E-19, 9999, 4.6655, 0, 0, 0, 0, 0, 8000, 0, 0, 0, 0
3, 0.00000, 11.6636, 1, 0.850784, 0, -3.0947, 0.850784, 0.0447781, 0, 0, 0.0447781, -0.00015131, 1, 1, 9999, 9999, 9999, 9999, 9999, 9999, 9999, 9999, 0.850894, 9999, 4.6655, 0, 0, 0, 0, 0, 8000, 0, 0, 0, 0
4, 0.00000, 10.7681, 1, 1.61071, 0, -3.09469, 1.61071, 0.0847742, 0, 0, 0.0847742, -0.895562, 1, 1, 9999, 9999, 9999, 9999, 9999, 9999, 9999, 9999, 1.61067, 9999, 4.6655, 0, 0, 0, 0, 0, 8000, 0, 0, 0, 0
5, 0.00000, 9.07259, 0, 0, 0.00018493, -3.09472, -0.00018493, 0.00018493, 0, 0.00018493, 0, -1.69548, 1, 1, 9999, 9999, 9999, 9999, 9999, 9999, 9999, 9999, 0, 9999, 4.6655, 0, 0, 0, 0, 0, 8000, 0, 0, 0, 0
