hour,t(sec),kWh,State,kWOut,kWIn,kvarOut,DCkW,kWTotalLosses,kWInvLosses,kWIdlingLosses,kWChDchLosses,"kWh Chng",InvEff,InverterON,Vref,"Vavg (DRC)","VV Oper","VW Oper","DRC Oper","VV_DRC Oper","WP Oper","WV Oper",kWDesired,"kW VW Limit","Limit kWOut Function","kVA Exceeded","Grid voltage",di/dt,it,"it History","Rated VDC","Avg duty cycle","Target (Amps)","Series L","Max. Amps (phase)"
1, 0.00000, 5.83362, -1, 0, 1.32228, -0.0145843, -1.32228, 0.0661138, 0, 0, 0.0661138, -3.50017, 1, 1, 9999, 9999, 9999, 9999, 9999, 9999, 9999, 9999, -1.32225, 9999, 2.3335, 0, 0, 0, 0, 0, 8000, 0, 0, 0, 0
2, 0.00000, 7.08979, 1, 0.0000719344, 0, 1.54777, 0.0000719344, 3.78602E-6, 0, 0, 3.78602E-6, 1.25616, 1, 1, 9999, 9999, 9999, 9999, 9999, 9999, 9999, 9999, 5.63307E-18, 9999, 2.3335, 0, 0, 0, 0, 0, 8000, 0, 0, 0, 0
3, 0.00000, 7.08971, 1, 0.0000281324, 0, 1.54779, 0.0000281324, 1.48065E-6, 0, 0, 1.48065E-6, -0.0000757204, 1, 1, 9999, 9999, 9999, 9999, 9999, 9999, 9999, 9999, 7.84709E-18, 9999, 2.3335, 0, 0, 0, 0, 0, 8000, 0, 0, 0, 0
4, 0.00000, 7.08968, 1, 0.443326, 0, 1.54778, 0.443326, 0.0233329, 0, 0, 0.0233329, -0.000029613, 1, 1, 9999, 9999, 9999, 9999, 9999, 9999, 9999, 9999, 0.443295, 9999, 2.3335, 0, 0, 0, 0, 0, 8000, 0, 0, 0, 0
5, 0.00000, 6.62302, 1, 0.834751, 0, 1.54775, 0.834751, 0.0439343, 0, 0, 0.0439343, -0.466659, 1, 1, 9999, 9999, 9999, 9999, 9999, 9999, 9999, 9999, 0.834716, 9999, 2.3335, 0, 0, 0, 0, 0, 8000, 0, 0, 0, 0
6, 0.00000, 5.74434, 1, 1.14261, 0, 1.54782, 1.14261, 0.0601373, 0, 0, 0.0601373, -0.878685, 1, 1, 9999, 9999, 9999, 9999, 9999, 9999, 9999, 9999, 1.14262, 9999, 2.3335, 0, 0, 0, 0, 0, 8000, 0, 0, 0, 0
7, 0.00000, 4.54159, 1, 0.308147, 0, 1.54785, 0.308147, 0.0162183, 0, 0, 0.0162183, -1.20275, 1, 1, 9999, 9999, 9999, 9999, 9999, 9999, 9999, 9999, 0.308209, 9999, 2.3335, 0, 0, 0, 0, 0, 8000, 0, 0, 0, 0
8, 0.00000, 4.21723, 1, 0.39042, 0, 1.54772, 0.39042, 0.0205484, 0, 0, 0.0205484, -0.324366, 1, 1, 9999, 9999, 9999, 9999, 9999, 9999, 9999, 9999, 0.390325, 9999, 2.3335, 0, 0, 0, 0, 0, 8000, 0, 0, 0, 0
9, 0.00000, 3.80626, 1, 0.956015, 0, 1.54783, 0.956015, 0.0503166, 0, 0, 0.0503166, -0.410969, 1, 1, 9999, 9999, 9999, 9999, 9999, 9999, 9999, 9999, 0.956035, 9999, 2.3335, 0, 0, 0, 0, 0, 8000, 0, 0, 0, 0
