hour,t(sec),kWh,State,kWOut,kWIn,kvarOut,DCkW,kWTotalLosses,kWInvLosses,kWIdlingLosses,kWChDchLosses,"kWh Chng",InvEff,InverterON,Vref,"Vavg (DRC)","VV Oper","VW Oper","DRC Oper","VV_DRC Oper","WP Oper","WV Oper",kWDesired,"kW VW Limit","Limit kWOut Function","kVA Exceeded","Grid voltage",di/dt,it,"it History","Rated VDC","Avg duty cycle","Target (Amps)","Series L","Max. Amps (phase)"
1, 0.00000, 11.6637, 1, 0.000011294, 0, 3.09469, 0.000011294, 5.9442E-7, 0, 0, 5.9442E-7, -6.99825, 1, 1, 9999, 9999, 9999, 9999, 9999, 9999, 9999, 9999, 5.68584E-18, 9999, 4.6655, 0, 0, 0, 0, 0, 8000, 0, 0, 0, 0
2, 0.00000, 11.6637, 1, 1.30443, 0, 3.09465, 1.30443, 0.0686543, 0, 0, 0.0686543, -0.0000118884, 1, 1, 9999, 9999, 9999, 9999, 9999, 9999, 9999, 9999, 1.30438, 9999, 4.6655, 0, 0, 0, 0, 0, 8000, 0, 0, 0, 0
3, 0.00000, 10.2907, 1, 1.73036, 0, 3.09448, 1.73036, 0.0910715, 0, 0, 0.0910715, -1.37309, 1, 1, 9999, 9999, 9999, 9999, 9999, 9999, 9999, 9999, 1.7302, 9999, 4.6655, 0, 0, 0, 0, 0, 8000, 0, 0, 0, 0
4, 0.00000, 8.46922, 1, 1.87879, 0, 3.09472, 1.87879, 0.0988835, 0, 0, 0.0988835, -1.82143, 1, 1, 9999, 9999, 9999, 9999, 9999, 9999, 9999, 9999, 1.8788, 9999, 4.6655, 0, 0, 0, 0, 0, 8000, 0, 0, 0, 0
5, 0.00000, 6.49155, 1, 0.848331, 0, 3.09486, 0.848331, 0.044649, 0, 0, 0.044649, -1.97767, 1, 1, 9999, 9999, 9999, 9999, 9999, 9999, 9999, 9999, 0.848514, 9999, 4.6655, 0, 0, 0, 0, 0, 8000, 0, 0, 0, 0
