hour,t(sec),kWh,State,kWOut,kWIn,kvarOut,DCkW,kWTotalLosses,kWInvLosses,kWIdlingLosses,kWChDchLosses,"kWh Chng",InvEff,InverterON,Vref,"Vavg (DRC)","VV Oper","VW Oper","DRC Oper","VV_DRC Oper","WP Oper","WV Oper",kWDesired,"kW VW Limit","Limit kWOut Function","kVA Exceeded","Grid voltage",di/dt,it,"it History","Rated VDC","Avg duty cycle","Target (Amps)","Series L","Max. Amps (phase)"
1, 0.00000, 11.6637, -1, 0, 0.0000212221, 3.09471, -0.0000212221, 1.06111E-6, 0, 0, 1.06111E-6, -6.99825, 1, 1, 9999, 9999, 9999, 9999, 9999, 9999, 9999, 9999, -2.36611E-18, 9999, 4.6655, 0, 0, 0, 0, 0, 8000, 0, 0, 0, 0
2, 0.00000, 11.6638, -1, 0, 0.0000187024, 3.09469, -0.0000187024, 9.3512E-7, 0, 0, 9.3512E-7, 0.000020161, 1, 1, 9999, 9999, 9999, 9999, 9999, 9999, 9999, 9999, -1.6703E-18, 9999, 4.6655, 0, 0, 0, 0, 0, 8000, 0, 0, 0, 0
3, 0.00000, 11.6638, 1, 6.51144E-6, 0, 3.0947, 6.51144E-6, 3.42708E-7, 0, 0, 3.42708E-7, 0.0000177673, 1, 1, 9999, 9999, 9999, 9999, 9999, 9999, 9999, 9999, 7.01831E-18, 9999, 4.6655, 0, 0, 0, 0, 0, 8000, 0, 0, 0, 0
4, 0.00000, 11.6638, 1, 9.14312E-6, 0, 3.0947, 9.14312E-6, 4.81217E-7, 0, 0, 4.81217E-7, -6.85415E-6, 1, 1, 9999, 9999, 9999, 9999, 9999, 9999, 9999, 9999, 7.12235E-18, 9999, 4.6655, 0, 0, 0, 0, 0, 8000, 0, 0, 0, 0
5, 0.00000, 11.6638, 1, 0.132521, 0, 3.09469, 0.132521, 0.0069748, 0, 0, 0.0069748, -9.62433E-6, 1, 1, 9999, 9999, 9999, 9999, 9999, 9999, 9999, 9999, 0.13251, 9999, 4.6655, 0, 0, 0, 0, 0, 8000, 0, 0, 0, 0
6, 0.00000, 11.5243, 1, 1.7371, 0, 3.09471, 1.7371, 0.0914264, 0, 0, 0.0914264, -0.139496, 1, 1, 9999, 9999, 9999, 9999, 9999, 9999, 9999, 9999, 1.73711, 9999, 4.6655, 0, 0, 0, 0, 0, 8000, 0, 0, 0, 0
7, 0.00000, 9.69575, -1, 0, 0.000222683, 3.09481, -0.000222683, 0.0000111341, 0, 0, 0.0000111341, -1.82853, 1, 1, 9999, 9999, 9999, 9999, 9999, 9999, 9999, 9999, -4.35632E-18, 9999, 4.6655, 0, 0, 0, 0, 0, 8000, 0, 0, 0, 0
8, 0.00000, 9.69596, 1, 0.000233472, 0, 3.09458, 0.000233472, 0.000012288, 0, 0, 0.000012288, 0.000211549, 1, 1, 9999, 9999, 9999, 9999, 9999, 9999, 9999, 9999, 3.89401E-18, 9999, 4.6655, 0, 0, 0, 0, 0, 8000, 0, 0, 0, 0
9, 0.00000, 9.69571, 1, 1.22735, 0, 3.09471, 1.22735, 0.0645972, 0, 0, 0.0645972, -0.00024576, 1, 1, 9999, 9999, 9999, 9999, 9999, 9999, 9999, 9999, 1.22735, 9999, 4.6655, 0, 0, 0, 0, 0, 8000, 0, 0, 0, 0
