hour,t(sec),kWh,State,kWOut,kWIn,kvarOut,DCkW,kWTotalLosses,kWInvLosses,kWIdlingLosses,kWChDchLosses,"kWh Chng",InvEff,InverterON,Vref,"Vavg (DRC)","VV Oper","VW Oper","DRC Oper","VV_DRC Oper","WP Oper","WV Oper",kWDesired,"kW VW Limit","Limit kWOut Function","kVA Exceeded","Grid voltage",di/dt,it,"it History","Rated VDC","Avg duty cycle","Target (Amps)","Series L","Max. Amps (phase)"
1, 0.00000, 5.83362, -1, 0, 9.90041E-6, 1.5478, -9.90041E-6, 4.95021E-7, 0, 0, 4.95021E-7, -3.50017, 1, 1, 9999, 9999, 9999, 9999, 9999, 9999, 9999, 9999, -1.25927E-18, 9999, 2.3335, 0, 0, 0, 0, 0, 8000, 0, 0, 0, 0
2, 0.00000, 5.83363, 1, 0.0000533485, 0, 1.54781, 0.0000533485, 2.80782E-6, 0, 0, 2.80782E-6, 9.40539E-6, 1, 1, 9999, 9999, 9999, 9999, 9999, 9999, 9999, 9999, 2.25883E-18, 9999, 2.3335, 0, 0, 0, 0, 0, 8000, 0, 0, 0, 0
3, 0.00000, 5.83358, 1, 0.0948356, 0, 1.54775, 0.0948356, 0.00499135, 0, 0, 0.00499135, -0.0000561563, 1, 1, 9999, 9999, 9999, 9999, 9999, 9999, 9999, 9999, 0.0947168, 9999, 2.3335, 0, 0, 0, 0, 0, 8000, 0, 0, 0, 0
4, 0.00000, 5.73375, 1, 0.722582, 0, 1.54778, 0.722582, 0.0380306, 0, 0, 0.0380306, -0.099827, 1, 1, 9999, 9999, 9999, 9999, 9999, 9999, 9999, 9999, 0.722568, 9999, 2.3335, 0, 0, 0, 0, 0, 8000, 0, 0, 0, 0
5, 0.00000, 4.97314, 1, 1.02528, 0, 1.54782, 1.02528, 0.0539621, 0, 0, 0.0539621, -0.760612, 1, 1, 9999, 9999, 9999, 9999, 9999, 9999, 9999, 9999, 1.02529, 9999, 2.3335, 0, 0, 0, 0, 0, 8000, 0, 0, 0, 0
6, 0.00000, 3.8939, 1, 0.034354, 0, 1.54781, 0.034354, 0.00180811, 0, 0, 0.00180811, -1.07924, 1, 1, 9999, 9999, 9999, 9999, 9999, 9999, 9999, 9999, 0.0343655, 9999, 2.3335, 0, 0, 0, 0, 0, 8000, 0, 0, 0, 0
7, 0.00000, 3.85773, 1, 0.162651, 0, 1.5478, 0.162651, 0.00856057, 0, 0, 0.00856057, -0.0361621, 1, 1, 9999, 9999, 9999, 9999, 9999, 9999, 9999, 9999, 0.162659, 9999, 2.3335, 0, 0, 0, 0, 0, 8000, 0, 0, 0, 0
8, 0.00000, 3.68652, 1, 0.842291, 0, 1.54778, 0.842291, 0.0443311, 0, 0, 0.0443311, -0.171211, 1, 1, 9999, 9999, 9999, 9999, 9999, 9999, 9999, 9999, 0.842277, 9999, 2.3335, 0, 0, 0, 0, 0, 8000, 0, 0, 0, 0
