hour,t(sec),kWh,State,kWOut,kWIn,kvarOut,DCkW,kWTotalLosses,kWInvLosses,kWIdlingLosses,kWChDchLosses,"kWh Chng",InvEff,InverterON,Vref,"Vavg (DRC)","VV Oper","VW Oper","DRC Oper","VV_DRC Oper","WP Oper","WV Oper",kWDesired,"kW VW Limit","Limit kWOut Function","kVA Exceeded","Grid voltage",di/dt,it,"it History","Rated VDC","Avg duty cycle","Target (Amps)","Series L","Max. Amps (phase)"
1, 0.00000, 11.6637, 1, 0.0642866, 0, 3.09469, 0.0642866, 0.00338351, 0, 0, 0.00338351, -6.99825, 1, 1, 9999, 9999, 9999, 9999, 9999, 9999, 9999, 9999, 0.0642813, 9999, 4.6655, 0, 0, 0, 0, 0, 8000, 0, 0, 0, 0
2, 0.00000, 11.5961, 1, 2.40078, 0, 3.09458, 2.40078, 0.126357, 0, 0, 0.126357, -0.0676701, 1, 1, 9999, 9999, 9999, 9999, 9999, 9999, 9999, 9999, 2.40073, 9999, 4.6655, 0, 0, 0, 0, 0, 8000, 0, 0, 0, 0
3, 0.00000, 9.06894, 1, 3.29687, 0, 3.09472, 3.29687, 0.17352, 0, 0, 0.17352, -2.52714, 1, 1, 9999, 9999, 9999, 9999, 9999, 9999, 9999, 9999, 3.29688, 9999, 4.6655, 0, 0, 0, 0, 0, 8000, 0, 0, 0, 0
4, 0.00000, 5.5986, 0, 0, 0.000057822, 3.09474, -0.000057822, 0.000057822, 0, 0.000057822, 0, -3.47034, 1, 1, 9999, 9999, 9999, 9999, 9999, 9999, 9999, 9999, 5.89393E-18, 9999, 4.6655, 0, 0, 0, 0, 0, 8000, 0, 0, 0, 0
