hour,t(sec),kWh,State,kWOut,kWIn,kvarOut,DCkW,kWTotalLosses,kWInvLosses,kWIdlingLosses,kWChDchLosses,"kWh Chng",InvEff,InverterON,Vref,"Vavg (DRC)","VV Oper","VW Oper","DRC Oper","VV_DRC Oper","WP Oper","WV Oper",kWDesired,"kW VW Limit","Limit kWOut Function","kVA Exceeded","Grid voltage",di/dt,it,"it History","Rated VDC","Avg duty cycle","Target (Amps)","Series L","Max. Amps (phase)"
1, 0.00000, 5.83362, -1, 0, 2.72607E-6, 1.54781, -2.72607E-6, 1.36304E-7, 0, 0, 1.36304E-7, -3.50017, 1, 1, 9999, 9999, 9999, 9999, 9999, 9999, 9999, 9999, -1.85054E-18, 9999, 2.3335, 0, 0, 0, 0, 0, 8000, 0, 0, 0, 0
2, 0.00000, 5.83363, -1, 0, 0.0000345628, 1.54781, -0.0000345628, 1.72814E-6, 0, 0, 1.72814E-6, 2.58977E-6, 1, 1, 9999, 9999, 9999, 9999, 9999, 9999, 9999, 9999, -4.1632E-18, 9999, 2.3335, 0, 0, 0, 0, 0, 8000, 0, 0, 0, 0
3, 0.00000, 5.83366, 1, 0.328889, 0, 1.54775, 0.328889, 0.0173099, 0, 0, 0.0173099, 0.0000328346, 1, 1, 9999, 9999, 9999, 9999, 9999, 9999, 9999, 9999, 0.328813, 9999, 2.3335, 0, 0, 0, 0, 0, 8000, 0, 0, 0, 0
4, 0.00000, 5.48746, 1, 0.813193, 0, 1.54775, 0.813193, 0.0427996, 0, 0, 0.0427996, -0.346199, 1, 1, 9999, 9999, 9999, 9999, 9999, 9999, 9999, 9999, 0.813155, 9999, 2.3335, 0, 0, 0, 0, 0, 8000, 0, 0, 0, 0
5, 0.00000, 4.63147, 1, 1.11657, 0, 1.54782, 1.11657, 0.0587667, 0, 0, 0.0587667, -0.855993, 1, 1, 9999, 9999, 9999, 9999, 9999, 9999, 9999, 9999, 1.11658, 9999, 2.3335, 0, 0, 0, 0, 0, 8000, 0, 0, 0, 0
6, 0.00000, 3.45614, 1, 0.248335, 0, 1.54783, 0.248335, 0.0130703, 0, 0, 0.0130703, -1.17533, 1, 1, 9999, 9999, 9999, 9999, 9999, 9999, 9999, 9999, 0.248378, 9999, 2.3335, 0, 0, 0, 0, 0, 8000, 0, 0, 0, 0
7, 0.00000, 3.19473, 1, 0.374988, 0, 1.54777, 0.374988, 0.0197362, 0, 0, 0.0197362, -0.261405, 1, 1, 9999, 9999, 9999, 9999, 9999, 9999, 9999, 9999, 0.374947, 9999, 2.3335, 0, 0, 0, 0, 0, 8000, 0, 0, 0, 0
