hour,t(sec),kWh,State,kWOut,kWIn,kvarOut,DCkW,kWTotalLosses,kWInvLosses,kWIdlingLosses,kWChDchLosses,"kWh Chng",InvEff,InverterON,Vref,"Vavg (DRC)","VV Oper","VW Oper","DRC Oper","VV_DRC Oper","WP Oper","WV Oper",kWDesired,"kW VW Limit","Limit kWOut Function","kVA Exceeded","Grid voltage",di/dt,it,"it History","Rated VDC","Avg duty cycle","Target (Amps)","Series L","Max. Amps (phase)"
1, 0.00000, 5.83362, -1, 0, 2.3335, 1.54776, -2.3335, 0.116675, 0, 0, 0.116675, -3.50017, 1, 1, 9999, 9999, 9999, 9999, 9999, 9999, 9999, 9999, -2.3335, 9999, 2.3335, 1, 0, 0, 0, 0, 8000, 0, 0, 0, 0
2, 0.00000, 8.05045, -1, 0, 0.0000348729, 1.54778, -0.0000348729, 1.74364E-6, 0, 0, 1.74364E-6, 2.21682, 1, 1, 9999, 9999, 9999, 9999, 9999, 9999, 9999, 9999, -1.47853E-19, 9999, 2.3335, 0, 0, 0, 0, 0, 8000, 0, 0, 0, 0
3, 0.00000, 8.05048, -1, 0, 0.0000106248, 1.54779, -0.0000106248, 5.31239E-7, 0, 0, 5.31239E-7, 0.0000331292, 1, 1, 9999, 9999, 9999, 9999, 9999, 9999, 9999, 9999, -3.92285E-18, 9999, 2.3335, 0, 0, 0, 0, 0, 8000, 0, 0, 0, 0
4, 0.00000, 8.05049, -1, 0, 0.0000170584, 1.54779, -0.0000170584, 8.52919E-7, 0, 0, 8.52919E-7, 0.0000100935, 1, 1, 9999, 9999, 9999, 9999, 9999, 9999, 9999, 9999, -4.02155E-18, 9999, 2.3335, 0, 0, 0, 0, 0, 8000, 0, 0, 0, 0
5, 0.00000, 8.05051, 1, 1.10961, 0, 1.54777, 1.10961, 0.0584007, 0, 0, 0.0584007, 0.0000162055, 1, 1, 9999, 9999, 9999, 9999, 9999, 9999, 9999, 9999, 1.1096, 9999, 2.3335, 0, 0, 0, 0, 0, 8000, 0, 0, 0, 0
6, 0.00000, 6.88249, 1, 2.18467, 0, 1.54782, 2.18467, 0.114983, 0, 0, 0.114983, -1.16801, 1, 1, 9999, 9999, 9999, 9999, 9999, 9999, 9999, 9999, 2.18467, 9999, 2.3335, 0, 0, 0, 0, 0, 8000, 0, 0, 0, 0
7, 0.00000, 4.58284, 1, 0.0787557, 0, 1.54784, 0.0787557, 0.00414504, 0, 0, 0.00414504, -2.29965, 1, 1, 9999, 9999, 9999, 9999, 9999, 9999, 9999, 9999, 0.0788466, 9999, 2.3335, 0, 0, 0, 0, 0, 8000, 0, 0, 0, 0
8, 0.00000, 4.49994, 1, 0.254712, 0, 1.54773, 0.254712, 0.0134059, 0, 0, 0.0134059, -0.0829007, 1, 1, 9999, 9999, 9999, 9999, 9999, 9999, 9999, 9999, 0.254608, 9999, 2.3335, 0, 0, 0, 0, 0, 8000, 0, 0, 0, 0
9, 0.00000, 4.23182, 1, 1.36012, 0, 1.54782, 1.36012, 0.0715854, 0, 0, 0.0715854, -0.268118, 1, 1, 9999, 9999, 9999, 9999, 9999, 9999, 9999, 9999, 1.36013, 9999, 2.3335, 0, 0, 0, 0, 0, 8000, 0, 0, 0, 0
