hour,t(sec),kWh,State,kWOut,kWIn,kvarOut,DCkW,kWTotalLosses,kWInvLosses,kWIdlingLosses,kWChDchLosses,"kWh Chng",InvEff,InverterON,Vref,"Vavg (DRC)","VV Oper","VW Oper","DRC Oper","VV_DRC Oper","WP Oper","WV Oper",kWDesired,"kW VW Limit","Limit kWOut Function","kVA Exceeded","Grid voltage",di/dt,it,"it History","Rated VDC","Avg duty cycle","Target (Amps)","Series L","Max. Amps (phase)"
1, 0.00000, 5.83362, 1, 0.0585041, 0, 1.54778, 0.0585041, 0.00307916, 0, 0, 0.00307916, -3.50017, 1, 1, 9999, 9999, 9999, 9999, 9999, 9999, 9999, 9999, 0.0584868, 9999, 2.3335, 0, 0, 0, 0, 0, 8000, 0, 0, 0, 0
2, 0.00000, 5.77204, 1, 0.67915, 0, 1.54776, 0.67915, 0.0357447, 0, 0, 0.0357447, -0.0615832, 1, 1, 9999, 9999, 9999, 9999, 9999, 9999, 9999, 9999, 0.679095, 9999, 2.3335, 0, 0, 0, 0, 0, 8000, 0, 0, 0, 0
3, 0.00000, 5.05715, 1, 0.85204, 0, 1.54775, 0.85204, 0.0448442, 0, 0, 0.0448442, -0.714895, 1, 1, 9999, 9999, 9999, 9999, 9999, 9999, 9999, 9999, 0.852008, 9999, 2.3335, 0, 0, 0, 0, 0, 8000, 0, 0, 0, 0
4, 0.00000, 4.16026, 1, 0.951497, 0, 1.54782, 0.951497, 0.0500788, 0, 0, 0.0500788, -0.896884, 1, 1, 9999, 9999, 9999, 9999, 9999, 9999, 9999, 9999, 0.951508, 9999, 2.3335, 0, 0, 0, 0, 0, 8000, 0, 0, 0, 0
5, 0.00000, 3.15869, 1, 0.34071, 0, 1.54785, 0.34071, 0.0179321, 0, 0, 0.0179321, -1.00158, 1, 1, 9999, 9999, 9999, 9999, 9999, 9999, 9999, 9999, 0.340784, 9999, 2.3335, 0, 0, 0, 0, 0, 8000, 0, 0, 0, 0
