hour,t(sec),kWh,State,kWOut,kWIn,kvarOut,DCkW,kWTotalLosses,kWInvLosses,kWIdlingLosses,kWChDchLosses,"kWh Chng",InvEff,InverterON,Vref,"Vavg (DRC)","VV Oper","VW Oper","DRC Oper","VV_DRC Oper","WP Oper","WV Oper",kWDesired,"kW VW Limit","Limit kWOut Function","kVA Exceeded","Grid voltage",di/dt,it,"it History","Rated VDC","Avg duty cycle","Target (Amps)","Series L","Max. Amps (phase)"
1, 0.00000, 11.6637, 1, 1.6047, 0, 3.09462, 1.6047, 0.0844581, 0, 0, 0.0844581, -6.99825, 1, 1, 9999, 9999, 9999, 9999, 9999, 9999, 9999, 9999, 1.60465, 9999, 4.6655, 0, 0, 0, 0, 0, 8000, 0, 0, 0, 0
2, 0.00000, 9.97459, 1, 2.02306, 0, 3.09446, 2.02306, 0.106477, 0, 0, 0.106477, -1.68916, 1, 1, 9999, 9999, 9999, 9999, 9999, 9999, 9999, 9999, 2.02291, 9999, 4.6655, 0, 0, 0, 0, 0, 8000, 0, 0, 0, 0
3, 0.00000, 7.84505, 1, 2.13432, 0, 3.09472, 2.13432, 0.112332, 0, 0, 0.112332, -2.12954, 1, 1, 9999, 9999, 9999, 9999, 9999, 9999, 9999, 9999, 2.13433, 9999, 4.6655, 0, 0, 0, 0, 0, 8000, 0, 0, 0, 0
