hour,t(sec),kWh,State,kWOut,kWIn,kvarOut,DCkW,kWTotalLosses,kWInvLosses,kWIdlingLosses,kWChDchLosses,"kWh Chng",InvEff,InverterON,Vref,"Vavg (DRC)","VV Oper","VW Oper","DRC Oper","VV_DRC Oper","WP Oper","WV Oper",kWDesired,"kW VW Limit","Limit kWOut Function","kVA Exceeded","Grid voltage",di/dt,it,"it History","Rated VDC","Avg duty cycle","Target (Amps)","Series L","Max. Amps (phase)"
1, 0.00000, 11.6637, -1, 0, 0.0000187361, -3.09468, -0.0000187361, 9.36803E-7, 0, 0, 9.36803E-7, -6.99825, 1, 1, 9999, 9999, 9999, 9999, 9999, 9999, 9999, 9999, -2.23216E-19, 9999, 4.6655, 0, 0, 0, 0, 0, 8000, 0, 0, 0, 0
2, 0.00000, 11.6638, 1, 0.0000589662, 0, -3.09468, 0.0000589662, 3.10349E-6, 0, 0, 3.10349E-6, 0.0000177993, 1, 1, 9999, 9999, 9999, 9999, 9999, 9999, 9999, 9999, 1.68737E-18, 9999, 4.6655, 0, 0, 0, 0, 0, 8000, 0, 0, 0, 0
3, 0.00000, 11.6637, 1, 0.395503, 0, -3.09467, 0.395503, 0.0208159, 0, 0, 0.0208159, -0.0000620697, 1, 1, 9999, 9999, 9999, 9999, 9999, 9999, 9999, 9999, 0.395555, 9999, 4.6655, 0, 0, 0, 0, 0, 8000, 0, 0, 0, 0
4, 0.00000, 11.2474, 1, 1.33319, 0, -3.0947, 1.33319, 0.0701677, 0, 0, 0.0701677, -0.416319, 1, 1, 9999, 9999, 9999, 9999, 9999, 9999, 9999, 9999, 1.33317, 9999, 4.6655, 0, 0, 0, 0, 0, 8000, 0, 0, 0, 0
5, 0.00000, 9.84403, -1, 0, 0.0000809456, -3.09474, -0.0000809456, 4.04728E-6, 0, 0, 4.04728E-6, -1.40335, 1, 1, 9999, 9999, 9999, 9999, 9999, 9999, 9999, 9999, -6.27416E-18, 9999, 4.6655, 0, 0, 0, 0, 0, 8000, 0, 0, 0, 0
