hour,t(sec),kWh,State,kWOut,kWIn,kvarOut,DCkW,kWTotalLosses,kWInvLosses,kWIdlingLosses,kWChDchLosses,"kWh Chng",InvEff,InverterON,Vref,"Vavg (DRC)","VV Oper","VW Oper","DRC Oper","VV_DRC Oper","WP Oper","WV Oper",kWDesired,"kW VW Limit","Limit kWOut Function","kVA Exceeded","Grid voltage",di/dt,it,"it History","Rated VDC","Avg duty cycle","Target (Amps)","Series L","Max. Amps (phase)"
1, 0.00000, 11.6637, -1, 0, 0.0000116496, -3.09468, -0.0000116496, 5.82482E-7, 0, 0, 5.82482E-7, -6.99825, 1, 1, 9999, 9999, 9999, 9999, 9999, 9999, 9999, 9999, -6.89374E-20, 9999, 4.6655, 0, 0, 0, 0, 0, 8000, 0, 0, 0, 0
2, 0.00000, 11.6638, 1, 0.866011, 0, -3.09474, 0.866011, 0.0455795, 0, 0, 0.0455795, 0.0000110671, 1, 1, 9999, 9999, 9999, 9999, 9999, 9999, 9999, 9999, 0.86629, 9999, 4.6655, 0, 0, 0, 0, 0, 8000, 0, 0, 0, 0
3, 0.00000, 10.7522, 1, 1.59484, 0, -3.09469, 1.59484, 0.0839392, 0, 0, 0.0839392, -0.911591, 1, 1, 9999, 9999, 9999, 9999, 9999, 9999, 9999, 9999, 1.59481, 9999, 4.6655, 0, 0, 0, 0, 0, 8000, 0, 0, 0, 0
4, 0.00000, 9.07339, 1, 0.000153998, 0, -3.09474, 0.000153998, 8.10515E-6, 0, 0, 8.10515E-6, -1.67878, 1, 1, 9999, 9999, 9999, 9999, 9999, 9999, 9999, 9999, 6.38707E-19, 9999, 4.6655, 0, 0, 0, 0, 0, 8000, 0, 0, 0, 0
