hour,t(sec),kWh,State,kWOut,kWIn,kvarOut,DCkW,kWTotalLosses,kWInvLosses,kWIdlingLosses,kWChDchLosses,"kWh Chng",InvEff,InverterON,Vref,"Vavg (DRC)","VV Oper","VW Oper","DRC Oper","VV_DRC Oper","WP Oper","WV Oper",kWDesired,"kW VW Limit","Limit kWOut Function","kVA Exceeded","Grid voltage",di/dt,it,"it History","Rated VDC","Avg duty cycle","Target (Amps)","Series L","Max. Amps (phase)"
1, 0.00000, 11.6637, -1, 0, 8.68616E-6, 3.09471, -8.68616E-6, 4.34308E-7, 0, 0, 4.34308E-7, -6.99825, 1, 1, 9999, 9999, 9999, 9999, 9999, 9999, 9999, 9999, -2.32039E-18, 9999, 4.6655, 0, 0, 0, 0, 0, 8000, 0, 0, 0, 0
2, 0.00000, 11.6638, -1, 0, 0.0000270119, 3.09471, -0.0000270119, 1.3506E-6, 0, 0, 1.3506E-6, 8.25186E-6, 1, 1, 9999, 9999, 9999, 9999, 9999, 9999, 9999, 9999, -1.32379E-18, 9999, 4.6655, 0, 0, 0, 0, 0, 8000, 0, 0, 0, 0
3, 0.00000, 11.6638, 1, 0.484953, 0, 3.09464, 0.484953, 0.0255239, 0, 0, 0.0255239, 0.0000256613, 1, 1, 9999, 9999, 9999, 9999, 9999, 9999, 9999, 9999, 0.484885, 9999, 4.6655, 0, 0, 0, 0, 0, 8000, 0, 0, 0, 0
4, 0.00000, 11.1533, 1, 1.6776, 0, 3.09464, 1.6776, 0.0882949, 0, 0, 0.0882949, -0.510477, 1, 1, 9999, 9999, 9999, 9999, 9999, 9999, 9999, 9999, 1.67757, 9999, 4.6655, 0, 0, 0, 0, 0, 8000, 0, 0, 0, 0
5, 0.00000, 9.38741, 1, 2.48246, 0, 3.09473, 2.48246, 0.130656, 0, 0, 0.130656, -1.7659, 1, 1, 9999, 9999, 9999, 9999, 9999, 9999, 9999, 9999, 2.48247, 9999, 4.6655, 0, 0, 0, 0, 0, 8000, 0, 0, 0, 0
6, 0.00000, 6.7743, 1, 0.420076, 0, 3.09474, 0.420076, 0.0221093, 0, 0, 0.0221093, -2.61311, 1, 1, 9999, 9999, 9999, 9999, 9999, 9999, 9999, 9999, 0.420114, 9999, 4.6655, 0, 0, 0, 0, 0, 8000, 0, 0, 0, 0
7, 0.00000, 6.33211, 1, 0.696875, 0, 3.09466, 0.696875, 0.0366776, 0, 0, 0.0366776, -0.442185, 1, 1, 9999, 9999, 9999, 9999, 9999, 9999, 9999, 9999, 0.696839, 9999, 4.6655, 0, 0, 0, 0, 0, 8000, 0, 0, 0, 0
