hour,t(sec),kWh,State,kWOut,kWIn,kvarOut,DCkW,kWTotalLosses,kWInvLosses,kWIdlingLosses,kWChDchLosses,"kWh Chng",InvEff,InverterON,Vref,"Vavg (DRC)","VV Oper","VW Oper","DRC Oper","VV_DRC Oper","WP Oper","WV Oper",kWDesired,"kW VW Limit","Limit kWOut Function","kVA Exceeded","Grid voltage",di/dt,it,"it History","Rated VDC","Avg duty cycle","Target (Amps)","Series L","Max. Amps (phase)"
1, 0.00000, 11.6637, 1, 2.69091E-6, 0, 3.0947, 2.69091E-6, 1.41627E-7, 0, 0, 1.41627E-7, -6.99825, 1, 1, 9999, 9999, 9999, 9999, 9999, 9999, 9999, 9999, 4.30056E-19, 9999, 4.6655, 0, 0, 0, 0, 0, 8000, 0, 0, 0, 0
2, 0.00000, 11.6637, -1, 0, 0.0000125505, 3.0947, -0.0000125505, 6.27525E-7, 0, 0, 6.27525E-7, -2.83253E-6, 1, 1, 9999, 9999, 9999, 9999, 9999, 9999, 9999, 9999, -4.26828E-19, 9999, 4.6655, 0, 0, 0, 0, 0, 8000, 0, 0, 0, 0
3, 0.00000, 11.6638, -1, 0, 0.0000301413, 3.09469, -0.0000301413, 1.50706E-6, 0, 0, 1.50706E-6, 0.000011923, 1, 1, 9999, 9999, 9999, 9999, 9999, 9999, 9999, 9999, -4.76161E-19, 9999, 4.6655, 0, 0, 0, 0, 0, 8000, 0, 0, 0, 0
4, 0.00000, 11.6638, 1, 0.246604, 0, 3.0947, 0.246604, 0.0129792, 0, 0, 0.0129792, 0.0000286342, 1, 1, 9999, 9999, 9999, 9999, 9999, 9999, 9999, 9999, 0.2466, 9999, 4.6655, 0, 0, 0, 0, 0, 8000, 0, 0, 0, 0
5, 0.00000, 11.4042, 1, 1.69595, 0, 3.09471, 1.69595, 0.0892607, 0, 0, 0.0892607, -0.259583, 1, 1, 9999, 9999, 9999, 9999, 9999, 9999, 9999, 9999, 1.69596, 9999, 4.6655, 0, 0, 0, 0, 0, 8000, 0, 0, 0, 0
6, 0.00000, 9.61899, -1, 0, 3.78759E-6, 3.0947, -3.78759E-6, 1.89379E-7, 0, 0, 1.89379E-7, -1.78521, 1, 1, 9999, 9999, 9999, 9999, 9999, 9999, 9999, 9999, -4.4862E-18, 9999, 4.6655, 0, 0, 0, 0, 0, 8000, 0, 0, 0, 0
7, 0.00000, 9.61899, 1, 2.04764E-6, 0, 3.0947, 2.04764E-6, 1.0777E-7, 0, 0, 1.0777E-7, 3.59821E-6, 1, 1, 9999, 9999, 9999, 9999, 9999, 9999, 9999, 9999, 6.84476E-19, 9999, 4.6655, 0, 0, 0, 0, 0, 8000, 0, 0, 0, 0
8, 0.00000, 9.61899, 1, 1.16344, 0, 3.09469, 1.16344, 0.0612337, 0, 0, 0.0612337, -2.15541E-6, 1, 1, 9999, 9999, 9999, 9999, 9999, 9999, 9999, 9999, 1.16344, 9999, 4.6655, 0, 0, 0, 0, 0, 8000, 0, 0, 0, 0
