hour,t(sec),kWh,State,kWOut,kWIn,kvarOut,DCkW,kWTotalLosses,kWInvLosses,kWIdlingLosses,kWChDchLosses,"kWh Chng",InvEff,InverterON,Vref,"Vavg (DRC)","VV Oper","VW Oper","DRC Oper","VV_DRC Oper","WP Oper","WV Oper",kWDesired,"kW VW Limit","Limit kWOut Function","kVA Exceeded","Grid voltage",di/dt,it,"it History","Rated VDC","Avg duty cycle","Target (Amps)","Series L","Max. Amps (phase)"
1, 0.00000, 11.6637, -1, 0, 0.75633, -3.09476, -0.75633, 0.0378165, 0, 0, 0.0378165, -6.99825, 1, 1, 9999, 9999, 9999, 9999, 9999, 9999, 9999, 9999, -0.756511, 9999, 4.6655, 0, 0, 0, 0, 0, 8000, 0, 0, 0, 0
2, 0.00000, 12.3823, -1, 0, 0.000157546, -3.09467, -0.000157546, 7.87731E-6, 0, 0, 7.87731E-6, 0.718513, 1, 1, 9999, 9999, 9999, 9999, 9999, 9999, 9999, 9999, -1.37791E-18, 9999, 4.6655, 0, 0, 0, 0, 0, 8000, 0, 0, 0, 0
3, 0.00000, 12.3824, -1, 0, 0.000062847, -3.09469, -0.000062847, 3.14235E-6, 0, 0, 3.14235E-6, 0.000149669, 1, 1, 9999, 9999, 9999, 9999, 9999, 9999, 9999, 9999, -1.06546E-18, 9999, 4.6655, 0, 0, 0, 0, 0, 8000, 0, 0, 0, 0
4, 0.00000, 12.3825, 1, 0.912308, 0, -3.09471, 0.912308, 0.0480162, 0, 0, 0.0480162, 0.0000597046, 1, 1, 9999, 9999, 9999, 9999, 9999, 9999, 9999, 9999, 0.912385, 9999, 4.6655, 0, 0, 0, 0, 0, 8000, 0, 0, 0, 0
5, 0.00000, 11.4221, 1, 1.34187, 0, -3.09472, 1.34187, 0.0706249, 0, 0, 0.0706249, -0.960324, 1, 1, 9999, 9999, 9999, 9999, 9999, 9999, 9999, 9999, 1.34198, 9999, 4.6655, 0, 0, 0, 0, 0, 8000, 0, 0, 0, 0
6, 0.00000, 10.0097, 1, 1.66558, 0, -3.09469, 1.66558, 0.0876623, 0, 0, 0.0876623, -1.4125, 1, 1, 9999, 9999, 9999, 9999, 9999, 9999, 9999, 9999, 1.66554, 9999, 4.6655, 0, 0, 0, 0, 0, 8000, 0, 0, 0, 0
7, 0.00000, 8.2564, 1, 0.440527, 0, -3.09477, 0.440527, 0.0231856, 0, 0, 0.0231856, -1.75325, 1, 1, 9999, 9999, 9999, 9999, 9999, 9999, 9999, 9999, 0.440386, 9999, 4.6655, 0, 0, 0, 0, 0, 8000, 0, 0, 0, 0
8, 0.00000, 7.79269, 1, 0.572406, 0, -3.09463, 0.572406, 0.0301266, 0, 0, 0.0301266, -0.463712, 1, 1, 9999, 9999, 9999, 9999, 9999, 9999, 9999, 9999, 0.572643, 9999, 4.6655, 0, 0, 0, 0, 0, 8000, 0, 0, 0, 0
9, 0.00000, 7.19016, 1, 1.51174, 0, -3.09469, 1.51174, 0.0795651, 0, 0, 0.0795651, -0.602532, 1, 1, 9999, 9999, 9999, 9999, 9999, 9999, 9999, 9999, 1.51167, 9999, 4.6655, 0, 0, 0, 0, 0, 8000, 0, 0, 0, 0
