hour,t(sec),kWh,State,kWOut,kWIn,kvarOut,DCkW,kWTotalLosses,kWInvLosses,kWIdlingLosses,kWChDchLosses,"kWh Chng",InvEff,InverterON,Vref,"Vavg (DRC)","VV Oper","VW Oper","DRC Oper","VV_DRC Oper","WP Oper","WV Oper",kWDesired,"kW VW Limit","Limit kWOut Function","kVA Exceeded","Grid voltage",di/dt,it,"it History","Rated VDC","Avg duty cycle","Target (Amps)","Series L","Max. Amps (phase)"
1, 0.00000, 5.83362, 1, 0.0000299697, 0, 1.54778, 0.0000299697, 1.57735E-6, 0, 0, 1.57735E-6, -3.50017, 1, 1, 9999, 9999, 9999, 9999, 9999, 9999, 9999, 9999, 5.0805E-18, 9999, 2.3335, 0, 0, 0, 0, 0, 8000, 0, 0, 0, 0
2, 0.00000, 5.83359, 1, 0.907381, 0, 1.54783, 0.907381, 0.0477569, 0, 0, 0.0477569, -0.000031547, 1, 1, 9999, 9999, 9999, 9999, 9999, 9999, 9999, 9999, 0.907405, 9999, 2.3335, 0, 0, 0, 0, 0, 8000, 0, 0, 0, 0
3, 0.00000, 4.87846, 1, 0.746779, 0, 1.54774, 0.746779, 0.0393042, 0, 0, 0.0393042, -0.955138, 1, 1, 9999, 9999, 9999, 9999, 9999, 9999, 9999, 9999, 0.746743, 9999, 2.3335, 0, 0, 0, 0, 0, 8000, 0, 0, 0, 0
4, 0.00000, 4.09237, 1, 0.582764, 0, 1.54781, 0.582764, 0.0306718, 0, 0, 0.0306718, -0.786083, 1, 1, 9999, 9999, 9999, 9999, 9999, 9999, 9999, 9999, 0.582768, 9999, 2.3335, 0, 0, 0, 0, 0, 8000, 0, 0, 0, 0
5, 0.00000, 3.47894, 1, 0.120626, 0, 1.54782, 0.120626, 0.00634873, 0, 0, 0.00634873, -0.613436, 1, 1, 9999, 9999, 9999, 9999, 9999, 9999, 9999, 9999, 0.120656, 9999, 2.3335, 0, 0, 0, 0, 0, 8000, 0, 0, 0, 0
6, 0.00000, 3.35196, 1, 0.524284, 0, 1.5478, 0.524284, 0.0275939, 0, 0, 0.0275939, -0.126975, 1, 1, 9999, 9999, 9999, 9999, 9999, 9999, 9999, 9999, 0.524291, 9999, 2.3335, 0, 0, 0, 0, 0, 8000, 0, 0, 0, 0
