hour,t(sec),kWh,State,kWOut,kWIn,kvarOut,DCkW,kWTotalLosses,kWInvLosses,kWIdlingLosses,kWChDchLosses,"kWh Chng",InvEff,InverterON,Vref,"Vavg (DRC)","VV Oper","VW Oper","DRC Oper","VV_DRC Oper","WP Oper","WV Oper",kWDesired,"kW VW Limit","Limit kWOut Function","kVA Exceeded","Grid voltage",di/dt,it,"it History","Rated VDC","Avg duty cycle","Target (Amps)","Series L","Max. Amps (phase)"
1, 0.00000, 5.83362, 1, 9.19212E-6, 0, 1.54779, 9.19212E-6, 4.83796E-7, 0, 0, 4.83796E-7, -3.50017, 1, 1, 9999, 9999, 9999, 9999, 9999, 9999, 9999, 9999, 1.89408E-18, 9999, 2.3335, 0, 0, 0, 0, 0, 8000, 0, 0, 0, 0
2, 0.00000, 5.83362, 1, 0.0000352124, 0, 1.54778, 0.0000352124, 1.85328E-6, 0, 0, 1.85328E-6, -9.67592E-6, 1, 1, 9999, 9999, 9999, 9999, 9999, 9999, 9999, 9999, 4.38138E-19, 9999, 2.3335, 0, 0, 0, 0, 0, 8000, 0, 0, 0, 0
3, 0.00000, 5.83358, 1, 0.886924, 0, 1.54769, 0.886924, 0.0466802, 0, 0, 0.0466802, -0.0000370657, 1, 1, 9999, 9999, 9999, 9999, 9999, 9999, 9999, 9999, 0.886847, 9999, 2.3335, 0, 0, 0, 0, 0, 8000, 0, 0, 0, 0
4, 0.00000, 4.89997, 1, 1.99503, 0, 1.54782, 1.99503, 0.105001, 0, 0, 0.105001, -0.933604, 1, 1, 9999, 9999, 9999, 9999, 9999, 9999, 9999, 9999, 1.99503, 9999, 2.3335, 0, 0, 0, 0, 0, 8000, 0, 0, 0, 0
5, 0.00000, 2.80014, 0, 0, 0.000102519, 1.54785, -0.000102519, 0.000102519, 0, 0.000102519, 0, -2.09983, 1, 1, 9999, 9999, 9999, 9999, 9999, 9999, 9999, 9999, 3.2935E-18, 9999, 2.3335, 0, 0, 0, 0, 0, 8000, 0, 0, 0, 0
