hour,t(sec),kWh,State,kWOut,kWIn,kvarOut,DCkW,kWTotalLosses,kWInvLosses,kWIdlingLosses,kWChDchLosses,"kWh Chng",InvEff,InverterON,Vref,"Vavg (DRC)","VV Oper","VW Oper","DRC Oper","VV_DRC Oper","WP Oper","WV Oper",kWDesired,"kW VW Limit","Limit kWOut Function","kVA Exceeded","Grid voltage",di/dt,it,"it History","Rated VDC","Avg duty cycle","Target (Amps)","Series L","Max. Amps (phase)"
1, 0.00000, 11.6637, -1, 0, 0.0000126552, -3.09468, -0.0000126552, 6.32758E-7, 0, 0, 6.32758E-7, -6.99825, 1, 1, 9999, 9999, 9999, 9999, 9999, 9999, 9999, 9999, -1.30797E-19, 9999, 4.6655, 0, 0, 0, 0, 0, 8000, 0, 0, 0, 0
2, 0.00000, 11.6638, 1, 0.315785, 0, -3.09464, 0.315785, 0.0166203, 0, 0, 0.0166203, 0.0000120224, 1, 1, 9999, 9999, 9999, 9999, 9999, 9999, 9999, 9999, 0.316022, 9999, 4.6655, 0, 0, 0, 0, 0, 8000, 0, 0, 0, 0
3, 0.00000, 11.3314, 1, 1.09479, 0, -3.0947, 1.09479, 0.0576207, 0, 0, 0.0576207, -0.332406, 1, 1, 9999, 9999, 9999, 9999, 9999, 9999, 9999, 9999, 1.09476, 9999, 4.6655, 0, 0, 0, 0, 0, 8000, 0, 0, 0, 0
4, 0.00000, 10.1789, -1, 0, 0.000133963, -3.09476, -0.000133963, 6.69815E-6, 0, 0, 6.69815E-6, -1.15241, 1, 1, 9999, 9999, 9999, 9999, 9999, 9999, 9999, 9999, -9.83721E-20, 9999, 4.6655, 0, 0, 0, 0, 0, 8000, 0, 0, 0, 0
