hour,t(sec),kWh,State,kWOut,kWIn,kvarOut,DCkW,kWTotalLosses,kWInvLosses,kWIdlingLosses,kWChDchLosses,"kWh Chng",InvEff,InverterON,Vref,"Vavg (DRC)","VV Oper","VW Oper","DRC Oper","VV_DRC Oper","WP Oper","WV Oper",kWDesired,"kW VW Limit","Limit kWOut Function","kVA Exceeded","Grid voltage",di/dt,it,"it History","Rated VDC","Avg duty cycle","Target (Amps)","Series L","Max. Amps (phase)"
1, 0.00000, 11.6637, 1, 0.0000640471, 0, 3.09473, 0.0000640471, 3.3709E-6, 0, 0, 3.3709E-6, -6.99825, 1, 1, 9999, 9999, 9999, 9999, 9999, 9999, 9999, 9999, 2.989E-18, 9999, 4.6655, 0, 0, 0, 0, 0, 8000, 0, 0, 0, 0
2, 0.00000, 11.6637, 1, 0.0000566409, 0, 3.09467, 0.0000566409, 2.9811E-6, 0, 0, 2.9811E-6, -0.000067418, 1, 1, 9999, 9999, 9999, 9999, 9999, 9999, 9999, 9999, 2.31539E-19, 9999, 4.6655, 0, 0, 0, 0, 0, 8000, 0, 0, 0, 0
3, 0.00000, 11.6636, -1, 0, 0.0000191349, 3.09469, -0.0000191349, 9.56745E-7, 0, 0, 9.56745E-7, -0.000059622, 1, 1, 9999, 9999, 9999, 9999, 9999, 9999, 9999, 9999, -2.04624E-17, 9999, 4.6655, 0, 0, 0, 0, 0, 8000, 0, 0, 0, 0
4, 0.00000, 11.6636, 1, 0.918101, 0, 3.09468, 0.918101, 0.0483211, 0, 0, 0.0483211, 0.0000181782, 1, 1, 9999, 9999, 9999, 9999, 9999, 9999, 9999, 9999, 0.918077, 9999, 4.6655, 0, 0, 0, 0, 0, 8000, 0, 0, 0, 0
5, 0.00000, 10.6972, 1, 1.25803, 0, 3.09466, 1.25803, 0.0662123, 0, 0, 0.0662123, -0.966422, 1, 1, 9999, 9999, 9999, 9999, 9999, 9999, 9999, 9999, 1.25801, 9999, 4.6655, 0, 0, 0, 0, 0, 8000, 0, 0, 0, 0
6, 0.00000, 9.37297, 1, 1.3618, 0, 3.09472, 1.3618, 0.0716738, 0, 0, 0.0716738, -1.32425, 1, 1, 9999, 9999, 9999, 9999, 9999, 9999, 9999, 9999, 1.36181, 9999, 4.6655, 0, 0, 0, 0, 0, 8000, 0, 0, 0, 0
7, 0.00000, 7.9395, 1, 0.366234, 0, 3.09481, 0.366234, 0.0192755, 0, 0, 0.0192755, -1.43348, 1, 1, 9999, 9999, 9999, 9999, 9999, 9999, 9999, 9999, 0.366419, 9999, 4.6655, 0, 0, 0, 0, 0, 8000, 0, 0, 0, 0
8, 0.00000, 7.55399, 1, 0.508936, 0, 3.09455, 0.508936, 0.0267861, 0, 0, 0.0267861, -0.385509, 1, 1, 9999, 9999, 9999, 9999, 9999, 9999, 9999, 9999, 0.508726, 9999, 4.6655, 0, 0, 0, 0, 0, 8000, 0, 0, 0, 0
9, 0.00000, 7.01827, 1, 1.34878, 0, 3.09472, 1.34878, 0.0709884, 0, 0, 0.0709884, -0.535722, 1, 1, 9999, 9999, 9999, 9999, 9999, 9999, 9999, 9999, 1.3488, 9999, 4.6655, 0, 0, 0, 0, 0, 8000, 0, 0, 0, 0
