hour,t(sec),kWh,State,kWOut,kWIn,kvarOut,DCkW,kWTotalLosses,kWInvLosses,kWIdlingLosses,kWChDchLosses,"kWh Chng",InvEff,InverterON,Vref,"Vavg (DRC)","VV Oper","VW Oper","DRC Oper","VV_DRC Oper","WP Oper","WV Oper",kWDesired,"kW VW Limit","Limit kWOut Function","kVA Exceeded","Grid voltage",di/dt,it,"it History","Rated VDC","Avg duty cycle","Target (Amps)","Series L","Max. Amps (phase)"
1, 0.00000, 11.6637, 1, 1.44655, 0, -3.09475, 1.44655, 0.076134, 0, 0, 0.076134, -6.99825, 1, 1, 9999, 9999, 9999, 9999, 9999, 9999, 9999, 9999, 1.44677, 9999, 4.6655, 0, 0, 0, 0, 0, 8000, 0, 0, 0, 0
2, 0.00000, 10.1411, 1, 1.9686, 0, -3.09471, 1.9686, 0.10361, 0, 0, 0.10361, -1.52268, 1, 1, 9999, 9999, 9999, 9999, 9999, 9999, 9999, 9999, 1.96884, 9999, 4.6655, 0, 0, 0, 0, 0, 8000, 0, 0, 0, 0
3, 0.00000, 8.06886, 1, 2.34633, 0, -3.09468, 2.34633, 0.123491, 0, 0, 0.123491, -2.07221, 1, 1, 9999, 9999, 9999, 9999, 9999, 9999, 9999, 9999, 2.34628, 9999, 4.6655, 0, 0, 0, 0, 0, 8000, 0, 0, 0, 0
