hour,t(sec),kWh,State,kWOut,kWIn,kvarOut,DCkW,kWTotalLosses,kWInvLosses,kWIdlingLosses,kWChDchLosses,"kWh Chng",InvEff,InverterON,Vref,"Vavg (DRC)","VV Oper","VW Oper","DRC Oper","VV_DRC Oper","WP Oper","WV Oper",kWDesired,"kW VW Limit","Limit kWOut Function","kVA Exceeded","Grid voltage",di/dt,it,"it History","Rated VDC","Avg duty cycle","Target (Amps)","Series L","Max. Amps (phase)"
1, 0.00000, 11.6637, -1, 0, 3.66552E-6, 3.0947, -3.66552E-6, 1.83276E-7, 0, 0, 1.83276E-7, -6.99825, 1, 1, 9999, 9999, 9999, 9999, 9999, 9999, 9999, 9999, -1.87035E-19, 9999, 4.6655, 0, 0, 0, 0, 0, 8000, 0, 0, 0, 0
2, 0.00000, 11.6638, -1, 0, 0.0000204495, 3.09469, -0.0000204495, 1.02248E-6, 0, 0, 1.02248E-6, 3.48224E-6, 1, 1, 9999, 9999, 9999, 9999, 9999, 9999, 9999, 9999, -1.84758E-18, 9999, 4.6655, 0, 0, 0, 0, 0, 8000, 0, 0, 0, 0
3, 0.00000, 11.6638, 1, 0.826412, 0, 3.09453, 0.826412, 0.0434954, 0, 0, 0.0434954, 0.000019427, 1, 1, 9999, 9999, 9999, 9999, 9999, 9999, 9999, 9999, 0.826213, 9999, 4.6655, 0, 0, 0, 0, 0, 8000, 0, 0, 0, 0
4, 0.00000, 10.7939, 1, 2.26622, 0, 3.09471, 2.26622, 0.119275, 0, 0, 0.119275, -0.869908, 1, 1, 9999, 9999, 9999, 9999, 9999, 9999, 9999, 9999, 2.26622, 9999, 4.6655, 0, 0, 0, 0, 0, 8000, 0, 0, 0, 0
5, 0.00000, 8.40837, -1, 0, 0.000227771, 3.09481, -0.000227771, 0.0000113886, 0, 0, 0.0000113886, -2.38549, 1, 1, 9999, 9999, 9999, 9999, 9999, 9999, 9999, 9999, -1.90278E-18, 9999, 4.6655, 0, 0, 0, 0, 0, 8000, 0, 0, 0, 0
