hour,t(sec),kWh,State,kWOut,kWIn,kvarOut,DCkW,kWTotalLosses,kWInvLosses,kWIdlingLosses,kWChDchLosses,"kWh Chng",InvEff,InverterON,Vref,"Vavg (DRC)","VV Oper","VW Oper","DRC Oper","VV_DRC Oper","WP Oper","WV Oper",kWDesired,"kW VW Limit","Limit kWOut Function","kVA Exceeded","Grid voltage",di/dt,it,"it History","Rated VDC","Avg duty cycle","Target (Amps)","Series L","Max. Amps (phase)"
1, 0.00000, 11.6637, -1, 0, 3.63567E-6, -3.09471, -3.63567E-6, 1.81783E-7, 0, 0, 1.81783E-7, -6.99825, 1, 1, 9999, 9999, 9999, 9999, 9999, 9999, 9999, 9999, -1.56178E-18, 9999, 4.6655, 0, 0, 0, 0, 0, 8000, 0, 0, 0, 0
2, 0.00000, 11.6638, 1, 0.0000467758, 0, -2.17081, 0.0000467758, 2.46189E-6, 0, 0, 2.46189E-6, 3.45388E-6, 1, 1, 9999, 9999, 9999, 9999, 9999, 9999, 9999, 9999, 3.64861E-18, 9999, 4.6655, 0, 0, 0, 0, 0, 8000, 0, 0, 0, 0
3, 0.00000, 11.6637, -1, 0, 0.0000941057, 1.82977, -0.0000941057, 4.70529E-6, 0, 0, 4.70529E-6, -0.0000492377, 1, 1, 9999, 9999, 9999, 9999, 9999, 9999, 9999, 9999, -8.46508E-20, 9999, 4.6655, 0, 0, 0, 0, 0, 8000, 0, 0, 0, 0
4, 0.00000, 11.6638, 1, 1.72188, 0, 3.0946, 1.72188, 0.0906252, 0, 0, 0.0906252, 0.0000894005, 1, 1, 9999, 9999, 9999, 9999, 9999, 9999, 9999, 9999, 1.7218, 9999, 4.6655, 0, 0, 0, 0, 0, 8000, 0, 0, 0, 0
5, 0.00000, 9.85129, 1, 3.94191, 0, 3.09476, 3.94191, 0.207469, 0, 0, 0.207469, -1.8125, 1, 1, 9999, 9999, 9999, 9999, 9999, 9999, 9999, 9999, 3.94193, 9999, 4.6655, 0, 0, 0, 0, 0, 8000, 0, 0, 0, 0
6, 0.00000, 5.70191, -1, 0, 0.0000732065, 2.52373, -0.0000732065, 3.66032E-6, 0, 0, 3.66032E-6, -4.14938, 1, 1, 9999, 9999, 9999, 9999, 9999, 9999, 9999, 9999, -2.39928E-18, 9999, 4.6655, 0, 0, 0, 0, 0, 8000, 0, 0, 0, 0
7, 0.00000, 5.70198, 1, 0.0982428, 0, 2.66866, 0.0982428, 0.00517067, 0, 0, 0.00517067, 0.0000695461, 1, 1, 9999, 9999, 9999, 9999, 9999, 9999, 9999, 9999, 0.0981668, 9999, 4.6655, 0, 0, 0, 0, 0, 8000, 0, 0, 0, 0
