hour,t(sec),kWh,State,kWOut,kWIn,kvarOut,DCkW,kWTotalLosses,kWInvLosses,kWIdlingLosses,kWChDchLosses,"kWh Chng",InvEff,InverterON,Vref,"Vavg (DRC)","VV Oper","VW Oper","DRC Oper","VV_DRC Oper","WP Oper","WV Oper",kWDesired,"kW VW Limit","Limit kWOut Function","kVA Exceeded","Grid voltage",di/dt,it,"it History","Rated VDC","Avg duty cycle","Target (Amps)","Series L","Max. Amps (phase)"
1, 0.00000, 5.83362, -1, 0, 0.0000217644, 1.54781, -0.0000217644, 1.08822E-6, 0, 0, 1.08822E-6, -3.50017, 1, 1, 9999, 9999, 9999, 9999, 9999, 9999, 9999, 9999, -1.30823E-17, 9999, 2.3335, 0, 0, 0, 0, 0, 8000, 0, 0, 0, 0
2, 0.00000, 5.83365, 1, 0.0000300818, 0, 1.54778, 0.0000300818, 1.58325E-6, 0, 0, 1.58325E-6, 0.0000206762, 1, 1, 9999, 9999, 9999, 9999, 9999, 9999, 9999, 9999, 7.0264E-18, 9999, 2.3335, 0, 0, 0, 0, 0, 8000, 0, 0, 0, 0
3, 0.00000, 5.83361, 1, 0.0000172089, 0, 1.54781, 0.0000172089, 9.05731E-7, 0, 0, 9.05731E-7, -0.0000316651, 1, 1, 9999, 9999, 9999, 9999, 9999, 9999, 9999, 9999, 1.50466E-33, 9999, 2.3335, 0, 0, 0, 0, 0, 8000, 0, 0, 0, 0
4, 0.00000, 5.8336, 1, 0.744591, 0, 1.54778, 0.744591, 0.039189, 0, 0, 0.039189, -0.0000181146, 1, 1, 9999, 9999, 9999, 9999, 9999, 9999, 9999, 9999, 0.744573, 9999, 2.3335, 0, 0, 0, 0, 0, 8000, 0, 0, 0, 0
5, 0.00000, 5.04982, 1, 0.606806, 0, 1.54777, 0.606806, 0.0319372, 0, 0, 0.0319372, -0.783781, 1, 1, 9999, 9999, 9999, 9999, 9999, 9999, 9999, 9999, 0.60678, 9999, 2.3335, 0, 0, 0, 0, 0, 8000, 0, 0, 0, 0
6, 0.00000, 4.41107, 1, 0.467092, 0, 1.54781, 0.467092, 0.0245838, 0, 0, 0.0245838, -0.638743, 1, 1, 9999, 9999, 9999, 9999, 9999, 9999, 9999, 9999, 0.467097, 9999, 2.3335, 0, 0, 0, 0, 0, 8000, 0, 0, 0, 0
7, 0.00000, 3.9194, 1, 0.0323001, 0, 1.54782, 0.0323001, 0.0017, 0, 0, 0.0017, -0.491676, 1, 1, 9999, 9999, 9999, 9999, 9999, 9999, 9999, 9999, 0.0323446, 9999, 2.3335, 0, 0, 0, 0, 0, 8000, 0, 0, 0, 0
8, 0.00000, 3.8854, 1, 0.449987, 0, 1.54779, 0.449987, 0.0236835, 0, 0, 0.0236835, -0.0340001, 1, 1, 9999, 9999, 9999, 9999, 9999, 9999, 9999, 9999, 0.449969, 9999, 2.3335, 0, 0, 0, 0, 0, 8000, 0, 0, 0, 0
9, 0.00000, 3.41173, 1, 0.581129, 0, 1.54778, 0.581129, 0.0305857, 0, 0, 0.0305857, -0.473671, 1, 1, 9999, 9999, 9999, 9999, 9999, 9999, 9999, 9999, 0.581111, 9999, 2.3335, 0, 0, 0, 0, 0, 8000, 0, 0, 0, 0
