hour,t(sec),kWh,State,kWOut,kWIn,kvarOut,DCkW,kWTotalLosses,kWInvLosses,kWIdlingLosses,kWChDchLosses,"kWh Chng",InvEff,InverterON,Vref,"Vavg (DRC)","VV Oper","VW Oper","DRC Oper","VV_DRC Oper","WP Oper","WV Oper",kWDesired,"kW VW Limit","Limit kWOut Function","kVA Exceeded","Grid voltage",di/dt,it,"it History","Rated VDC","Avg duty cycle","Target (Amps)","Series L","Max. Amps (phase)"
1, 0.00000, 11.6637, 0, 0, 7.37922E-7, 3.0947, -7.37922E-7, 7.37922E-7, 0, 7.37922E-7, 0, -6.99825, 1, 1, 9999, 9999, 9999, 9999, 9999, 9999, 9999, 9999, 0, 9999, 4.6655, 0, 0, 0, 0, 0, 8000, 0, 0, 0, 0
2, 0.00000, 11.6637, -1, 0, 0.0000102271, 3.09469, -0.0000102271, 5.11354E-7, 0, 0, 5.11354E-7, 0, 1, 1, 9999, 9999, 9999, 9999, 9999, 9999, 9999, 9999, -5.09146E-19, 9999, 4.6655, 0, 0, 0, 0, 0, 8000, 0, 0, 0, 0
3, 0.00000, 11.6638, 1, 3.2807E-6, 0, 3.0947, 3.2807E-6, 1.72668E-7, 0, 0, 1.72668E-7, 9.71572E-6, 1, 1, 9999, 9999, 9999, 9999, 9999, 9999, 9999, 9999, 6.73558E-19, 9999, 4.6655, 0, 0, 0, 0, 0, 8000, 0, 0, 0, 0
4, 0.00000, 11.6638, 1, 0.941473, 0, 3.09468, 0.941473, 0.0495512, 0, 0, 0.0495512, -3.45337E-6, 1, 1, 9999, 9999, 9999, 9999, 9999, 9999, 9999, 9999, 0.941451, 9999, 4.6655, 0, 0, 0, 0, 0, 8000, 0, 0, 0, 0
5, 0.00000, 10.6727, 1, 1.93249, 0, 3.09471, 1.93249, 0.10171, 0, 0, 0.10171, -0.991024, 1, 1, 9999, 9999, 9999, 9999, 9999, 9999, 9999, 9999, 1.9325, 9999, 4.6655, 0, 0, 0, 0, 0, 8000, 0, 0, 0, 0
6, 0.00000, 8.63853, 1, 0.00002681, 0, 3.09472, 0.00002681, 1.41105E-6, 0, 0, 1.41105E-6, -2.0342, 1, 1, 9999, 9999, 9999, 9999, 9999, 9999, 9999, 9999, 2.25138E-19, 9999, 4.6655, 0, 0, 0, 0, 0, 8000, 0, 0, 0, 0
7, 0.00000, 8.6385, 1, 0.163171, 0, 3.0947, 0.163171, 0.00858792, 0, 0, 0.00858792, -0.000028221, 1, 1, 9999, 9999, 9999, 9999, 9999, 9999, 9999, 9999, 0.163162, 9999, 4.6655, 0, 0, 0, 0, 0, 8000, 0, 0, 0, 0
