hour,t(sec),kWh,State,kWOut,kWIn,kvarOut,DCkW,kWTotalLosses,kWInvLosses,kWIdlingLosses,kWChDchLosses,"kWh Chng",InvEff,InverterON,Vref,"Vavg (DRC)","VV Oper","VW Oper","DRC Oper","VV_DRC Oper","WP Oper","WV Oper",kWDesired,"kW VW Limit","Limit kWOut Function","kVA Exceeded","Grid voltage",di/dt,it,"it History","Rated VDC","Avg duty cycle","Target (Amps)","Series L","Max. Amps (phase)"
1, 0.00000, 11.6637, 1, 0.0000197645, 0, 3.09469, 0.0000197645, 1.04024E-6, 0, 0, 1.04024E-6, -6.99825, 1, 1, 9999, 9999, 9999, 9999, 9999, 9999, 9999, 9999, 1.68014E-17, 9999, 4.6655, 0, 0, 0, 0, 0, 8000, 0, 0, 0, 0
2, 0.00000, 11.6637, -1, 0, 0.0000217324, 3.09471, -0.0000217324, 1.08662E-6, 0, 0, 1.08662E-6, -0.0000208048, 1, 1, 9999, 9999, 9999, 9999, 9999, 9999, 9999, 9999, -4.05511E-18, 9999, 4.6655, 0, 0, 0, 0, 0, 8000, 0, 0, 0, 0
3, 0.00000, 11.6637, 1, 0.979689, 0, 3.09467, 0.979689, 0.0515626, 0, 0, 0.0515626, 0.0000206458, 1, 1, 9999, 9999, 9999, 9999, 9999, 9999, 9999, 9999, 0.979662, 9999, 4.6655, 0, 0, 0, 0, 0, 8000, 0, 0, 0, 0
4, 0.00000, 10.6325, 1, 2.05902, 0, 3.09471, 2.05902, 0.10837, 0, 0, 0.10837, -1.03125, 1, 1, 9999, 9999, 9999, 9999, 9999, 9999, 9999, 9999, 2.05903, 9999, 4.6655, 0, 0, 0, 0, 0, 8000, 0, 0, 0, 0
5, 0.00000, 8.46511, -1, 0, 0.000020855, 3.09471, -0.000020855, 1.04275E-6, 0, 0, 1.04275E-6, -2.16739, 1, 1, 9999, 9999, 9999, 9999, 9999, 9999, 9999, 9999, -6.45099E-18, 9999, 4.6655, 0, 0, 0, 0, 0, 8000, 0, 0, 0, 0
6, 0.00000, 8.46513, -1, 0, 4.97835E-6, 3.0947, -4.97835E-6, 2.48917E-7, 0, 0, 2.48917E-7, 0.0000198123, 1, 1, 9999, 9999, 9999, 9999, 9999, 9999, 9999, 9999, -3.4716E-17, 9999, 4.6655, 0, 0, 0, 0, 0, 8000, 0, 0, 0, 0
