hour,t(sec),kWh,State,kWOut,kWIn,kvarOut,DCkW,kWTotalLosses,kWInvLosses,kWIdlingLosses,kWChDchLosses,"kWh Chng",InvEff,InverterON,Vref,"Vavg (DRC)","VV Oper","VW Oper","DRC Oper","VV_DRC Oper","WP Oper","WV Oper",kWDesired,"kW VW Limit","Limit kWOut Function","kVA Exceeded","Grid voltage",di/dt,it,"it History","Rated VDC","Avg duty cycle","Target (Amps)","Series L","Max. Amps (phase)"
1, 0.00000, 11.6637, 0, 0, 4.46228E-6, -3.09469, -4.46228E-6, 4.46228E-6, 0, 4.46228E-6, 0, -6.99825, 1, 1, 9999, 9999, 9999, 9999, 9999, 9999, 9999, 9999, 0, 9999, 4.6655, 0, 0, 0, 0, 0, 8000, 0, 0, 0, 0
2, 0.00000, 11.6637, 0, 0, 0.0000841911, -3.09468, -0.0000841911, 0.0000841911, 0, 0.0000841911, 0, 0, 1, 1, 9999, 9999, 9999, 9999, 9999, 9999, 9999, 9999, 0, 9999, 4.6655, 0, 0, 0, 0, 0, 8000, 0, 0, 0, 0
3, 0.00000, 11.6637, -1, 0, 0.0000299474, -3.09469, -0.0000299474, 1.49737E-6, 0, 0, 1.49737E-6, 0, 1, 1, 9999, 9999, 9999, 9999, 9999, 9999, 9999, 9999, -3.24971E-19, 9999, 4.6655, 0, 0, 0, 0, 0, 8000, 0, 0, 0, 0
4, 0.00000, 11.6638, 1, 0.851543, 0, -3.09474, 0.851543, 0.0448181, 0, 0, 0.0448181, 0.00002845, 1, 1, 9999, 9999, 9999, 9999, 9999, 9999, 9999, 9999, 0.85178, 9999, 4.6655, 0, 0, 0, 0, 0, 8000, 0, 0, 0, 0
5, 0.00000, 10.7674, 1, 1.61043, 0, -3.09469, 1.61043, 0.0847594, 0, 0, 0.0847594, -0.896361, 1, 1, 9999, 9999, 9999, 9999, 9999, 9999, 9999, 9999, 1.61039, 9999, 4.6655, 0, 0, 0, 0, 0, 8000, 0, 0, 0, 0
6, 0.00000, 9.07223, 0, 0, 0.000226046, -3.09474, -0.000226046, 0.000226046, 0, 0.000226046, 0, -1.69519, 1, 1, 9999, 9999, 9999, 9999, 9999, 9999, 9999, 9999, 0, 9999, 4.6655, 0, 0, 0, 0, 0, 8000, 0, 0, 0, 0
7, 0.00000, 9.07223, 1, 0.0000784836, 0, -3.0947, 0.0000784836, 4.13072E-6, 0, 0, 4.13072E-6, 0, 1, 1, 9999, 9999, 9999, 9999, 9999, 9999, 9999, 9999, 4.46334E-19, 9999, 4.6655, 0, 0, 0, 0, 0, 8000, 0, 0, 0, 0
