hour,t(sec),kWh,State,kWOut,kWIn,kvarOut,DCkW,kWTotalLosses,kWInvLosses,kWIdlingLosses,kWChDchLosses,"kWh Chng",InvEff,InverterON,Vref,"Vavg (DRC)","VV Oper","VW Oper","DRC Oper","VV_DRC Oper","WP Oper","WV Oper",kWDesired,"kW VW Limit","Limit kWOut Function","kVA Exceeded","Grid voltage",di/dt,it,"it History","Rated VDC","Avg duty cycle","Target (Amps)","Series L","Max. Amps (phase)"
1, 0.00000, 5.83362, 0, 0, 0.0000541966, 1.54782, -0.0000541966, 0.0000541966, 0, 0.0000541966, 0, -3.50017, 1, 1, 9999, 9999, 9999, 9999, 9999, 9999, 9999, 9999, 0, 9999, 2.3335, 0, 0, 0, 0, 0, 8000, 0, 0, 0, 0
2, 0.00000, 5.83362, 0, 0, 0.0000751646, 1.54776, -0.0000751646, 0.0000751646, 0, 0.0000751646, 0, 0, 1, 1, 9999, 9999, 9999, 9999, 9999, 9999, 9999, 9999, 0, 9999, 2.3335, 0, 0, 0, 0, 0, 8000, 0, 0, 0, 0
3, 0.00000, 5.83362, -1, 0, 0.0000489484, 1.54782, -0.0000489484, 2.44742E-6, 0, 0, 2.44742E-6, 0, 1, 1, 9999, 9999, 9999, 9999, 9999, 9999, 9999, 9999, -1.82405E-19, 9999, 2.3335, 0, 0, 0, 0, 0, 8000, 0, 0, 0, 0
4, 0.00000, 5.83367, 1, 0.436375, 0, 1.54776, 0.436375, 0.0229671, 0, 0, 0.0229671, 0.000046501, 1, 1, 9999, 9999, 9999, 9999, 9999, 9999, 9999, 9999, 0.436318, 9999, 2.3335, 0, 0, 0, 0, 0, 8000, 0, 0, 0, 0
5, 0.00000, 5.37433, 1, 0.644514, 0, 1.54773, 0.644514, 0.0339218, 0, 0, 0.0339218, -0.459342, 1, 1, 9999, 9999, 9999, 9999, 9999, 9999, 9999, 9999, 0.644443, 9999, 2.3335, 0, 0, 0, 0, 0, 8000, 0, 0, 0, 0
6, 0.00000, 4.69589, 1, 0.742508, 0, 1.54781, 0.742508, 0.0390794, 0, 0, 0.0390794, -0.678436, 1, 1, 9999, 9999, 9999, 9999, 9999, 9999, 9999, 9999, 0.74252, 9999, 2.3335, 0, 0, 0, 0, 0, 8000, 0, 0, 0, 0
7, 0.00000, 3.91431, 1, 0.122728, 0, 1.54785, 0.122728, 0.00645935, 0, 0, 0.00645935, -0.781588, 1, 1, 9999, 9999, 9999, 9999, 9999, 9999, 9999, 9999, 0.12284, 9999, 2.3335, 0, 0, 0, 0, 0, 8000, 0, 0, 0, 0
8, 0.00000, 3.78512, 1, 0.212016, 0, 1.54778, 0.212016, 0.0111587, 0, 0, 0.0111587, -0.129187, 1, 1, 9999, 9999, 9999, 9999, 9999, 9999, 9999, 9999, 0.211963, 9999, 2.3335, 0, 0, 0, 0, 0, 8000, 0, 0, 0, 0
9, 0.00000, 3.56195, 1, 0.723827, 0, 1.54774, 0.723827, 0.0380961, 0, 0, 0.0380961, -0.223174, 1, 1, 9999, 9999, 9999, 9999, 9999, 9999, 9999, 9999, 0.723782, 9999, 2.3335, 0, 0, 0, 0, 0, 8000, 0, 0, 0, 0
