hour,t(sec),kWh,State,kWOut,kWIn,kvarOut,DCkW,kWTotalLosses,kWInvLosses,kWIdlingLosses,kWChDchLosses,"kWh Chng",InvEff,InverterON,Vref,"Vavg (DRC)","VV Oper","VW Oper","DRC Oper","VV_DRC Oper","WP Oper","WV Oper",kWDesired,"kW VW Limit","Limit kWOut Function","kVA Exceeded","Grid voltage",di/dt,it,"it History","Rated VDC","Avg duty cycle","Target (Amps)","Series L","Max. Amps (phase)"
1, 0.00000, 11.6637, 0, 0, 6.46204E-6, 3.0947, -6.46204E-6, 6.46204E-6, 0, 6.46204E-6, 0, -6.99825, 1, 1, 9999, 9999, 9999, 9999, 9999, 9999, 9999, 9999, 0, 9999, 4.6655, 0, 0, 0, 0, 0, 8000, 0, 0, 0, 0
2, 0.00000, 11.6637, 1, 0.0000192183, 0, 3.0947, 0.0000192183, 1.01149E-6, 0, 0, 1.01149E-6, 0, 1, 1, 9999, 9999, 9999, 9999, 9999, 9999, 9999, 9999, 5.92752E-20, 9999, 4.6655, 0, 0, 0, 0, 0, 8000, 0, 0, 0, 0
3, 0.00000, 11.6637, 0, 0, 0.0000495288, 3.09467, -0.0000495288, 0.0000495288, 0, 0.0000495288, 0, -0.0000202298, 1, 1, 9999, 9999, 9999, 9999, 9999, 9999, 9999, 9999, 0, 9999, 4.6655, 0, 0, 0, 0, 0, 8000, 0, 0, 0, 0
4, 0.00000, 11.6637, 0, 0, 0.000066196, 3.09466, -0.000066196, 0.000066196, 0, 0.000066196, 0, 0, 1, 1, 9999, 9999, 9999, 9999, 9999, 9999, 9999, 9999, 0, 9999, 4.6655, 0, 0, 0, 0, 0, 8000, 0, 0, 0, 0
5, 0.00000, 11.6637, 1, 0.515312, 0, 3.09469, 0.515312, 0.0271217, 0, 0, 0.0271217, 0, 1, 1, 9999, 9999, 9999, 9999, 9999, 9999, 9999, 9999, 0.515304, 9999, 4.6655, 0, 0, 0, 0, 0, 8000, 0, 0, 0, 0
6, 0.00000, 11.1213, -1, 0, 0.000104304, 3.09478, -0.000104304, 5.21518E-6, 0, 0, 5.21518E-6, -0.542434, 1, 1, 9999, 9999, 9999, 9999, 9999, 9999, 9999, 9999, -7.02344E-20, 9999, 4.6655, 0, 0, 0, 0, 0, 8000, 0, 0, 0, 0
7, 0.00000, 11.1214, -1, 0, 3.59431E-6, 3.0947, -3.59431E-6, 1.79716E-7, 0, 0, 1.79716E-7, 0.0000990884, 1, 1, 9999, 9999, 9999, 9999, 9999, 9999, 9999, 9999, -9.69771E-20, 9999, 4.6655, 0, 0, 0, 0, 0, 8000, 0, 0, 0, 0
8, 0.00000, 11.1214, 1, 0.103022, 0, 3.09462, 0.103022, 0.00542222, 0, 0, 0.00542222, 3.4146E-6, 1, 1, 9999, 9999, 9999, 9999, 9999, 9999, 9999, 9999, 0.102921, 9999, 4.6655, 0, 0, 0, 0, 0, 8000, 0, 0, 0, 0
