hour,t(sec),kWh,State,kWOut,kWIn,kvarOut,DCkW,kWTotalLosses,kWInvLosses,kWIdlingLosses,kWChDchLosses,"kWh Chng",InvEff,InverterON,Vref,"Vavg (DRC)","VV Oper","VW Oper","DRC Oper","VV_DRC Oper","WP Oper","WV Oper",kWDesired,"kW VW Limit","Limit kWOut Function","kVA Exceeded","Grid voltage",di/dt,it,"it History","Rated VDC","Avg duty cycle","Target (Amps)","Series L","Max. Amps (phase)"
1, 0.00000, 5.83362, -1, 0, 0.0000431895, 1.54781, -0.0000431895, 2.15948E-6, 0, 0, 2.15948E-6, -3.50017, 1, 1, 9999, 9999, 9999, 9999, 9999, 9999, 9999, 9999, -1.77507E-18, 9999, 2.3335, 0, 0, 0, 0, 0, 8000, 0, 0, 0, 0
2, 0.00000, 5.83367, 1, 0.353408, 0, 1.54773, 0.353408, 0.0186004, 0, 0, 0.0186004, 0.0000410301, 1, 1, 9999, 9999, 9999, 9999, 9999, 9999, 9999, 9999, 0.353315, 9999, 2.3335, 0, 0, 0, 0, 0, 8000, 0, 0, 0, 0
3, 0.00000, 5.46166, 1, 0.80504, 0, 1.54776, 0.80504, 0.0423706, 0, 0, 0.0423706, -0.372009, 1, 1, 9999, 9999, 9999, 9999, 9999, 9999, 9999, 9999, 0.805011, 9999, 2.3335, 0, 0, 0, 0, 0, 8000, 0, 0, 0, 0
4, 0.00000, 4.61425, 1, 1.11939, 0, 1.54782, 1.11939, 0.0589153, 0, 0, 0.0589153, -0.847411, 1, 1, 9999, 9999, 9999, 9999, 9999, 9999, 9999, 9999, 1.1194, 9999, 2.3335, 0, 0, 0, 0, 0, 8000, 0, 0, 0, 0
5, 0.00000, 3.43594, 1, 0.245511, 0, 1.54783, 0.245511, 0.0129217, 0, 0, 0.0129217, -1.17831, 1, 1, 9999, 9999, 9999, 9999, 9999, 9999, 9999, 9999, 0.245554, 9999, 2.3335, 0, 0, 0, 0, 0, 8000, 0, 0, 0, 0
6, 0.00000, 3.17751, 1, 0.358607, 0, 1.54777, 0.358607, 0.018874, 0, 0, 0.018874, -0.258433, 1, 1, 9999, 9999, 9999, 9999, 9999, 9999, 9999, 9999, 0.358566, 9999, 2.3335, 0, 0, 0, 0, 0, 8000, 0, 0, 0, 0
