hour,t(sec),kWh,State,kWOut,kWIn,kvarOut,DCkW,kWTotalLosses,kWInvLosses,kWIdlingLosses,kWChDchLosses,"kWh Chng",InvEff,InverterON,Vref,"Vavg (DRC)","VV Oper","VW Oper","DRC Oper","VV_DRC Oper","WP Oper","WV Oper",kWDesired,"kW VW Limit","Limit kWOut Function","kVA Exceeded","Grid voltage",di/dt,it,"it History","Rated VDC","Avg duty cycle","Target (Amps)","Series L","Max. Amps (phase)"
1, 0.00000, 11.6637, 0, 0, 2.73887E-6, 3.0947, -2.73887E-6, 2.73887E-6, 0, 2.73887E-6, 0, -6.99825, 1, 1, 9999, 9999, 9999, 9999, 9999, 9999, 9999, 9999, 0, 9999, 4.6655, 0, 0, 0, 0, 0, 8000, 0, 0, 0, 0
2, 0.00000, 11.6637, 1, 0.0000366719, 0, 3.09467, 0.0000366719, 1.9301E-6, 0, 0, 1.9301E-6, 0, 1, 1, 9999, 9999, 9999, 9999, 9999, 9999, 9999, 9999, 2.51876E-19, 9999, 4.6655, 0, 0, 0, 0, 0, 8000, 0, 0, 0, 0
3, 0.00000, 11.6637, 0, 0, 0.000012168, 3.09471, -0.000012168, 0.000012168, 0, 0.000012168, 0, -0.000038602, 1, 1, 9999, 9999, 9999, 9999, 9999, 9999, 9999, 9999, 0, 9999, 4.6655, 0, 0, 0, 0, 0, 8000, 0, 0, 0, 0
4, 0.00000, 11.6637, 1, 0.18007, 0, 3.09463, 0.18007, 0.00947736, 0, 0, 0.00947736, 0, 1, 1, 9999, 9999, 9999, 9999, 9999, 9999, 9999, 9999, 0.179981, 9999, 4.6655, 0, 0, 0, 0, 0, 8000, 0, 0, 0, 0
5, 0.00000, 11.4742, 1, 0.435698, 0, 3.09471, 0.435698, 0.0229315, 0, 0, 0.0229315, -0.189547, 1, 1, 9999, 9999, 9999, 9999, 9999, 9999, 9999, 9999, 0.435711, 9999, 4.6655, 0, 0, 0, 0, 0, 8000, 0, 0, 0, 0
6, 0.00000, 11.0155, -1, 0, 0.0000964655, 3.09477, -0.0000964655, 4.82328E-6, 0, 0, 4.82328E-6, -0.458629, 1, 1, 9999, 9999, 9999, 9999, 9999, 9999, 9999, 9999, -2.8307E-19, 9999, 4.6655, 0, 0, 0, 0, 0, 8000, 0, 0, 0, 0
7, 0.00000, 11.0156, -1, 0, 0.0000305006, 3.09468, -0.0000305006, 1.52503E-6, 0, 0, 1.52503E-6, 0.0000916423, 1, 1, 9999, 9999, 9999, 9999, 9999, 9999, 9999, 9999, -6.0031E-20, 9999, 4.6655, 0, 0, 0, 0, 0, 8000, 0, 0, 0, 0
