hour,t(sec),kWh,State,kWOut,kWIn,kvarOut,DCkW,kWTotalLosses,kWInvLosses,kWIdlingLosses,kWChDchLosses,"kWh Chng",InvEff,InverterON,Vref,"Vavg (DRC)","VV Oper","VW Oper","DRC Oper","VV_DRC Oper","WP Oper","WV Oper",kWDesired,"kW VW Limit","Limit kWOut Function","kVA Exceeded","Grid voltage",di/dt,it,"it History","Rated VDC","Avg duty cycle","Target (Amps)","Series L","Max. Amps (phase)"
1, 0.00000, 21.875, 1, 1.31124E-6, 0, 1.0695, 1.31124E-6, 6.90128E-8, 0, 0, 6.90128E-8, -13.125, 1, 1, 9999, 9999, 9999, 9999, 9999, 9999, 9999, 9999, 1.07214E-18, 9999, 8.75, 0, 0, 0, 0, 0, 8000, 0, 0, 0, 0
2, 0.00000, 21.875, 1, 0.0000832729, 0, 3.95686, 0.0000832729, 4.38278E-6, 0, 0, 4.38278E-6, -1.38026E-6, 1, 1, 9999, 9999, 9999, 9999, 9999, 9999, 9999, 9999, 4.34254E-18, 9999, 8.75, 0, 0, 0, 0, 0, 8000, 0, 0, 0, 0
3, 0.00000, 21.8749, 1, 2.18239, 0, 5.65552, 2.18239, 0.114862, 0, 0, 0.114862, -0.0000876556, 1, 1, 9999, 9999, 9999, 9999, 9999, 9999, 9999, 9999, 2.18243, 9999, 8.75, 0, 0, 0, 0, 0, 8000, 0, 0, 0, 0
4, 0.00000, 19.5777, 1, 2.78013, 0, 5.80379, 2.78013, 0.146323, 0, 0, 0.146323, -2.29725, 1, 1, 9999, 9999, 9999, 9999, 9999, 9999, 9999, 9999, 2.77988, 9999, 8.75, 0, 0, 0, 0, 0, 8000, 0, 0, 0, 0
5, 0.00000, 16.6512, 1, 2.97811, 0, 5.80415, 2.97811, 0.156743, 0, 0, 0.156743, -2.92645, 1, 1, 9999, 9999, 9999, 9999, 9999, 9999, 9999, 9999, 2.97815, 9999, 8.75, 0, 0, 0, 0, 0, 8000, 0, 0, 0, 0
6, 0.00000, 13.5164, 1, 0.889224, 0, 5.80431, 0.889224, 0.0468012, 0, 0, 0.0468012, -3.13486, 1, 1, 9999, 9999, 9999, 9999, 9999, 9999, 9999, 9999, 0.889525, 9999, 8.75, 0, 0, 0, 0, 0, 8000, 0, 0, 0, 0
7, 0.00000, 12.5803, 1, 1.2146, 0, 5.80403, 1.2146, 0.0639264, 0, 0, 0.0639264, -0.936025, 1, 1, 9999, 9999, 9999, 9999, 9999, 9999, 9999, 9999, 1.2145, 9999, 8.75, 0, 0, 0, 0, 0, 8000, 0, 0, 0, 0
