hour,t(sec),kWh,State,kWOut,kWIn,kvarOut,DCkW,kWTotalLosses,kWInvLosses,kWIdlingLosses,kWChDchLosses,"kWh Chng",InvEff,InverterON,Vref,"Vavg (DRC)","VV Oper","VW Oper","DRC Oper","VV_DRC Oper","WP Oper","WV Oper",kWDesired,"kW VW Limit","Limit kWOut Function","kVA Exceeded","Grid voltage",di/dt,it,"it History","Rated VDC","Avg duty cycle","Target (Amps)","Series L","Max. Amps (phase)"
1, 0.00000, 11.6637, -1, 0, 2.29306E-6, -3.0947, -2.29306E-6, 1.14653E-7, 0, 0, 1.14653E-7, -6.99825, 1, 1, 9999, 9999, 9999, 9999, 9999, 9999, 9999, 9999, -5.99937E-19, 9999, 4.6655, 0, 0, 0, 0, 0, 8000, 0, 0, 0, 0
2, 0.00000, 11.6638, -1, 0, 0.0000386423, -3.09468, -0.0000386423, 1.93211E-6, 0, 0, 1.93211E-6, 2.1784E-6, 1, 1, 9999, 9999, 9999, 9999, 9999, 9999, 9999, 9999, -2.66241E-18, 9999, 4.6655, 0, 0, 0, 0, 0, 8000, 0, 0, 0, 0
3, 0.00000, 11.6638, -1, 0, 0.0000126007, -3.0947, -0.0000126007, 6.30034E-7, 0, 0, 6.30034E-7, 0.0000367101, 1, 1, 9999, 9999, 9999, 9999, 9999, 9999, 9999, 9999, -1.69115E-18, 9999, 4.6655, 0, 0, 0, 0, 0, 8000, 0, 0, 0, 0
4, 0.00000, 11.6638, 1, 0.540716, 0, -3.09467, 0.540716, 0.0284587, 0, 0, 0.0284587, 0.0000119706, 1, 1, 9999, 9999, 9999, 9999, 9999, 9999, 9999, 9999, 0.540825, 9999, 4.6655, 0, 0, 0, 0, 0, 8000, 0, 0, 0, 0
5, 0.00000, 11.0946, 1, 1.18912, 0, -3.0947, 1.18912, 0.062585, 0, 0, 0.062585, -0.569174, 1, 1, 9999, 9999, 9999, 9999, 9999, 9999, 9999, 9999, 1.1891, 9999, 4.6655, 0, 0, 0, 0, 0, 8000, 0, 0, 0, 0
6, 0.00000, 9.84293, -1, 0, 0.000101927, -3.09475, -0.000101927, 5.09635E-6, 0, 0, 5.09635E-6, -1.2517, 1, 1, 9999, 9999, 9999, 9999, 9999, 9999, 9999, 9999, -3.16853E-18, 9999, 4.6655, 0, 0, 0, 0, 0, 8000, 0, 0, 0, 0
7, 0.00000, 9.84302, 1, 0.0000340459, 0, -3.09469, 0.0000340459, 1.79189E-6, 0, 0, 1.79189E-6, 0.0000968306, 1, 1, 9999, 9999, 9999, 9999, 9999, 9999, 9999, 9999, 1.8745E-19, 9999, 4.6655, 0, 0, 0, 0, 0, 8000, 0, 0, 0, 0
