hour,t(sec),kWh,State,kWOut,kWIn,kvarOut,DCkW,kWTotalLosses,kWInvLosses,kWIdlingLosses,kWChDchLosses,"kWh Chng",InvEff,InverterON,Vref,"Vavg (DRC)","VV Oper","VW Oper","DRC Oper","VV_DRC Oper","WP Oper","WV Oper",kWDesired,"kW VW Limit","Limit kWOut Function","kVA Exceeded","Grid voltage",di/dt,it,"it History","Rated VDC","Avg duty cycle","Target (Amps)","Series L","Max. Amps (phase)"
1, 0.00000, 11.6637, -1, 0, 0.0000191972, -3.09468, -0.0000191972, 9.59861E-7, 0, 0, 9.59861E-7, -6.99825, 1, 1, 9999, 9999, 9999, 9999, 9999, 9999, 9999, 9999, -5.78709E-18, 9999, 4.6655, 0, 0, 0, 0, 0, 8000, 0, 0, 0, 0
2, 0.00000, 11.6638, 1, 1.21176, 0, -3.09474, 1.21176, 0.0637771, 0, 0, 0.0637771, 0.0000182374, 1, 1, 9999, 9999, 9999, 9999, 9999, 9999, 9999, 9999, 1.21196, 9999, 4.6655, 0, 0, 0, 0, 0, 8000, 0, 0, 0, 0
3, 0.00000, 10.3882, 1, 1.69087, 0, -3.0947, 1.69087, 0.0889931, 0, 0, 0.0889931, -1.27554, 1, 1, 9999, 9999, 9999, 9999, 9999, 9999, 9999, 9999, 1.6911, 9999, 4.6655, 0, 0, 0, 0, 0, 8000, 0, 0, 0, 0
4, 0.00000, 8.60837, 1, 2.05954, 0, -3.09468, 2.05954, 0.108397, 0, 0, 0.108397, -1.77986, 1, 1, 9999, 9999, 9999, 9999, 9999, 9999, 9999, 9999, 2.05949, 9999, 4.6655, 0, 0, 0, 0, 0, 8000, 0, 0, 0, 0
5, 0.00000, 6.44043, 1, 0.799583, 0, -3.09476, 0.799583, 0.0420833, 0, 0, 0.0420833, -2.16794, 1, 1, 9999, 9999, 9999, 9999, 9999, 9999, 9999, 9999, 0.799387, 9999, 4.6655, 0, 0, 0, 0, 0, 8000, 0, 0, 0, 0
