hour,t(sec),kWh,State,kWOut,kWIn,kvarOut,DCkW,kWTotalLosses,kWInvLosses,kWIdlingLosses,kWChDchLosses,"kWh Chng",InvEff,InverterON,Vref,"Vavg (DRC)","VV Oper","VW Oper","DRC Oper","VV_DRC Oper","WP Oper","WV Oper",kWDesired,"kW VW Limit","Limit kWOut Function","kVA Exceeded","Grid voltage",di/dt,it,"it History","Rated VDC","Avg duty cycle","Target (Amps)","Series L","Max. Amps (phase)"
1, 0.00000, 5.83362, -1, 0, 0.0000281685, 1.54781, -0.0000281685, 1.40842E-6, 0, 0, 1.40842E-6, -3.50017, 1, 1, 9999, 9999, 9999, 9999, 9999, 9999, 9999, 9999, -3.2564E-18, 9999, 2.3335, 0, 0, 0, 0, 0, 8000, 0, 0, 0, 0
2, 0.00000, 5.83365, 1, 0.0000691744, 0, 1.54777, 0.0000691744, 3.64076E-6, 0, 0, 3.64076E-6, 0.00002676, 1, 1, 9999, 9999, 9999, 9999, 9999, 9999, 9999, 9999, 3.99659E-19, 9999, 2.3335, 0, 0, 0, 0, 0, 8000, 0, 0, 0, 0
3, 0.00000, 5.83358, 1, 0.913351, 0, 1.54777, 0.913351, 0.0480711, 0, 0, 0.0480711, -0.0000728152, 1, 1, 9999, 9999, 9999, 9999, 9999, 9999, 9999, 9999, 0.913332, 9999, 2.3335, 0, 0, 0, 0, 0, 8000, 0, 0, 0, 0
4, 0.00000, 4.87216, 1, 1.54533, 0, 1.54782, 1.54533, 0.0813332, 0, 0, 0.0813332, -0.961422, 1, 1, 9999, 9999, 9999, 9999, 9999, 9999, 9999, 9999, 1.54534, 9999, 2.3335, 0, 0, 0, 0, 0, 8000, 0, 0, 0, 0
5, 0.00000, 3.24549, 1, 0.108858, 0, 1.54782, 0.108858, 0.00572936, 0, 0, 0.00572936, -1.62666, 1, 1, 9999, 9999, 9999, 9999, 9999, 9999, 9999, 9999, 0.108888, 9999, 2.3335, 0, 0, 0, 0, 0, 8000, 0, 0, 0, 0
6, 0.00000, 3.13091, 1, 0.314351, 0, 1.54778, 0.314351, 0.0165448, 0, 0, 0.0165448, -0.114587, 1, 1, 9999, 9999, 9999, 9999, 9999, 9999, 9999, 9999, 0.314322, 9999, 2.3335, 0, 0, 0, 0, 0, 8000, 0, 0, 0, 0
