hour,t(sec),kWh,State,kWOut,kWIn,kvarOut,DCkW,kWTotalLosses,kWInvLosses,kWIdlingLosses,kWChDchLosses,"kWh Chng",InvEff,InverterON,Vref,"Vavg (DRC)","VV Oper","VW Oper","DRC Oper","VV_DRC Oper","WP Oper","WV Oper",kWDesired,"kW VW Limit","Limit kWOut Function","kVA Exceeded","Grid voltage",di/dt,it,"it History","Rated VDC","Avg duty cycle","Target (Amps)","Series L","Max. Amps (phase)"
1, 0.00000, 5.83362, -1, 0, 2.88192E-6, 1.5478, -2.88192E-6, 1.44096E-7, 0, 0, 1.44096E-7, -3.50017, 1, 1, 9999, 9999, 9999, 9999, 9999, 9999, 9999, 9999, -3.93801E-19, 9999, 2.3335, 0, 0, 0, 0, 0, 8000, 0, 0, 0, 0
2, 0.00000, 5.83363, -1, 0, 0.000038459, 1.54778, -0.000038459, 1.92295E-6, 0, 0, 1.92295E-6, 2.73783E-6, 1, 1, 9999, 9999, 9999, 9999, 9999, 9999, 9999, 9999, -9.40424E-35, 9999, 2.3335, 0, 0, 0, 0, 0, 8000, 0, 0, 0, 0
3, 0.00000, 5.83366, 1, 0.589057, 0, 1.5478, 0.589057, 0.031003, 0, 0, 0.031003, 0.000036536, 1, 1, 9999, 9999, 9999, 9999, 9999, 9999, 9999, 9999, 0.589069, 9999, 2.3335, 0, 0, 0, 0, 0, 8000, 0, 0, 0, 0
4, 0.00000, 5.2136, 1, 0.777322, 0, 1.54771, 0.777322, 0.0409117, 0, 0, 0.0409117, -0.62006, 1, 1, 9999, 9999, 9999, 9999, 9999, 9999, 9999, 9999, 0.777242, 9999, 2.3335, 0, 0, 0, 0, 0, 8000, 0, 0, 0, 0
5, 0.00000, 4.39537, 1, 0.875705, 0, 1.54782, 0.875705, 0.0460897, 0, 0, 0.0460897, -0.818234, 1, 1, 9999, 9999, 9999, 9999, 9999, 9999, 9999, 9999, 0.875716, 9999, 2.3335, 0, 0, 0, 0, 0, 8000, 0, 0, 0, 0
6, 0.00000, 3.47358, 1, 0.278457, 0, 1.54786, 0.278457, 0.0146557, 0, 0, 0.0146557, -0.921794, 1, 1, 9999, 9999, 9999, 9999, 9999, 9999, 9999, 9999, 0.27855, 9999, 2.3335, 0, 0, 0, 0, 0, 8000, 0, 0, 0, 0
7, 0.00000, 3.18046, 1, 0.361281, 0, 1.54778, 0.361281, 0.0190148, 0, 0, 0.0190148, -0.293113, 1, 1, 9999, 9999, 9999, 9999, 9999, 9999, 9999, 9999, 0.361249, 9999, 2.3335, 0, 0, 0, 0, 0, 8000, 0, 0, 0, 0
