hour,t(sec),kWh,State,kWOut,kWIn,kvarOut,DCkW,kWTotalLosses,kWInvLosses,kWIdlingLosses,kWChDchLosses,"kWh Chng",InvEff,InverterON,Vref,"Vavg (DRC)","VV Oper","VW Oper","DRC Oper","VV_DRC Oper","WP Oper","WV Oper",kWDesired,"kW VW Limit","Limit kWOut Function","kVA Exceeded","Grid voltage",di/dt,it,"it History","Rated VDC","Avg duty cycle","Target (Amps)","Series L","Max. Amps (phase)"
1, 0.00000, 11.6637, -1, 0, 2.63224, 3.09467, -2.63224, 0.131612, 0, 0, 0.131612, -6.99825, 1, 1, 9999, 9999, 9999, 9999, 9999, 9999, 9999, 9999, -2.63214, 9999, 4.6655, 0, 0, 0, 0, 0, 8000, 0, 0, 0, 0
2, 0.00000, 14.1644, 1, 0.000067005, 0, 3.09465, 0.000067005, 3.52658E-6, 0, 0, 3.52658E-6, 2.50063, 1, 1, 9999, 9999, 9999, 9999, 9999, 9999, 9999, 9999, 1.59523E-18, 9999, 4.6655, 0, 0, 0, 0, 0, 8000, 0, 0, 0, 0
3, 0.00000, 14.1643, 1, 0.0000207819, 0, 3.09469, 0.0000207819, 1.09378E-6, 0, 0, 1.09378E-6, -0.0000705315, 1, 1, 9999, 9999, 9999, 9999, 9999, 9999, 9999, 9999, 6.38894E-19, 9999, 4.6655, 0, 0, 0, 0, 0, 8000, 0, 0, 0, 0
4, 0.00000, 14.1643, 1, 0.611116, 0, 3.09467, 0.611116, 0.032164, 0, 0, 0.032164, -0.0000218756, 1, 1, 9999, 9999, 9999, 9999, 9999, 9999, 9999, 9999, 0.611087, 9999, 4.6655, 0, 0, 0, 0, 0, 8000, 0, 0, 0, 0
5, 0.00000, 13.521, 1, 1.739, 0, 3.09465, 1.739, 0.0915262, 0, 0, 0.0915262, -0.643279, 1, 1, 9999, 9999, 9999, 9999, 9999, 9999, 9999, 9999, 1.73897, 9999, 4.6655, 0, 0, 0, 0, 0, 8000, 0, 0, 0, 0
6, 0.00000, 11.6905, 1, 2.5468, 0, 3.09473, 2.5468, 0.134042, 0, 0, 0.134042, -1.83052, 1, 1, 9999, 9999, 9999, 9999, 9999, 9999, 9999, 9999, 2.5468, 9999, 4.6655, 0, 0, 0, 0, 0, 8000, 0, 0, 0, 0
7, 0.00000, 9.00965, 1, 0.504818, 0, 3.09481, 0.504818, 0.0265694, 0, 0, 0.0265694, -2.68084, 1, 1, 9999, 9999, 9999, 9999, 9999, 9999, 9999, 9999, 0.504994, 9999, 4.6655, 0, 0, 0, 0, 0, 8000, 0, 0, 0, 0
8, 0.00000, 8.47826, 1, 0.716169, 0, 3.09454, 0.716169, 0.0376931, 0, 0, 0.0376931, -0.531388, 1, 1, 9999, 9999, 9999, 9999, 9999, 9999, 9999, 9999, 0.715968, 9999, 4.6655, 0, 0, 0, 0, 0, 8000, 0, 0, 0, 0
9, 0.00000, 7.7244, 1, 2.01963, 0, 3.09474, 2.01963, 0.106297, 0, 0, 0.106297, -0.753862, 1, 1, 9999, 9999, 9999, 9999, 9999, 9999, 9999, 9999, 2.01965, 9999, 4.6655, 0, 0, 0, 0, 0, 8000, 0, 0, 0, 0
