hour,t(sec),kWh,State,kWOut,kWIn,kvarOut,DCkW,kWTotalLosses,kWInvLosses,kWIdlingLosses,kWChDchLosses,"kWh Chng",InvEff,InverterON,Vref,"Vavg (DRC)","VV Oper","VW Oper","DRC Oper","VV_DRC Oper","WP Oper","WV Oper",kWDesired,"kW VW Limit","Limit kWOut Function","kVA Exceeded","Grid voltage",di/dt,it,"it History","Rated VDC","Avg duty cycle","Target (Amps)","Series L","Max. Amps (phase)"
1, 0.00000, 5.83362, 1, 0.0000447668, 0, 1.54777, 0.0000447668, 2.35615E-6, 0, 0, 2.35615E-6, -3.50017, 1, 1, 9999, 9999, 9999, 9999, 9999, 9999, 9999, 9999, 2.39907E-18, 9999, 2.3335, 0, 0, 0, 0, 0, 8000, 0, 0, 0, 0
2, 0.00000, 5.83358, 1, 0.915812, 0, 1.54769, 0.915812, 0.0482006, 0, 0, 0.0482006, -0.000047123, 1, 1, 9999, 9999, 9999, 9999, 9999, 9999, 9999, 9999, 0.915735, 9999, 2.3335, 0, 0, 0, 0, 0, 8000, 0, 0, 0, 0
3, 0.00000, 4.86957, 1, 1.96614, 0, 1.54782, 1.96614, 0.103481, 0, 0, 0.103481, -0.964013, 1, 1, 9999, 9999, 9999, 9999, 9999, 9999, 9999, 9999, 1.96614, 9999, 2.3335, 0, 0, 0, 0, 0, 8000, 0, 0, 0, 0
