hour,t(sec),kWh,State,kWOut,kWIn,kvarOut,DCkW,kWTotalLosses,kWInvLosses,kWIdlingLosses,kWChDchLosses,"kWh Chng",InvEff,InverterON,Vref,"Vavg (DRC)","VV Oper","VW Oper","DRC Oper","VV_DRC Oper","WP Oper","WV Oper",kWDesired,"kW VW Limit","Limit kWOut Function","kVA Exceeded","Grid voltage",di/dt,it,"it History","Rated VDC","Avg duty cycle","Target (Amps)","Series L","Max. Amps (phase)"
1, 0.00000, 11.6637, -1, 0, 0.0000150369, -2.3256, -0.0000150369, 7.51845E-7, 0, 0, 7.51845E-7, -6.99825, 1, 1, 9999, 9999, 9999, 9999, 9999, 9999, 9999, 9999, -7.10182E-20, 9999, 4.6655, 0, 0, 0, 0, 0, 8000, 0, 0, 0, 0
2, 0.00000, 11.6638, -1, 0, 0.0000633188, 1.84881, -0.0000633188, 3.16594E-6, 0, 0, 3.16594E-6, 0.0000142851, 1, 1, 9999, 9999, 9999, 9999, 9999, 9999, 9999, 9999, -1.3257E-18, 9999, 4.6655, 0, 0, 0, 0, 0, 8000, 0, 0, 0, 0
3, 0.00000, 11.6638, 1, 0.568879, 0, 2.85328, 0.568879, 0.029941, 0, 0, 0.029941, 0.0000601529, 1, 1, 9999, 9999, 9999, 9999, 9999, 9999, 9999, 9999, 0.568678, 9999, 4.6655, 0, 0, 0, 0, 0, 8000, 0, 0, 0, 0
4, 0.00000, 11.065, 1, 1.37005, 0, 3.09467, 1.37005, 0.072108, 0, 0, 0.072108, -0.59882, 1, 1, 9999, 9999, 9999, 9999, 9999, 9999, 9999, 9999, 1.37002, 9999, 4.6655, 0, 0, 0, 0, 0, 8000, 0, 0, 0, 0
5, 0.00000, 9.62284, 1, 1.65884, 0, 3.09474, 1.65884, 0.0873072, 0, 0, 0.0873072, -1.44216, 1, 1, 9999, 9999, 9999, 9999, 9999, 9999, 9999, 9999, 1.65887, 9999, 4.6655, 0, 0, 0, 0, 0, 8000, 0, 0, 0, 0
6, 0.00000, 7.8767, 1, 0.184369, 0, 3.02231, 0.184369, 0.00970362, 0, 0, 0.00970362, -1.74614, 1, 1, 9999, 9999, 9999, 9999, 9999, 9999, 9999, 9999, 0.18439, 9999, 4.6655, 0, 0, 0, 0, 0, 8000, 0, 0, 0, 0
7, 0.00000, 7.68263, 1, 0.443637, 0, 3.05491, 0.443637, 0.0233493, 0, 0, 0.0233493, -0.194072, 1, 1, 9999, 9999, 9999, 9999, 9999, 9999, 9999, 9999, 0.443652, 9999, 4.6655, 0, 0, 0, 0, 0, 8000, 0, 0, 0, 0
8, 0.00000, 7.21564, 1, 1.53629, 0, 3.09466, 1.53629, 0.0808572, 0, 0, 0.0808572, -0.466986, 1, 1, 9999, 9999, 9999, 9999, 9999, 9999, 9999, 9999, 1.53626, 9999, 4.6655, 0, 0, 0, 0, 0, 8000, 0, 0, 0, 0
