hour,t(sec),kWh,State,kWOut,kWIn,kvarOut,DCkW,kWTotalLosses,kWInvLosses,kWIdlingLosses,kWChDchLosses,"kWh Chng",InvEff,InverterON,Vref,"Vavg (DRC)","VV Oper","VW Oper","DRC Oper","VV_DRC Oper","WP Oper","WV Oper",kWDesired,"kW VW Limit","Limit kWOut Function","kVA Exceeded","Grid voltage",di/dt,it,"it History","Rated VDC","Avg duty cycle","Target (Amps)","Series L","Max. Amps (phase)"
1, 0.00000, 21.875, 1, 0.116692, 0, 3.94925, 0.116692, 0.00614168, 0, 0, 0.00614168, -13.125, 1, 1, 9999, 9999, 9999, 9999, 9999, 9999, 9999, 9999, 0.116655, 9999, 8.75, 0, 0, 0, 0, 0, 8000, 0, 0, 0, 0
2, 0.00000, 21.7522, 1, 2.44816, 0, 5.65905, 2.44816, 0.12885, 0, 0, 0.12885, -0.122834, 1, 1, 9999, 9999, 9999, 9999, 9999, 9999, 9999, 9999, 2.44799, 9999, 8.75, 0, 0, 0, 0, 0, 8000, 0, 0, 0, 0
3, 0.00000, 19.1752, 1, 3.04694, 0, 5.80393, 3.04694, 0.160365, 0, 0, 0.160365, -2.57701, 1, 1, 9999, 9999, 9999, 9999, 9999, 9999, 9999, 9999, 3.04684, 9999, 8.75, 0, 0, 0, 0, 0, 8000, 0, 0, 0, 0
4, 0.00000, 15.9679, 1, 3.26494, 0, 5.80416, 3.26494, 0.171839, 0, 0, 0.171839, -3.2073, 1, 1, 9999, 9999, 9999, 9999, 9999, 9999, 9999, 9999, 3.26498, 9999, 8.75, 0, 0, 0, 0, 0, 8000, 0, 0, 0, 0
5, 0.00000, 12.5311, 1, 1.14907, 0, 5.80427, 1.14907, 0.0604775, 0, 0, 0.0604775, -3.43678, 1, 1, 9999, 9999, 9999, 9999, 9999, 9999, 9999, 9999, 1.14931, 9999, 8.75, 0, 0, 0, 0, 0, 8000, 0, 0, 0, 0
