hour,t(sec),kWh,State,kWOut,kWIn,kvarOut,DCkW,kWTotalLosses,kWInvLosses,kWIdlingLosses,kWChDchLosses,"kWh Chng",InvEff,InverterON,Vref,"Vavg (DRC)","VV Oper","VW Oper","DRC Oper","VV_DRC Oper","WP Oper","WV Oper",kWDesired,"kW VW Limit","Limit kWOut Function","kVA Exceeded","Grid voltage",di/dt,it,"it History","Rated VDC","Avg duty cycle","Target (Amps)","Series L","Max. Amps (phase)"
1, 0.00000, 11.6637, -1, 0, 1.30502E-6, 3.0947, -1.30502E-6, 6.52511E-8, 0, 0, 6.52511E-8, -6.99825, 1, 1, 9999, 9999, 9999, 9999, 9999, 9999, 9999, 9999, -4.67343E-19, 9999, 4.6655, 0, 0, 0, 0, 0, 8000, 0, 0, 0, 0
2, 0.00000, 11.6638, -1, 0, 8.29713E-6, 3.0947, -8.29713E-6, 4.14857E-7, 0, 0, 4.14857E-7, 1.23977E-6, 1, 1, 9999, 9999, 9999, 9999, 9999, 9999, 9999, 9999, -2.12318E-18, 9999, 4.6655, 0, 0, 0, 0, 0, 8000, 0, 0, 0, 0
3, 0.00000, 11.6638, -1, 0, 0.0000213434, 3.09469, -0.0000213434, 1.06717E-6, 0, 0, 1.06717E-6, 7.88228E-6, 1, 1, 9999, 9999, 9999, 9999, 9999, 9999, 9999, 9999, -7.89589E-19, 9999, 4.6655, 0, 0, 0, 0, 0, 8000, 0, 0, 0, 0
4, 0.00000, 11.6638, 1, 0.73954, 0, 3.09469, 0.73954, 0.0389231, 0, 0, 0.0389231, 0.0000202763, 1, 1, 9999, 9999, 9999, 9999, 9999, 9999, 9999, 9999, 0.739528, 9999, 4.6655, 0, 0, 0, 0, 0, 8000, 0, 0, 0, 0
5, 0.00000, 10.8853, 1, 2.22787, 0, 3.09471, 2.22787, 0.117256, 0, 0, 0.117256, -0.778463, 1, 1, 9999, 9999, 9999, 9999, 9999, 9999, 9999, 9999, 2.22787, 9999, 4.6655, 0, 0, 0, 0, 0, 8000, 0, 0, 0, 0
6, 0.00000, 8.54019, 1, 0.0104266, 0, 3.09471, 0.0104266, 0.000548768, 0, 0, 0.000548768, -2.34512, 1, 1, 9999, 9999, 9999, 9999, 9999, 9999, 9999, 9999, 0.0104386, 9999, 4.6655, 0, 0, 0, 0, 0, 8000, 0, 0, 0, 0
7, 0.00000, 8.52922, 1, 0.116864, 0, 3.09469, 0.116864, 0.00615073, 0, 0, 0.00615073, -0.0109754, 1, 1, 9999, 9999, 9999, 9999, 9999, 9999, 9999, 9999, 0.116852, 9999, 4.6655, 0, 0, 0, 0, 0, 8000, 0, 0, 0, 0
