hour,t(sec),kWh,State,kWOut,kWIn,kvarOut,DCkW,kWTotalLosses,kWInvLosses,kWIdlingLosses,kWChDchLosses,"kWh Chng",InvEff,InverterON,Vref,"Vavg (DRC)","VV Oper","VW Oper","DRC Oper","VV_DRC Oper","WP Oper","WV Oper",kWDesired,"kW VW Limit","Limit kWOut Function","kVA Exceeded","Grid voltage",di/dt,it,"it History","Rated VDC","Avg duty cycle","Target (Amps)","Series L","Max. Amps (phase)"
1, 0.00000, 5.83362, -1, 0, 2.33351, 1.54773, -2.33351, 0.116675, 0, 0, 0.116675, -3.50017, 1, 1, 9999, 9999, 9999, 9999, 9999, 9999, 9999, 9999, -2.3335, 9999, 2.3335, 1, 0, 0, 0, 0, 8000, 0, 0, 0, 0
2, 0.00000, 8.05046, -1, 0, 0.0000484841, 1.54778, -0.0000484841, 2.42421E-6, 0, 0, 2.42421E-6, 2.21683, 1, 1, 9999, 9999, 9999, 9999, 9999, 9999, 9999, 9999, -3.09142E-18, 9999, 2.3335, 0, 0, 0, 0, 0, 8000, 0, 0, 0, 0
3, 0.00000, 8.0505, -1, 0, 0.0000184062, 1.54779, -0.0000184062, 9.20309E-7, 0, 0, 9.20309E-7, 0.0000460599, 1, 1, 9999, 9999, 9999, 9999, 9999, 9999, 9999, 9999, -4.73817E-18, 9999, 2.3335, 0, 0, 0, 0, 0, 8000, 0, 0, 0, 0
4, 0.00000, 8.05052, 1, 0.221534, 0, 1.54779, 0.221534, 0.0116597, 0, 0, 0.0116597, 0.0000174859, 1, 1, 9999, 9999, 9999, 9999, 9999, 9999, 9999, 9999, 0.221512, 9999, 2.3335, 0, 0, 0, 0, 0, 8000, 0, 0, 0, 0
5, 0.00000, 7.81733, 1, 1.0847, 0, 1.54776, 1.0847, 0.0570896, 0, 0, 0.0570896, -0.233194, 1, 1, 9999, 9999, 9999, 9999, 9999, 9999, 9999, 9999, 1.08468, 9999, 2.3335, 0, 0, 0, 0, 0, 8000, 0, 0, 0, 0
6, 0.00000, 6.67553, 1, 1.68385, 0, 1.54782, 1.68385, 0.0886236, 0, 0, 0.0886236, -1.14179, 1, 1, 9999, 9999, 9999, 9999, 9999, 9999, 9999, 9999, 1.68385, 9999, 2.3335, 0, 0, 0, 0, 0, 8000, 0, 0, 0, 0
7, 0.00000, 4.90306, 1, 0.316697, 0, 1.54786, 0.316697, 0.0166683, 0, 0, 0.0166683, -1.77247, 1, 1, 9999, 9999, 9999, 9999, 9999, 9999, 9999, 9999, 0.316773, 9999, 2.3335, 0, 0, 0, 0, 0, 8000, 0, 0, 0, 0
8, 0.00000, 4.5697, 1, 0.440474, 0, 1.54771, 0.440474, 0.0231829, 0, 0, 0.0231829, -0.333365, 1, 1, 9999, 9999, 9999, 9999, 9999, 9999, 9999, 9999, 0.440378, 9999, 2.3335, 0, 0, 0, 0, 0, 8000, 0, 0, 0, 0
9, 0.00000, 4.10604, 1, 1.24064, 0, 1.54782, 1.24064, 0.0652968, 0, 0, 0.0652968, -0.463657, 1, 1, 9999, 9999, 9999, 9999, 9999, 9999, 9999, 9999, 1.24065, 9999, 2.3335, 0, 0, 0, 0, 0, 8000, 0, 0, 0, 0
