hour,t(sec),kWh,State,kWOut,kWIn,kvarOut,DCkW,kWTotalLosses,kWInvLosses,kWIdlingLosses,kWChDchLosses,"kWh Chng",InvEff,InverterON,Vref,"Vavg (DRC)","VV Oper","VW Oper","DRC Oper","VV_DRC Oper","WP Oper","WV Oper",kWDesired,"kW VW Limit","Limit kWOut Function","kVA Exceeded","Grid voltage",di/dt,it,"it History","Rated VDC","Avg duty cycle","Target (Amps)","Series L","Max. Amps (phase)"
1, 0.00000, 11.6637, -1, 0, 3.72611E-6, -3.0947, -3.72611E-6, 1.86306E-7, 0, 0, 1.86306E-7, -6.99825, 1, 1, 9999, 9999, 9999, 9999, 9999, 9999, 9999, 9999, -4.70189E-35, 9999, 4.6655, 0, 0, 0, 0, 0, 8000, 0, 0, 0, 0
2, 0.00000, 11.6638, 1, 0.0000728115, 0, -3.09467, 0.0000728115, 3.83218E-6, 0, 0, 3.83218E-6, 3.53981E-6, 1, 1, 9999, 9999, 9999, 9999, 9999, 9999, 9999, 9999, 7.72747E-19, 9999, 4.6655, 0, 0, 0, 0, 0, 8000, 0, 0, 0, 0
3, 0.00000, 11.6637, 0, 0, 0.0000237803, -3.0947, -0.0000237803, 0.0000237803, 0, 0.0000237803, 0, -0.0000766437, 1, 1, 9999, 9999, 9999, 9999, 9999, 9999, 9999, 9999, 0, 9999, 4.6655, 0, 0, 0, 0, 0, 8000, 0, 0, 0, 0
4, 0.00000, 11.6637, 1, 0.268383, 0, -3.09465, 0.268383, 0.0141254, 0, 0, 0.0141254, 0, 1, 1, 9999, 9999, 9999, 9999, 9999, 9999, 9999, 9999, 0.268584, 9999, 4.6655, 0, 0, 0, 0, 0, 8000, 0, 0, 0, 0
5, 0.00000, 11.3812, 1, 1.14196, 0, -3.0947, 1.14196, 0.0601033, 0, 0, 0.0601033, -0.282508, 1, 1, 9999, 9999, 9999, 9999, 9999, 9999, 9999, 9999, 1.14193, 9999, 4.6655, 0, 0, 0, 0, 0, 8000, 0, 0, 0, 0
6, 0.00000, 10.1791, 0, 0, 0.00019372, -3.09477, -0.00019372, 0.00019372, 0, 0.00019372, 0, -1.20207, 1, 1, 9999, 9999, 9999, 9999, 9999, 9999, 9999, 9999, 0, 9999, 4.6655, 0, 0, 0, 0, 0, 8000, 0, 0, 0, 0
7, 0.00000, 10.1791, -1, 0, 0.0000664227, -3.09468, -0.0000664227, 3.32114E-6, 0, 0, 3.32114E-6, 0, 1, 1, 9999, 9999, 9999, 9999, 9999, 9999, 9999, 9999, -1.04372E-19, 9999, 4.6655, 0, 0, 0, 0, 0, 8000, 0, 0, 0, 0
