hour,t(sec),kWh,State,kWOut,kWIn,kvarOut,DCkW,kWTotalLosses,kWInvLosses,kWIdlingLosses,kWChDchLosses,"kWh Chng",InvEff,InverterON,Vref,"Vavg (DRC)","VV Oper","VW Oper","DRC Oper","VV_DRC Oper","WP Oper","WV Oper",kWDesired,"kW VW Limit","Limit kWOut Function","kVA Exceeded","Grid voltage",di/dt,it,"it History","Rated VDC","Avg duty cycle","Target (Amps)","Series L","Max. Amps (phase)"
1, 0.00000, 11.6637, 0, 0, 6.97467E-6, -3.09469, -6.97467E-6, 6.97467E-6, 0, 6.97467E-6, 0, -6.99825, 1, 1, 9999, 9999, 9999, 9999, 9999, 9999, 9999, 9999, 0, 9999, 4.6655, 0, 0, 0, 0, 0, 8000, 0, 0, 0, 0
2, 0.00000, 11.6637, 1, 0.575967, 0, -3.09466, 0.575967, 0.0303141, 0, 0, 0.0303141, 0, 1, 1, 9999, 9999, 9999, 9999, 9999, 9999, 9999, 9999, 0.576096, 9999, 4.6655, 0, 0, 0, 0, 0, 8000, 0, 0, 0, 0
3, 0.00000, 11.0575, 1, 1.15268, 0, -3.0947, 1.15268, 0.0606672, 0, 0, 0.0606672, -0.606281, 1, 1, 9999, 9999, 9999, 9999, 9999, 9999, 9999, 9999, 1.15266, 9999, 4.6655, 0, 0, 0, 0, 0, 8000, 0, 0, 0, 0
4, 0.00000, 9.84412, 1, 0.0000716795, 0, -3.09474, 0.0000716795, 3.77261E-6, 0, 0, 3.77261E-6, -1.21334, 1, 1, 9999, 9999, 9999, 9999, 9999, 9999, 9999, 9999, 3.86532E-21, 9999, 4.6655, 0, 0, 0, 0, 0, 8000, 0, 0, 0, 0
