hour,t(sec),kWh,State,kWOut,kWIn,kvarOut,DCkW,kWTotalLosses,kWInvLosses,kWIdlingLosses,kWChDchLosses,"kWh Chng",InvEff,InverterON,Vref,"Vavg (DRC)","VV Oper","VW Oper","DRC Oper","VV_DRC Oper","WP Oper","WV Oper",kWDesired,"kW VW Limit","Limit kWOut Function","kVA Exceeded","Grid voltage",di/dt,it,"it History","Rated VDC","Avg duty cycle","Target (Amps)","Series L","Max. Amps (phase)"
1, 0.00000, 11.6637, 1, 0.0000307111, 0, -3.09469, 0.0000307111, 1.61638E-6, 0, 0, 1.61638E-6, -6.99825, 1, 1, 9999, 9999, 9999, 9999, 9999, 9999, 9999, 9999, 2.39196E-19, 9999, 4.6655, 0, 0, 0, 0, 0, 8000, 0, 0, 0, 0
2, 0.00000, 11.6637, -1, 0, 0.0000766595, -3.09473, -0.0000766595, 3.83297E-6, 0, 0, 3.83297E-6, -0.0000323275, 1, 1, 9999, 9999, 9999, 9999, 9999, 9999, 9999, 9999, -2.35001E-19, 9999, 4.6655, 0, 0, 0, 0, 0, 8000, 0, 0, 0, 0
3, 0.00000, 11.6638, -1, 0, 0.000123263, -3.09463, -0.000123263, 6.16316E-6, 0, 0, 6.16316E-6, 0.0000728265, 1, 1, 9999, 9999, 9999, 9999, 9999, 9999, 9999, 9999, -4.49115E-19, 9999, 4.6655, 0, 0, 0, 0, 0, 8000, 0, 0, 0, 0
4, 0.00000, 11.6639, 1, 0.0431603, 0, -3.09465, 0.0431603, 0.0022716, 0, 0, 0.0022716, 0.0001171, 1, 1, 9999, 9999, 9999, 9999, 9999, 9999, 9999, 9999, 0.0433052, 9999, 4.6655, 0, 0, 0, 0, 0, 8000, 0, 0, 0, 0
5, 0.00000, 11.6185, 1, 0.913162, 0, -3.0947, 0.913162, 0.0480612, 0, 0, 0.0480612, -0.0454319, 1, 1, 9999, 9999, 9999, 9999, 9999, 9999, 9999, 9999, 0.913178, 9999, 4.6655, 0, 0, 0, 0, 0, 8000, 0, 0, 0, 0
6, 0.00000, 10.6573, -1, 0, 0.000196834, -3.09479, -0.000196834, 9.84169E-6, 0, 0, 9.84169E-6, -0.961223, 1, 1, 9999, 9999, 9999, 9999, 9999, 9999, 9999, 9999, -1.34908E-19, 9999, 4.6655, 0, 0, 0, 0, 0, 8000, 0, 0, 0, 0
7, 0.00000, 10.6574, -1, 0, 0.0000160101, -3.0947, -0.0000160101, 8.00503E-7, 0, 0, 8.00503E-7, 0.000186992, 1, 1, 9999, 9999, 9999, 9999, 9999, 9999, 9999, 9999, -5.81508E-19, 9999, 4.6655, 0, 0, 0, 0, 0, 8000, 0, 0, 0, 0
8, 0.00000, 10.6575, 1, 0.458408, 0, -3.09464, 0.458408, 0.0241267, 0, 0, 0.0241267, 0.0000152095, 1, 1, 9999, 9999, 9999, 9999, 9999, 9999, 9999, 9999, 0.458628, 9999, 4.6655, 0, 0, 0, 0, 0, 8000, 0, 0, 0, 0
