hour,t(sec),kWh,State,kWOut,kWIn,kvarOut,DCkW,kWTotalLosses,kWInvLosses,kWIdlingLosses,kWChDchLosses,"kWh Chng",InvEff,InverterON,Vref,"Vavg (DRC)","VV Oper","VW Oper","DRC Oper","VV_DRC Oper","WP Oper","WV Oper",kWDesired,"kW VW Limit","Limit kWOut Function","kVA Exceeded","Grid voltage",di/dt,it,"it History","Rated VDC","Avg duty cycle","Target (Amps)","Series L","Max. Amps (phase)"
1, 0.00000, 5.83362, -1, 0, 1.91414E-6, 1.5478, -1.91414E-6, 9.57069E-8, 0, 0, 9.57069E-8, -3.50017, 1, 1, 9999, 9999, 9999, 9999, 9999, 9999, 9999, 9999, -6.34642E-19, 9999, 2.3335, 0, 0, 0, 0, 0, 8000, 0, 0, 0, 0
2, 0.00000, 5.83363, 1, 0.0000228427, 0, 1.5478, 0.0000228427, 1.20225E-6, 0, 0, 1.20225E-6, 1.81843E-6, 1, 1, 9999, 9999, 9999, 9999, 9999, 9999, 9999, 9999, 8.21649E-19, 9999, 2.3335, 0, 0, 0, 0, 0, 8000, 0, 0, 0, 0
3, 0.00000, 5.8336, 1, 0.0168418, 0, 1.54778, 0.0168418, 0.000886411, 0, 0, 0.000886411, -0.0000240449, 1, 1, 9999, 9999, 9999, 9999, 9999, 9999, 9999, 9999, 0.0167865, 9999, 2.3335, 0, 0, 0, 0, 0, 8000, 0, 0, 0, 0
4, 0.00000, 5.81587, 1, 0.899029, 0, 1.54776, 0.899029, 0.0473173, 0, 0, 0.0473173, -0.0177282, 1, 1, 9999, 9999, 9999, 9999, 9999, 9999, 9999, 9999, 0.899004, 9999, 2.3335, 0, 0, 0, 0, 0, 8000, 0, 0, 0, 0
5, 0.00000, 4.86953, 1, 1.54554, 0, 1.54782, 1.54554, 0.0813442, 0, 0, 0.0813442, -0.946346, 1, 1, 9999, 9999, 9999, 9999, 9999, 9999, 9999, 9999, 1.54555, 9999, 2.3335, 0, 0, 0, 0, 0, 8000, 0, 0, 0, 0
6, 0.00000, 3.24264, 1, 0.0933213, 0, 1.54782, 0.0933213, 0.00491165, 0, 0, 0.00491165, -1.62688, 1, 1, 9999, 9999, 9999, 9999, 9999, 9999, 9999, 9999, 0.0933517, 9999, 2.3335, 0, 0, 0, 0, 0, 8000, 0, 0, 0, 0
7, 0.00000, 3.14441, 1, 0.327208, 0, 1.54778, 0.327208, 0.0172215, 0, 0, 0.0172215, -0.0982329, 1, 1, 9999, 9999, 9999, 9999, 9999, 9999, 9999, 9999, 0.32718, 9999, 2.3335, 0, 0, 0, 0, 0, 8000, 0, 0, 0, 0
