hour,t(sec),kWh,State,kWOut,kWIn,kvarOut,DCkW,kWTotalLosses,kWInvLosses,kWIdlingLosses,kWChDchLosses,"kWh Chng",InvEff,InverterON,Vref,"Vavg (DRC)","VV Oper","VW Oper","DRC Oper","VV_DRC Oper","WP Oper","WV Oper",kWDesired,"kW VW Limit","Limit kWOut Function","kVA Exceeded","Grid voltage",di/dt,it,"it History","Rated VDC","Avg duty cycle","Target (Amps)","Series L","Max. Amps (phase)"
1, 0.00000, 11.6637, -1, 0, 4.66557, 3.09465, -4.66557, 0.233279, 0, 0, 0.233279, -6.99825, 1, 1, 9999, 9999, 9999, 9999, 9999, 9999, 9999, 9999, -4.6655, 9999, 4.6655, 1, 0, 0, 0, 0, 8000, 0, 0, 0, 0
2, 0.00000, 16.096, -1, 0, 0.0000599655, 3.09466, -0.0000599655, 2.99827E-6, 0, 0, 2.99827E-6, 4.43229, 1, 1, 9999, 9999, 9999, 9999, 9999, 9999, 9999, 9999, -1.99935E-17, 9999, 4.6655, 0, 0, 0, 0, 0, 8000, 0, 0, 0, 0
3, 0.00000, 16.0961, 0, 0, 0.0000343596, 3.09471, -0.0000343596, 0.0000343596, 0, 0.0000343596, 0, 0.0000569672, 1, 1, 9999, 9999, 9999, 9999, 9999, 9999, 9999, 9999, 0, 9999, 4.6655, 0, 0, 0, 0, 0, 8000, 0, 0, 0, 0
4, 0.00000, 16.0961, 1, 0.30508, 0, 3.09467, 0.30508, 0.0160569, 0, 0, 0.0160569, 0, 1, 1, 9999, 9999, 9999, 9999, 9999, 9999, 9999, 9999, 0.305035, 9999, 4.6655, 0, 0, 0, 0, 0, 8000, 0, 0, 0, 0
5, 0.00000, 15.775, 1, 3.04301, 0, 3.0946, 3.04301, 0.160158, 0, 0, 0.160158, -0.321137, 1, 1, 9999, 9999, 9999, 9999, 9999, 9999, 9999, 9999, 3.04298, 9999, 4.6655, 0, 0, 0, 0, 0, 8000, 0, 0, 0, 0
6, 0.00000, 12.5718, 1, 3.70142, 0, 3.09472, 3.70142, 0.194811, 0, 0, 0.194811, -3.20317, 1, 1, 9999, 9999, 9999, 9999, 9999, 9999, 9999, 9999, 3.70142, 9999, 4.6655, 0, 0, 0, 0, 0, 8000, 0, 0, 0, 0
7, 0.00000, 8.67556, -1, 0, 0.0000899412, 3.09474, -0.0000899412, 4.49706E-6, 0, 0, 4.49706E-6, -3.89623, 1, 1, 9999, 9999, 9999, 9999, 9999, 9999, 9999, 9999, -1.11594E-17, 9999, 4.6655, 0, 0, 0, 0, 0, 8000, 0, 0, 0, 0
8, 0.00000, 8.67565, 1, 0.0762848, 0, 3.09468, 0.0762848, 0.00401499, 0, 0, 0.00401499, 0.0000854442, 1, 1, 9999, 9999, 9999, 9999, 9999, 9999, 9999, 9999, 0.0762436, 9999, 4.6655, 0, 0, 0, 0, 0, 8000, 0, 0, 0, 0
9, 0.00000, 8.59535, 1, 2.84681, 0, 3.09463, 2.84681, 0.149832, 0, 0, 0.149832, -0.0802998, 1, 1, 9999, 9999, 9999, 9999, 9999, 9999, 9999, 9999, 2.84679, 9999, 4.6655, 0, 0, 0, 0, 0, 8000, 0, 0, 0, 0
