hour,t(sec),kWh,State,kWOut,kWIn,kvarOut,DCkW,kWTotalLosses,kWInvLosses,kWIdlingLosses,kWChDchLosses,"kWh Chng",InvEff,InverterON,Vref,"Vavg (DRC)","VV Oper","VW Oper","DRC Oper","VV_DRC Oper","WP Oper","WV Oper",kWDesired,"kW VW Limit","Limit kWOut Function","kVA Exceeded","Grid voltage",di/dt,it,"it History","Rated VDC","Avg duty cycle","Target (Amps)","Series L","Max. Amps (phase)"
1, 0.00000, 5.83362, -1, 0, 0.0000518289, -1.54781, -0.0000518289, 2.59145E-6, 0, 0, 2.59145E-6, -3.50017, 1, 1, 9999, 9999, 9999, 9999, 9999, 9999, 9999, 9999, -2.52578E-18, 9999, 2.3335, 0, 0, 0, 0, 0, 8000, 0, 0, 0, 0
2, 0.00000, 5.83367, 0, 0, 0.0000715302, -1.54777, -0.0000715302, 0.0000715302, 0, 0.0000715302, 0, 0.0000492375, 1, 1, 9999, 9999, 9999, 9999, 9999, 9999, 9999, 9999, 0, 9999, 2.3335, 0, 0, 0, 0, 0, 8000, 0, 0, 0, 0
3, 0.00000, 5.83367, -1, 0, 0.0000450747, -1.54781, -0.0000450747, 2.25374E-6, 0, 0, 2.25374E-6, 0, 1, 1, 9999, 9999, 9999, 9999, 9999, 9999, 9999, 9999, -7.52344E-34, 9999, 2.3335, 0, 0, 0, 0, 0, 8000, 0, 0, 0, 0
4, 0.00000, 5.83372, -1, 0, 0.0000603872, -1.54778, -0.0000603872, 3.01936E-6, 0, 0, 3.01936E-6, 0.000042821, 1, 1, 9999, 9999, 9999, 9999, 9999, 9999, 9999, 9999, -2.24119E-18, 9999, 2.3335, 0, 0, 0, 0, 0, 8000, 0, 0, 0, 0
5, 0.00000, 5.83377, 1, 0.207544, 0, -1.54778, 0.207544, 0.0109233, 0, 0, 0.0109233, 0.0000573679, 1, 1, 9999, 9999, 9999, 9999, 9999, 9999, 9999, 9999, 0.20763, 9999, 2.3335, 0, 0, 0, 0, 0, 8000, 0, 0, 0, 0
6, 0.00000, 5.61531, 1, 0.728419, 0, -1.5478, 0.728419, 0.0383379, 0, 0, 0.0383379, -0.218467, 1, 1, 9999, 9999, 9999, 9999, 9999, 9999, 9999, 9999, 0.728402, 9999, 2.3335, 0, 0, 0, 0, 0, 8000, 0, 0, 0, 0
7, 0.00000, 4.84855, 1, 0.000110674, 0, -1.54783, 0.000110674, 5.82493E-6, 0, 0, 5.82493E-6, -0.766757, 1, 1, 9999, 9999, 9999, 9999, 9999, 9999, 9999, 9999, 3.41694E-18, 9999, 2.3335, 0, 0, 0, 0, 0, 8000, 0, 0, 0, 0
8, 0.00000, 4.84843, -1, 0, 0.000052144, -1.54779, -0.000052144, 2.6072E-6, 0, 0, 2.6072E-6, -0.000116499, 1, 1, 9999, 9999, 9999, 9999, 9999, 9999, 9999, 9999, -4.75194E-18, 9999, 2.3335, 0, 0, 0, 0, 0, 8000, 0, 0, 0, 0
9, 0.00000, 4.84848, 1, 0.39493, 0, -1.54779, 0.39493, 0.0207858, 0, 0, 0.0207858, 0.0000495368, 1, 1, 9999, 9999, 9999, 9999, 9999, 9999, 9999, 9999, 0.394992, 9999, 2.3335, 0, 0, 0, 0, 0, 8000, 0, 0, 0, 0
