hour,t(sec),kWh,State,kWOut,kWIn,kvarOut,DCkW,kWTotalLosses,kWInvLosses,kWIdlingLosses,kWChDchLosses,"kWh Chng",InvEff,InverterON,Vref,"Vavg (DRC)","VV Oper","VW Oper","DRC Oper","VV_DRC Oper","WP Oper","WV Oper",kWDesired,"kW VW Limit","Limit kWOut Function","kVA Exceeded","Grid voltage",di/dt,it,"it History","Rated VDC","Avg duty cycle","Target (Amps)","Series L","Max. Amps (phase)"
1, 0.00000, 5.83362, -1, 0, 1.89086, 1.54778, -1.89086, 0.0945429, 0, 0, 0.0945429, -3.50017, 1, 1, 9999, 9999, 9999, 9999, 9999, 9999, 9999, 9999, -1.89081, 9999, 2.3335, 0, 0, 0, 0, 0, 8000, 0, 0, 0, 0
2, 0.00000, 7.62994, -1, 0, 0.0000373766, 1.54777, -0.0000373766, 1.86883E-6, 0, 0, 1.86883E-6, 1.79632, 1, 1, 9999, 9999, 9999, 9999, 9999, 9999, 9999, 9999, -1.68532E-19, 9999, 2.3335, 0, 0, 0, 0, 0, 8000, 0, 0, 0, 0
3, 0.00000, 7.62998, 1, 0.000018499, 0, 1.54781, 0.000018499, 9.7363E-7, 0, 0, 9.7363E-7, 0.0000355078, 1, 1, 9999, 9999, 9999, 9999, 9999, 9999, 9999, 9999, 2.89821E-20, 9999, 2.3335, 0, 0, 0, 0, 0, 8000, 0, 0, 0, 0
4, 0.00000, 7.62996, 1, 0.0000278467, 0, 1.54778, 0.0000278467, 1.46561E-6, 0, 0, 1.46561E-6, -0.0000194726, 1, 1, 9999, 9999, 9999, 9999, 9999, 9999, 9999, 9999, 1.28326E-20, 9999, 2.3335, 0, 0, 0, 0, 0, 8000, 0, 0, 0, 0
5, 0.00000, 7.62993, 1, 0.818127, 0, 1.54775, 0.818127, 0.0430593, 0, 0, 0.0430593, -0.0000293123, 1, 1, 9999, 9999, 9999, 9999, 9999, 9999, 9999, 9999, 0.818102, 9999, 2.3335, 0, 0, 0, 0, 0, 8000, 0, 0, 0, 0
6, 0.00000, 6.76874, 1, 1.7957, 0, 1.54782, 1.7957, 0.0945104, 0, 0, 0.0945104, -0.861186, 1, 1, 9999, 9999, 9999, 9999, 9999, 9999, 9999, 9999, 1.7957, 9999, 2.3335, 0, 0, 0, 0, 0, 8000, 0, 0, 0, 0
7, 0.00000, 4.87853, 1, 0.0000539765, 0, 1.54784, 0.0000539765, 2.84087E-6, 0, 0, 2.84087E-6, -1.89021, 1, 1, 9999, 9999, 9999, 9999, 9999, 9999, 9999, 9999, 4.51042E-19, 9999, 2.3335, 0, 0, 0, 0, 0, 8000, 0, 0, 0, 0
8, 0.00000, 4.87848, 1, 0.0000247929, 0, 1.54779, 0.0000247929, 1.30489E-6, 0, 0, 1.30489E-6, -0.0000568173, 1, 1, 9999, 9999, 9999, 9999, 9999, 9999, 9999, 9999, 4.6292E-20, 9999, 2.3335, 0, 0, 0, 0, 0, 8000, 0, 0, 0, 0
9, 0.00000, 4.87845, 1, 1.13335, 0, 1.54776, 1.13335, 0.0596498, 0, 0, 0.0596498, -0.0000260978, 1, 1, 9999, 9999, 9999, 9999, 9999, 9999, 9999, 9999, 1.13333, 9999, 2.3335, 0, 0, 0, 0, 0, 8000, 0, 0, 0, 0
