hour,t(sec),kWh,State,kWOut,kWIn,kvarOut,DCkW,kWTotalLosses,kWInvLosses,kWIdlingLosses,kWChDchLosses,"kWh Chng",InvEff,InverterON,Vref,"Vavg (DRC)","VV Oper","VW Oper","DRC Oper","VV_DRC Oper","WP Oper","WV Oper",kWDesired,"kW VW Limit","Limit kWOut Function","kVA Exceeded","Grid voltage",di/dt,it,"it History","Rated VDC","Avg duty cycle","Target (Amps)","Series L","Max. Amps (phase)"
1, 0.00000, 5.83362, 1, 0.0996087, 0, 1.54777, 0.0996087, 0.00524257, 0, 0, 0.00524257, -3.50017, 1, 1, 9999, 9999, 9999, 9999, 9999, 9999, 9999, 9999, 0.0995471, 9999, 2.3335, 0, 0, 0, 0, 0, 8000, 0, 0, 0, 0
2, 0.00000, 5.72877, 1, 1.1155, 0, 1.54768, 1.1155, 0.0587106, 0, 0, 0.0587106, -0.104851, 1, 1, 9999, 9999, 9999, 9999, 9999, 9999, 9999, 9999, 1.11544, 9999, 2.3335, 0, 0, 0, 0, 0, 8000, 0, 0, 0, 0
3, 0.00000, 4.55456, 1, 1.66688, 0, 1.54782, 1.66688, 0.0877307, 0, 0, 0.0877307, -1.17421, 1, 1, 9999, 9999, 9999, 9999, 9999, 9999, 9999, 9999, 1.66689, 9999, 2.3335, 0, 0, 0, 0, 0, 8000, 0, 0, 0, 0
