hour,t(sec),kWh,State,kWOut,kWIn,kvarOut,DCkW,kWTotalLosses,kWInvLosses,kWIdlingLosses,kWChDchLosses,"kWh Chng",InvEff,InverterON,Vref,"Vavg (DRC)","VV Oper","VW Oper","DRC Oper","VV_DRC Oper","WP Oper","WV Oper",kWDesired,"kW VW Limit","Limit kWOut Function","kVA Exceeded","Grid voltage",di/dt,it,"it History","Rated VDC","Avg duty cycle","Target (Amps)","Series L","Max. Amps (phase)"
1, 0.00000, 5.83362, -1, 0, 1.20632E-6, 1.5478, -1.20632E-6, 6.0316E-8, 0, 0, 6.0316E-8, -3.50017, 1, 1, 9999, 9999, 9999, 9999, 9999, 9999, 9999, 9999, -1.77873E-19, 9999, 2.3335, 0, 0, 0, 0, 0, 8000, 0, 0, 0, 0
2, 0.00000, 5.83363, 0, 0, 0.000015604, 1.54779, -0.000015604, 0.000015604, 0, 0.000015604, 0, 1.146E-6, 1, 1, 9999, 9999, 9999, 9999, 9999, 9999, 9999, 9999, 0, 9999, 2.3335, 0, 0, 0, 0, 0, 8000, 0, 0, 0, 0
3, 0.00000, 5.83363, 1, 0.872025, 0, 1.5478, 0.872025, 0.045896, 0, 0, 0.045896, 0, 1, 1, 9999, 9999, 9999, 9999, 9999, 9999, 9999, 9999, 0.872029, 9999, 2.3335, 0, 0, 0, 0, 0, 8000, 0, 0, 0, 0
4, 0.00000, 4.91571, 1, 0.765744, 0, 1.54776, 0.765744, 0.0403023, 0, 0, 0.0403023, -0.917921, 1, 1, 9999, 9999, 9999, 9999, 9999, 9999, 9999, 9999, 0.765715, 9999, 2.3335, 0, 0, 0, 0, 0, 8000, 0, 0, 0, 0
5, 0.00000, 4.10966, 1, 0.577933, 0, 1.54781, 0.577933, 0.0304175, 0, 0, 0.0304175, -0.806046, 1, 1, 9999, 9999, 9999, 9999, 9999, 9999, 9999, 9999, 0.577938, 9999, 2.3335, 0, 0, 0, 0, 0, 8000, 0, 0, 0, 0
6, 0.00000, 3.50131, 1, 0.148281, 0, 1.54783, 0.148281, 0.00780427, 0, 0, 0.00780427, -0.608351, 1, 1, 9999, 9999, 9999, 9999, 9999, 9999, 9999, 9999, 0.14832, 9999, 2.3335, 0, 0, 0, 0, 0, 8000, 0, 0, 0, 0
7, 0.00000, 3.34522, 1, 0.517885, 0, 1.54779, 0.517885, 0.0272571, 0, 0, 0.0272571, -0.156085, 1, 1, 9999, 9999, 9999, 9999, 9999, 9999, 9999, 9999, 0.517874, 9999, 2.3335, 0, 0, 0, 0, 0, 8000, 0, 0, 0, 0
