hour,t(sec),kWh,State,kWOut,kWIn,kvarOut,DCkW,kWTotalLosses,kWInvLosses,kWIdlingLosses,kWChDchLosses,"kWh Chng",InvEff,InverterON,Vref,"Vavg (DRC)","VV Oper","VW Oper","DRC Oper","VV_DRC Oper","WP Oper","WV Oper",kWDesired,"kW VW Limit","Limit kWOut Function","kVA Exceeded","Grid voltage",di/dt,it,"it History","Rated VDC","Avg duty cycle","Target (Amps)","Series L","Max. Amps (phase)"
1, 0.00000, 5.83362, 1, 7.60637E-6, 0, 1.54779, 7.60637E-6, 4.00335E-7, 0, 0, 4.00335E-7, -3.50017, 1, 1, 9999, 9999, 9999, 9999, 9999, 9999, 9999, 9999, 2.15832E-18, 9999, 2.3335, 0, 0, 0, 0, 0, 8000, 0, 0, 0, 0
2, 0.00000, 5.83362, 1, 0.0218553, 0, 1.54778, 0.0218553, 0.00115028, 0, 0, 0.00115028, -8.00671E-6, 1, 1, 9999, 9999, 9999, 9999, 9999, 9999, 9999, 9999, 0.0218003, 9999, 2.3335, 0, 0, 0, 0, 0, 8000, 0, 0, 0, 0
3, 0.00000, 5.81061, 1, 0.982776, 0, 1.54769, 0.982776, 0.051725, 0, 0, 0.051725, -0.0230056, 1, 1, 9999, 9999, 9999, 9999, 9999, 9999, 9999, 9999, 0.982707, 9999, 2.3335, 0, 0, 0, 0, 0, 8000, 0, 0, 0, 0
4, 0.00000, 4.77611, 1, 1.60402, 0, 1.54782, 1.60402, 0.084422, 0, 0, 0.084422, -1.0345, 1, 1, 9999, 9999, 9999, 9999, 9999, 9999, 9999, 9999, 1.60402, 9999, 2.3335, 0, 0, 0, 0, 0, 8000, 0, 0, 0, 0
5, 0.00000, 3.08767, 1, 0.273258, 0, 1.54787, 0.273258, 0.014382, 0, 0, 0.014382, -1.68844, 1, 1, 9999, 9999, 9999, 9999, 9999, 9999, 9999, 9999, 0.273346, 9999, 2.3335, 0, 0, 0, 0, 0, 8000, 0, 0, 0, 0
