hour,t(sec),kWh,State,kWOut,kWIn,kvarOut,DCkW,kWTotalLosses,kWInvLosses,kWIdlingLosses,kWChDchLosses,"kWh Chng",InvEff,InverterON,Vref,"Vavg (DRC)","VV Oper","VW Oper","DRC Oper","VV_DRC Oper","WP Oper","WV Oper",kWDesired,"kW VW Limit","Limit kWOut Function","kVA Exceeded","Grid voltage",di/dt,it,"it History","Rated VDC","Avg duty cycle","Target (Amps)","Series L","Max. Amps (phase)"
1, 0.00000, 11.6637, 1, 0.000104321, 0, -3.09473, 0.000104321, 5.49059E-6, 0, 0, 5.49059E-6, -6.99825, 1, 1, 9999, 9999, 9999, 9999, 9999, 9999, 9999, 9999, 5.58927E-20, 9999, 4.6655, 0, 0, 0, 0, 0, 8000, 0, 0, 0, 0
2, 0.00000, 11.6636, 0, 0, 0.000144355, -3.09464, -0.000144355, 0.000144355, 0, 0.000144355, 0, -0.000109812, 1, 1, 9999, 9999, 9999, 9999, 9999, 9999, 9999, 9999, 0, 9999, 4.6655, 0, 0, 0, 0, 0, 8000, 0, 0, 0, 0
3, 0.00000, 11.6636, -1, 0, 0.0000913614, -3.09473, -0.0000913614, 4.56807E-6, 0, 0, 4.56807E-6, 0, 1, 1, 9999, 9999, 9999, 9999, 9999, 9999, 9999, 9999, -1.16801E-18, 9999, 4.6655, 0, 0, 0, 0, 0, 8000, 0, 0, 0, 0
4, 0.00000, 11.6637, -1, 0, 0.000122225, -3.09466, -0.000122225, 6.11126E-6, 0, 0, 6.11126E-6, 0.0000867934, 1, 1, 9999, 9999, 9999, 9999, 9999, 9999, 9999, 9999, -1.6026E-18, 9999, 4.6655, 0, 0, 0, 0, 0, 8000, 0, 0, 0, 0
5, 0.00000, 11.6638, 1, 0.0696089, 0, -3.09464, 0.0696089, 0.00366363, 0, 0, 0.00366363, 0.000116114, 1, 1, 9999, 9999, 9999, 9999, 9999, 9999, 9999, 9999, 0.0697772, 9999, 4.6655, 0, 0, 0, 0, 0, 8000, 0, 0, 0, 0
6, 0.00000, 11.5906, 1, 0.891003, 0, -3.0947, 0.891003, 0.0468949, 0, 0, 0.0468949, -0.0732726, 1, 1, 9999, 9999, 9999, 9999, 9999, 9999, 9999, 9999, 0.890971, 9999, 4.6655, 0, 0, 0, 0, 0, 8000, 0, 0, 0, 0
7, 0.00000, 10.6527, -1, 0, 0.000223947, -3.09477, -0.000223947, 0.0000111974, 0, 0, 0.0000111974, -0.937898, 1, 1, 9999, 9999, 9999, 9999, 9999, 9999, 9999, 9999, -8.44735E-19, 9999, 4.6655, 0, 0, 0, 0, 0, 8000, 0, 0, 0, 0
8, 0.00000, 10.6529, 0, 0, 0.000105236, -3.09467, -0.000105236, 0.000105236, 0, 0.000105236, 0, 0.00021275, 1, 1, 9999, 9999, 9999, 9999, 9999, 9999, 9999, 9999, 0, 9999, 4.6655, 0, 0, 0, 0, 0, 8000, 0, 0, 0, 0
9, 0.00000, 10.6529, 1, 0.452751, 0, -3.09467, 0.452751, 0.023829, 0, 0, 0.023829, 0, 1, 1, 9999, 9999, 9999, 9999, 9999, 9999, 9999, 9999, 0.452871, 9999, 4.6655, 0, 0, 0, 0, 0, 8000, 0, 0, 0, 0
