hour,t(sec),kWh,State,kWOut,kWIn,kvarOut,DCkW,kWTotalLosses,kWInvLosses,kWIdlingLosses,kWChDchLosses,"kWh Chng",InvEff,InverterON,Vref,"Vavg (DRC)","VV Oper","VW Oper","DRC Oper","VV_DRC Oper","WP Oper","WV Oper",kWDesired,"kW VW Limit","Limit kWOut Function","kVA Exceeded","Grid voltage",di/dt,it,"it History","Rated VDC","Avg duty cycle","Target (Amps)","Series L","Max. Amps (phase)"
1, 0.00000, 5.83362, 1, 0.586183, 0, 1.54772, 0.586183, 0.0308518, 0, 0, 0.0308518, -3.50017, 1, 1, 9999, 9999, 9999, 9999, 9999, 9999, 9999, 9999, 0.586105, 9999, 2.3335, 0, 0, 0, 0, 0, 8000, 0, 0, 0, 0
2, 0.00000, 5.21659, 1, 0.981463, 0, 1.5477, 0.981463, 0.051656, 0, 0, 0.051656, -0.617035, 1, 1, 9999, 9999, 9999, 9999, 9999, 9999, 9999, 9999, 0.9814, 9999, 2.3335, 0, 0, 0, 0, 0, 8000, 0, 0, 0, 0
3, 0.00000, 4.18347, 1, 1.31436, 0, 1.54783, 1.31436, 0.0691766, 0, 0, 0.0691766, -1.03312, 1, 1, 9999, 9999, 9999, 9999, 9999, 9999, 9999, 9999, 1.31437, 9999, 2.3335, 0, 0, 0, 0, 0, 8000, 0, 0, 0, 0
