hour,t(sec),kWh,State,kWOut,kWIn,kvarOut,DCkW,kWTotalLosses,kWInvLosses,kWIdlingLosses,kWChDchLosses,"kWh Chng",InvEff,InverterON,Vref,"Vavg (DRC)","VV Oper","VW Oper","DRC Oper","VV_DRC Oper","WP Oper","WV Oper",kWDesired,"kW VW Limit","Limit kWOut Function","kVA Exceeded","Grid voltage",di/dt,it,"it History","Rated VDC","Avg duty cycle","Target (Amps)","Series L","Max. Amps (phase)"
1, 0.00000, 5.83362, 1, 0.681862, 0, -1.54779, 0.681862, 0.0358875, 0, 0, 0.0358875, -3.50017, 1, 1, 9999, 9999, 9999, 9999, 9999, 9999, 9999, 9999, 0.681919, 9999, 2.3335, 0, 0, 0, 0, 0, 8000, 0, 0, 0, 0
2, 0.00000, 5.11588, 1, 0.678278, 0, -1.5478, 0.678278, 0.0356989, 0, 0, 0.0356989, -0.717749, 1, 1, 9999, 9999, 9999, 9999, 9999, 9999, 9999, 9999, 0.678278, 9999, 2.3335, 0, 0, 0, 0, 0, 8000, 0, 0, 0, 0
3, 0.00000, 4.4019, 1, 0.709897, 0, -1.5478, 0.709897, 0.037363, 0, 0, 0.037363, -0.713977, 1, 1, 9999, 9999, 9999, 9999, 9999, 9999, 9999, 9999, 0.709897, 9999, 2.3335, 0, 0, 0, 0, 0, 8000, 0, 0, 0, 0
4, 0.00000, 3.65464, 1, 0.811755, 0, -1.5478, 0.811755, 0.0427239, 0, 0, 0.0427239, -0.74726, 1, 1, 9999, 9999, 9999, 9999, 9999, 9999, 9999, 9999, 0.811755, 9999, 2.3335, 0, 0, 0, 0, 0, 8000, 0, 0, 0, 0
