hour,t(sec),kWh,State,kWOut,kWIn,kvarOut,DCkW,kWTotalLosses,kWInvLosses,kWIdlingLosses,kWChDchLosses,"kWh Chng",InvEff,InverterON,Vref,"Vavg (DRC)","VV Oper","VW Oper","DRC Oper","VV_DRC Oper","WP Oper","WV Oper",kWDesired,"kW VW Limit","Limit kWOut Function","kVA Exceeded","Grid voltage",di/dt,it,"it History","Rated VDC","Avg duty cycle","Target (Amps)","Series L","Max. Amps (phase)"
1, 0.00000, 71.4613, 1, 5.93452, 0, 18.9603, 5.93452, 0.312343, 0, 0, 0.312343, -42.8768, 1, 1, 9999, 9999, 9999, 9999, 9999, 9999, 9999, 9999, 5.93414, 9999, 28.5845, 0, 0, 0, 0, 0, 8000, 0, 0, 0, 0
2, 0.00000, 65.2144, 1, 6.07621, 0, 18.9608, 6.07621, 0.3198, 0, 0, 0.3198, -6.24686, 1, 1, 9999, 9999, 9999, 9999, 9999, 9999, 9999, 9999, 6.07621, 9999, 28.5845, 0, 0, 0, 0, 0, 8000, 0, 0, 0, 0
3, 0.00000, 58.8184, 1, 6.26715, 0, 18.9608, 6.26715, 0.32985, 0, 0, 0.32985, -6.39601, 1, 1, 9999, 9999, 9999, 9999, 9999, 9999, 9999, 9999, 6.26715, 9999, 28.5845, 0, 0, 0, 0, 0, 8000, 0, 0, 0, 0
4, 0.00000, 52.2214, 1, 6.27058, 0, 18.9608, 6.27058, 0.330031, 0, 0, 0.330031, -6.597, 1, 1, 9999, 9999, 9999, 9999, 9999, 9999, 9999, 9999, 6.27058, 9999, 28.5845, 0, 0, 0, 0, 0, 8000, 0, 0, 0, 0
