hour,t(sec),kWh,State,kWOut,kWIn,kvarOut,DCkW,kWTotalLosses,kWInvLosses,kWIdlingLosses,kWChDchLosses,"kWh Chng",InvEff,InverterON,Vref,"Vavg (DRC)","VV Oper","VW Oper","DRC Oper","VV_DRC Oper","WP Oper","WV Oper",kWDesired,"kW VW Limit","Limit kWOut Function","kVA Exceeded","Grid voltage",di/dt,it,"it History","Rated VDC","Avg duty cycle","Target (Amps)","Series L","Max. Amps (phase)"
1, 0.00000, 11.6637, 1, 1.51456, 0, 3.0946, 1.51456, 0.0797137, 0, 0, 0.0797137, -6.99825, 1, 1, 9999, 9999, 9999, 9999, 9999, 9999, 9999, 9999, 1.51451, 9999, 4.6655, 0, 0, 0, 0, 0, 8000, 0, 0, 0, 0
2, 0.00000, 10.0695, 1, 1.45671, 0, 3.0947, 1.45671, 0.0766689, 0, 0, 0.0766689, -1.59427, 1, 1, 9999, 9999, 9999, 9999, 9999, 9999, 9999, 9999, 1.45671, 9999, 4.6655, 0, 0, 0, 0, 0, 8000, 0, 0, 0, 0
3, 0.00000, 8.5361, 1, 1.39055, 0, 3.0947, 1.39055, 0.073187, 0, 0, 0.073187, -1.53338, 1, 1, 9999, 9999, 9999, 9999, 9999, 9999, 9999, 9999, 1.39055, 9999, 4.6655, 0, 0, 0, 0, 0, 8000, 0, 0, 0, 0
4, 0.00000, 7.07236, 1, 1.40012, 0, 3.0947, 1.40012, 0.0736903, 0, 0, 0.0736903, -1.46374, 1, 1, 9999, 9999, 9999, 9999, 9999, 9999, 9999, 9999, 1.40012, 9999, 4.6655, 0, 0, 0, 0, 0, 8000, 0, 0, 0, 0
