hour,t(sec),kWh,State,kWOut,kWIn,kvarOut,DCkW,kWTotalLosses,kWInvLosses,kWIdlingLosses,kWChDchLosses,"kWh Chng",InvEff,InverterON,Vref,"Vavg (DRC)","VV Oper","VW Oper","DRC Oper","VV_DRC Oper","WP Oper","WV Oper",kWDesired,"kW VW Limit","Limit kWOut Function","kVA Exceeded","Grid voltage",di/dt,it,"it History","Rated VDC","Avg duty cycle","Target (Amps)","Series L","Max. Amps (phase)"
1, 0.00000, 5.83362, 1, 0.731124, 0, 1.54776, 0.731124, 0.0384802, 0, 0, 0.0384802, -3.50017, 1, 1, 9999, 9999, 9999, 9999, 9999, 9999, 9999, 9999, 0.731109, 9999, 2.3335, 0, 0, 0, 0, 0, 8000, 0, 0, 0, 0
2, 0.00000, 5.06402, 1, 0.725742, 0, 1.5478, 0.725742, 0.0381969, 0, 0, 0.0381969, -0.769604, 1, 1, 9999, 9999, 9999, 9999, 9999, 9999, 9999, 9999, 0.725742, 9999, 2.3335, 0, 0, 0, 0, 0, 8000, 0, 0, 0, 0
3, 0.00000, 4.30008, 1, 0.717108, 0, 1.5478, 0.717108, 0.0377425, 0, 0, 0.0377425, -0.763939, 1, 1, 9999, 9999, 9999, 9999, 9999, 9999, 9999, 9999, 0.717108, 9999, 2.3335, 0, 0, 0, 0, 0, 8000, 0, 0, 0, 0
4, 0.00000, 3.54523, 1, 0.707914, 0, 1.5478, 0.707914, 0.0372586, 0, 0, 0.0372586, -0.75485, 1, 1, 9999, 9999, 9999, 9999, 9999, 9999, 9999, 9999, 0.707914, 9999, 2.3335, 0, 0, 0, 0, 0, 8000, 0, 0, 0, 0
