hour,t(sec),kWh,State,kWOut,kWIn,kvarOut,DCkW,kWTotalLosses,kWInvLosses,kWIdlingLosses,kWChDchLosses,"kWh Chng",InvEff,InverterON,Vref,"Vavg (DRC)","VV Oper","VW Oper","DRC Oper","VV_DRC Oper","WP Oper","WV Oper",kWDesired,"kW VW Limit","Limit kWOut Function","kVA Exceeded","Grid voltage",di/dt,it,"it History","Rated VDC","Avg duty cycle","Target (Amps)","Series L","Max. Amps (phase)"
1, 0.00000, 11.6637, 1, 1.3882, 0, -3.09468, 1.3882, 0.0730631, 0, 0, 0.0730631, -6.99825, 1, 1, 9999, 9999, 9999, 9999, 9999, 9999, 9999, 9999, 1.38831, 9999, 4.6655, 0, 0, 0, 0, 0, 8000, 0, 0, 0, 0
2, 0.00000, 10.2025, 1, 1.42573, 0, -3.0947, 1.42573, 0.0750384, 0, 0, 0.0750384, -1.46126, 1, 1, 9999, 9999, 9999, 9999, 9999, 9999, 9999, 9999, 1.42573, 9999, 4.6655, 0, 0, 0, 0, 0, 8000, 0, 0, 0, 0
3, 0.00000, 8.70172, 1, 1.48442, 0, -3.0947, 1.48442, 0.0781275, 0, 0, 0.0781275, -1.50077, 1, 1, 9999, 9999, 9999, 9999, 9999, 9999, 9999, 9999, 1.48442, 9999, 4.6655, 0, 0, 0, 0, 0, 8000, 0, 0, 0, 0
4, 0.00000, 7.13917, 1, 1.46347, 0, -3.0947, 1.46347, 0.077025, 0, 0, 0.077025, -1.56255, 1, 1, 9999, 9999, 9999, 9999, 9999, 9999, 9999, 9999, 1.46347, 9999, 4.6655, 0, 0, 0, 0, 0, 8000, 0, 0, 0, 0
