hour,t(sec),kWh,State,kWOut,kWIn,kvarOut,DCkW,kWTotalLosses,kWInvLosses,kWIdlingLosses,kWChDchLosses,"kWh Chng",InvEff,InverterON,Vref,"Vavg (DRC)","VV Oper","VW Oper","DRC Oper","VV_DRC Oper","WP Oper","WV Oper",kWDesired,"kW VW Limit","Limit kWOut Function","kVA Exceeded","Grid voltage",di/dt,it,"it History","Rated VDC","Avg duty cycle","Target (Amps)","Series L","Max. Amps (phase)"
1, 0.00000, 5.83362, 1, 0.795195, 0, 1.54776, 0.795195, 0.0418524, 0, 0, 0.0418524, -3.50017, 1, 1, 9999, 9999, 9999, 9999, 9999, 9999, 9999, 9999, 0.795187, 9999, 2.3335, 0, 0, 0, 0, 0, 8000, 0, 0, 0, 0
2, 0.00000, 4.99658, 1, 0.733792, 0, 1.5478, 0.733792, 0.0386207, 0, 0, 0.0386207, -0.837047, 1, 1, 9999, 9999, 9999, 9999, 9999, 9999, 9999, 9999, 0.733792, 9999, 2.3335, 0, 0, 0, 0, 0, 8000, 0, 0, 0, 0
3, 0.00000, 4.22416, 1, 0.697203, 0, 1.5478, 0.697203, 0.0366949, 0, 0, 0.0366949, -0.772413, 1, 1, 9999, 9999, 9999, 9999, 9999, 9999, 9999, 9999, 0.697203, 9999, 2.3335, 0, 0, 0, 0, 0, 8000, 0, 0, 0, 0
4, 0.00000, 3.49027, 1, 0.655713, 0, 1.5478, 0.655713, 0.0345112, 0, 0, 0.0345112, -0.733898, 1, 1, 9999, 9999, 9999, 9999, 9999, 9999, 9999, 9999, 0.655713, 9999, 2.3335, 0, 0, 0, 0, 0, 8000, 0, 0, 0, 0
