hour,t(sec),kWh,State,kWOut,kWIn,kvarOut,DCkW,kWTotalLosses,kWInvLosses,kWIdlingLosses,kWChDchLosses,"kWh Chng",InvEff,InverterON,Vref,"Vavg (DRC)","VV Oper","VW Oper","DRC Oper","VV_DRC Oper","WP Oper","WV Oper",kWDesired,"kW VW Limit","Limit kWOut Function","kVA Exceeded","Grid voltage",di/dt,it,"it History","Rated VDC","Avg duty cycle","Target (Amps)","Series L","Max. Amps (phase)"
1, 0.00000, 11.6637, 1, 1.15462, 0, 3.09468, 1.15462, 0.0607697, 0, 0, 0.0607697, -6.99825, 1, 1, 9999, 9999, 9999, 9999, 9999, 9999, 9999, 9999, 1.15462, 9999, 4.6655, 0, 0, 0, 0, 0, 8000, 0, 0, 0, 0
2, 0.00000, 10.4484, 1, 1.14958, 0, 3.0947, 1.14958, 0.0605042, 0, 0, 0.0605042, -1.21539, 1, 1, 9999, 9999, 9999, 9999, 9999, 9999, 9999, 9999, 1.14958, 9999, 4.6655, 0, 0, 0, 0, 0, 8000, 0, 0, 0, 0
3, 0.00000, 9.23827, 1, 1.14337, 0, 3.0947, 1.14337, 0.0601776, 0, 0, 0.0601776, -1.21008, 1, 1, 9999, 9999, 9999, 9999, 9999, 9999, 9999, 9999, 1.14337, 9999, 4.6655, 0, 0, 0, 0, 0, 8000, 0, 0, 0, 0
4, 0.00000, 8.03472, 1, 1.143, 0, 3.0947, 1.143, 0.0601579, 0, 0, 0.0601579, -1.20355, 1, 1, 9999, 9999, 9999, 9999, 9999, 9999, 9999, 9999, 1.143, 9999, 4.6655, 0, 0, 0, 0, 0, 8000, 0, 0, 0, 0
