hour,t(sec),kWh,State,kWOut,kWIn,kvarOut,DCkW,kWTotalLosses,kWInvLosses,kWIdlingLosses,kWChDchLosses,"kWh Chng",InvEff,InverterON,Vref,"Vavg (DRC)","VV Oper","VW Oper","DRC Oper","VV_DRC Oper","WP Oper","WV Oper",kWDesired,"kW VW Limit","Limit kWOut Function","kVA Exceeded","Grid voltage",di/dt,it,"it History","Rated VDC","Avg duty cycle","Target (Amps)","Series L","Max. Amps (phase)"
1, 0.00000, 11.6637, 1, 1.44338, 0, 3.09464, 1.44338, 0.0759676, 0, 0, 0.0759676, -6.99825, 1, 1, 9999, 9999, 9999, 9999, 9999, 9999, 9999, 9999, 1.44337, 9999, 4.6655, 0, 0, 0, 0, 0, 8000, 0, 0, 0, 0
2, 0.00000, 10.1444, 1, 1.44141, 0, 3.0947, 1.44141, 0.0758635, 0, 0, 0.0758635, -1.51935, 1, 1, 9999, 9999, 9999, 9999, 9999, 9999, 9999, 9999, 1.44141, 9999, 4.6655, 0, 0, 0, 0, 0, 8000, 0, 0, 0, 0
3, 0.00000, 8.62713, 1, 1.44155, 0, 3.0947, 1.44155, 0.0758708, 0, 0, 0.0758708, -1.51727, 1, 1, 9999, 9999, 9999, 9999, 9999, 9999, 9999, 9999, 1.44155, 9999, 4.6655, 0, 0, 0, 0, 0, 8000, 0, 0, 0, 0
4, 0.00000, 7.10971, 1, 1.43557, 0, 3.0947, 1.43557, 0.0755565, 0, 0, 0.0755565, -1.51742, 1, 1, 9999, 9999, 9999, 9999, 9999, 9999, 9999, 9999, 1.43557, 9999, 4.6655, 0, 0, 0, 0, 0, 8000, 0, 0, 0, 0
