hour,t(sec),kWh,State,kWOut,kWIn,kvarOut,DCkW,kWTotalLosses,kWInvLosses,kWIdlingLosses,kWChDchLosses,"kWh Chng",InvEff,InverterON,Vref,"Vavg (DRC)","VV Oper","VW Oper","DRC Oper","VV_DRC Oper","WP Oper","WV Oper",kWDesired,"kW VW Limit","Limit kWOut Function","kVA Exceeded","Grid voltage",di/dt,it,"it History","Rated VDC","Avg duty cycle","Target (Amps)","Series L","Max. Amps (phase)"
1, 0.00000, 5.83362, 1, 0.70446, 0, 1.54774, 0.70446, 0.0370769, 0, 0, 0.0370769, -3.50017, 1, 1, 9999, 9999, 9999, 9999, 9999, 9999, 9999, 9999, 0.704437, 9999, 2.3335, 0, 0, 0, 0, 0, 8000, 0, 0, 0, 0
2, 0.00000, 5.09209, 1, 0.707447, 0, 1.5478, 0.707447, 0.0372341, 0, 0, 0.0372341, -0.741537, 1, 1, 9999, 9999, 9999, 9999, 9999, 9999, 9999, 9999, 0.707447, 9999, 2.3335, 0, 0, 0, 0, 0, 8000, 0, 0, 0, 0
3, 0.00000, 4.34741, 1, 0.739206, 0, 1.5478, 0.739206, 0.0389056, 0, 0, 0.0389056, -0.744681, 1, 1, 9999, 9999, 9999, 9999, 9999, 9999, 9999, 9999, 0.739206, 9999, 2.3335, 0, 0, 0, 0, 0, 8000, 0, 0, 0, 0
4, 0.00000, 3.56929, 1, 0.730806, 0, 1.5478, 0.730806, 0.0384635, 0, 0, 0.0384635, -0.778112, 1, 1, 9999, 9999, 9999, 9999, 9999, 9999, 9999, 9999, 0.730806, 9999, 2.3335, 0, 0, 0, 0, 0, 8000, 0, 0, 0, 0
