hour,t(sec),kWh,State,kWOut,kWIn,kvarOut,DCkW,kWTotalLosses,kWInvLosses,kWIdlingLosses,kWChDchLosses,"kWh Chng",InvEff,InverterON,Vref,"Vavg (DRC)","VV Oper","VW Oper","DRC Oper","VV_DRC Oper","WP Oper","WV Oper",kWDesired,"kW VW Limit","Limit kWOut Function","kVA Exceeded","Grid voltage",di/dt,it,"it History","Rated VDC","Avg duty cycle","Target (Amps)","Series L","Max. Amps (phase)"
1, 0.00000, 11.6637, 1, 1.43452, 0, 3.09463, 1.43452, 0.0755011, 0, 0, 0.0755011, -6.99825, 1, 1, 9999, 9999, 9999, 9999, 9999, 9999, 9999, 9999, 1.4345, 9999, 4.6655, 0, 0, 0, 0, 0, 8000, 0, 0, 0, 0
2, 0.00000, 10.1537, 1, 1.43847, 0, 3.0947, 1.43847, 0.0757088, 0, 0, 0.0757088, -1.51002, 1, 1, 9999, 9999, 9999, 9999, 9999, 9999, 9999, 9999, 1.43847, 9999, 4.6655, 0, 0, 0, 0, 0, 8000, 0, 0, 0, 0
3, 0.00000, 8.63955, 1, 1.44453, 0, 3.0947, 1.44453, 0.076028, 0, 0, 0.076028, -1.51418, 1, 1, 9999, 9999, 9999, 9999, 9999, 9999, 9999, 9999, 1.44453, 9999, 4.6655, 0, 0, 0, 0, 0, 8000, 0, 0, 0, 0
4, 0.00000, 7.11899, 1, 1.44439, 0, 3.0947, 1.44439, 0.0760206, 0, 0, 0.0760206, -1.52056, 1, 1, 9999, 9999, 9999, 9999, 9999, 9999, 9999, 9999, 1.44439, 9999, 4.6655, 0, 0, 0, 0, 0, 8000, 0, 0, 0, 0
