hour,t(sec),kWh,State,kWOut,kWIn,kvarOut,DCkW,kWTotalLosses,kWInvLosses,kWIdlingLosses,kWChDchLosses,"kWh Chng",InvEff,InverterON,Vref,"Vavg (DRC)","VV Oper","VW Oper","DRC Oper","VV_DRC Oper","WP Oper","WV Oper",kWDesired,"kW VW Limit","Limit kWOut Function","kVA Exceeded","Grid voltage",di/dt,it,"it History","Rated VDC","Avg duty cycle","Target (Amps)","Series L","Max. Amps (phase)"
1, 0.00000, 11.6637, 1, 1.42872, 0, 3.09459, 1.42872, 0.0751956, 0, 0, 0.0751956, -6.99825, 1, 1, 9999, 9999, 9999, 9999, 9999, 9999, 9999, 9999, 1.42867, 9999, 4.6655, 0, 0, 0, 0, 0, 8000, 0, 0, 0, 0
2, 0.00000, 10.1598, 1, 1.43291, 0, 3.0947, 1.43291, 0.0754166, 0, 0, 0.0754166, -1.50391, 1, 1, 9999, 9999, 9999, 9999, 9999, 9999, 9999, 9999, 1.43291, 9999, 4.6655, 0, 0, 0, 0, 0, 8000, 0, 0, 0, 0
3, 0.00000, 8.65151, 1, 1.44145, 0, 3.0947, 1.44145, 0.0758659, 0, 0, 0.0758659, -1.50833, 1, 1, 9999, 9999, 9999, 9999, 9999, 9999, 9999, 9999, 1.44145, 9999, 4.6655, 0, 0, 0, 0, 0, 8000, 0, 0, 0, 0
4, 0.00000, 7.13419, 1, 1.45886, 0, 3.0947, 1.45886, 0.0767819, 0, 0, 0.0767819, -1.51732, 1, 1, 9999, 9999, 9999, 9999, 9999, 9999, 9999, 9999, 1.45886, 9999, 4.6655, 0, 0, 0, 0, 0, 8000, 0, 0, 0, 0
