hour,t(sec),kWh,State,kWOut,kWIn,kvarOut,DCkW,kWTotalLosses,kWInvLosses,kWIdlingLosses,kWChDchLosses,"kWh Chng",InvEff,InverterON,Vref,"Vavg (DRC)","VV Oper","VW Oper","DRC Oper","VV_DRC Oper","WP Oper","WV Oper",kWDesired,"kW VW Limit","Limit kWOut Function","kVA Exceeded","Grid voltage",di/dt,it,"it History","Rated VDC","Avg duty cycle","Target (Amps)","Series L","Max. Amps (phase)"
1, 0.00000, 11.6637, 1, 1.44604, 0, 3.09465, 1.44604, 0.0761075, 0, 0, 0.0761075, -6.99825, 1, 1, 9999, 9999, 9999, 9999, 9999, 9999, 9999, 9999, 1.44603, 9999, 4.6655, 0, 0, 0, 0, 0, 8000, 0, 0, 0, 0
2, 0.00000, 10.1416, 1, 1.45382, 0, 3.0947, 1.45382, 0.0765167, 0, 0, 0.0765167, -1.52215, 1, 1, 9999, 9999, 9999, 9999, 9999, 9999, 9999, 9999, 1.45382, 9999, 4.6655, 0, 0, 0, 0, 0, 8000, 0, 0, 0, 0
3, 0.00000, 8.61127, 1, 1.44341, 0, 3.0947, 1.44341, 0.0759691, 0, 0, 0.0759691, -1.53033, 1, 1, 9999, 9999, 9999, 9999, 9999, 9999, 9999, 9999, 1.44341, 9999, 4.6655, 0, 0, 0, 0, 0, 8000, 0, 0, 0, 0
4, 0.00000, 7.09189, 1, 1.41864, 0, 3.0947, 1.41864, 0.0746652, 0, 0, 0.0746652, -1.51938, 1, 1, 9999, 9999, 9999, 9999, 9999, 9999, 9999, 9999, 1.41864, 9999, 4.6655, 0, 0, 0, 0, 0, 8000, 0, 0, 0, 0
