hour,t(sec),kWh,State,kWOut,kWIn,kvarOut,DCkW,kWTotalLosses,kWInvLosses,kWIdlingLosses,kWChDchLosses,"kWh Chng",InvEff,InverterON,Vref,"Vavg (DRC)","VV Oper","VW Oper","DRC Oper","VV_DRC Oper","WP Oper","WV Oper",kWDesired,"kW VW Limit","Limit kWOut Function","kVA Exceeded","Grid voltage",di/dt,it,"it History","Rated VDC","Avg duty cycle","Target (Amps)","Series L","Max. Amps (phase)"
1, 0.00000, 5.83362, 1, 0.744329, 0, -1.54779, 0.744329, 0.0391752, 0, 0, 0.0391752, -3.50017, 1, 1, 9999, 9999, 9999, 9999, 9999, 9999, 9999, 9999, 0.744386, 9999, 2.3335, 0, 0, 0, 0, 0, 8000, 0, 0, 0, 0
2, 0.00000, 5.05012, 1, 0.725672, 0, -1.5478, 0.725672, 0.0381933, 0, 0, 0.0381933, -0.783504, 1, 1, 9999, 9999, 9999, 9999, 9999, 9999, 9999, 9999, 0.725672, 9999, 2.3335, 0, 0, 0, 0, 0, 8000, 0, 0, 0, 0
3, 0.00000, 4.28626, 1, 0.711764, 0, -1.5478, 0.711764, 0.0374613, 0, 0, 0.0374613, -0.763865, 1, 1, 9999, 9999, 9999, 9999, 9999, 9999, 9999, 9999, 0.711764, 9999, 2.3335, 0, 0, 0, 0, 0, 8000, 0, 0, 0, 0
4, 0.00000, 3.53703, 1, 0.70005, 0, -1.5478, 0.70005, 0.0368447, 0, 0, 0.0368447, -0.749225, 1, 1, 9999, 9999, 9999, 9999, 9999, 9999, 9999, 9999, 0.70005, 9999, 2.3335, 0, 0, 0, 0, 0, 8000, 0, 0, 0, 0
