hour,t(sec),kWh,State,kWOut,kWIn,kvarOut,DCkW,kWTotalLosses,kWInvLosses,kWIdlingLosses,kWChDchLosses,"kWh Chng",InvEff,InverterON,Vref,"Vavg (DRC)","VV Oper","VW Oper","DRC Oper","VV_DRC Oper","WP Oper","WV Oper",kWDesired,"kW VW Limit","Limit kWOut Function","kVA Exceeded","Grid voltage",di/dt,it,"it History","Rated VDC","Avg duty cycle","Target (Amps)","Series L","Max. Amps (phase)"
1, 0.00000, 5.83362, 1, 0.712431, 0, 1.54777, 0.712431, 0.0374964, 0, 0, 0.0374964, -3.50017, 1, 1, 9999, 9999, 9999, 9999, 9999, 9999, 9999, 9999, 0.712418, 9999, 2.3335, 0, 0, 0, 0, 0, 8000, 0, 0, 0, 0
2, 0.00000, 5.0837, 1, 0.709081, 0, 1.5478, 0.709081, 0.03732, 0, 0, 0.03732, -0.749927, 1, 1, 9999, 9999, 9999, 9999, 9999, 9999, 9999, 9999, 0.709081, 9999, 2.3335, 0, 0, 0, 0, 0, 8000, 0, 0, 0, 0
3, 0.00000, 4.3373, 1, 0.714144, 0, 1.5478, 0.714144, 0.0375865, 0, 0, 0.0375865, -0.746401, 1, 1, 9999, 9999, 9999, 9999, 9999, 9999, 9999, 9999, 0.714144, 9999, 2.3335, 0, 0, 0, 0, 0, 8000, 0, 0, 0, 0
4, 0.00000, 3.58557, 1, 0.746253, 0, 1.5478, 0.746253, 0.0392765, 0, 0, 0.0392765, -0.751731, 1, 1, 9999, 9999, 9999, 9999, 9999, 9999, 9999, 9999, 0.746253, 9999, 2.3335, 0, 0, 0, 0, 0, 8000, 0, 0, 0, 0
