hour,t(sec),kWh,State,kWOut,kWIn,kvarOut,DCkW,kWTotalLosses,kWInvLosses,kWIdlingLosses,kWChDchLosses,"kWh Chng",InvEff,InverterON,Vref,"Vavg (DRC)","VV Oper","VW Oper","DRC Oper","VV_DRC Oper","WP Oper","WV Oper",kWDesired,"kW VW Limit","Limit kWOut Function","kVA Exceeded","Grid voltage",di/dt,it,"it History","Rated VDC","Avg duty cycle","Target (Amps)","Series L","Max. Amps (phase)"
1, 0.00000, 21.875, 1, 2.70443, 0, 5.8039, 2.70443, 0.142338, 0, 0, 0.142338, -13.125, 1, 1, 9999, 9999, 9999, 9999, 9999, 9999, 9999, 9999, 2.70436, 9999, 8.75, 0, 0, 0, 0, 0, 8000, 0, 0, 0, 0
2, 0.00000, 19.0282, 1, 2.69684, 0, 5.8041, 2.69684, 0.141939, 0, 0, 0.141939, -2.84677, 1, 1, 9999, 9999, 9999, 9999, 9999, 9999, 9999, 9999, 2.69684, 9999, 8.75, 0, 0, 0, 0, 0, 8000, 0, 0, 0, 0
3, 0.00000, 16.1895, 1, 2.69474, 0, 5.8041, 2.69474, 0.141828, 0, 0, 0.141828, -2.83878, 1, 1, 9999, 9999, 9999, 9999, 9999, 9999, 9999, 9999, 2.69474, 9999, 8.75, 0, 0, 0, 0, 0, 8000, 0, 0, 0, 0
4, 0.00000, 13.3529, 1, 2.71031, 0, 5.8041, 2.71031, 0.142648, 0, 0, 0.142648, -2.83657, 1, 1, 9999, 9999, 9999, 9999, 9999, 9999, 9999, 9999, 2.71031, 9999, 8.75, 0, 0, 0, 0, 0, 8000, 0, 0, 0, 0
