hour,t(sec),kWh,State,kWOut,kWIn,kvarOut,DCkW,kWTotalLosses,kWInvLosses,kWIdlingLosses,kWChDchLosses,"kWh Chng",InvEff,InverterON,Vref,"Vavg (DRC)","VV Oper","VW Oper","DRC Oper","VV_DRC Oper","WP Oper","WV Oper",kWDesired,"kW VW Limit","Limit kWOut Function","kVA Exceeded","Grid voltage",di/dt,it,"it History","Rated VDC","Avg duty cycle","Target (Amps)","Series L","Max. Amps (phase)"
1, 0.00000, 11.6637, 1, 0.860512, 0, 3.09469, 0.860512, 0.0452901, 0, 0, 0.0452901, -6.99825, 1, 1, 9999, 9999, 9999, 9999, 9999, 9999, 9999, 9999, 0.860505, 9999, 4.6655, 0, 0, 0, 0, 0, 8000, 0, 0, 0, 0
2, 0.00000, 10.7579, 1, 0.910706, 0, 3.0947, 0.910706, 0.0479319, 0, 0, 0.0479319, -0.905802, 1, 1, 9999, 9999, 9999, 9999, 9999, 9999, 9999, 9999, 0.910706, 9999, 4.6655, 0, 0, 0, 0, 0, 8000, 0, 0, 0, 0
3, 0.00000, 9.79931, 1, 1.01162, 0, 3.0947, 1.01162, 0.0532432, 0, 0, 0.0532432, -0.958637, 1, 1, 9999, 9999, 9999, 9999, 9999, 9999, 9999, 9999, 1.01162, 9999, 4.6655, 0, 0, 0, 0, 0, 8000, 0, 0, 0, 0
4, 0.00000, 8.73445, 1, 1.16269, 0, 3.0947, 1.16269, 0.0611942, 0, 0, 0.0611942, -1.06486, 1, 1, 9999, 9999, 9999, 9999, 9999, 9999, 9999, 9999, 1.16269, 9999, 4.6655, 0, 0, 0, 0, 0, 8000, 0, 0, 0, 0
