hour,t(sec),kWh,State,kWOut,kWIn,kvarOut,DCkW,kWTotalLosses,kWInvLosses,kWIdlingLosses,kWChDchLosses,"kWh Chng",InvEff,InverterON,Vref,"Vavg (DRC)","VV Oper","VW Oper","DRC Oper","VV_DRC Oper","WP Oper","WV Oper",kWDesired,"kW VW Limit","Limit kWOut Function","kVA Exceeded","Grid voltage",di/dt,it,"it History","Rated VDC","Avg duty cycle","Target (Amps)","Series L","Max. Amps (phase)"
1, 0.00000, 11.6637, 1, 1.43405, 0, 3.09464, 1.43405, 0.0754765, 0, 0, 0.0754765, -6.99825, 1, 1, 9999, 9999, 9999, 9999, 9999, 9999, 9999, 9999, 1.43403, 9999, 4.6655, 0, 0, 0, 0, 0, 8000, 0, 0, 0, 0
2, 0.00000, 10.1542, 1, 1.44117, 0, 3.0947, 1.44117, 0.0758512, 0, 0, 0.0758512, -1.50953, 1, 1, 9999, 9999, 9999, 9999, 9999, 9999, 9999, 9999, 1.44117, 9999, 4.6655, 0, 0, 0, 0, 0, 8000, 0, 0, 0, 0
3, 0.00000, 8.6372, 1, 1.45414, 0, 3.0947, 1.45414, 0.0765338, 0, 0, 0.0765338, -1.51702, 1, 1, 9999, 9999, 9999, 9999, 9999, 9999, 9999, 9999, 1.45414, 9999, 4.6655, 0, 0, 0, 0, 0, 8000, 0, 0, 0, 0
4, 0.00000, 7.10652, 1, 1.43254, 0, 3.0947, 1.43254, 0.0753969, 0, 0, 0.0753969, -1.53068, 1, 1, 9999, 9999, 9999, 9999, 9999, 9999, 9999, 9999, 1.43254, 9999, 4.6655, 0, 0, 0, 0, 0, 8000, 0, 0, 0, 0
