hour,t(sec),kWh,State,kWOut,kWIn,kvarOut,DCkW,kWTotalLosses,kWInvLosses,kWIdlingLosses,kWChDchLosses,"kWh Chng",InvEff,InverterON,Vref,"Vavg (DRC)","VV Oper","VW Oper","DRC Oper","VV_DRC Oper","WP Oper","WV Oper",kWDesired,"kW VW Limit","Limit kWOut Function","kVA Exceeded","Grid voltage",di/dt,it,"it History","Rated VDC","Avg duty cycle","Target (Amps)","Series L","Max. Amps (phase)"
1, 0.00000, 11.6637, 1, 1.43946, 0, 3.09466, 1.43946, 0.075761, 0, 0, 0.075761, -6.99825, 1, 1, 9999, 9999, 9999, 9999, 9999, 9999, 9999, 9999, 1.43945, 9999, 4.6655, 0, 0, 0, 0, 0, 8000, 0, 0, 0, 0
2, 0.00000, 10.1485, 1, 1.43996, 0, 3.0947, 1.43996, 0.0757874, 0, 0, 0.0757874, -1.51522, 1, 1, 9999, 9999, 9999, 9999, 9999, 9999, 9999, 9999, 1.43996, 9999, 4.6655, 0, 0, 0, 0, 0, 8000, 0, 0, 0, 0
3, 0.00000, 8.63278, 1, 1.44061, 0, 3.0947, 1.44061, 0.0758217, 0, 0, 0.0758217, -1.51575, 1, 1, 9999, 9999, 9999, 9999, 9999, 9999, 9999, 9999, 1.44061, 9999, 4.6655, 0, 0, 0, 0, 0, 8000, 0, 0, 0, 0
4, 0.00000, 7.11635, 1, 1.44187, 0, 3.0947, 1.44187, 0.075888, 0, 0, 0.075888, -1.51643, 1, 1, 9999, 9999, 9999, 9999, 9999, 9999, 9999, 9999, 1.44187, 9999, 4.6655, 0, 0, 0, 0, 0, 8000, 0, 0, 0, 0
