hour,t(sec),kWh,State,kWOut,kWIn,kvarOut,DCkW,kWTotalLosses,kWInvLosses,kWIdlingLosses,kWChDchLosses,"kWh Chng",InvEff,InverterON,Vref,"Vavg (DRC)","VV Oper","VW Oper","DRC Oper","VV_DRC Oper","WP Oper","WV Oper",kWDesired,"kW VW Limit","Limit kWOut Function","kVA Exceeded","Grid voltage",di/dt,it,"it History","Rated VDC","Avg duty cycle","Target (Amps)","Series L","Max. Amps (phase)"
1, 0.00000, 5.83362, 1, 0.696373, 0, 1.54776, 0.696373, 0.0366512, 0, 0, 0.0366512, -3.50017, 1, 1, 9999, 9999, 9999, 9999, 9999, 9999, 9999, 9999, 0.696363, 9999, 2.3335, 0, 0, 0, 0, 0, 8000, 0, 0, 0, 0
2, 0.00000, 5.1006, 1, 0.70068, 0, 1.5478, 0.70068, 0.0368779, 0, 0, 0.0368779, -0.733024, 1, 1, 9999, 9999, 9999, 9999, 9999, 9999, 9999, 9999, 0.70068, 9999, 2.3335, 0, 0, 0, 0, 0, 8000, 0, 0, 0, 0
3, 0.00000, 4.36304, 1, 0.74189, 0, 1.5478, 0.74189, 0.0390468, 0, 0, 0.0390468, -0.737558, 1, 1, 9999, 9999, 9999, 9999, 9999, 9999, 9999, 9999, 0.74189, 9999, 2.3335, 0, 0, 0, 0, 0, 8000, 0, 0, 0, 0
4, 0.00000, 3.58211, 1, 0.74294, 0, 1.5478, 0.74294, 0.0391021, 0, 0, 0.0391021, -0.780936, 1, 1, 9999, 9999, 9999, 9999, 9999, 9999, 9999, 9999, 0.74294, 9999, 2.3335, 0, 0, 0, 0, 0, 8000, 0, 0, 0, 0
