hour,t(sec),kWh,State,kWOut,kWIn,kvarOut,DCkW,kWTotalLosses,kWInvLosses,kWIdlingLosses,kWChDchLosses,"kWh Chng",InvEff,InverterON,Vref,"Vavg (DRC)","VV Oper","VW Oper","DRC Oper","VV_DRC Oper","WP Oper","WV Oper",kWDesired,"kW VW Limit","Limit kWOut Function","kVA Exceeded","Grid voltage",di/dt,it,"it History","Rated VDC","Avg duty cycle","Target (Amps)","Series L","Max. Amps (phase)"
1, 0.00000, 5.83362, 1, 0.734399, 0, 1.54774, 0.734399, 0.0386526, 0, 0, 0.0386526, -3.50017, 1, 1, 9999, 9999, 9999, 9999, 9999, 9999, 9999, 9999, 0.734376, 9999, 2.3335, 0, 0, 0, 0, 0, 8000, 0, 0, 0, 0
2, 0.00000, 5.06057, 1, 0.733326, 0, 1.5478, 0.733326, 0.0385961, 0, 0, 0.0385961, -0.773051, 1, 1, 9999, 9999, 9999, 9999, 9999, 9999, 9999, 9999, 0.733326, 9999, 2.3335, 0, 0, 0, 0, 0, 8000, 0, 0, 0, 0
3, 0.00000, 4.28865, 1, 0.715708, 0, 1.5478, 0.715708, 0.0376688, 0, 0, 0.0376688, -0.771922, 1, 1, 9999, 9999, 9999, 9999, 9999, 9999, 9999, 9999, 0.715708, 9999, 2.3335, 0, 0, 0, 0, 0, 8000, 0, 0, 0, 0
4, 0.00000, 3.53528, 1, 0.698487, 0, 1.5478, 0.698487, 0.0367624, 0, 0, 0.0367624, -0.753377, 1, 1, 9999, 9999, 9999, 9999, 9999, 9999, 9999, 9999, 0.698487, 9999, 2.3335, 0, 0, 0, 0, 0, 8000, 0, 0, 0, 0
