hour,t(sec),kWh,State,kWOut,kWIn,kvarOut,DCkW,kWTotalLosses,kWInvLosses,kWIdlingLosses,kWChDchLosses,"kWh Chng",InvEff,InverterON,Vref,"Vavg (DRC)","VV Oper","VW Oper","DRC Oper","VV_DRC Oper","WP Oper","WV Oper",kWDesired,"kW VW Limit","Limit kWOut Function","kVA Exceeded","Grid voltage",di/dt,it,"it History","Rated VDC","Avg duty cycle","Target (Amps)","Series L","Max. Amps (phase)"
1, 0.00000, 11.6637, 1, 1.43205, 0, 3.09463, 1.43205, 0.0753712, 0, 0, 0.0753712, -6.99825, 1, 1, 9999, 9999, 9999, 9999, 9999, 9999, 9999, 9999, 1.43203, 9999, 4.6655, 0, 0, 0, 0, 0, 8000, 0, 0, 0, 0
2, 0.00000, 10.1563, 1, 1.43991, 0, 3.0947, 1.43991, 0.0757849, 0, 0, 0.0757849, -1.50742, 1, 1, 9999, 9999, 9999, 9999, 9999, 9999, 9999, 9999, 1.43991, 9999, 4.6655, 0, 0, 0, 0, 0, 8000, 0, 0, 0, 0
3, 0.00000, 8.64063, 1, 1.44411, 0, 3.0947, 1.44411, 0.0760059, 0, 0, 0.0760059, -1.5157, 1, 1, 9999, 9999, 9999, 9999, 9999, 9999, 9999, 9999, 1.44411, 9999, 4.6655, 0, 0, 0, 0, 0, 8000, 0, 0, 0, 0
4, 0.00000, 7.12051, 1, 1.44584, 0, 3.0947, 1.44584, 0.0760968, 0, 0, 0.0760968, -1.52012, 1, 1, 9999, 9999, 9999, 9999, 9999, 9999, 9999, 9999, 1.44584, 9999, 4.6655, 0, 0, 0, 0, 0, 8000, 0, 0, 0, 0
