hour,t(sec),kWh,State,kWOut,kWIn,kvarOut,DCkW,kWTotalLosses,kWInvLosses,kWIdlingLosses,kWChDchLosses,"kWh Chng",InvEff,InverterON,Vref,"Vavg (DRC)","VV Oper","VW Oper","DRC Oper","VV_DRC Oper","WP Oper","WV Oper",kWDesired,"kW VW Limit","Limit kWOut Function","kVA Exceeded","Grid voltage",di/dt,it,"it History","Rated VDC","Avg duty cycle","Target (Amps)","Series L","Max. Amps (phase)"
1, 0.00000, 30.625, 1, 3.79498, 0, 8.1255, 3.79498, 0.199736, 0, 0, 0.199736, -18.375, 1, 1, 9999, 9999, 9999, 9999, 9999, 9999, 9999, 9999, 3.79493, 9999, 12.25, 0, 0, 0, 0, 0, 8000, 0, 0, 0, 0
2, 0.00000, 26.6303, 1, 3.7877, 0, 8.1257, 3.7877, 0.199353, 0, 0, 0.199353, -3.99471, 1, 1, 9999, 9999, 9999, 9999, 9999, 9999, 9999, 9999, 3.7877, 9999, 12.25, 0, 0, 0, 0, 0, 8000, 0, 0, 0, 0
3, 0.00000, 22.6432, 1, 3.7583, 0, 8.1257, 3.7583, 0.197805, 0, 0, 0.197805, -3.98705, 1, 1, 9999, 9999, 9999, 9999, 9999, 9999, 9999, 9999, 3.7583, 9999, 12.25, 0, 0, 0, 0, 0, 8000, 0, 0, 0, 0
4, 0.00000, 18.6871, 1, 3.7877, 0, 8.1257, 3.7877, 0.199353, 0, 0, 0.199353, -3.95611, 1, 1, 9999, 9999, 9999, 9999, 9999, 9999, 9999, 9999, 3.7877, 9999, 12.25, 0, 0, 0, 0, 0, 8000, 0, 0, 0, 0
