hour,t(sec),kWh,State,kWOut,kWIn,kvarOut,DCkW,kWTotalLosses,kWInvLosses,kWIdlingLosses,kWChDchLosses,"kWh Chng",InvEff,InverterON,Vref,"Vavg (DRC)","VV Oper","VW Oper","DRC Oper","VV_DRC Oper","WP Oper","WV Oper",kWDesired,"kW VW Limit","Limit kWOut Function","kVA Exceeded","Grid voltage",di/dt,it,"it History","Rated VDC","Avg duty cycle","Target (Amps)","Series L","Max. Amps (phase)"
1, 0.00000, 5.83362, 1, 0.733475, 0, 1.54777, 0.733475, 0.0386039, 0, 0, 0.0386039, -3.50017, 1, 1, 9999, 9999, 9999, 9999, 9999, 9999, 9999, 9999, 0.733466, 9999, 2.3335, 0, 0, 0, 0, 0, 8000, 0, 0, 0, 0
2, 0.00000, 5.06155, 1, 0.726115, 0, 1.5478, 0.726115, 0.0382166, 0, 0, 0.0382166, -0.772079, 1, 1, 9999, 9999, 9999, 9999, 9999, 9999, 9999, 9999, 0.726115, 9999, 2.3335, 0, 0, 0, 0, 0, 8000, 0, 0, 0, 0
3, 0.00000, 4.29721, 1, 0.717038, 0, 1.5478, 0.717038, 0.0377388, 0, 0, 0.0377388, -0.764332, 1, 1, 9999, 9999, 9999, 9999, 9999, 9999, 9999, 9999, 0.717038, 9999, 2.3335, 0, 0, 0, 0, 0, 8000, 0, 0, 0, 0
4, 0.00000, 3.54244, 1, 0.705254, 0, 1.5478, 0.705254, 0.0371186, 0, 0, 0.0371186, -0.754777, 1, 1, 9999, 9999, 9999, 9999, 9999, 9999, 9999, 9999, 0.705254, 9999, 2.3335, 0, 0, 0, 0, 0, 8000, 0, 0, 0, 0
