hour,t(sec),kWh,State,kWOut,kWIn,kvarOut,DCkW,kWTotalLosses,kWInvLosses,kWIdlingLosses,kWChDchLosses,"kWh Chng",InvEff,InverterON,Vref,"Vavg (DRC)","VV Oper","VW Oper","DRC Oper","VV_DRC Oper","WP Oper","WV Oper",kWDesired,"kW VW Limit","Limit kWOut Function","kVA Exceeded","Grid voltage",di/dt,it,"it History","Rated VDC","Avg duty cycle","Target (Amps)","Series L","Max. Amps (phase)"
1, 0.00000, 11.6637, 1, 1.36963, 0, -3.09468, 1.36963, 0.0720859, 0, 0, 0.0720859, -6.99825, 1, 1, 9999, 9999, 9999, 9999, 9999, 9999, 9999, 9999, 1.36974, 9999, 4.6655, 0, 0, 0, 0, 0, 8000, 0, 0, 0, 0
2, 0.00000, 10.222, 1, 1.42512, 0, -3.0947, 1.42512, 0.0750065, 0, 0, 0.0750065, -1.44172, 1, 1, 9999, 9999, 9999, 9999, 9999, 9999, 9999, 9999, 1.42512, 9999, 4.6655, 0, 0, 0, 0, 0, 8000, 0, 0, 0, 0
3, 0.00000, 8.7219, 1, 1.48596, 0, -3.0947, 1.48596, 0.0782085, 0, 0, 0.0782085, -1.50013, 1, 1, 9999, 9999, 9999, 9999, 9999, 9999, 9999, 9999, 1.48596, 9999, 4.6655, 0, 0, 0, 0, 0, 8000, 0, 0, 0, 0
4, 0.00000, 7.15773, 1, 1.48102, 0, -3.0947, 1.48102, 0.0779482, 0, 0, 0.0779482, -1.56417, 1, 1, 9999, 9999, 9999, 9999, 9999, 9999, 9999, 9999, 1.48102, 9999, 4.6655, 0, 0, 0, 0, 0, 8000, 0, 0, 0, 0
