hour,t(sec),kWh,State,kWOut,kWIn,kvarOut,DCkW,kWTotalLosses,kWInvLosses,kWIdlingLosses,kWChDchLosses,"kWh Chng",InvEff,InverterON,Vref,"Vavg (DRC)","VV Oper","VW Oper","DRC Oper","VV_DRC Oper","WP Oper","WV Oper",kWDesired,"kW VW Limit","Limit kWOut Function","kVA Exceeded","Grid voltage",di/dt,it,"it History","Rated VDC","Avg duty cycle","Target (Amps)","Series L","Max. Amps (phase)"
1, 0.00000, 11.6637, 1, 1.44725, 0, 3.09466, 1.44725, 0.0761711, 0, 0, 0.0761711, -6.99825, 1, 1, 9999, 9999, 9999, 9999, 9999, 9999, 9999, 9999, 1.44724, 9999, 4.6655, 0, 0, 0, 0, 0, 8000, 0, 0, 0, 0
2, 0.00000, 10.1403, 1, 1.44719, 0, 3.0947, 1.44719, 0.076168, 0, 0, 0.076168, -1.52342, 1, 1, 9999, 9999, 9999, 9999, 9999, 9999, 9999, 9999, 1.44719, 9999, 4.6655, 0, 0, 0, 0, 0, 8000, 0, 0, 0, 0
3, 0.00000, 8.61697, 1, 1.4387, 0, 3.0947, 1.4387, 0.0757211, 0, 0, 0.0757211, -1.52336, 1, 1, 9999, 9999, 9999, 9999, 9999, 9999, 9999, 9999, 1.4387, 9999, 4.6655, 0, 0, 0, 0, 0, 8000, 0, 0, 0, 0
4, 0.00000, 7.10255, 1, 1.42872, 0, 3.0947, 1.42872, 0.0751956, 0, 0, 0.0751956, -1.51442, 1, 1, 9999, 9999, 9999, 9999, 9999, 9999, 9999, 9999, 1.42872, 9999, 4.6655, 0, 0, 0, 0, 0, 8000, 0, 0, 0, 0
