hour,t(sec),kWh,State,kWOut,kWIn,kvarOut,DCkW,kWTotalLosses,kWInvLosses,kWIdlingLosses,kWChDchLosses,"kWh Chng",InvEff,InverterON,Vref,"Vavg (DRC)","VV Oper","VW Oper","DRC Oper","VV_DRC Oper","WP Oper","WV Oper",kWDesired,"kW VW Limit","Limit kWOut Function","kVA Exceeded","Grid voltage",di/dt,it,"it History","Rated VDC","Avg duty cycle","Target (Amps)","Series L","Max. Amps (phase)"
1, 0.00000, 11.6637, 1, 1.44873, 0, 3.0946, 1.44873, 0.0762489, 0, 0, 0.0762489, -6.99825, 1, 1, 9999, 9999, 9999, 9999, 9999, 9999, 9999, 9999, 1.44868, 9999, 4.6655, 0, 0, 0, 0, 0, 8000, 0, 0, 0, 0
2, 0.00000, 10.1388, 1, 1.45321, 0, 3.0947, 1.45321, 0.0764847, 0, 0, 0.0764847, -1.52498, 1, 1, 9999, 9999, 9999, 9999, 9999, 9999, 9999, 9999, 1.45321, 9999, 4.6655, 0, 0, 0, 0, 0, 8000, 0, 0, 0, 0
3, 0.00000, 8.60908, 1, 1.44379, 0, 3.0947, 1.44379, 0.0759887, 0, 0, 0.0759887, -1.52969, 1, 1, 9999, 9999, 9999, 9999, 9999, 9999, 9999, 9999, 1.44379, 9999, 4.6655, 0, 0, 0, 0, 0, 8000, 0, 0, 0, 0
4, 0.00000, 7.0893, 1, 1.41621, 0, 3.0947, 1.41621, 0.0745375, 0, 0, 0.0745375, -1.51977, 1, 1, 9999, 9999, 9999, 9999, 9999, 9999, 9999, 9999, 1.41621, 9999, 4.6655, 0, 0, 0, 0, 0, 8000, 0, 0, 0, 0
