hour,t(sec),kWh,State,kWOut,kWIn,kvarOut,DCkW,kWTotalLosses,kWInvLosses,kWIdlingLosses,kWChDchLosses,"kWh Chng",InvEff,InverterON,Vref,"Vavg (DRC)","VV Oper","VW Oper","DRC Oper","VV_DRC Oper","WP Oper","WV Oper",kWDesired,"kW VW Limit","Limit kWOut Function","kVA Exceeded","Grid voltage",di/dt,it,"it History","Rated VDC","Avg duty cycle","Target (Amps)","Series L","Max. Amps (phase)"
1, 0.00000, 11.6637, 1, 1.44992, 0, 3.09463, 1.44992, 0.0763114, 0, 0, 0.0763114, -6.99825, 1, 1, 9999, 9999, 9999, 9999, 9999, 9999, 9999, 9999, 1.4499, 9999, 4.6655, 0, 0, 0, 0, 0, 8000, 0, 0, 0, 0
2, 0.00000, 10.1375, 1, 1.4408, 0, 3.0947, 1.4408, 0.0758316, 0, 0, 0.0758316, -1.52623, 1, 1, 9999, 9999, 9999, 9999, 9999, 9999, 9999, 9999, 1.4408, 9999, 4.6655, 0, 0, 0, 0, 0, 8000, 0, 0, 0, 0
3, 0.00000, 8.62089, 1, 1.43012, 0, 3.0947, 1.43012, 0.0752692, 0, 0, 0.0752692, -1.51663, 1, 1, 9999, 9999, 9999, 9999, 9999, 9999, 9999, 9999, 1.43012, 9999, 4.6655, 0, 0, 0, 0, 0, 8000, 0, 0, 0, 0
4, 0.00000, 7.11551, 1, 1.44103, 0, 3.0947, 1.44103, 0.0758438, 0, 0, 0.0758438, -1.50538, 1, 1, 9999, 9999, 9999, 9999, 9999, 9999, 9999, 9999, 1.44103, 9999, 4.6655, 0, 0, 0, 0, 0, 8000, 0, 0, 0, 0
