hour,t(sec),kWh,State,kWOut,kWIn,kvarOut,DCkW,kWTotalLosses,kWInvLosses,kWIdlingLosses,kWChDchLosses,"kWh Chng",InvEff,InverterON,Vref,"Vavg (DRC)","VV Oper","VW Oper","DRC Oper","VV_DRC Oper","WP Oper","WV Oper",kWDesired,"kW VW Limit","Limit kWOut Function","kVA Exceeded","Grid voltage",di/dt,it,"it History","Rated VDC","Avg duty cycle","Target (Amps)","Series L","Max. Amps (phase)"
1, 0.00000, 5.83362, 1, 0.725961, 0, 1.54776, 0.725961, 0.0382085, 0, 0, 0.0382085, -3.50017, 1, 1, 9999, 9999, 9999, 9999, 9999, 9999, 9999, 9999, 0.725952, 9999, 2.3335, 0, 0, 0, 0, 0, 8000, 0, 0, 0, 0
2, 0.00000, 5.06946, 1, 0.731249, 0, 1.5478, 0.731249, 0.0384868, 0, 0, 0.0384868, -0.76417, 1, 1, 9999, 9999, 9999, 9999, 9999, 9999, 9999, 9999, 0.731249, 9999, 2.3335, 0, 0, 0, 0, 0, 8000, 0, 0, 0, 0
3, 0.00000, 4.29972, 1, 0.716618, 0, 1.5478, 0.716618, 0.0377167, 0, 0, 0.0377167, -0.769736, 1, 1, 9999, 9999, 9999, 9999, 9999, 9999, 9999, 9999, 0.716618, 9999, 2.3335, 0, 0, 0, 0, 0, 8000, 0, 0, 0, 0
4, 0.00000, 3.54538, 1, 0.708054, 0, 1.5478, 0.708054, 0.037266, 0, 0, 0.037266, -0.754335, 1, 1, 9999, 9999, 9999, 9999, 9999, 9999, 9999, 9999, 0.708054, 9999, 2.3335, 0, 0, 0, 0, 0, 8000, 0, 0, 0, 0
