hour,t(sec),kWh,State,kWOut,kWIn,kvarOut,DCkW,kWTotalLosses,kWInvLosses,kWIdlingLosses,kWChDchLosses,"kWh Chng",InvEff,InverterON,Vref,"Vavg (DRC)","VV Oper","VW Oper","DRC Oper","VV_DRC Oper","WP Oper","WV Oper",kWDesired,"kW VW Limit","Limit kWOut Function","kVA Exceeded","Grid voltage",di/dt,it,"it History","Rated VDC","Avg duty cycle","Target (Amps)","Series L","Max. Amps (phase)"
1, 0.00000, 21.875, 1, 2.6781, 0, 5.80391, 2.6781, 0.140952, 0, 0, 0.140952, -13.125, 1, 1, 9999, 9999, 9999, 9999, 9999, 9999, 9999, 9999, 2.67803, 9999, 8.75, 0, 0, 0, 0, 0, 8000, 0, 0, 0, 0
2, 0.00000, 19.056, 1, 2.68975, 0, 5.8041, 2.68975, 0.141566, 0, 0, 0.141566, -2.81905, 1, 1, 9999, 9999, 9999, 9999, 9999, 9999, 9999, 9999, 2.68975, 9999, 8.75, 0, 0, 0, 0, 0, 8000, 0, 0, 0, 0
3, 0.00000, 16.2246, 1, 2.71434, 0, 5.8041, 2.71434, 0.14286, 0, 0, 0.14286, -2.83132, 1, 1, 9999, 9999, 9999, 9999, 9999, 9999, 9999, 9999, 2.71434, 9999, 8.75, 0, 0, 0, 0, 0, 8000, 0, 0, 0, 0
4, 0.00000, 13.3674, 1, 2.72423, 0, 5.8041, 2.72423, 0.14338, 0, 0, 0.14338, -2.8572, 1, 1, 9999, 9999, 9999, 9999, 9999, 9999, 9999, 9999, 2.72423, 9999, 8.75, 0, 0, 0, 0, 0, 8000, 0, 0, 0, 0
