hour,t(sec),kWh,State,kWOut,kWIn,kvarOut,DCkW,kWTotalLosses,kWInvLosses,kWIdlingLosses,kWChDchLosses,"kWh Chng",InvEff,InverterON,Vref,"Vavg (DRC)","VV Oper","VW Oper","DRC Oper","VV_DRC Oper","WP Oper","WV Oper",kWDesired,"kW VW Limit","Limit kWOut Function","kVA Exceeded","Grid voltage",di/dt,it,"it History","Rated VDC","Avg duty cycle","Target (Amps)","Series L","Max. Amps (phase)"
1, 0.00000, 11.6637, 1, 1.07942, 0, 3.09468, 1.07942, 0.0568114, 0, 0, 0.0568114, -6.99825, 1, 1, 9999, 9999, 9999, 9999, 9999, 9999, 9999, 9999, 1.07941, 9999, 4.6655, 0, 0, 0, 0, 0, 8000, 0, 0, 0, 0
2, 0.00000, 10.5275, 1, 1.08282, 0, 3.0947, 1.08282, 0.0569903, 0, 0, 0.0569903, -1.13623, 1, 1, 9999, 9999, 9999, 9999, 9999, 9999, 9999, 9999, 1.08282, 9999, 4.6655, 0, 0, 0, 0, 0, 8000, 0, 0, 0, 0
3, 0.00000, 9.38772, 1, 1.08659, 0, 3.0947, 1.08659, 0.0571892, 0, 0, 0.0571892, -1.13981, 1, 1, 9999, 9999, 9999, 9999, 9999, 9999, 9999, 9999, 1.08659, 9999, 4.6655, 0, 0, 0, 0, 0, 8000, 0, 0, 0, 0
4, 0.00000, 8.24393, 1, 1.08548, 0, 3.0947, 1.08548, 0.0571303, 0, 0, 0.0571303, -1.14378, 1, 1, 9999, 9999, 9999, 9999, 9999, 9999, 9999, 9999, 1.08548, 9999, 4.6655, 0, 0, 0, 0, 0, 8000, 0, 0, 0, 0
