hour,t(sec),kWh,State,kWOut,kWIn,kvarOut,DCkW,kWTotalLosses,kWInvLosses,kWIdlingLosses,kWChDchLosses,"kWh Chng",InvEff,InverterON,Vref,"Vavg (DRC)","VV Oper","VW Oper","DRC Oper","VV_DRC Oper","WP Oper","WV Oper",kWDesired,"kW VW Limit","Limit kWOut Function","kVA Exceeded","Grid voltage",di/dt,it,"it History","Rated VDC","Avg duty cycle","Target (Amps)","Series L","Max. Amps (phase)"
1, 0.00000, 40.8363, 1, 4.19642, 0, 10.8348, 4.19642, 0.220864, 0, 0, 0.220864, -24.5018, 1, 1, 9999, 9999, 9999, 9999, 9999, 9999, 9999, 9999, 4.19633, 9999, 16.3345, 0, 0, 0, 0, 0, 8000, 0, 0, 0, 0
2, 0.00000, 36.419, 1, 4.23227, 0, 10.8351, 4.23227, 0.222751, 0, 0, 0.222751, -4.41728, 1, 1, 9999, 9999, 9999, 9999, 9999, 9999, 9999, 9999, 4.23227, 9999, 16.3345, 0, 0, 0, 0, 0, 8000, 0, 0, 0, 0
3, 0.00000, 31.9639, 1, 4.24338, 0, 10.8351, 4.24338, 0.223336, 0, 0, 0.223336, -4.45502, 1, 1, 9999, 9999, 9999, 9999, 9999, 9999, 9999, 9999, 4.24338, 9999, 16.3345, 0, 0, 0, 0, 0, 8000, 0, 0, 0, 0
4, 0.00000, 27.4972, 1, 4.29548, 0, 10.8351, 4.29548, 0.226078, 0, 0, 0.226078, -4.46671, 1, 1, 9999, 9999, 9999, 9999, 9999, 9999, 9999, 9999, 4.29548, 9999, 16.3345, 0, 0, 0, 0, 0, 8000, 0, 0, 0, 0
