hour,t(sec),kWh,State,kWOut,kWIn,kvarOut,DCkW,kWTotalLosses,kWInvLosses,kWIdlingLosses,kWChDchLosses,"kWh Chng",InvEff,InverterON,Vref,"Vavg (DRC)","VV Oper","VW Oper","DRC Oper","VV_DRC Oper","WP Oper","WV Oper",kWDesired,"kW VW Limit","Limit kWOut Function","kVA Exceeded","Grid voltage",di/dt,it,"it History","Rated VDC","Avg duty cycle","Target (Amps)","Series L","Max. Amps (phase)"
1, 0.00000, 11.6637, 1, 1.42862, 0, 3.0946, 1.42862, 0.0751903, 0, 0, 0.0751903, -6.99825, 1, 1, 9999, 9999, 9999, 9999, 9999, 9999, 9999, 9999, 1.42858, 9999, 4.6655, 0, 0, 0, 0, 0, 8000, 0, 0, 0, 0
2, 0.00000, 10.1599, 1, 1.43333, 0, 3.0947, 1.43333, 0.0754387, 0, 0, 0.0754387, -1.50381, 1, 1, 9999, 9999, 9999, 9999, 9999, 9999, 9999, 9999, 1.43333, 9999, 4.6655, 0, 0, 0, 0, 0, 8000, 0, 0, 0, 0
3, 0.00000, 8.65117, 1, 1.43553, 0, 3.0947, 1.43553, 0.0755541, 0, 0, 0.0755541, -1.50877, 1, 1, 9999, 9999, 9999, 9999, 9999, 9999, 9999, 9999, 1.43553, 9999, 4.6655, 0, 0, 0, 0, 0, 8000, 0, 0, 0, 0
4, 0.00000, 7.14009, 1, 1.46441, 0, 3.0947, 1.46441, 0.0770741, 0, 0, 0.0770741, -1.51108, 1, 1, 9999, 9999, 9999, 9999, 9999, 9999, 9999, 9999, 1.46441, 9999, 4.6655, 0, 0, 0, 0, 0, 8000, 0, 0, 0, 0
