hour,t(sec),kWh,State,kWOut,kWIn,kvarOut,DCkW,kWTotalLosses,kWInvLosses,kWIdlingLosses,kWChDchLosses,"kWh Chng",InvEff,InverterON,Vref,"Vavg (DRC)","VV Oper","VW Oper","DRC Oper","VV_DRC Oper","WP Oper","WV Oper",kWDesired,"kW VW Limit","Limit kWOut Function","kVA Exceeded","Grid voltage",di/dt,it,"it History","Rated VDC","Avg duty cycle","Target (Amps)","Series L","Max. Amps (phase)"
1, 0.00000, 11.6637, 1, 1.44724, 0, 3.0946, 1.44724, 0.0761703, 0, 0, 0.0761703, -6.99825, 1, 1, 9999, 9999, 9999, 9999, 9999, 9999, 9999, 9999, 1.44719, 9999, 4.6655, 0, 0, 0, 0, 0, 8000, 0, 0, 0, 0
2, 0.00000, 10.1403, 1, 1.43865, 0, 3.0947, 1.43865, 0.0757186, 0, 0, 0.0757186, -1.52341, 1, 1, 9999, 9999, 9999, 9999, 9999, 9999, 9999, 9999, 1.43865, 9999, 4.6655, 0, 0, 0, 0, 0, 8000, 0, 0, 0, 0
3, 0.00000, 8.62597, 1, 1.43529, 0, 3.0947, 1.43529, 0.0755418, 0, 0, 0.0755418, -1.51437, 1, 1, 9999, 9999, 9999, 9999, 9999, 9999, 9999, 9999, 1.43529, 9999, 4.6655, 0, 0, 0, 0, 0, 8000, 0, 0, 0, 0
4, 0.00000, 7.11513, 1, 1.44075, 0, 3.0947, 1.44075, 0.0758291, 0, 0, 0.0758291, -1.51084, 1, 1, 9999, 9999, 9999, 9999, 9999, 9999, 9999, 9999, 1.44075, 9999, 4.6655, 0, 0, 0, 0, 0, 8000, 0, 0, 0, 0
