hour,t(sec),kWh,State,kWOut,kWIn,kvarOut,DCkW,kWTotalLosses,kWInvLosses,kWIdlingLosses,kWChDchLosses,"kWh Chng",InvEff,InverterON,Vref,"Vavg (DRC)","VV Oper","VW Oper","DRC Oper","VV_DRC Oper","WP Oper","WV Oper",kWDesired,"kW VW Limit","Limit kWOut Function","kVA Exceeded","Grid voltage",di/dt,it,"it History","Rated VDC","Avg duty cycle","Target (Amps)","Series L","Max. Amps (phase)"
1, 0.00000, 11.6637, 1, 1.45186, 0, 3.09459, 1.45186, 0.0764135, 0, 0, 0.0764135, -6.99825, 1, 1, 9999, 9999, 9999, 9999, 9999, 9999, 9999, 9999, 1.45181, 9999, 4.6655, 0, 0, 0, 0, 0, 8000, 0, 0, 0, 0
2, 0.00000, 10.1355, 1, 1.44626, 0, 3.0947, 1.44626, 0.0761189, 0, 0, 0.0761189, -1.52827, 1, 1, 9999, 9999, 9999, 9999, 9999, 9999, 9999, 9999, 1.44626, 9999, 4.6655, 0, 0, 0, 0, 0, 8000, 0, 0, 0, 0
3, 0.00000, 8.6131, 1, 1.43511, 0, 3.0947, 1.43511, 0.075532, 0, 0, 0.075532, -1.52238, 1, 1, 9999, 9999, 9999, 9999, 9999, 9999, 9999, 9999, 1.43511, 9999, 4.6655, 0, 0, 0, 0, 0, 8000, 0, 0, 0, 0
4, 0.00000, 7.10246, 1, 1.42867, 0, 3.0947, 1.42867, 0.0751931, 0, 0, 0.0751931, -1.51064, 1, 1, 9999, 9999, 9999, 9999, 9999, 9999, 9999, 9999, 1.42867, 9999, 4.6655, 0, 0, 0, 0, 0, 8000, 0, 0, 0, 0
