hour,t(sec),kWh,State,kWOut,kWIn,kvarOut,DCkW,kWTotalLosses,kWInvLosses,kWIdlingLosses,kWChDchLosses,"kWh Chng",InvEff,InverterON,Vref,"Vavg (DRC)","VV Oper","VW Oper","DRC Oper","VV_DRC Oper","WP Oper","WV Oper",kWDesired,"kW VW Limit","Limit kWOut Function","kVA Exceeded","Grid voltage",di/dt,it,"it History","Rated VDC","Avg duty cycle","Target (Amps)","Series L","Max. Amps (phase)"
1, 0.00000, 11.6637, 1, 1.43348, 0, 3.09459, 1.43348, 0.0754461, 0, 0, 0.0754461, -6.99825, 1, 1, 9999, 9999, 9999, 9999, 9999, 9999, 9999, 9999, 1.43343, 9999, 4.6655, 0, 0, 0, 0, 0, 8000, 0, 0, 0, 0
2, 0.00000, 10.1548, 1, 1.44472, 0, 3.0947, 1.44472, 0.0760378, 0, 0, 0.0760378, -1.50892, 1, 1, 9999, 9999, 9999, 9999, 9999, 9999, 9999, 9999, 1.44472, 9999, 4.6655, 0, 0, 0, 0, 0, 8000, 0, 0, 0, 0
3, 0.00000, 8.63407, 1, 1.44598, 0, 3.0947, 1.44598, 0.0761041, 0, 0, 0.0761041, -1.52076, 1, 1, 9999, 9999, 9999, 9999, 9999, 9999, 9999, 9999, 1.44598, 9999, 4.6655, 0, 0, 0, 0, 0, 8000, 0, 0, 0, 0
4, 0.00000, 7.11199, 1, 1.43777, 0, 3.0947, 1.43777, 0.075672, 0, 0, 0.075672, -1.52208, 1, 1, 9999, 9999, 9999, 9999, 9999, 9999, 9999, 9999, 1.43777, 9999, 4.6655, 0, 0, 0, 0, 0, 8000, 0, 0, 0, 0
