hour,t(sec),kWh,State,kWOut,kWIn,kvarOut,DCkW,kWTotalLosses,kWInvLosses,kWIdlingLosses,kWChDchLosses,"kWh Chng",InvEff,InverterON,Vref,"Vavg (DRC)","VV Oper","VW Oper","DRC Oper","VV_DRC Oper","WP Oper","WV Oper",kWDesired,"kW VW Limit","Limit kWOut Function","kVA Exceeded","Grid voltage",di/dt,it,"it History","Rated VDC","Avg duty cycle","Target (Amps)","Series L","Max. Amps (phase)"
1, 0.00000, 11.6637, 1, 1.39886, 0, 3.0946, 1.39886, 0.0736241, 0, 0, 0.0736241, -6.99825, 1, 1, 9999, 9999, 9999, 9999, 9999, 9999, 9999, 9999, 1.39881, 9999, 4.6655, 0, 0, 0, 0, 0, 8000, 0, 0, 0, 0
2, 0.00000, 10.1913, 1, 1.43385, 0, 3.0947, 1.43385, 0.0754657, 0, 0, 0.0754657, -1.47248, 1, 1, 9999, 9999, 9999, 9999, 9999, 9999, 9999, 9999, 1.43385, 9999, 4.6655, 0, 0, 0, 0, 0, 8000, 0, 0, 0, 0
3, 0.00000, 8.68195, 1, 1.47318, 0, 3.0947, 1.47318, 0.0775357, 0, 0, 0.0775357, -1.50931, 1, 1, 9999, 9999, 9999, 9999, 9999, 9999, 9999, 9999, 1.47318, 9999, 4.6655, 0, 0, 0, 0, 0, 8000, 0, 0, 0, 0
4, 0.00000, 7.13124, 1, 1.4561, 0, 3.0947, 1.4561, 0.076637, 0, 0, 0.076637, -1.55071, 1, 1, 9999, 9999, 9999, 9999, 9999, 9999, 9999, 9999, 1.4561, 9999, 4.6655, 0, 0, 0, 0, 0, 8000, 0, 0, 0, 0
