hour,t(sec),kWh,State,kWOut,kWIn,kvarOut,DCkW,kWTotalLosses,kWInvLosses,kWIdlingLosses,kWChDchLosses,"kWh Chng",InvEff,InverterON,Vref,"Vavg (DRC)","VV Oper","VW Oper","DRC Oper","VV_DRC Oper","WP Oper","WV Oper",kWDesired,"kW VW Limit","Limit kWOut Function","kVA Exceeded","Grid voltage",di/dt,it,"it History","Rated VDC","Avg duty cycle","Target (Amps)","Series L","Max. Amps (phase)"
1, 0.00000, 5.83362, 1, 0.951097, 0, -1.52039, 0.951097, 0.0500578, 0, 0, 0.0500578, -3.50017, 1, 1, 9999, 9999, 9999, 9999, 9999, 9999, 9999, 9999, 0.951158, 9999, 2.3335, 0, 0, 0, 0, 0, 8000, 0, 0, 0, 0
2, 0.00000, 4.83247, 1, 0.818125, 0, -1.5478, 0.818125, 0.0430592, 0, 0, 0.0430592, -1.00116, 1, 1, 9999, 9999, 9999, 9999, 9999, 9999, 9999, 9999, 0.818125, 9999, 2.3335, 0, 0, 0, 0, 0, 8000, 0, 0, 0, 0
3, 0.00000, 3.97129, 1, 0.581252, 0, -1.5226, 0.581252, 0.0305922, 0, 0, 0.0305922, -0.861184, 1, 1, 9999, 9999, 9999, 9999, 9999, 9999, 9999, 9999, 0.581252, 9999, 2.3335, 0, 0, 0, 0, 0, 8000, 0, 0, 0, 0
4, 0.00000, 3.35944, 1, 0.531338, 0, -1.5466, 0.531338, 0.0279652, 0, 0, 0.0279652, -0.611844, 1, 1, 9999, 9999, 9999, 9999, 9999, 9999, 9999, 9999, 0.531338, 9999, 2.3335, 0, 0, 0, 0, 0, 8000, 0, 0, 0, 0
