hour,t(sec),kWh,State,kWOut,kWIn,kvarOut,DCkW,kWTotalLosses,kWInvLosses,kWIdlingLosses,kWChDchLosses,"kWh Chng",InvEff,InverterON,Vref,"Vavg (DRC)","VV Oper","VW Oper","DRC Oper","VV_DRC Oper","WP Oper","WV Oper",kWDesired,"kW VW Limit","Limit kWOut Function","kVA Exceeded","Grid voltage",di/dt,it,"it History","Rated VDC","Avg duty cycle","Target (Amps)","Series L","Max. Amps (phase)"
1, 0.00000, 11.6637, 1, 1.45125, 0, 3.0946, 1.45125, 0.0763817, 0, 0, 0.0763817, -6.99825, 1, 1, 9999, 9999, 9999, 9999, 9999, 9999, 9999, 9999, 1.4512, 9999, 4.6655, 0, 0, 0, 0, 0, 8000, 0, 0, 0, 0
2, 0.00000, 10.1361, 1, 1.44523, 0, 3.0947, 1.44523, 0.0760648, 0, 0, 0.0760648, -1.52763, 1, 1, 9999, 9999, 9999, 9999, 9999, 9999, 9999, 9999, 1.44523, 9999, 4.6655, 0, 0, 0, 0, 0, 8000, 0, 0, 0, 0
3, 0.00000, 8.61482, 1, 1.4394, 0, 3.0947, 1.4394, 0.0757579, 0, 0, 0.0757579, -1.5213, 1, 1, 9999, 9999, 9999, 9999, 9999, 9999, 9999, 9999, 1.4394, 9999, 4.6655, 0, 0, 0, 0, 0, 8000, 0, 0, 0, 0
4, 0.00000, 7.09966, 1, 1.42601, 0, 3.0947, 1.42601, 0.0750532, 0, 0, 0.0750532, -1.51516, 1, 1, 9999, 9999, 9999, 9999, 9999, 9999, 9999, 9999, 1.42601, 9999, 4.6655, 0, 0, 0, 0, 0, 8000, 0, 0, 0, 0
