hour,t(sec),kWh,State,kWOut,kWIn,kvarOut,DCkW,kWTotalLosses,kWInvLosses,kWIdlingLosses,kWChDchLosses,"kWh Chng",InvEff,InverterON,Vref,"Vavg (DRC)","VV Oper","VW Oper","DRC Oper","VV_DRC Oper","WP Oper","WV Oper",kWDesired,"kW VW Limit","Limit kWOut Function","kVA Exceeded","Grid voltage",di/dt,it,"it History","Rated VDC","Avg duty cycle","Target (Amps)","Series L","Max. Amps (phase)"
1, 0.00000, 11.6637, 1, 1.51389, 0, -3.09468, 1.51389, 0.0796783, 0, 0, 0.0796783, -6.99825, 1, 1, 9999, 9999, 9999, 9999, 9999, 9999, 9999, 9999, 1.514, 9999, 4.6655, 0, 0, 0, 0, 0, 8000, 0, 0, 0, 0
2, 0.00000, 10.0702, 1, 1.45013, 0, -3.0947, 1.45013, 0.0763227, 0, 0, 0.0763227, -1.59357, 1, 1, 9999, 9999, 9999, 9999, 9999, 9999, 9999, 9999, 1.45013, 9999, 4.6655, 0, 0, 0, 0, 0, 8000, 0, 0, 0, 0
3, 0.00000, 8.54373, 1, 1.38696, 0, -3.0947, 1.38696, 0.0729979, 0, 0, 0.0729979, -1.52645, 1, 1, 9999, 9999, 9999, 9999, 9999, 9999, 9999, 9999, 1.38696, 9999, 4.6655, 0, 0, 0, 0, 0, 8000, 0, 0, 0, 0
4, 0.00000, 7.08377, 1, 1.4108, 0, -3.0947, 1.4108, 0.0742527, 0, 0, 0.0742527, -1.45996, 1, 1, 9999, 9999, 9999, 9999, 9999, 9999, 9999, 9999, 1.4108, 9999, 4.6655, 0, 0, 0, 0, 0, 8000, 0, 0, 0, 0
