hour,t(sec),kWh,State,kWOut,kWIn,kvarOut,DCkW,kWTotalLosses,kWInvLosses,kWIdlingLosses,kWChDchLosses,"kWh Chng",InvEff,InverterON,Vref,"Vavg (DRC)","VV Oper","VW Oper","DRC Oper","VV_DRC Oper","WP Oper","WV Oper",kWDesired,"kW VW Limit","Limit kWOut Function","kVA Exceeded","Grid voltage",di/dt,it,"it History","Rated VDC","Avg duty cycle","Target (Amps)","Series L","Max. Amps (phase)"
1, 0.00000, 11.6637, 1, 1.44693, 0, 3.09465, 1.44693, 0.0761541, 0, 0, 0.0761541, -6.99825, 1, 1, 9999, 9999, 9999, 9999, 9999, 9999, 9999, 9999, 1.44691, 9999, 4.6655, 0, 0, 0, 0, 0, 8000, 0, 0, 0, 0
2, 0.00000, 10.1407, 1, 1.43926, 0, 3.0947, 1.43926, 0.0757505, 0, 0, 0.0757505, -1.52308, 1, 1, 9999, 9999, 9999, 9999, 9999, 9999, 9999, 9999, 1.43926, 9999, 4.6655, 0, 0, 0, 0, 0, 8000, 0, 0, 0, 0
3, 0.00000, 8.62566, 1, 1.43693, 0, 3.0947, 1.43693, 0.0756278, 0, 0, 0.0756278, -1.51501, 1, 1, 9999, 9999, 9999, 9999, 9999, 9999, 9999, 9999, 1.43693, 9999, 4.6655, 0, 0, 0, 0, 0, 8000, 0, 0, 0, 0
4, 0.00000, 7.1131, 1, 1.43879, 0, 3.0947, 1.43879, 0.075726, 0, 0, 0.075726, -1.51256, 1, 1, 9999, 9999, 9999, 9999, 9999, 9999, 9999, 9999, 1.43879, 9999, 4.6655, 0, 0, 0, 0, 0, 8000, 0, 0, 0, 0
