hour,t(sec),kWh,State,kWOut,kWIn,kvarOut,DCkW,kWTotalLosses,kWInvLosses,kWIdlingLosses,kWChDchLosses,"kWh Chng",InvEff,InverterON,Vref,"Vavg (DRC)","VV Oper","VW Oper","DRC Oper","VV_DRC Oper","WP Oper","WV Oper",kWDesired,"kW VW Limit","Limit kWOut Function","kVA Exceeded","Grid voltage",di/dt,it,"it History","Rated VDC","Avg duty cycle","Target (Amps)","Series L","Max. Amps (phase)"
1, 0.00000, 11.6637, 1, 1.44558, 0, -3.09468, 1.44558, 0.0760833, 0, 0, 0.0760833, -6.99825, 1, 1, 9999, 9999, 9999, 9999, 9999, 9999, 9999, 9999, 1.4457, 9999, 4.6655, 0, 0, 0, 0, 0, 8000, 0, 0, 0, 0
2, 0.00000, 10.1421, 1, 1.45419, 0, -3.0947, 1.45419, 0.0765363, 0, 0, 0.0765363, -1.52167, 1, 1, 9999, 9999, 9999, 9999, 9999, 9999, 9999, 9999, 1.45419, 9999, 4.6655, 0, 0, 0, 0, 0, 8000, 0, 0, 0, 0
3, 0.00000, 8.61136, 1, 1.44901, 0, -3.0947, 1.44901, 0.0762637, 0, 0, 0.0762637, -1.53073, 1, 1, 9999, 9999, 9999, 9999, 9999, 9999, 9999, 9999, 1.44901, 9999, 4.6655, 0, 0, 0, 0, 0, 8000, 0, 0, 0, 0
4, 0.00000, 7.08608, 1, 1.41299, 0, -3.0947, 1.41299, 0.0743681, 0, 0, 0.0743681, -1.52527, 1, 1, 9999, 9999, 9999, 9999, 9999, 9999, 9999, 9999, 1.41299, 9999, 4.6655, 0, 0, 0, 0, 0, 8000, 0, 0, 0, 0
