hour,t(sec),kWh,State,kWOut,kWIn,kvarOut,DCkW,kWTotalLosses,kWInvLosses,kWIdlingLosses,kWChDchLosses,"kWh Chng",InvEff,InverterON,Vref,"Vavg (DRC)","VV Oper","VW Oper","DRC Oper","VV_DRC Oper","WP Oper","WV Oper",kWDesired,"kW VW Limit","Limit kWOut Function","kVA Exceeded","Grid voltage",di/dt,it,"it History","Rated VDC","Avg duty cycle","Target (Amps)","Series L","Max. Amps (phase)"
1, 0.00000, 11.6637, 1, 1.42552, 0, 3.09463, 1.42552, 0.0750272, 0, 0, 0.0750272, -6.99825, 1, 1, 9999, 9999, 9999, 9999, 9999, 9999, 9999, 9999, 1.4255, 9999, 4.6655, 0, 0, 0, 0, 0, 8000, 0, 0, 0, 0
2, 0.00000, 10.1632, 1, 1.43324, 0, 3.0947, 1.43324, 0.0754338, 0, 0, 0.0754338, -1.50054, 1, 1, 9999, 9999, 9999, 9999, 9999, 9999, 9999, 9999, 1.43324, 9999, 4.6655, 0, 0, 0, 0, 0, 8000, 0, 0, 0, 0
3, 0.00000, 8.65453, 1, 1.44164, 0, 3.0947, 1.44164, 0.0758758, 0, 0, 0.0758758, -1.50868, 1, 1, 9999, 9999, 9999, 9999, 9999, 9999, 9999, 9999, 1.44164, 9999, 4.6655, 0, 0, 0, 0, 0, 8000, 0, 0, 0, 0
4, 0.00000, 7.13702, 1, 1.46147, 0, 3.0947, 1.46147, 0.0769194, 0, 0, 0.0769194, -1.51752, 1, 1, 9999, 9999, 9999, 9999, 9999, 9999, 9999, 9999, 1.46147, 9999, 4.6655, 0, 0, 0, 0, 0, 8000, 0, 0, 0, 0
