hour,t(sec),kWh,State,kWOut,kWIn,kvarOut,DCkW,kWTotalLosses,kWInvLosses,kWIdlingLosses,kWChDchLosses,"kWh Chng",InvEff,InverterON,Vref,"Vavg (DRC)","VV Oper","VW Oper","DRC Oper","VV_DRC Oper","WP Oper","WV Oper",kWDesired,"kW VW Limit","Limit kWOut Function","kVA Exceeded","Grid voltage",di/dt,it,"it History","Rated VDC","Avg duty cycle","Target (Amps)","Series L","Max. Amps (phase)"
1, 0.00000, 5.83362, 1, 0.70902, 0, 1.54777, 0.70902, 0.0373169, 0, 0, 0.0373169, -3.50017, 1, 1, 9999, 9999, 9999, 9999, 9999, 9999, 9999, 9999, 0.709011, 9999, 2.3335, 0, 0, 0, 0, 0, 8000, 0, 0, 0, 0
2, 0.00000, 5.08729, 1, 0.722335, 0, 1.5478, 0.722335, 0.0380176, 0, 0, 0.0380176, -0.746337, 1, 1, 9999, 9999, 9999, 9999, 9999, 9999, 9999, 9999, 0.722335, 9999, 2.3335, 0, 0, 0, 0, 0, 8000, 0, 0, 0, 0
3, 0.00000, 4.32694, 1, 0.733186, 0, 1.5478, 0.733186, 0.0385887, 0, 0, 0.0385887, -0.760353, 1, 1, 9999, 9999, 9999, 9999, 9999, 9999, 9999, 9999, 0.733186, 9999, 2.3335, 0, 0, 0, 0, 0, 8000, 0, 0, 0, 0
4, 0.00000, 3.55516, 1, 0.717341, 0, 1.5478, 0.717341, 0.0377548, 0, 0, 0.0377548, -0.771774, 1, 1, 9999, 9999, 9999, 9999, 9999, 9999, 9999, 9999, 0.717341, 9999, 2.3335, 0, 0, 0, 0, 0, 8000, 0, 0, 0, 0
