hour,t(sec),kWh,State,kWOut,kWIn,kvarOut,DCkW,kWTotalLosses,kWInvLosses,kWIdlingLosses,kWChDchLosses,"kWh Chng",InvEff,InverterON,Vref,"Vavg (DRC)","VV Oper","VW Oper","DRC Oper","VV_DRC Oper","WP Oper","WV Oper",kWDesired,"kW VW Limit","Limit kWOut Function","kVA Exceeded","Grid voltage",di/dt,it,"it History","Rated VDC","Avg duty cycle","Target (Amps)","Series L","Max. Amps (phase)"
1, 0.00000, 5.83362, 1, 0.512514, 0, 1.5477, 0.512514, 0.0269744, 0, 0, 0.0269744, -3.50017, 1, 1, 9999, 9999, 9999, 9999, 9999, 9999, 9999, 9999, 0.512437, 9999, 2.3335, 0, 0, 0, 0, 0, 8000, 0, 0, 0, 0
2, 0.00000, 5.29414, 1, 1.01545, 0, 1.54779, 1.01545, 0.0534446, 0, 0, 0.0534446, -0.539488, 1, 1, 9999, 9999, 9999, 9999, 9999, 9999, 9999, 9999, 1.01545, 9999, 2.3335, 0, 0, 0, 0, 0, 8000, 0, 0, 0, 0
3, 0.00000, 4.22524, 1, 1.35399, 0, 1.54782, 1.35399, 0.0712625, 0, 0, 0.0712625, -1.06889, 1, 1, 9999, 9999, 9999, 9999, 9999, 9999, 9999, 9999, 1.35399, 9999, 2.3335, 0, 0, 0, 0, 0, 8000, 0, 0, 0, 0
