hour,t(sec),kWh,State,kWOut,kWIn,kvarOut,DCkW,kWTotalLosses,kWInvLosses,kWIdlingLosses,kWChDchLosses,"kWh Chng",InvEff,InverterON,Vref,"Vavg (DRC)","VV Oper","VW Oper","DRC Oper","VV_DRC Oper","WP Oper","WV Oper",kWDesired,"kW VW Limit","Limit kWOut Function","kVA Exceeded","Grid voltage",di/dt,it,"it History","Rated VDC","Avg duty cycle","Target (Amps)","Series L","Max. Amps (phase)"
1, 0.00000, 5.83362, 1, 0.867736, 0, 1.54757, 0.867736, 0.0456703, 0, 0, 0.0456703, -3.50017, 1, 1, 9999, 9999, 9999, 9999, 9999, 9999, 9999, 9999, 0.867572, 9999, 2.3335, 0, 0, 0, 0, 0, 8000, 0, 0, 0, 0
2, 0.00000, 4.92022, 1, 0.96255, 0, 1.54779, 0.96255, 0.0506605, 0, 0, 0.0506605, -0.913406, 1, 1, 9999, 9999, 9999, 9999, 9999, 9999, 9999, 9999, 0.962545, 9999, 2.3335, 0, 0, 0, 0, 0, 8000, 0, 0, 0, 0
3, 0.00000, 3.90701, 1, 1.05174, 0, 1.54782, 1.05174, 0.0553548, 0, 0, 0.0553548, -1.01321, 1, 1, 9999, 9999, 9999, 9999, 9999, 9999, 9999, 9999, 1.05176, 9999, 2.3335, 0, 0, 0, 0, 0, 8000, 0, 0, 0, 0
