hour,t(sec),kWh,State,kWOut,kWIn,kvarOut,DCkW,kWTotalLosses,kWInvLosses,kWIdlingLosses,kWChDchLosses,"kWh Chng",InvEff,InverterON,Vref,"Vavg (DRC)","VV Oper","VW Oper","DRC Oper","VV_DRC Oper","WP Oper","WV Oper",kWDesired,"kW VW Limit","Limit kWOut Function","kVA Exceeded","Grid voltage",di/dt,it,"it History","Rated VDC","Avg duty cycle","Target (Amps)","Series L","Max. Amps (phase)"
1, 0.00000, 11.6637, 1, 1.64784, 0, 3.09445, 1.64784, 0.0867285, 0, 0, 0.0867285, -6.99825, 1, 1, 9999, 9999, 9999, 9999, 9999, 9999, 9999, 9999, 1.64771, 9999, 4.6655, 0, 0, 0, 0, 0, 8000, 0, 0, 0, 0
2, 0.00000, 9.92918, 1, 1.9751, 0, 3.09468, 1.9751, 0.103952, 0, 0, 0.103952, -1.73457, 1, 1, 9999, 9999, 9999, 9999, 9999, 9999, 9999, 9999, 1.97509, 9999, 4.6655, 0, 0, 0, 0, 0, 8000, 0, 0, 0, 0
3, 0.00000, 7.85013, 1, 2.13912, 0, 3.09473, 2.13912, 0.112585, 0, 0, 0.112585, -2.07905, 1, 1, 9999, 9999, 9999, 9999, 9999, 9999, 9999, 9999, 2.13913, 9999, 4.6655, 0, 0, 0, 0, 0, 8000, 0, 0, 0, 0
