hour,t(sec),kWh,State,kWOut,kWIn,kvarOut,DCkW,kWTotalLosses,kWInvLosses,kWIdlingLosses,kWChDchLosses,"kWh Chng",InvEff,InverterON,Vref,"Vavg (DRC)","VV Oper","VW Oper","DRC Oper","VV_DRC Oper","WP Oper","WV Oper",kWDesired,"kW VW Limit","Limit kWOut Function","kVA Exceeded","Grid voltage",di/dt,it,"it History","Rated VDC","Avg duty cycle","Target (Amps)","Series L","Max. Amps (phase)"
1, 0.00000, 5.83362, -1, 0, 0.000106785, 1.54772, -0.000106785, 5.33924E-6, 0, 0, 5.33924E-6, -3.50017, 1, 1, 9999, 9999, 9999, 9999, 9999, 9999, 9999, 9999, -3.14532E-18, 9999, 2.3335, 0, 0, 0, 0, 0, 8000, 0, 0, 0, 0
2, 0.00000, 5.83373, 1, 0.743619, 0, 1.54779, 0.743619, 0.0391378, 0, 0, 0.0391378, 0.000101446, 1, 1, 9999, 9999, 9999, 9999, 9999, 9999, 9999, 9999, 0.743616, 9999, 2.3335, 0, 0, 0, 0, 0, 8000, 0, 0, 0, 0
3, 0.00000, 5.05097, 1, 2.13826, 0, 1.54782, 2.13826, 0.11254, 0, 0, 0.11254, -0.782757, 1, 1, 9999, 9999, 9999, 9999, 9999, 9999, 9999, 9999, 2.13826, 9999, 2.3335, 0, 0, 0, 0, 0, 8000, 0, 0, 0, 0
