hour,t(sec),kWh,State,kWOut,kWIn,kvarOut,DCkW,kWTotalLosses,kWInvLosses,kWIdlingLosses,kWChDchLosses,"kWh Chng",InvEff,InverterON,Vref,"Vavg (DRC)","VV Oper","VW Oper","DRC Oper","VV_DRC Oper","WP Oper","WV Oper",kWDesired,"kW VW Limit","Limit kWOut Function","kVA Exceeded","Grid voltage",di/dt,it,"it History","Rated VDC","Avg duty cycle","Target (Amps)","Series L","Max. Amps (phase)"
1, 0.00000, 11.6637, 1, 1.2523, 0, 3.09433, 1.2523, 0.0659106, 0, 0, 0.0659106, -6.99825, 1, 1, 9999, 9999, 9999, 9999, 9999, 9999, 9999, 9999, 1.25194, 9999, 4.6655, 0, 0, 0, 0, 0, 8000, 0, 0, 0, 0
2, 0.00000, 10.3455, 1, 1.95023, 0, 3.09468, 1.95023, 0.102644, 0, 0, 0.102644, -1.31821, 1, 1, 9999, 9999, 9999, 9999, 9999, 9999, 9999, 9999, 1.95023, 9999, 4.6655, 0, 0, 0, 0, 0, 8000, 0, 0, 0, 0
3, 0.00000, 8.29266, 1, 2.5597, 0, 3.09475, 2.5597, 0.134721, 0, 0, 0.134721, -2.05288, 1, 1, 9999, 9999, 9999, 9999, 9999, 9999, 9999, 9999, 2.55973, 9999, 4.6655, 0, 0, 0, 0, 0, 8000, 0, 0, 0, 0
