hour,t(sec),kWh,State,kWOut,kWIn,kvarOut,DCkW,kWTotalLosses,kWInvLosses,kWIdlingLosses,kWChDchLosses,"kWh Chng",InvEff,InverterON,Vref,"Vavg (DRC)","VV Oper","VW Oper","DRC Oper","VV_DRC Oper","WP Oper","WV Oper",kWDesired,"kW VW Limit","Limit kWOut Function","kVA Exceeded","Grid voltage",di/dt,it,"it History","Rated VDC","Avg duty cycle","Target (Amps)","Series L","Max. Amps (phase)"
1, 0.00000, 11.6637, 1, 1.51821, 0, -1.60632, 1.51821, 0.079906, 0, 0, 0.079906, -6.99825, 1, 1, 9999, 9999, 9999, 9999, 9999, 9999, 9999, 9999, 1.51853, 9999, 4.6655, 0, 0, 0, 0, 0, 8000, 0, 0, 0, 0
2, 0.00000, 10.0656, 1, 1.95148, 0, -0.229198, 1.95148, 0.102709, 0, 0, 0.102709, -1.59812, 1, 1, 9999, 9999, 9999, 9999, 9999, 9999, 9999, 9999, 1.95149, 9999, 4.6655, 0, 0, 0, 0, 0, 8000, 0, 0, 0, 0
3, 0.00000, 8.01144, 1, 2.29188, 0, 1.01304, 2.29188, 0.120625, 0, 0, 0.120625, -2.05419, 1, 1, 9999, 9999, 9999, 9999, 9999, 9999, 9999, 9999, 2.29188, 9999, 4.6655, 0, 0, 0, 0, 0, 8000, 0, 0, 0, 0
