hour,t(sec),kWh,State,kWOut,kWIn,kvarOut,DCkW,kWTotalLosses,kWInvLosses,kWIdlingLosses,kWChDchLosses,"kWh Chng",InvEff,InverterON,Vref,"Vavg (DRC)","VV Oper","VW Oper","DRC Oper","VV_DRC Oper","WP Oper","WV Oper",kWDesired,"kW VW Limit","Limit kWOut Function","kVA Exceeded","Grid voltage",di/dt,it,"it History","Rated VDC","Avg duty cycle","Target (Amps)","Series L","Max. Amps (phase)"
1, 0.00000, 5.83362, 1, 0.849692, 0, 1.54764, 0.849692, 0.0447206, 0, 0, 0.0447206, -3.50017, 1, 1, 9999, 9999, 9999, 9999, 9999, 9999, 9999, 9999, 0.849581, 9999, 2.3335, 0, 0, 0, 0, 0, 8000, 0, 0, 0, 0
2, 0.00000, 4.93921, 1, 0.9825, 0, 1.54779, 0.9825, 0.0517105, 0, 0, 0.0517105, -0.894413, 1, 1, 9999, 9999, 9999, 9999, 9999, 9999, 9999, 9999, 0.982497, 9999, 2.3335, 0, 0, 0, 0, 0, 8000, 0, 0, 0, 0
3, 0.00000, 3.905, 1, 1.04981, 0, 1.54782, 1.04981, 0.0552531, 0, 0, 0.0552531, -1.03421, 1, 1, 9999, 9999, 9999, 9999, 9999, 9999, 9999, 9999, 1.04982, 9999, 2.3335, 0, 0, 0, 0, 0, 8000, 0, 0, 0, 0
