hour,t(sec),kWh,State,kWOut,kWIn,kvarOut,DCkW,kWTotalLosses,kWInvLosses,kWIdlingLosses,kWChDchLosses,"kWh Chng",InvEff,InverterON,Vref,"Vavg (DRC)","VV Oper","VW Oper","DRC Oper","VV_DRC Oper","WP Oper","WV Oper",kWDesired,"kW VW Limit","Limit kWOut Function","kVA Exceeded","Grid voltage",di/dt,it,"it History","Rated VDC","Avg duty cycle","Target (Amps)","Series L","Max. Amps (phase)"
1, 0.00000, 40.8363, 1, 5.28501, 0, 10.8337, 5.28501, 0.278159, 0, 0, 0.278159, -24.5018, 1, 1, 9999, 9999, 9999, 9999, 9999, 9999, 9999, 9999, 5.28405, 9999, 16.3345, 0, 0, 0, 0, 0, 8000, 0, 0, 0, 0
2, 0.00000, 35.2731, 1, 6.40315, 0, 10.835, 6.40315, 0.337008, 0, 0, 0.337008, -5.56317, 1, 1, 9999, 9999, 9999, 9999, 9999, 9999, 9999, 9999, 6.40312, 9999, 16.3345, 0, 0, 0, 0, 0, 8000, 0, 0, 0, 0
3, 0.00000, 28.5329, 1, 7.4099, 0, 10.8353, 7.4099, 0.389995, 0, 0, 0.389995, -6.74016, 1, 1, 9999, 9999, 9999, 9999, 9999, 9999, 9999, 9999, 7.40998, 9999, 16.3345, 0, 0, 0, 0, 0, 8000, 0, 0, 0, 0
