hour,t(sec),kWh,State,kWOut,kWIn,kvarOut,DCkW,kWTotalLosses,kWInvLosses,kWIdlingLosses,kWChDchLosses,"kWh Chng",InvEff,InverterON,Vref,"Vavg (DRC)","VV Oper","VW Oper","DRC Oper","VV_DRC Oper","WP Oper","WV Oper",kWDesired,"kW VW Limit","Limit kWOut Function","kVA Exceeded","Grid voltage",di/dt,it,"it History","Rated VDC","Avg duty cycle","Target (Amps)","Series L","Max. Amps (phase)"
1, 0.00000, 11.6637, 1, 2.02365, 0, 2.11859, 2.02365, 0.106508, 0, 0, 0.106508, -6.99825, 1, 1, 9999, 9999, 9999, 9999, 9999, 9999, 9999, 9999, 2.02347, 9999, 4.6655, 0, 0, 0, 0, 0, 8000, 0, 0, 0, 0
2, 0.00000, 9.5336, 1, 1.93339, 0, 2.48248, 1.93339, 0.101757, 0, 0, 0.101757, -2.13016, 1, 1, 9999, 9999, 9999, 9999, 9999, 9999, 9999, 9999, 1.93338, 9999, 4.6655, 0, 0, 0, 0, 0, 8000, 0, 0, 0, 0
3, 0.00000, 7.49845, 1, 1.80506, 0, 2.80564, 1.80506, 0.0950029, 0, 0, 0.0950029, -2.03515, 1, 1, 9999, 9999, 9999, 9999, 9999, 9999, 9999, 9999, 1.80508, 9999, 4.6655, 0, 0, 0, 0, 0, 8000, 0, 0, 0, 0
