hour,t(sec),kWh,State,kWOut,kWIn,kvarOut,DCkW,kWTotalLosses,kWInvLosses,kWIdlingLosses,kWChDchLosses,"kWh Chng",InvEff,InverterON,Vref,"Vavg (DRC)","VV Oper","VW Oper","DRC Oper","VV_DRC Oper","WP Oper","WV Oper",kWDesired,"kW VW Limit","Limit kWOut Function","kVA Exceeded","Grid voltage",di/dt,it,"it History","Rated VDC","Avg duty cycle","Target (Amps)","Series L","Max. Amps (phase)"
1, 0.00000, 11.6637, 1, 1.2902, 0, -3.09479, 1.2902, 0.0679053, 0, 0, 0.0679053, -6.99825, 1, 1, 9999, 9999, 9999, 9999, 9999, 9999, 9999, 9999, 1.29076, 9999, 4.6655, 0, 0, 0, 0, 0, 8000, 0, 0, 0, 0
2, 0.00000, 10.3056, 1, 1.94302, 0, -3.0947, 1.94302, 0.102264, 0, 0, 0.102264, -1.35811, 1, 1, 9999, 9999, 9999, 9999, 9999, 9999, 9999, 9999, 1.94304, 9999, 4.6655, 0, 0, 0, 0, 0, 8000, 0, 0, 0, 0
3, 0.00000, 8.26036, 1, 2.52815, 0, -3.09467, 2.52815, 0.133061, 0, 0, 0.133061, -2.04528, 1, 1, 9999, 9999, 9999, 9999, 9999, 9999, 9999, 9999, 2.52809, 9999, 4.6655, 0, 0, 0, 0, 0, 8000, 0, 0, 0, 0
