hour,t(sec),kWh,State,kWOut,kWIn,kvarOut,DCkW,kWTotalLosses,kWInvLosses,kWIdlingLosses,kWChDchLosses,"kWh Chng",InvEff,InverterON,Vref,"Vavg (DRC)","VV Oper","VW Oper","DRC Oper","VV_DRC Oper","WP Oper","WV Oper",kWDesired,"kW VW Limit","Limit kWOut Function","kVA Exceeded","Grid voltage",di/dt,it,"it History","Rated VDC","Avg duty cycle","Target (Amps)","Series L","Max. Amps (phase)"
1, 0.00000, 5.83362, 1, 0.268701, 0, 1.54776, 0.268701, 0.0141422, 0, 0, 0.0141422, -3.50017, 1, 1, 9999, 9999, 9999, 9999, 9999, 9999, 9999, 9999, 0.268656, 9999, 2.3335, 0, 0, 0, 0, 0, 8000, 0, 0, 0, 0
2, 0.00000, 5.55078, 1, 1.0207, 0, 1.5478, 1.0207, 0.0537209, 0, 0, 0.0537209, -0.282843, 1, 1, 9999, 9999, 9999, 9999, 9999, 9999, 9999, 9999, 1.0207, 9999, 2.3335, 0, 0, 0, 0, 0, 8000, 0, 0, 0, 0
3, 0.00000, 4.47636, 1, 1.59252, 0, 1.54781, 1.59252, 0.0838168, 0, 0, 0.0838168, -1.07442, 1, 1, 9999, 9999, 9999, 9999, 9999, 9999, 9999, 9999, 1.59252, 9999, 2.3335, 0, 0, 0, 0, 0, 8000, 0, 0, 0, 0
