hour,t(sec),kWh,State,kWOut,kWIn,kvarOut,DCkW,kWTotalLosses,kWInvLosses,kWIdlingLosses,kWChDchLosses,"kWh Chng",InvEff,InverterON,Vref,"Vavg (DRC)","VV Oper","VW Oper","DRC Oper","VV_DRC Oper","WP Oper","WV Oper",kWDesired,"kW VW Limit","Limit kWOut Function","kVA Exceeded","Grid voltage",di/dt,it,"it History","Rated VDC","Avg duty cycle","Target (Amps)","Series L","Max. Amps (phase)"
1, 0.00000, 11.6637, 1, 0.687045, 0, 3.09465, 0.687045, 0.0361602, 0, 0, 0.0361602, -6.99825, 1, 1, 9999, 9999, 9999, 9999, 9999, 9999, 9999, 9999, 0.686995, 9999, 4.6655, 0, 0, 0, 0, 0, 8000, 0, 0, 0, 0
2, 0.00000, 10.9405, 1, 0.990814, 0, 3.0947, 0.990814, 0.0521481, 0, 0, 0.0521481, -0.723205, 1, 1, 9999, 9999, 9999, 9999, 9999, 9999, 9999, 9999, 0.990812, 9999, 4.6655, 0, 0, 0, 0, 0, 8000, 0, 0, 0, 0
3, 0.00000, 9.89758, 1, 1.34445, 0, 3.09471, 1.34445, 0.0707607, 0, 0, 0.0707607, -1.04296, 1, 1, 9999, 9999, 9999, 9999, 9999, 9999, 9999, 9999, 1.34446, 9999, 4.6655, 0, 0, 0, 0, 0, 8000, 0, 0, 0, 0
