hour,t(sec),kWh,State,kWOut,kWIn,kvarOut,DCkW,kWTotalLosses,kWInvLosses,kWIdlingLosses,kWChDchLosses,"kWh Chng",InvEff,InverterON,Vref,"Vavg (DRC)","VV Oper","VW Oper","DRC Oper","VV_DRC Oper","WP Oper","WV Oper",kWDesired,"kW VW Limit","Limit kWOut Function","kVA Exceeded","Grid voltage",di/dt,it,"it History","Rated VDC","Avg duty cycle","Target (Amps)","Series L","Max. Amps (phase)"
1, 0.00000, 11.6637, 1, 1.49818, 0, 3.09447, 1.49818, 0.0788514, 0, 0, 0.0788514, -6.99825, 1, 1, 9999, 9999, 9999, 9999, 9999, 9999, 9999, 9999, 1.49805, 9999, 4.6655, 0, 0, 0, 0, 0, 8000, 0, 0, 0, 0
2, 0.00000, 10.0867, 1, 1.95625, 0, 3.09468, 1.95625, 0.10296, 0, 0, 0.10296, -1.57703, 1, 1, 9999, 9999, 9999, 9999, 9999, 9999, 9999, 9999, 1.95624, 9999, 4.6655, 0, 0, 0, 0, 0, 8000, 0, 0, 0, 0
3, 0.00000, 8.02751, 1, 2.30764, 0, 3.09473, 2.30764, 0.121455, 0, 0, 0.121455, -2.05921, 1, 1, 9999, 9999, 9999, 9999, 9999, 9999, 9999, 9999, 2.30765, 9999, 4.6655, 0, 0, 0, 0, 0, 8000, 0, 0, 0, 0
