hour,t(sec),kWh,State,kWOut,kWIn,kvarOut,DCkW,kWTotalLosses,kWInvLosses,kWIdlingLosses,kWChDchLosses,"kWh Chng",InvEff,InverterON,Vref,"Vavg (DRC)","VV Oper","VW Oper","DRC Oper","VV_DRC Oper","WP Oper","WV Oper",kWDesired,"kW VW Limit","Limit kWOut Function","kVA Exceeded","Grid voltage",di/dt,it,"it History","Rated VDC","Avg duty cycle","Target (Amps)","Series L","Max. Amps (phase)"
1, 0.00000, 11.6637, 1, 0.0878282, 0, -3.09457, 0.0878282, 0.00462253, 0, 0, 0.00462253, -6.99825, 1, 1, 9999, 9999, 9999, 9999, 9999, 9999, 9999, 9999, 0.0883039, 9999, 4.6655, 0, 0, 0, 0, 0, 8000, 0, 0, 0, 0
2, 0.00000, 11.5713, 1, 1.98636, 0, -3.0947, 1.98636, 0.104545, 0, 0, 0.104545, -0.0924507, 1, 1, 9999, 9999, 9999, 9999, 9999, 9999, 9999, 9999, 1.98638, 9999, 4.6655, 0, 0, 0, 0, 0, 8000, 0, 0, 0, 0
3, 0.00000, 9.48039, 1, 3.6873, 0, -3.09466, 3.6873, 0.194068, 0, 0, 0.194068, -2.09091, 1, 1, 9999, 9999, 9999, 9999, 9999, 9999, 9999, 9999, 3.68724, 9999, 4.6655, 0, 0, 0, 0, 0, 8000, 0, 0, 0, 0
