hour,t(sec),kWh,State,kWOut,kWIn,kvarOut,DCkW,kWTotalLosses,kWInvLosses,kWIdlingLosses,kWChDchLosses,"kWh Chng",InvEff,InverterON,Vref,"Vavg (DRC)","VV Oper","VW Oper","DRC Oper","VV_DRC Oper","WP Oper","WV Oper",kWDesired,"kW VW Limit","Limit kWOut Function","kVA Exceeded","Grid voltage",di/dt,it,"it History","Rated VDC","Avg duty cycle","Target (Amps)","Series L","Max. Amps (phase)"
1, 0.00000, 11.6637, 1, 2.17262, 0, -3.09492, 2.17262, 0.114348, 0, 0, 0.114348, -6.99825, 1, 1, 9999, 9999, 9999, 9999, 9999, 9999, 9999, 9999, 2.17319, 9999, 4.6655, 0, 0, 0, 0, 0, 8000, 0, 0, 0, 0
2, 0.00000, 9.37678, 1, 1.92776, 0, -3.0947, 1.92776, 0.101461, 0, 0, 0.101461, -2.28697, 1, 1, 9999, 9999, 9999, 9999, 9999, 9999, 9999, 9999, 1.92778, 9999, 4.6655, 0, 0, 0, 0, 0, 8000, 0, 0, 0, 0
3, 0.00000, 7.34756, 1, 1.66097, 0, -3.09469, 1.66097, 0.0874195, 0, 0, 0.0874195, -2.02923, 1, 1, 9999, 9999, 9999, 9999, 9999, 9999, 9999, 9999, 1.66092, 9999, 4.6655, 0, 0, 0, 0, 0, 8000, 0, 0, 0, 0
