hour,t(sec),kWh,State,kWOut,kWIn,kvarOut,DCkW,kWTotalLosses,kWInvLosses,kWIdlingLosses,kWChDchLosses,"kWh Chng",InvEff,InverterON,Vref,"Vavg (DRC)","VV Oper","VW Oper","DRC Oper","VV_DRC Oper","WP Oper","WV Oper",kWDesired,"kW VW Limit","Limit kWOut Function","kVA Exceeded","Grid voltage",di/dt,it,"it History","Rated VDC","Avg duty cycle","Target (Amps)","Series L","Max. Amps (phase)"
1, 0.00000, 5.83362, 1, 0.513636, 0, 1.54769, 0.513636, 0.0270335, 0, 0, 0.0270335, -3.50017, 1, 1, 9999, 9999, 9999, 9999, 9999, 9999, 9999, 9999, 0.513557, 9999, 2.3335, 0, 0, 0, 0, 0, 8000, 0, 0, 0, 0
2, 0.00000, 5.29296, 1, 1.08676, 0, 1.54779, 1.08676, 0.0571978, 0, 0, 0.0571978, -0.540669, 1, 1, 9999, 9999, 9999, 9999, 9999, 9999, 9999, 9999, 1.08676, 9999, 2.3335, 0, 0, 0, 0, 0, 8000, 0, 0, 0, 0
3, 0.00000, 4.149, 1, 1.28155, 0, 1.54782, 1.28155, 0.0674502, 0, 0, 0.0674502, -1.14396, 1, 1, 9999, 9999, 9999, 9999, 9999, 9999, 9999, 9999, 1.28156, 9999, 2.3335, 0, 0, 0, 0, 0, 8000, 0, 0, 0, 0
