hour,t(sec),kWh,State,kWOut,kWIn,kvarOut,DCkW,kWTotalLosses,kWInvLosses,kWIdlingLosses,kWChDchLosses,"kWh Chng",InvEff,InverterON,Vref,"Vavg (DRC)","VV Oper","VW Oper","DRC Oper","VV_DRC Oper","WP Oper","WV Oper",kWDesired,"kW VW Limit","Limit kWOut Function","kVA Exceeded","Grid voltage",di/dt,it,"it History","Rated VDC","Avg duty cycle","Target (Amps)","Series L","Max. Amps (phase)"
1, 0.00000, 11.6637, 1, 2.02405, 0, 3.09448, 2.02405, 0.106529, 0, 0, 0.106529, -6.99825, 1, 1, 9999, 9999, 9999, 9999, 9999, 9999, 9999, 9999, 2.02394, 9999, 4.6655, 0, 0, 0, 0, 0, 8000, 0, 0, 0, 0
2, 0.00000, 9.53317, 1, 1.94468, 0, 3.09469, 1.94468, 0.102351, 0, 0, 0.102351, -2.13058, 1, 1, 9999, 9999, 9999, 9999, 9999, 9999, 9999, 9999, 1.94467, 9999, 4.6655, 0, 0, 0, 0, 0, 8000, 0, 0, 0, 0
3, 0.00000, 7.48615, 1, 1.79327, 0, 3.09472, 1.79327, 0.0943825, 0, 0, 0.0943825, -2.04703, 1, 1, 9999, 9999, 9999, 9999, 9999, 9999, 9999, 9999, 1.79328, 9999, 4.6655, 0, 0, 0, 0, 0, 8000, 0, 0, 0, 0
