hour, t(sec), kWh,State,kWOut,kWIn,kvarOut,DCkW,kWTotalLosses,kWInvLosses,kWIdlingLosses,kWChDchLosses,kWh Chng,InvEff,InverterON,Vref,Vavg (DRC),VV Oper,VW Oper,DRC Oper,VV_DRC Oper,WP Oper,WV Oper,kWDesired,kW VW Limit,Limit kWOut Function,kVA Exceeded,Grid voltage,di/dt,it,it History,Rated VDC,Avg duty cycle,Target (Amps),Series L,Max. Amps (phase),
1, 0.00000, 11.6637, -1, 0, 3.58628, -3.0947, -3.58628, 0.179314, 0, 0, 0.179314, -6.99825, 1, 1, 9999, 9999, 9999, 9999, 9999, 9999, 9999, 9999, -3.58628, 9999, 4.6655, 0, 0, 0, 0, 0, 8000, 0, 0, 0, 0
2, 0.00000, 15.0707, -1, 0, 2.79809, -3.0947, -2.79809, 0.139904, 0, 0, 0.139904, 3.40696, 1, 1, 9999, 9999, 9999, 9999, 9999, 9999, 9999, 9999, -2.79809, 9999, 4.6655, 0, 0, 0, 0, 0, 8000, 0, 0, 0, 0
3, 0.00000, 17.7289, 1, 4.6655, 0, -3.0947, 4.6655, 0.245553, 0, 0, 0.245553, 2.65818, 1, 1, 9999, 9999, 9999, 9999, 9999, 9999, 9999, 9999, 4.6655, 9999, 4.6655, 1, 0, 0, 0, 0, 8000, 0, 0, 0, 0
4, 0.00000, 12.8178, 1, 4.6653, 0, -3.09484, 4.6653, 0.245542, 0, 0, 0.245542, -4.91105, 1, 1, 9999, 9999, 9999, 9999, 9999, 9999, 9999, 9999, 4.6655, 9999, 4.6655, 1, 0, 0, 0, 0, 8000, 0, 0, 0, 0
5, 0.00000, 7.907, -1, 0, 3.95471, -3.0947, -3.95471, 0.197736, 0, 0, 0.197736, -4.91084, 1, 1, 9999, 9999, 9999, 9999, 9999, 9999, 9999, 9999, -3.95471, 9999, 4.6655, 0, 0, 0, 0, 0, 8000, 0, 0, 0, 0
