hour, t(sec), kWh,State,kWOut,kWIn,kvarOut,DCkW,kWTotalLosses,kWInvLosses,kWIdlingLosses,kWChDchLosses,kWh Chng,InvEff,InverterON,Vref,Vavg (DRC),VV Oper,VW Oper,DRC Oper,VV_DRC Oper,WP Oper,WV Oper,kWDesired,kW VW Limit,Limit kWOut Function,kVA Exceeded,Grid voltage,di/dt,it,it History,Rated VDC,Avg duty cycle,Target (Amps),Series L,Max. Amps (phase),
1, 0.00000, 61.25, -1, 0, 18.6472, 16.2515, -18.6472, 0.93236, 0, 0, 0.93236, -36.75, 1, 1, 9999, 9999, 9999, 9999, 9999, 9999, 9999, 9999, -18.6472, 9999, 24.5, 0, 0, 0, 0, 0, 8000, 0, 0, 0, 0
2, 0.00000, 78.9648, -1, 0, 14.8793, 16.2515, -14.8793, 0.743967, 0, 0, 0.743967, 17.7148, 1, 1, 9999, 9999, 9999, 9999, 9999, 9999, 9999, 9999, -14.8793, 9999, 24.5, 0, 0, 0, 0, 0, 8000, 0, 0, 0, 0
3, 0.00000, 93.1002, 1, 24.5, 0, 16.2515, 24.5, 1.28947, 0, 0, 1.28947, 14.1354, 1, 1, 9999, 9999, 9999, 9999, 9999, 9999, 9999, 9999, 24.5, 9999, 24.5, 1, 0, 0, 0, 0, 8000, 0, 0, 0, 0
4, 0.00000, 67.3108, 1, 24.4997, 0, 16.2505, 24.4997, 1.28946, 0, 0, 1.28946, -25.7894, 1, 1, 9999, 9999, 9999, 9999, 9999, 9999, 9999, 9999, 24.5, 9999, 24.5, 1, 0, 0, 0, 0, 8000, 0, 0, 0, 0
5, 0.00000, 41.5216, -1, 0, 20.7674, 16.2515, -20.7674, 1.03837, 0, 0, 1.03837, -25.7892, 1, 1, 9999, 9999, 9999, 9999, 9999, 9999, 9999, 9999, -20.7674, 9999, 24.5, 0, 0, 0, 0, 0, 8000, 0, 0, 0, 0
