hour,t(sec),kWh,State,kWOut,kWIn,kvarOut,DCkW,kWTotalLosses,kWInvLosses,kWIdlingLosses,kWChDchLosses,"kWh Chng",InvEff,InverterON,Vref,"Vavg (DRC)","VV Oper","VW Oper","DRC Oper","VV_DRC Oper","WP Oper","WV Oper",kWDesired,"kW VW Limit","Limit kWOut Function","kVA Exceeded","Grid voltage",di/dt,it,"it History","Rated VDC","Avg duty cycle","Target (Amps)","Series L","Max. Amps (phase)"
1, 0.00000, 11.6637, 1, 3.7623, 0, 2.92516, 3.7623, 0.198016, 0, 0, 0.198016, -6.99825, 1, 1, 9999, 9999, 9999, 9999, 9999, 9999, 9999, 9999, 3.76231, 9999, 4.6655, 0, 0, 0, 0, 0, 8000, 0, 0, 0, 0
2, 0.00000, 7.70344, 1, 1.91766, 0, 3.09471, 1.91766, 0.100929, 0, 0, 0.100929, -3.96031, 1, 1, 9999, 9999, 9999, 9999, 9999, 9999, 9999, 9999, 1.91766, 9999, 4.6655, 0, 0, 0, 0, 0, 8000, 0, 0, 0, 0
3, 0.00000, 5.68485, 1, 0.0816348, 0, 3.09486, 0.0816348, 0.00429657, 0, 0, 0.00429657, -2.01859, 1, 1, 9999, 9999, 9999, 9999, 9999, 9999, 9999, 9999, 0.0819448, 9999, 4.6655, 0, 0, 0, 0, 0, 8000, 0, 0, 0, 0
4, 0.00000, 5.59892, -1, 0, 0.00026351, 3.09484, -0.00026351, 0.0000131755, 0, 0, 0.0000131755, -0.0859313, 1, 1, 9999, 9999, 9999, 9999, 9999, 9999, 9999, 9999, -2.22227E-19, 9999, 4.6655, 0, 0, 0, 0, 0, 8000, 0, 0, 0, 0
5, 0.00000, 5.59917, 1, 0.00010056, 0, 3.09464, 0.00010056, 5.29264E-6, 0, 0, 5.29264E-6, 0.000250334, 1, 1, 9999, 9999, 9999, 9999, 9999, 9999, 9999, 9999, 1.43884E-19, 9999, 4.6655, 0, 0, 0, 0, 0, 8000, 0, 0, 0, 0
