hour,t(sec),kWh,State,kWOut,kWIn,kvarOut,DCkW,kWTotalLosses,kWInvLosses,kWIdlingLosses,kWChDchLosses,"kWh Chng",InvEff,InverterON,Vref,"Vavg (DRC)","VV Oper","VW Oper","DRC Oper","VV_DRC Oper","WP Oper","WV Oper",kWDesired,"kW VW Limit","Limit kWOut Function","kVA Exceeded","Grid voltage",di/dt,it,"it History","Rated VDC","Avg duty cycle","Target (Amps)","Series L","Max. Amps (phase)"
1, 0.00000, 11.6637, 1, 1.22689, 0, 2.50126, 1.22689, 0.0645732, 0, 0, 0.0645732, -6.99825, 1, 1, 9999, 9999, 9999, 9999, 9999, 9999, 9999, 9999, 1.22689, 9999, 4.6655, 0, 0, 0, 0, 0, 8000, 0, 0, 0, 0
2, 0.00000, 10.3723, 1, 0.188536, 0, 2.59141, 0.188536, 0.00992294, 0, 0, 0.00992294, -1.29146, 1, 1, 9999, 9999, 9999, 9999, 9999, 9999, 9999, 9999, 0.188542, 9999, 4.6655, 0, 0, 0, 0, 0, 8000, 0, 0, 0, 0
3, 0.00000, 10.1738, 0, 0, 0.0006445, 2.6247, -0.0006445, 0.0006445, 0, 0.0006445, 0, -0.198459, 1, 1, 9999, 9999, 9999, 9999, 9999, 9999, 9999, 9999, 0, 9999, 4.6655, 0, 0, 0, 0, 0, 8000, 0, 0, 0, 0
4, 0.00000, 10.1738, -1, 0, 0.000375294, 2.65443, -0.000375294, 0.0000187647, 0, 0, 0.0000187647, 0, 1, 1, 9999, 9999, 9999, 9999, 9999, 9999, 9999, 9999, -2.06131E-19, 9999, 4.6655, 0, 0, 0, 0, 0, 8000, 0, 0, 0, 0
5, 0.00000, 10.1742, 1, 0.0001501, 0, 2.60722, 0.0001501, 7.89999E-6, 0, 0, 7.89999E-6, 0.000356529, 1, 1, 9999, 9999, 9999, 9999, 9999, 9999, 9999, 9999, 3.43726E-19, 9999, 4.6655, 0, 0, 0, 0, 0, 8000, 0, 0, 0, 0
