hour,t(sec),kWh,State,kWOut,kWIn,kvarOut,DCkW,kWTotalLosses,kWInvLosses,kWIdlingLosses,kWChDchLosses,"kWh Chng",InvEff,InverterON,Vref,"Vavg (DRC)","VV Oper","VW Oper","DRC Oper","VV_DRC Oper","WP Oper","WV Oper",kWDesired,"kW VW Limit","Limit kWOut Function","kVA Exceeded","Grid voltage",di/dt,it,"it History","Rated VDC","Avg duty cycle","Target (Amps)","Series L","Max. Amps (phase)"
1, 0.00000, 5.83362, 1, 1.06408, 0, 1.5478, 1.06408, 0.056004, 0, 0, 0.056004, -3.50017, 1, 1, 9999, 9999, 9999, 9999, 9999, 9999, 9999, 9999, 1.06408, 9999, 2.3335, 0, 0, 0, 0, 0, 8000, 0, 0, 0, 0
2, 0.00000, 4.71354, 1, 0.501889, 0, 1.5478, 0.501889, 0.0264152, 0, 0, 0.0264152, -1.12008, 1, 1, 9999, 9999, 9999, 9999, 9999, 9999, 9999, 9999, 0.501889, 9999, 2.3335, 0, 0, 0, 0, 0, 8000, 0, 0, 0, 0
3, 0.00000, 4.18524, 1, 0.28154, 0, 1.54783, 0.28154, 0.0148179, 0, 0, 0.0148179, -0.528304, 1, 1, 9999, 9999, 9999, 9999, 9999, 9999, 9999, 9999, 0.281583, 9999, 2.3335, 0, 0, 0, 0, 0, 8000, 0, 0, 0, 0
4, 0.00000, 3.88888, 0, 0, 0.0000344844, 1.54782, -0.0000344844, 0.0000344844, 0, 0.0000344844, 0, -0.296358, 1, 1, 9999, 9999, 9999, 9999, 9999, 9999, 9999, 9999, 0, 9999, 2.3335, 0, 0, 0, 0, 0, 8000, 0, 0, 0, 0
5, 0.00000, 3.88888, -1, 0, 0.0000134653, 1.54779, -0.0000134653, 6.73264E-7, 0, 0, 6.73264E-7, 0, 1, 1, 9999, 9999, 9999, 9999, 9999, 9999, 9999, 9999, -9.90267E-20, 9999, 2.3335, 0, 0, 0, 0, 0, 8000, 0, 0, 0, 0
