hour,t(sec),kWh,State,kWOut,kWIn,kvarOut,DCkW,kWTotalLosses,kWInvLosses,kWIdlingLosses,kWChDchLosses,"kWh Chng",InvEff,InverterON,Vref,"Vavg (DRC)","VV Oper","VW Oper","DRC Oper","VV_DRC Oper","WP Oper","WV Oper",kWDesired,"kW VW Limit","Limit kWOut Function","kVA Exceeded","Grid voltage",di/dt,it,"it History","Rated VDC","Avg duty cycle","Target (Amps)","Series L","Max. Amps (phase)"
1, 0.00000, 5.83362, 1, 0.670814, 0, 1.54779, 0.670814, 0.035306, 0, 0, 0.035306, -3.50017, 1, 1, 9999, 9999, 9999, 9999, 9999, 9999, 9999, 9999, 0.670811, 9999, 2.3335, 0, 0, 0, 0, 0, 8000, 0, 0, 0, 0
2, 0.00000, 5.1275, 1, 3.59083E-6, 0, 1.5478, 3.59083E-6, 1.88991E-7, 0, 0, 1.88991E-7, -0.70612, 1, 1, 9999, 9999, 9999, 9999, 9999, 9999, 9999, 9999, 2.05341E-20, 9999, 2.3335, 0, 0, 0, 0, 0, 8000, 0, 0, 0, 0
3, 0.00000, 5.1275, 1, 0.000162194, 0, 1.54788, 0.000162194, 8.53654E-6, 0, 0, 8.53654E-6, -3.77982E-6, 1, 1, 9999, 9999, 9999, 9999, 9999, 9999, 9999, 9999, 9.62919E-20, 9999, 2.3335, 0, 0, 0, 0, 0, 8000, 0, 0, 0, 0
4, 0.00000, 5.12733, -1, 0, 0.000141589, 1.54787, -0.000141589, 7.07943E-6, 0, 0, 7.07943E-6, -0.000170731, 1, 1, 9999, 9999, 9999, 9999, 9999, 9999, 9999, 9999, -4.31137E-21, 9999, 2.3335, 0, 0, 0, 0, 0, 8000, 0, 0, 0, 0
5, 0.00000, 5.12746, 1, 0.0000521681, 0, 1.54777, 0.0000521681, 2.74569E-6, 0, 0, 2.74569E-6, 0.000134509, 1, 1, 9999, 9999, 9999, 9999, 9999, 9999, 9999, 9999, 1.61863E-19, 9999, 2.3335, 0, 0, 0, 0, 0, 8000, 0, 0, 0, 0
