hour,t(sec),kWh,State,kWOut,kWIn,kvarOut,DCkW,kWTotalLosses,kWInvLosses,kWIdlingLosses,kWChDchLosses,"kWh Chng",InvEff,InverterON,Vref,"Vavg (DRC)","VV Oper","VW Oper","DRC Oper","VV_DRC Oper","WP Oper","WV Oper",kWDesired,"kW VW Limit","Limit kWOut Function","kVA Exceeded","Grid voltage",di/dt,it,"it History","Rated VDC","Avg duty cycle","Target (Amps)","Series L","Max. Amps (phase)"
1, 0.00000, 11.6637, 1, 1.35548, 0, -3.09468, 1.35548, 0.0713409, 0, 0, 0.0713409, -6.99825, 1, 1, 9999, 9999, 9999, 9999, 9999, 9999, 9999, 9999, 1.35551, 9999, 4.6655, 0, 0, 0, 0, 0, 8000, 0, 0, 0, 0
2, 0.00000, 10.2369, 1, 0.306827, 0, -3.09471, 0.306827, 0.0161488, 0, 0, 0.0161488, -1.42682, 1, 1, 9999, 9999, 9999, 9999, 9999, 9999, 9999, 9999, 0.306817, 9999, 4.6655, 0, 0, 0, 0, 0, 8000, 0, 0, 0, 0
3, 0.00000, 9.91395, 1, 0.000815972, 0, -3.09477, 0.000815972, 0.0000429459, 0, 0, 0.0000429459, -0.322976, 1, 1, 9999, 9999, 9999, 9999, 9999, 9999, 9999, 9999, 4.798E-20, 9999, 4.6655, 0, 0, 0, 0, 0, 8000, 0, 0, 0, 0
4, 0.00000, 9.9131, 0, 0, 0.00045181, -3.09478, -0.00045181, 0.00045181, 0, 0.00045181, 0, -0.000858918, 1, 1, 9999, 9999, 9999, 9999, 9999, 9999, 9999, 9999, 0, 9999, 4.6655, 0, 0, 0, 0, 0, 8000, 0, 0, 0, 0
5, 0.00000, 9.9131, -1, 0, 0.000194287, -3.09464, -0.000194287, 9.71437E-6, 0, 0, 9.71437E-6, 0, 1, 1, 9999, 9999, 9999, 9999, 9999, 9999, 9999, 9999, -6.74771E-19, 9999, 4.6655, 0, 0, 0, 0, 0, 8000, 0, 0, 0, 0
