hour,t(sec),kWh,State,kWOut,kWIn,kvarOut,DCkW,kWTotalLosses,kWInvLosses,kWIdlingLosses,kWChDchLosses,"kWh Chng",InvEff,InverterON,Vref,"Vavg (DRC)","VV Oper","VW Oper","DRC Oper","VV_DRC Oper","WP Oper","WV Oper",kWDesired,"kW VW Limit","Limit kWOut Function","kVA Exceeded","Grid voltage",di/dt,it,"it History","Rated VDC","Avg duty cycle","Target (Amps)","Series L","Max. Amps (phase)"
1, 0.00000, 5.83362, 1, 0.83059, 0, -1.54779, 0.83059, 0.0437153, 0, 0, 0.0437153, -3.50017, 1, 1, 9999, 9999, 9999, 9999, 9999, 9999, 9999, 9999, 0.830609, 9999, 2.3335, 0, 0, 0, 0, 0, 8000, 0, 0, 0, 0
2, 0.00000, 4.95932, -1, 0, 4.07485E-6, -1.54781, -4.07485E-6, 2.03743E-7, 0, 0, 2.03743E-7, -0.874306, 1, 1, 9999, 9999, 9999, 9999, 9999, 9999, 9999, 9999, -4.32281E-19, 9999, 2.3335, 0, 0, 0, 0, 0, 8000, 0, 0, 0, 0
3, 0.00000, 4.95932, 1, 0.00036, 0, -1.5479, 0.00036, 0.0000189474, 0, 0, 0.0000189474, 3.87111E-6, 1, 1, 9999, 9999, 9999, 9999, 9999, 9999, 9999, 9999, 6.97296E-19, 9999, 2.3335, 0, 0, 0, 0, 0, 8000, 0, 0, 0, 0
4, 0.00000, 4.95894, -1, 0, 0.000205574, -1.54787, -0.000205574, 0.0000102787, 0, 0, 0.0000102787, -0.000378947, 1, 1, 9999, 9999, 9999, 9999, 9999, 9999, 9999, 9999, -6.22858E-20, 9999, 2.3335, 0, 0, 0, 0, 0, 8000, 0, 0, 0, 0
5, 0.00000, 4.95914, 1, 0.0000863367, 0, -1.54776, 0.0000863367, 4.54404E-6, 0, 0, 4.54404E-6, 0.000195296, 1, 1, 9999, 9999, 9999, 9999, 9999, 9999, 9999, 9999, 2.7841E-18, 9999, 2.3335, 0, 0, 0, 0, 0, 8000, 0, 0, 0, 0
