hour,t(sec),kWh,State,kWOut,kWIn,kvarOut,DCkW,kWTotalLosses,kWInvLosses,kWIdlingLosses,kWChDchLosses,"kWh Chng",InvEff,InverterON,Vref,"Vavg (DRC)","VV Oper","VW Oper","DRC Oper","VV_DRC Oper","WP Oper","WV Oper",kWDesired,"kW VW Limit","Limit kWOut Function","kVA Exceeded","Grid voltage",di/dt,it,"it History","Rated VDC","Avg duty cycle","Target (Amps)","Series L","Max. Amps (phase)"
1, 0.00000, 11.6637, 1, 2.80947, 0, -3.09469, 2.80947, 0.147867, 0, 0, 0.147867, -6.99825, 1, 1, 9999, 9999, 9999, 9999, 9999, 9999, 9999, 9999, 2.80952, 9999, 4.6655, 0, 0, 0, 0, 0, 8000, 0, 0, 0, 0
2, 0.00000, 8.70641, 1, 1.76343, 0, -2.93951, 1.76343, 0.0928122, 0, 0, 0.0928122, -2.95734, 1, 1, 9999, 9999, 9999, 9999, 9999, 9999, 9999, 9999, 1.76342, 9999, 4.6655, 0, 0, 0, 0, 0, 8000, 0, 0, 0, 0
3, 0.00000, 6.85017, 1, 0.7511, 0, -2.70044, 0.7511, 0.0395316, 0, 0, 0.0395316, -1.85624, 1, 1, 9999, 9999, 9999, 9999, 9999, 9999, 9999, 9999, 0.750492, 9999, 4.6655, 0, 0, 0, 0, 0, 8000, 0, 0, 0, 0
4, 0.00000, 6.05954, 1, 0.00030477, 0, -2.40682, 0.00030477, 0.0000160405, 0, 0, 0.0000160405, -0.790632, 1, 1, 9999, 9999, 9999, 9999, 9999, 9999, 9999, 9999, 5.33593E-20, 9999, 4.6655, 0, 0, 0, 0, 0, 8000, 0, 0, 0, 0
5, 0.00000, 6.05922, 0, 0, 0.000150072, -2.87961, -0.000150072, 0.000150072, 0, 0.000150072, 0, -0.000320811, 1, 1, 9999, 9999, 9999, 9999, 9999, 9999, 9999, 9999, 0, 9999, 4.6655, 0, 0, 0, 0, 0, 8000, 0, 0, 0, 0
