hour,t(sec),kWh,State,kWOut,kWIn,kvarOut,DCkW,kWTotalLosses,kWInvLosses,kWIdlingLosses,kWChDchLosses,"kWh Chng",InvEff,InverterON,Vref,"Vavg (DRC)","VV Oper","VW Oper","DRC Oper","VV_DRC Oper","WP Oper","WV Oper",kWDesired,"kW VW Limit","Limit kWOut Function","kVA Exceeded","Grid voltage",di/dt,it,"it History","Rated VDC","Avg duty cycle","Target (Amps)","Series L","Max. Amps (phase)"
1, 0.00000, 21.875, 1, 3.60211, 0, 5.33232, 3.60211, 0.189585, 0, 0, 0.189585, -13.125, 1, 1, 9999, 9999, 9999, 9999, 9999, 9999, 9999, 9999, 3.60211, 9999, 8.75, 0, 0, 0, 0, 0, 8000, 0, 0, 0, 0
2, 0.00000, 18.0833, 1, 1.64263, 0, 5.73622, 1.64263, 0.0864542, 0, 0, 0.0864542, -3.79169, 1, 1, 9999, 9999, 9999, 9999, 9999, 9999, 9999, 9999, 1.64264, 9999, 8.75, 0, 0, 0, 0, 0, 8000, 0, 0, 0, 0
3, 0.00000, 16.3542, 1, 1.03834, 0, 5.80482, 1.03834, 0.0546494, 0, 0, 0.0546494, -1.72908, 1, 1, 9999, 9999, 9999, 9999, 9999, 9999, 9999, 9999, 1.03941, 9999, 8.75, 0, 0, 0, 0, 0, 8000, 0, 0, 0, 0
4, 0.00000, 15.2612, -1, 0, 0.000770934, 5.80447, -0.000770934, 0.0000385467, 0, 0, 0.0000385467, -1.09299, 1, 1, 9999, 9999, 9999, 9999, 9999, 9999, 9999, 9999, -3.95194E-19, 9999, 8.75, 0, 0, 0, 0, 0, 8000, 0, 0, 0, 0
5, 0.00000, 15.262, -1, 0, 0.000310056, 5.80389, -0.000310056, 0.0000155028, 0, 0, 0.0000155028, 0.000732387, 1, 1, 9999, 9999, 9999, 9999, 9999, 9999, 9999, 9999, -4.95828E-19, 9999, 8.75, 0, 0, 0, 0, 0, 8000, 0, 0, 0, 0
