hour,t(sec),kWh,State,kWOut,kWIn,kvarOut,DCkW,kWTotalLosses,kWInvLosses,kWIdlingLosses,kWChDchLosses,"kWh Chng",InvEff,InverterON,Vref,"Vavg (DRC)","VV Oper","VW Oper","DRC Oper","VV_DRC Oper","WP Oper","WV Oper",kWDesired,"kW VW Limit","Limit kWOut Function","kVA Exceeded","Grid voltage",di/dt,it,"it History","Rated VDC","Avg duty cycle","Target (Amps)","Series L","Max. Amps (phase)"
1, 0.00000, 5.83362, 1, 2.03374, 0, 1.54779, 2.03374, 0.107039, 0, 0, 0.107039, -3.50017, 1, 1, 9999, 9999, 9999, 9999, 9999, 9999, 9999, 9999, 2.03374, 9999, 2.3335, 0, 0, 0, 0, 0, 8000, 0, 0, 0, 0
2, 0.00000, 3.69285, 1, 0.848133, 0, 1.5478, 0.848133, 0.0446386, 0, 0, 0.0446386, -2.14077, 1, 1, 9999, 9999, 9999, 9999, 9999, 9999, 9999, 9999, 0.848134, 9999, 2.3335, 0, 0, 0, 0, 0, 8000, 0, 0, 0, 0
3, 0.00000, 2.80014, 0, 0, 0.0000822828, 1.54783, -0.0000822828, 0.0000822828, 0, 0.0000822828, 0, -0.892711, 1, 1, 9999, 9999, 9999, 9999, 9999, 9999, 9999, 9999, 1.26546E-16, 9999, 2.3335, 0, 0, 0, 0, 0, 8000, 0, 0, 0, 0
4, 0.00000, 2.80014, 0, 0, 0.0000598709, 1.54783, -0.0000598709, 0.0000598709, 0, 0.0000598709, 0, 0, 1, 1, 9999, 9999, 9999, 9999, 9999, 9999, 9999, 9999, 3.65123E-19, 9999, 2.3335, 0, 0, 0, 0, 0, 8000, 0, 0, 0, 0
5, 0.00000, 2.80014, 0, 0, 0.000023443, 1.54779, -0.000023443, 0.000023443, 0, 0.000023443, 0, 0, 1, 1, 9999, 9999, 9999, 9999, 9999, 9999, 9999, 9999, 2.26844E-17, 9999, 2.3335, 0, 0, 0, 0, 0, 8000, 0, 0, 0, 0
