hour,t(sec),kWh,State,kWOut,kWIn,kvarOut,DCkW,kWTotalLosses,kWInvLosses,kWIdlingLosses,kWChDchLosses,"kWh Chng",InvEff,InverterON,Vref,"Vavg (DRC)","VV Oper","VW Oper","DRC Oper","VV_DRC Oper","WP Oper","WV Oper",kWDesired,"kW VW Limit","Limit kWOut Function","kVA Exceeded","Grid voltage",di/dt,it,"it History","Rated VDC","Avg duty cycle","Target (Amps)","Series L","Max. Amps (phase)"
1, 0.00000, 5.83362, 1, 0.859827, 0, 1.54778, 0.859827, 0.045254, 0, 0, 0.045254, -3.50017, 1, 1, 9999, 9999, 9999, 9999, 9999, 9999, 9999, 9999, 0.859825, 9999, 2.3335, 0, 0, 0, 0, 0, 8000, 0, 0, 0, 0
2, 0.00000, 4.92854, 1, 3.77533E-6, 0, 1.5478, 3.77533E-6, 1.98701E-7, 0, 0, 1.98701E-7, -0.905081, 1, 1, 9999, 9999, 9999, 9999, 9999, 9999, 9999, 9999, 1.22497E-19, 9999, 2.3335, 0, 0, 0, 0, 0, 8000, 0, 0, 0, 0
3, 0.00000, 4.92854, 1, 0.000164665, 0, 1.54788, 0.000164665, 8.66659E-6, 0, 0, 8.66659E-6, -3.97403E-6, 1, 1, 9999, 9999, 9999, 9999, 9999, 9999, 9999, 9999, 7.95397E-20, 9999, 2.3335, 0, 0, 0, 0, 0, 8000, 0, 0, 0, 0
4, 0.00000, 4.92837, 1, 0.000145528, 0, 1.54788, 0.000145528, 7.65936E-6, 0, 0, 7.65936E-6, -0.000173332, 1, 1, 9999, 9999, 9999, 9999, 9999, 9999, 9999, 9999, 1.24348E-19, 9999, 2.3335, 0, 0, 0, 0, 0, 8000, 0, 0, 0, 0
5, 0.00000, 4.92821, 1, 0.0000535364, 0, 1.54777, 0.0000535364, 2.81771E-6, 0, 0, 2.81771E-6, -0.000153187, 1, 1, 9999, 9999, 9999, 9999, 9999, 9999, 9999, 9999, 5.87762E-36, 9999, 2.3335, 0, 0, 0, 0, 0, 8000, 0, 0, 0, 0
