hour,t(sec),kWh,State,kWOut,kWIn,kvarOut,DCkW,kWTotalLosses,kWInvLosses,kWIdlingLosses,kWChDchLosses,"kWh Chng",InvEff,InverterON,Vref,"Vavg (DRC)","VV Oper","VW Oper","DRC Oper","VV_DRC Oper","WP Oper","WV Oper",kWDesired,"kW VW Limit","Limit kWOut Function","kVA Exceeded","Grid voltage",di/dt,it,"it History","Rated VDC","Avg duty cycle","Target (Amps)","Series L","Max. Amps (phase)"
1, 0.00000, 11.6637, 1, 0.950059, 0, -1.98619, 0.950059, 0.0500031, 0, 0, 0.0500031, -6.99825, 1, 1, 9999, 9999, 9999, 9999, 9999, 9999, 9999, 9999, 0.950082, 9999, 4.6655, 0, 0, 0, 0, 0, 8000, 0, 0, 0, 0
2, 0.00000, 10.6637, 1, 4.20982E-6, 0, -1.54961, 4.20982E-6, 2.2157E-7, 0, 0, 2.2157E-7, -1.00006, 1, 1, 9999, 9999, 9999, 9999, 9999, 9999, 9999, 9999, 1.9653E-19, 9999, 4.6655, 0, 0, 0, 0, 0, 8000, 0, 0, 0, 0
3, 0.00000, 10.6637, -1, 0, 0.00033243, -1.39099, -0.00033243, 0.0000166215, 0, 0, 0.0000166215, -4.43139E-6, 1, 1, 9999, 9999, 9999, 9999, 9999, 9999, 9999, 9999, -7.03744E-19, 9999, 4.6655, 0, 0, 0, 0, 0, 8000, 0, 0, 0, 0
4, 0.00000, 10.664, 1, 0.00017111, 0, -1.26606, 0.00017111, 9.00577E-6, 0, 0, 9.00577E-6, 0.000315809, 1, 1, 9999, 9999, 9999, 9999, 9999, 9999, 9999, 9999, 2.67566E-19, 9999, 4.6655, 0, 0, 0, 0, 0, 8000, 0, 0, 0, 0
5, 0.00000, 10.6638, 1, 0.0000847311, 0, -1.48526, 0.0000847311, 4.45953E-6, 0, 0, 4.45953E-6, -0.000180115, 1, 1, 9999, 9999, 9999, 9999, 9999, 9999, 9999, 9999, 1.22642E-18, 9999, 4.6655, 0, 0, 0, 0, 0, 8000, 0, 0, 0, 0
