hour,t(sec),kWh,State,kWOut,kWIn,kvarOut,DCkW,kWTotalLosses,kWInvLosses,kWIdlingLosses,kWChDchLosses,"kWh Chng",InvEff,InverterON,Vref,"Vavg (DRC)","VV Oper","VW Oper","DRC Oper","VV_DRC Oper","WP Oper","WV Oper",kWDesired,"kW VW Limit","Limit kWOut Function","kVA Exceeded","Grid voltage",di/dt,it,"it History","Rated VDC","Avg duty cycle","Target (Amps)","Series L","Max. Amps (phase)"
1, 0.00000, 5.83362, 1, 1.13887, 0, -1.54779, 1.13887, 0.0599403, 0, 0, 0.0599403, -3.50017, 1, 1, 9999, 9999, 9999, 9999, 9999, 9999, 9999, 9999, 1.13889, 9999, 2.3335, 0, 0, 0, 0, 0, 8000, 0, 0, 0, 0
2, 0.00000, 4.63482, 1, 0.631008, 0, -1.5478, 0.631008, 0.033211, 0, 0, 0.033211, -1.19881, 1, 1, 9999, 9999, 9999, 9999, 9999, 9999, 9999, 9999, 0.631002, 9999, 2.3335, 0, 0, 0, 0, 0, 8000, 0, 0, 0, 0
3, 0.00000, 3.9706, 0, 0, 0.000407047, -1.54784, -0.000407047, 0.000407047, 0, 0.000407047, 0, -0.664219, 1, 1, 9999, 9999, 9999, 9999, 9999, 9999, 9999, 9999, 0, 9999, 2.3335, 0, 0, 0, 0, 0, 8000, 0, 0, 0, 0
4, 0.00000, 3.9706, -1, 0, 0.000225565, -1.54784, -0.000225565, 0.0000112782, 0, 0, 0.0000112782, 0, 1, 1, 9999, 9999, 9999, 9999, 9999, 9999, 9999, 9999, -5.89395E-19, 9999, 2.3335, 0, 0, 0, 0, 0, 8000, 0, 0, 0, 0
5, 0.00000, 3.97081, 1, 0.0000970613, 0, -1.54777, 0.0000970613, 5.10849E-6, 0, 0, 5.10849E-6, 0.000214286, 1, 1, 9999, 9999, 9999, 9999, 9999, 9999, 9999, 9999, 4.14686E-19, 9999, 2.3335, 0, 0, 0, 0, 0, 8000, 0, 0, 0, 0
