hour,t(sec),kWh,State,kWOut,kWIn,kvarOut,DCkW,kWTotalLosses,kWInvLosses,kWIdlingLosses,kWChDchLosses,"kWh Chng",InvEff,InverterON,Vref,"Vavg (DRC)","VV Oper","VW Oper","DRC Oper","VV_DRC Oper","WP Oper","WV Oper",kWDesired,"kW VW Limit","Limit kWOut Function","kVA Exceeded","Grid voltage",di/dt,it,"it History","Rated VDC","Avg duty cycle","Target (Amps)","Series L","Max. Amps (phase)"
1, 0.00000, 11.6637, 1, 2.78324, 0, 2.52327, 2.78324, 0.146487, 0, 0, 0.146487, -6.99825, 1, 1, 9999, 9999, 9999, 9999, 9999, 9999, 9999, 9999, 2.78325, 9999, 4.6655, 0, 0, 0, 0, 0, 8000, 0, 0, 0, 0
2, 0.00000, 8.73402, 1, 1.69759, 0, 2.65521, 1.69759, 0.0893467, 0, 0, 0.0893467, -2.92973, 1, 1, 9999, 9999, 9999, 9999, 9999, 9999, 9999, 9999, 1.69759, 9999, 4.6655, 0, 0, 0, 0, 0, 8000, 0, 0, 0, 0
3, 0.00000, 6.94708, 1, 1.28084, 0, 2.71187, 1.28084, 0.0674127, 0, 0, 0.0674127, -1.78693, 1, 1, 9999, 9999, 9999, 9999, 9999, 9999, 9999, 9999, 1.28105, 9999, 4.6655, 0, 0, 0, 0, 0, 8000, 0, 0, 0, 0
4, 0.00000, 5.59883, 1, 0.000237931, 0, 2.78703, 0.000237931, 0.0000125227, 0, 0, 0.0000125227, -1.34825, 1, 1, 9999, 9999, 9999, 9999, 9999, 9999, 9999, 9999, 5.20996E-19, 9999, 4.6655, 0, 0, 0, 0, 0, 8000, 0, 0, 0, 0
5, 0.00000, 5.5986, 0, 0, 0.0000881271, 2.67855, -0.0000881271, 0.0000881271, 0, 0.0000881271, 0, -0.000230742, 1, 1, 9999, 9999, 9999, 9999, 9999, 9999, 9999, 9999, 2.49856E-18, 9999, 4.6655, 0, 0, 0, 0, 0, 8000, 0, 0, 0, 0
