hour,t(sec),kWh,State,kWOut,kWIn,kvarOut,DCkW,kWTotalLosses,kWInvLosses,kWIdlingLosses,kWChDchLosses,"kWh Chng",InvEff,InverterON,Vref,"Vavg (DRC)","VV Oper","VW Oper","DRC Oper","VV_DRC Oper","WP Oper","WV Oper",kWDesired,"kW VW Limit","Limit kWOut Function","kVA Exceeded","Grid voltage",di/dt,it,"it History","Rated VDC","Avg duty cycle","Target (Amps)","Series L","Max. Amps (phase)"
1, 0.00000, 5.83362, 1, 1.35989, 0, 1.26139, 1.35989, 0.0715733, 0, 0, 0.0715733, -3.50017, 1, 1, 9999, 9999, 9999, 9999, 9999, 9999, 9999, 9999, 1.35989, 9999, 2.3335, 0, 0, 0, 0, 0, 8000, 0, 0, 0, 0
2, 0.00000, 4.40216, 1, 0.84328, 0, 1.4134, 0.84328, 0.0443831, 0, 0, 0.0443831, -1.43147, 1, 1, 9999, 9999, 9999, 9999, 9999, 9999, 9999, 9999, 0.84328, 9999, 2.3335, 0, 0, 0, 0, 0, 8000, 0, 0, 0, 0
3, 0.00000, 3.5145, 1, 0.678594, 0, 1.47479, 0.678594, 0.0357155, 0, 0, 0.0357155, -0.887663, 1, 1, 9999, 9999, 9999, 9999, 9999, 9999, 9999, 9999, 0.678675, 9999, 2.3335, 0, 0, 0, 0, 0, 8000, 0, 0, 0, 0
4, 0.00000, 2.80019, -1, 0, 0.0000771782, 1.53304, -0.0000771782, 3.85891E-6, 0, 0, 3.85891E-6, -0.71431, 1, 1, 9999, 9999, 9999, 9999, 9999, 9999, 9999, 9999, -3.95552E-19, 9999, 2.3335, 0, 0, 0, 0, 0, 8000, 0, 0, 0, 0
5, 0.00000, 2.80026, -1, 0, 0.0000278496, 1.41658, -0.0000278496, 1.39248E-6, 0, 0, 1.39248E-6, 0.0000733193, 1, 1, 9999, 9999, 9999, 9999, 9999, 9999, 9999, 9999, -1.10503E-18, 9999, 2.3335, 0, 0, 0, 0, 0, 8000, 0, 0, 0, 0
