hour,t(sec),kWh,State,kWOut,kWIn,kvarOut,DCkW,kWTotalLosses,kWInvLosses,kWIdlingLosses,kWChDchLosses,"kWh Chng",InvEff,InverterON,Vref,"Vavg (DRC)","VV Oper","VW Oper","DRC Oper","VV_DRC Oper","WP Oper","WV Oper",kWDesired,"kW VW Limit","Limit kWOut Function","kVA Exceeded","Grid voltage",di/dt,it,"it History","Rated VDC","Avg duty cycle","Target (Amps)","Series L","Max. Amps (phase)"
1, 0.00000, 71.4613, 1, 1.23842, 0, -18.9606, 1.23842, 0.0651799, 0, 0, 0.0651799, -42.8768, 1, 1, 9999, 9999, 9999, 9999, 9999, 9999, 9999, 9999, 1.23857, 9999, 28.5845, 0, 0, 0, 0, 0, 8000, 0, 0, 0, 0
2, 0.00000, 70.1577, 1, 0.0000522919, 0, -18.9609, 0.0000522919, 2.7522E-6, 0, 0, 2.7522E-6, -1.3036, 1, 1, 9999, 9999, 9999, 9999, 9999, 9999, 9999, 9999, 1.97833E-19, 9999, 28.5845, 0, 0, 0, 0, 0, 8000, 0, 0, 0, 0
3, 0.00000, 70.1576, -1, 0, 0.00470248, -18.9617, -0.00470248, 0.000235124, 0, 0, 0.000235124, -0.0000550441, 1, 1, 9999, 9999, 9999, 9999, 9999, 9999, 9999, 9999, -3.56849E-19, 9999, 28.5845, 0, 0, 0, 0, 0, 8000, 0, 0, 0, 0
4, 0.00000, 70.1621, -1, 0, 0.00263367, -18.9615, -0.00263367, 0.000131683, 0, 0, 0.000131683, 0.00446736, 1, 1, 9999, 9999, 9999, 9999, 9999, 9999, 9999, 9999, -3.68997E-19, 9999, 28.5845, 0, 0, 0, 0, 0, 8000, 0, 0, 0, 0
5, 0.00000, 70.1646, 1, 0.00110514, 0, -18.9603, 0.00110514, 0.0000581652, 0, 0, 0.0000581652, 0.00250199, 1, 1, 9999, 9999, 9999, 9999, 9999, 9999, 9999, 9999, 4.13017E-20, 9999, 28.5845, 0, 0, 0, 0, 0, 8000, 0, 0, 0, 0
