hour,t(sec),kWh,State,kWOut,kWIn,kvarOut,DCkW,kWTotalLosses,kWInvLosses,kWIdlingLosses,kWChDchLosses,"kWh Chng",InvEff,InverterON,Vref,"Vavg (DRC)","VV Oper","VW Oper","DRC Oper","VV_DRC Oper","WP Oper","WV Oper",kWDesired,"kW VW Limit","Limit kWOut Function","kVA Exceeded","Grid voltage",di/dt,it,"it History","Rated VDC","Avg duty cycle","Target (Amps)","Series L","Max. Amps (phase)"
1, 0.00000, 11.6637, 1, 1.3371, 0, -3.09468, 1.3371, 0.0703735, 0, 0, 0.0703735, -6.99825, 1, 1, 9999, 9999, 9999, 9999, 9999, 9999, 9999, 9999, 1.33713, 9999, 4.6655, 0, 0, 0, 0, 0, 8000, 0, 0, 0, 0
2, 0.00000, 10.2563, 1, 0.057478, 0, -3.09471, 0.057478, 0.00302516, 0, 0, 0.00302516, -1.40747, 1, 1, 9999, 9999, 9999, 9999, 9999, 9999, 9999, 9999, 0.0574696, 9999, 4.6655, 0, 0, 0, 0, 0, 8000, 0, 0, 0, 0
3, 0.00000, 10.1958, 0, 0, 0.000730106, -3.01738, -0.000730106, 0.000730106, 0, 0.000730106, 0, -0.0605032, 1, 1, 9999, 9999, 9999, 9999, 9999, 9999, 9999, 9999, 0, 9999, 4.6655, 0, 0, 0, 0, 0, 8000, 0, 0, 0, 0
4, 0.00000, 10.1958, -1, 0, 0.000393602, -2.88232, -0.000393602, 0.0000196801, 0, 0, 0.0000196801, 0, 1, 1, 9999, 9999, 9999, 9999, 9999, 9999, 9999, 9999, -7.17554E-19, 9999, 4.6655, 0, 0, 0, 0, 0, 8000, 0, 0, 0, 0
5, 0.00000, 10.1961, -1, 0, 0.000178229, -3.09461, -0.000178229, 8.91144E-6, 0, 0, 8.91144E-6, 0.000373922, 1, 1, 9999, 9999, 9999, 9999, 9999, 9999, 9999, 9999, -7.05284E-35, 9999, 4.6655, 0, 0, 0, 0, 0, 8000, 0, 0, 0, 0
