hour,t(sec),kWh,State,kWOut,kWIn,kvarOut,DCkW,kWTotalLosses,kWInvLosses,kWIdlingLosses,kWChDchLosses,"kWh Chng",InvEff,InverterON,Vref,"Vavg (DRC)","VV Oper","VW Oper","DRC Oper","VV_DRC Oper","WP Oper","WV Oper",kWDesired,"kW VW Limit","Limit kWOut Function","kVA Exceeded","Grid voltage",di/dt,it,"it History","Rated VDC","Avg duty cycle","Target (Amps)","Series L","Max. Amps (phase)"
1, 0.00000, 11.6637, 1, 1.28595, 0, 1.41248, 1.28595, 0.0676815, 0, 0, 0.0676815, -6.99825, 1, 1, 9999, 9999, 9999, 9999, 9999, 9999, 9999, 9999, 1.28595, 9999, 4.6655, 0, 0, 0, 0, 0, 8000, 0, 0, 0, 0
2, 0.00000, 10.3101, 1, 0.163167, 0, 1.56061, 0.163167, 0.00858776, 0, 0, 0.00858776, -1.35363, 1, 1, 9999, 9999, 9999, 9999, 9999, 9999, 9999, 9999, 0.163171, 9999, 4.6655, 0, 0, 0, 0, 0, 8000, 0, 0, 0, 0
3, 0.00000, 10.1384, 0, 0, 0.000397878, 1.61623, -0.000397878, 0.000397878, 0, 0.000397878, 0, -0.171755, 1, 1, 9999, 9999, 9999, 9999, 9999, 9999, 9999, 9999, 0, 9999, 4.6655, 0, 0, 0, 0, 0, 8000, 0, 0, 0, 0
4, 0.00000, 10.1384, -1, 0, 0.000237745, 1.66268, -0.000237745, 0.0000118872, 0, 0, 0.0000118872, 0, 1, 1, 9999, 9999, 9999, 9999, 9999, 9999, 9999, 9999, -5.28088E-20, 9999, 4.6655, 0, 0, 0, 0, 0, 8000, 0, 0, 0, 0
5, 0.00000, 10.1386, -1, 0, 0.0000964164, 1.58515, -0.0000964164, 4.82082E-6, 0, 0, 4.82082E-6, 0.000225858, 1, 1, 9999, 9999, 9999, 9999, 9999, 9999, 9999, 9999, -3.40717E-19, 9999, 4.6655, 0, 0, 0, 0, 0, 8000, 0, 0, 0, 0
