hour,t(sec),kWh,State,kWOut,kWIn,kvarOut,DCkW,kWTotalLosses,kWInvLosses,kWIdlingLosses,kWChDchLosses,"kWh Chng",InvEff,InverterON,Vref,"Vavg (DRC)","VV Oper","VW Oper","DRC Oper","VV_DRC Oper","WP Oper","WV Oper",kWDesired,"kW VW Limit","Limit kWOut Function","kVA Exceeded","Grid voltage",di/dt,it,"it History","Rated VDC","Avg duty cycle","Target (Amps)","Series L","Max. Amps (phase)"
1, 0.00000, 5.83362, 1, 1.09117, 0, 1.373, 1.09117, 0.0574299, 0, 0, 0.0574299, -3.50017, 1, 1, 9999, 9999, 9999, 9999, 9999, 9999, 9999, 9999, 1.09117, 9999, 2.3335, 0, 0, 0, 0, 0, 8000, 0, 0, 0, 0
2, 0.00000, 4.68503, 1, 0.575744, 0, 1.4488, 0.575744, 0.0303023, 0, 0, 0.0303023, -1.1486, 1, 1, 9999, 9999, 9999, 9999, 9999, 9999, 9999, 9999, 0.575744, 9999, 2.3335, 0, 0, 0, 0, 0, 8000, 0, 0, 0, 0
3, 0.00000, 4.07898, 1, 0.41152, 0, 1.47753, 0.41152, 0.0216589, 0, 0, 0.0216589, -0.606046, 1, 1, 9999, 9999, 9999, 9999, 9999, 9999, 9999, 9999, 0.411559, 9999, 2.3335, 0, 0, 0, 0, 0, 8000, 0, 0, 0, 0
4, 0.00000, 3.6458, -1, 0, 0.0000348457, 1.49942, -0.0000348457, 1.74228E-6, 0, 0, 1.74228E-6, -0.433179, 1, 1, 9999, 9999, 9999, 9999, 9999, 9999, 9999, 9999, -4.6432E-19, 9999, 2.3335, 0, 0, 0, 0, 0, 8000, 0, 0, 0, 0
5, 0.00000, 3.64584, -1, 0, 0.000012834, 1.44459, -0.000012834, 6.41701E-7, 0, 0, 6.41701E-7, 0.0000331034, 1, 1, 9999, 9999, 9999, 9999, 9999, 9999, 9999, 9999, -8.70559E-19, 9999, 2.3335, 0, 0, 0, 0, 0, 8000, 0, 0, 0, 0
