hour,t(sec),kWh,State,kWOut,kWIn,kvarOut,DCkW,kWTotalLosses,kWInvLosses,kWIdlingLosses,kWChDchLosses,"kWh Chng",InvEff,InverterON,Vref,"Vavg (DRC)","VV Oper","VW Oper","DRC Oper","VV_DRC Oper","WP Oper","WV Oper",kWDesired,"kW VW Limit","Limit kWOut Function","kVA Exceeded","Grid voltage",di/dt,it,"it History","Rated VDC","Avg duty cycle","Target (Amps)","Series L","Max. Amps (phase)"
1, 0.00000, 61.25, 1, 3.11989, 0, 16.2514, 3.11989, 0.164205, 0, 0, 0.164205, -36.75, 1, 1, 9999, 9999, 9999, 9999, 9999, 9999, 9999, 9999, 3.11983, 9999, 24.5, 0, 0, 0, 0, 0, 8000, 0, 0, 0, 0
2, 0.00000, 57.9659, -1, 0, 0.000043397, 16.2515, -0.000043397, 2.16985E-6, 0, 0, 2.16985E-6, -3.2841, 1, 1, 9999, 9999, 9999, 9999, 9999, 9999, 9999, 9999, -1.49871E-19, 9999, 24.5, 0, 0, 0, 0, 0, 8000, 0, 0, 0, 0
3, 0.00000, 57.9659, 0, 0, 0.00177378, 16.2524, -0.00177378, 0.00177378, 0, 0.00177378, 0, 0.0000412272, 1, 1, 9999, 9999, 9999, 9999, 9999, 9999, 9999, 9999, 0, 9999, 24.5, 0, 0, 0, 0, 0, 8000, 0, 0, 0, 0
4, 0.00000, 57.9659, -1, 0, 0.0281503, 16.2523, -0.0281503, 0.00140752, 0, 0, 0.00140752, 0, 1, 1, 9999, 9999, 9999, 9999, 9999, 9999, 9999, 9999, -0.0265237, 9999, 24.5, 0, 0, 0, 0, 0, 8000, 0, 0, 0, 0
5, 0.00000, 57.9927, -1, 0, 2.02309, 16.2512, -2.02309, 0.101154, 0, 0, 0.101154, 0.0267428, 1, 1, 9999, 9999, 9999, 9999, 9999, 9999, 9999, 9999, -2.02372, 9999, 24.5, 0, 0, 0, 0, 0, 8000, 0, 0, 0, 0
