hour,t(sec),kWh,State,kWOut,kWIn,kvarOut,DCkW,kWTotalLosses,kWInvLosses,kWIdlingLosses,kWChDchLosses,"kWh Chng",InvEff,InverterON,Vref,"Vavg (DRC)","VV Oper","VW Oper","DRC Oper","VV_DRC Oper","WP Oper","WV Oper",kWDesired,"kW VW Limit","Limit kWOut Function","kVA Exceeded","Grid voltage",di/dt,it,"it History","Rated VDC","Avg duty cycle","Target (Amps)","Series L","Max. Amps (phase)"
1, 0.00000, 11.6637, 1, 0.554177, 0, 2.68668, 0.554177, 0.0291672, 0, 0, 0.0291672, -6.99825, 1, 1, 9999, 9999, 9999, 9999, 9999, 9999, 9999, 9999, 0.554168, 9999, 4.6655, 0, 0, 0, 0, 0, 8000, 0, 0, 0, 0
2, 0.00000, 11.0804, 1, 6.71955E-6, 0, 3.02711, 6.71955E-6, 3.5366E-7, 0, 0, 3.5366E-7, -0.583345, 1, 1, 9999, 9999, 9999, 9999, 9999, 9999, 9999, 9999, 7.64069E-21, 9999, 4.6655, 0, 0, 0, 0, 0, 8000, 0, 0, 0, 0
3, 0.00000, 11.0804, 1, 0.000322003, 0, 3.09486, 0.000322003, 0.0000169475, 0, 0, 0.0000169475, -7.07321E-6, 1, 1, 9999, 9999, 9999, 9999, 9999, 9999, 9999, 9999, 6.65394E-20, 9999, 4.6655, 0, 0, 0, 0, 0, 8000, 0, 0, 0, 0
4, 0.00000, 11.0801, 0, 0, 0.000276503, 3.09484, -0.000276503, 0.000276503, 0, 0.000276503, 0, -0.000338951, 1, 1, 9999, 9999, 9999, 9999, 9999, 9999, 9999, 9999, 0, 9999, 4.6655, 0, 0, 0, 0, 0, 8000, 0, 0, 0, 0
5, 0.00000, 11.0801, 0, 0, 0.000102463, 3.07734, -0.000102463, 0.000102463, 0, 0.000102463, 0, 0, 1, 1, 9999, 9999, 9999, 9999, 9999, 9999, 9999, 9999, 0, 9999, 4.6655, 0, 0, 0, 0, 0, 8000, 0, 0, 0, 0
