hour,t(sec),kWh,State,kWOut,kWIn,kvarOut,DCkW,kWTotalLosses,kWInvLosses,kWIdlingLosses,kWChDchLosses,"kWh Chng",InvEff,InverterON,Vref,"Vavg (DRC)","VV Oper","VW Oper","DRC Oper","VV_DRC Oper","WP Oper","WV Oper",kWDesired,"kW VW Limit","Limit kWOut Function","kVA Exceeded","Grid voltage",di/dt,it,"it History","Rated VDC","Avg duty cycle","Target (Amps)","Series L","Max. Amps (phase)"
1, 0.00000, 5.83362, 1, 1.09924, 0, 1.24188, 1.09924, 0.0578547, 0, 0, 0.0578547, -3.50017, 1, 1, 9999, 9999, 9999, 9999, 9999, 9999, 9999, 9999, 1.09924, 9999, 2.3335, 0, 0, 0, 0, 0, 8000, 0, 0, 0, 0
2, 0.00000, 4.67653, 1, 0.573176, 0, 1.29181, 0.573176, 0.0301672, 0, 0, 0.0301672, -1.15709, 1, 1, 9999, 9999, 9999, 9999, 9999, 9999, 9999, 9999, 0.573178, 9999, 2.3335, 0, 0, 0, 0, 0, 8000, 0, 0, 0, 0
3, 0.00000, 4.07319, -1, 0, 0.000324705, 1.30881, -0.000324705, 0.0000162353, 0, 0, 0.0000162353, -0.603343, 1, 1, 9999, 9999, 9999, 9999, 9999, 9999, 9999, 9999, -6.31048E-19, 9999, 2.3335, 0, 0, 0, 0, 0, 8000, 0, 0, 0, 0
4, 0.00000, 4.0735, -1, 0, 0.000192957, 1.32477, -0.000192957, 9.64785E-6, 0, 0, 9.64785E-6, 0.00030847, 1, 1, 9999, 9999, 9999, 9999, 9999, 9999, 9999, 9999, -7.05207E-19, 9999, 2.3335, 0, 0, 0, 0, 0, 8000, 0, 0, 0, 0
5, 0.00000, 4.07368, -1, 0, 0.0000807536, 1.29966, -0.0000807536, 4.03768E-6, 0, 0, 4.03768E-6, 0.000183309, 1, 1, 9999, 9999, 9999, 9999, 9999, 9999, 9999, 9999, -4.59816E-19, 9999, 2.3335, 0, 0, 0, 0, 0, 8000, 0, 0, 0, 0
