hour,t(sec),kWh,State,kWOut,kWIn,kvarOut,DCkW,kWTotalLosses,kWInvLosses,kWIdlingLosses,kWChDchLosses,"kWh Chng",InvEff,InverterON,Vref,"Vavg (DRC)","VV Oper","VW Oper","DRC Oper","VV_DRC Oper","WP Oper","WV Oper",kWDesired,"kW VW Limit","Limit kWOut Function","kVA Exceeded","Grid voltage",di/dt,it,"it History","Rated VDC","Avg duty cycle","Target (Amps)","Series L","Max. Amps (phase)"
1, 0.00000, 11.6637, 1, 1.0008, 0, 2.97808, 1.0008, 0.0526738, 0, 0, 0.0526738, -6.99825, 1, 1, 9999, 9999, 9999, 9999, 9999, 9999, 9999, 9999, 1.0008, 9999, 4.6655, 0, 0, 0, 0, 0, 8000, 0, 0, 0, 0
2, 0.00000, 10.6103, 1, 0.0559856, 0, 3.07521, 0.0559856, 0.00294661, 0, 0, 0.00294661, -1.05348, 1, 1, 9999, 9999, 9999, 9999, 9999, 9999, 9999, 9999, 0.0559907, 9999, 4.6655, 0, 0, 0, 0, 0, 8000, 0, 0, 0, 0
3, 0.00000, 10.5513, 1, 0.000362187, 0, 3.09484, 0.000362187, 0.0000190625, 0, 0, 0.0000190625, -0.0589322, 1, 1, 9999, 9999, 9999, 9999, 9999, 9999, 9999, 9999, 1.76626E-19, 9999, 4.6655, 0, 0, 0, 0, 0, 8000, 0, 0, 0, 0
4, 0.00000, 10.551, 0, 0, 0.000244063, 3.0863, -0.000244063, 0.000244063, 0, 0.000244063, 0, -0.000381249, 1, 1, 9999, 9999, 9999, 9999, 9999, 9999, 9999, 9999, 0, 9999, 4.6655, 0, 0, 0, 0, 0, 8000, 0, 0, 0, 0
5, 0.00000, 10.551, 1, 0.000095392, 0, 3.00995, 0.000095392, 5.02063E-6, 0, 0, 5.02063E-6, 0, 1, 1, 9999, 9999, 9999, 9999, 9999, 9999, 9999, 9999, 6.29329E-19, 9999, 4.6655, 0, 0, 0, 0, 0, 8000, 0, 0, 0, 0
