hour,t(sec),kWh,State,kWOut,kWIn,kvarOut,DCkW,kWTotalLosses,kWInvLosses,kWIdlingLosses,kWChDchLosses,"kWh Chng",InvEff,InverterON,Vref,"Vavg (DRC)","VV Oper","VW Oper","DRC Oper","VV_DRC Oper","WP Oper","WV Oper",kWDesired,"kW VW Limit","Limit kWOut Function","kVA Exceeded","Grid voltage",di/dt,it,"it History","Rated VDC","Avg duty cycle","Target (Amps)","Series L","Max. Amps (phase)"
1, 0.00000, 5.83362, 1, 1.63042, 0, -1.5478, 1.63042, 0.0858115, 0, 0, 0.0858115, -3.50017, 1, 1, 9999, 9999, 9999, 9999, 9999, 9999, 9999, 9999, 1.63044, 9999, 2.3335, 0, 0, 0, 0, 0, 8000, 0, 0, 0, 0
2, 0.00000, 4.11739, 1, 1.09978, 0, -1.5478, 1.09978, 0.0578834, 0, 0, 0.0578834, -1.71623, 1, 1, 9999, 9999, 9999, 9999, 9999, 9999, 9999, 9999, 1.09978, 9999, 2.3335, 0, 0, 0, 0, 0, 8000, 0, 0, 0, 0
3, 0.00000, 2.95973, 1, 0.114997, 0, -1.54787, 0.114997, 0.00605248, 0, 0, 0.00605248, -1.15767, 1, 1, 9999, 9999, 9999, 9999, 9999, 9999, 9999, 9999, 0.114743, 9999, 2.3335, 0, 0, 0, 0, 0, 8000, 0, 0, 0, 0
4, 0.00000, 2.83868, 1, 0.000155408, 0, -1.54786, 0.000155408, 8.17935E-6, 0, 0, 8.17935E-6, -0.12105, 1, 1, 9999, 9999, 9999, 9999, 9999, 9999, 9999, 9999, 1.86603E-18, 9999, 2.3335, 0, 0, 0, 0, 0, 8000, 0, 0, 0, 0
5, 0.00000, 2.83851, -1, 0, 0.0000641235, -1.54777, -0.0000641235, 3.20617E-6, 0, 0, 3.20617E-6, -0.000163587, 1, 1, 9999, 9999, 9999, 9999, 9999, 9999, 9999, 9999, -4.38698E-19, 9999, 2.3335, 0, 0, 0, 0, 0, 8000, 0, 0, 0, 0
