hour,t(sec),kWh,State,kWOut,kWIn,kvarOut,DCkW,kWTotalLosses,kWInvLosses,kWIdlingLosses,kWChDchLosses,"kWh Chng",InvEff,InverterON,Vref,"Vavg (DRC)","VV Oper","VW Oper","DRC Oper","VV_DRC Oper","WP Oper","WV Oper",kWDesired,"kW VW Limit","Limit kWOut Function","kVA Exceeded","Grid voltage",di/dt,it,"it History","Rated VDC","Avg duty cycle","Target (Amps)","Series L","Max. Amps (phase)"
1, 0.00000, 11.6637, 1, 3.96118, 0, 3.03526, 3.96118, 0.208483, 0, 0, 0.208483, -6.99825, 1, 1, 9999, 9999, 9999, 9999, 9999, 9999, 9999, 9999, 3.9612, 9999, 4.6655, 0, 0, 0, 0, 0, 8000, 0, 0, 0, 0
2, 0.00000, 7.49408, 1, 1.80069, 0, 3.09471, 1.80069, 0.0947734, 0, 0, 0.0947734, -4.16967, 1, 1, 9999, 9999, 9999, 9999, 9999, 9999, 9999, 9999, 1.8007, 9999, 4.6655, 0, 0, 0, 0, 0, 8000, 0, 0, 0, 0
3, 0.00000, 5.59861, 1, 0.000309933, 0, 3.09485, 0.000309933, 0.0000163122, 0, 0, 0.0000163122, -1.89547, 1, 1, 9999, 9999, 9999, 9999, 9999, 9999, 9999, 9999, 1.8808E-34, 9999, 4.6655, 0, 0, 0, 0, 0, 8000, 0, 0, 0, 0
4, 0.00000, 5.5986, 0, 0, 0.00025675, 3.09483, -0.00025675, 0.00025675, 0, 0.00025675, 0, -0.0000139988, 1, 1, 9999, 9999, 9999, 9999, 9999, 9999, 9999, 9999, 6.85595E-17, 9999, 4.6655, 0, 0, 0, 0, 0, 8000, 0, 0, 0, 0
5, 0.00000, 5.5986, 0, 0, 0.0000969318, 3.09464, -0.0000969318, 0.0000969318, 0, 0.0000969318, 0, 0, 1, 1, 9999, 9999, 9999, 9999, 9999, 9999, 9999, 9999, 1.16194E-18, 9999, 4.6655, 0, 0, 0, 0, 0, 8000, 0, 0, 0, 0
