hour,t(sec),kWh,State,kWOut,kWIn,kvarOut,DCkW,kWTotalLosses,kWInvLosses,kWIdlingLosses,kWChDchLosses,"kWh Chng",InvEff,InverterON,Vref,"Vavg (DRC)","VV Oper","VW Oper","DRC Oper","VV_DRC Oper","WP Oper","WV Oper",kWDesired,"kW VW Limit","Limit kWOut Function","kVA Exceeded","Grid voltage",di/dt,it,"it History","Rated VDC","Avg duty cycle","Target (Amps)","Series L","Max. Amps (phase)"
1, 0.00000, 5.83362, 1, 1.14668, 0, -1.54779, 1.14668, 0.0603517, 0, 0, 0.0603517, -3.50017, 1, 1, 9999, 9999, 9999, 9999, 9999, 9999, 9999, 9999, 1.14671, 9999, 2.3335, 0, 0, 0, 0, 0, 8000, 0, 0, 0, 0
2, 0.00000, 4.62659, 1, 0.60296, 0, -1.5478, 0.60296, 0.0317347, 0, 0, 0.0317347, -1.20703, 1, 1, 9999, 9999, 9999, 9999, 9999, 9999, 9999, 9999, 0.602953, 9999, 2.3335, 0, 0, 0, 0, 0, 8000, 0, 0, 0, 0
3, 0.00000, 3.9919, 0, 0, 0.000407518, -1.54784, -0.000407518, 0.000407518, 0, 0.000407518, 0, -0.634694, 1, 1, 9999, 9999, 9999, 9999, 9999, 9999, 9999, 9999, 0, 9999, 2.3335, 0, 0, 0, 0, 0, 8000, 0, 0, 0, 0
4, 0.00000, 3.9919, 1, 0.000225548, 0, -1.54784, 0.000225548, 0.000011871, 0, 0, 0.000011871, 0, 1, 1, 9999, 9999, 9999, 9999, 9999, 9999, 9999, 9999, 7.72132E-19, 9999, 2.3335, 0, 0, 0, 0, 0, 8000, 0, 0, 0, 0
5, 0.00000, 3.99166, -1, 0, 0.0000972529, -1.54777, -0.0000972529, 4.86264E-6, 0, 0, 4.86264E-6, -0.000237419, 1, 1, 9999, 9999, 9999, 9999, 9999, 9999, 9999, 9999, -1.18297E-18, 9999, 2.3335, 0, 0, 0, 0, 0, 8000, 0, 0, 0, 0
