hour,t(sec),kWh,State,kWOut,kWIn,kvarOut,DCkW,kWTotalLosses,kWInvLosses,kWIdlingLosses,kWChDchLosses,"kWh Chng",InvEff,InverterON,Vref,"Vavg (DRC)","VV Oper","VW Oper","DRC Oper","VV_DRC Oper","WP Oper","WV Oper",kWDesired,"kW VW Limit","Limit kWOut Function","kVA Exceeded","Grid voltage",di/dt,it,"it History","Rated VDC","Avg duty cycle","Target (Amps)","Series L","Max. Amps (phase)"
1, 0.00000, 11.6637, 1, 2.35351, 0, 3.09468, 2.35351, 0.123869, 0, 0, 0.123869, -6.99825, 1, 1, 9999, 9999, 9999, 9999, 9999, 9999, 9999, 9999, 2.35351, 9999, 4.6655, 0, 0, 0, 0, 0, 8000, 0, 0, 0, 0
2, 0.00000, 9.18637, 1, 1.21275, 0, 3.09471, 1.21275, 0.0638289, 0, 0, 0.0638289, -2.47738, 1, 1, 9999, 9999, 9999, 9999, 9999, 9999, 9999, 9999, 1.21275, 9999, 4.6655, 0, 0, 0, 0, 0, 8000, 0, 0, 0, 0
3, 0.00000, 7.90979, 1, 0.59419, 0, 3.09483, 0.59419, 0.0312732, 0, 0, 0.0312732, -1.27658, 1, 1, 9999, 9999, 9999, 9999, 9999, 9999, 9999, 9999, 0.594385, 9999, 4.6655, 0, 0, 0, 0, 0, 8000, 0, 0, 0, 0
4, 0.00000, 7.28433, 1, 0.000155134, 0, 3.09477, 0.000155134, 8.16496E-6, 0, 0, 8.16496E-6, -0.625463, 1, 1, 9999, 9999, 9999, 9999, 9999, 9999, 9999, 9999, 4.11343E-19, 9999, 4.6655, 0, 0, 0, 0, 0, 8000, 0, 0, 0, 0
5, 0.00000, 7.28417, 1, 0.0000605911, 0, 3.09466, 0.0000605911, 3.18901E-6, 0, 0, 3.18901E-6, -0.000163299, 1, 1, 9999, 9999, 9999, 9999, 9999, 9999, 9999, 9999, 7.43774E-19, 9999, 4.6655, 0, 0, 0, 0, 0, 8000, 0, 0, 0, 0
