hour,t(sec),kWh,State,kWOut,kWIn,kvarOut,DCkW,kWTotalLosses,kWInvLosses,kWIdlingLosses,kWChDchLosses,"kWh Chng",InvEff,InverterON,Vref,"Vavg (DRC)","VV Oper","VW Oper","DRC Oper","VV_DRC Oper","WP Oper","WV Oper",kWDesired,"kW VW Limit","Limit kWOut Function","kVA Exceeded","Grid voltage",di/dt,it,"it History","Rated VDC","Avg duty cycle","Target (Amps)","Series L","Max. Amps (phase)"
1, 0.00000, 5.83362, 1, 1.0104, 0, 1.25008, 1.0104, 0.0531791, 0, 0, 0.0531791, -3.50017, 1, 1, 9999, 9999, 9999, 9999, 9999, 9999, 9999, 9999, 1.01041, 9999, 2.3335, 0, 0, 0, 0, 0, 8000, 0, 0, 0, 0
2, 0.00000, 4.77004, 1, 0.49386, 0, 1.29441, 0.49386, 0.0259926, 0, 0, 0.0259926, -1.06358, 1, 1, 9999, 9999, 9999, 9999, 9999, 9999, 9999, 9999, 0.493862, 9999, 2.3335, 0, 0, 0, 0, 0, 8000, 0, 0, 0, 0
3, 0.00000, 4.25019, 1, 0.173741, 0, 1.31115, 0.173741, 0.00914426, 0, 0, 0.00914426, -0.519853, 1, 1, 9999, 9999, 9999, 9999, 9999, 9999, 9999, 9999, 0.174051, 9999, 2.3335, 0, 0, 0, 0, 0, 8000, 0, 0, 0, 0
4, 0.00000, 4.0673, 1, 0.000192214, 0, 1.32627, 0.000192214, 0.0000101165, 0, 0, 0.0000101165, -0.182885, 1, 1, 9999, 9999, 9999, 9999, 9999, 9999, 9999, 9999, 4.1821E-19, 9999, 2.3335, 0, 0, 0, 0, 0, 8000, 0, 0, 0, 0
5, 0.00000, 4.0671, 1, 0.0000804546, 0, 1.30256, 0.0000804546, 4.23445E-6, 0, 0, 4.23445E-6, -0.00020233, 1, 1, 9999, 9999, 9999, 9999, 9999, 9999, 9999, 9999, 9.40424E-35, 9999, 2.3335, 0, 0, 0, 0, 0, 8000, 0, 0, 0, 0
