hour,t(sec),kWh,State,kWOut,kWIn,kvarOut,DCkW,kWTotalLosses,kWInvLosses,kWIdlingLosses,kWChDchLosses,"kWh Chng",InvEff,InverterON,Vref,"Vavg (DRC)","VV Oper","VW Oper","DRC Oper","VV_DRC Oper","WP Oper","WV Oper",kWDesired,"kW VW Limit","Limit kWOut Function","kVA Exceeded","Grid voltage",di/dt,it,"it History","Rated VDC","Avg duty cycle","Target (Amps)","Series L","Max. Amps (phase)"
1, 0.00000, 5.83362, 1, 1.18663, 0, 1.27039, 1.18663, 0.0624542, 0, 0, 0.0624542, -3.50017, 1, 1, 9999, 9999, 9999, 9999, 9999, 9999, 9999, 9999, 1.18663, 9999, 2.3335, 0, 0, 0, 0, 0, 8000, 0, 0, 0, 0
2, 0.00000, 4.58454, 1, 0.684531, 0, 1.3173, 0.684531, 0.036028, 0, 0, 0.036028, -1.24908, 1, 1, 9999, 9999, 9999, 9999, 9999, 9999, 9999, 9999, 0.684532, 9999, 2.3335, 0, 0, 0, 0, 0, 8000, 0, 0, 0, 0
3, 0.00000, 3.86398, 1, 0.0554706, 0, 1.32967, 0.0554706, 0.0029195, 0, 0, 0.0029195, -0.720559, 1, 1, 9999, 9999, 9999, 9999, 9999, 9999, 9999, 9999, 0.0556516, 9999, 2.3335, 0, 0, 0, 0, 0, 8000, 0, 0, 0, 0
4, 0.00000, 3.80559, 0, 0, 0.0001206, 1.34295, -0.0001206, 0.0001206, 0, 0.0001206, 0, -0.0583901, 1, 1, 9999, 9999, 9999, 9999, 9999, 9999, 9999, 9999, 0, 9999, 2.3335, 0, 0, 0, 0, 0, 8000, 0, 0, 0, 0
5, 0.00000, 3.80559, 1, 0.0000483088, 0, 1.32607, 0.0000483088, 2.54257E-6, 0, 0, 2.54257E-6, 0, 1, 1, 9999, 9999, 9999, 9999, 9999, 9999, 9999, 9999, 1.16358E-19, 9999, 2.3335, 0, 0, 0, 0, 0, 8000, 0, 0, 0, 0
