hour,t(sec),kWh,State,kWOut,kWIn,kvarOut,DCkW,kWTotalLosses,kWInvLosses,kWIdlingLosses,kWChDchLosses,"kWh Chng",InvEff,InverterON,Vref,"Vavg (DRC)","VV Oper","VW Oper","DRC Oper","VV_DRC Oper","WP Oper","WV Oper",kWDesired,"kW VW Limit","Limit kWOut Function","kVA Exceeded","Grid voltage",di/dt,it,"it History","Rated VDC","Avg duty cycle","Target (Amps)","Series L","Max. Amps (phase)"
1, 0.00000, 11.6637, 1, 1.31414, 0, 3.09467, 1.31414, 0.0691652, 0, 0, 0.0691652, -6.99825, 1, 1, 9999, 9999, 9999, 9999, 9999, 9999, 9999, 9999, 1.31413, 9999, 4.6655, 0, 0, 0, 0, 0, 8000, 0, 0, 0, 0
2, 0.00000, 10.2804, -1, 0, 8.29692E-6, 3.09471, -8.29692E-6, 4.14846E-7, 0, 0, 4.14846E-7, -1.3833, 1, 1, 9999, 9999, 9999, 9999, 9999, 9999, 9999, 9999, -2.76869E-19, 9999, 4.6655, 0, 0, 0, 0, 0, 8000, 0, 0, 0, 0
3, 0.00000, 10.2805, 0, 0, 0.000338394, 3.09487, -0.000338394, 0.000338394, 0, 0.000338394, 0, 7.88208E-6, 1, 1, 9999, 9999, 9999, 9999, 9999, 9999, 9999, 9999, 0, 9999, 4.6655, 0, 0, 0, 0, 0, 8000, 0, 0, 0, 0
4, 0.00000, 10.2805, -1, 0, 0.000309714, 3.09486, -0.000309714, 0.0000154857, 0, 0, 0.0000154857, 0, 1, 1, 9999, 9999, 9999, 9999, 9999, 9999, 9999, 9999, -1.65691E-19, 9999, 4.6655, 0, 0, 0, 0, 0, 8000, 0, 0, 0, 0
5, 0.00000, 10.2807, 0, 0, 0.000113093, 3.09463, -0.000113093, 0.000113093, 0, 0.000113093, 0, 0.000294228, 1, 1, 9999, 9999, 9999, 9999, 9999, 9999, 9999, 9999, 0, 9999, 4.6655, 0, 0, 0, 0, 0, 8000, 0, 0, 0, 0
