hour,t(sec),kWh,State,kWOut,kWIn,kvarOut,DCkW,kWTotalLosses,kWInvLosses,kWIdlingLosses,kWChDchLosses,"kWh Chng",InvEff,InverterON,Vref,"Vavg (DRC)","VV Oper","VW Oper","DRC Oper","VV_DRC Oper","WP Oper","WV Oper",kWDesired,"kW VW Limit","Limit kWOut Function","kVA Exceeded","Grid voltage",di/dt,it,"it History","Rated VDC","Avg duty cycle","Target (Amps)","Series L","Max. Amps (phase)"
1, 0.00000, 11.6637, 1, 2.80527, 0, 2.50197, 2.80527, 0.147646, 0, 0, 0.147646, -6.99825, 1, 1, 9999, 9999, 9999, 9999, 9999, 9999, 9999, 9999, 2.80527, 9999, 4.6655, 0, 0, 0, 0, 0, 8000, 0, 0, 0, 0
2, 0.00000, 8.71084, 1, 1.76566, 0, 2.88581, 1.76566, 0.0929293, 0, 0, 0.0929293, -2.95291, 1, 1, 9999, 9999, 9999, 9999, 9999, 9999, 9999, 9999, 1.76566, 9999, 4.6655, 0, 0, 0, 0, 0, 8000, 0, 0, 0, 0
3, 0.00000, 6.85225, 1, 1.19067, 0, 3.05637, 1.19067, 0.0626666, 0, 0, 0.0626666, -1.85859, 1, 1, 9999, 9999, 9999, 9999, 9999, 9999, 9999, 9999, 1.19092, 9999, 4.6655, 0, 0, 0, 0, 0, 8000, 0, 0, 0, 0
4, 0.00000, 5.59892, 0, 0, 0.000258242, 3.09483, -0.000258242, 0.000258242, 0, 0.000258242, 0, -1.25333, 1, 1, 9999, 9999, 9999, 9999, 9999, 9999, 9999, 9999, 0, 9999, 4.6655, 0, 0, 0, 0, 0, 8000, 0, 0, 0, 0
5, 0.00000, 5.59892, 1, 0.0000926739, 0, 2.95564, 0.0000926739, 4.87757E-6, 0, 0, 4.87757E-6, 0, 1, 1, 9999, 9999, 9999, 9999, 9999, 9999, 9999, 9999, 3.20613E-18, 9999, 4.6655, 0, 0, 0, 0, 0, 8000, 0, 0, 0, 0
