hour,t(sec),kWh,State,kWOut,kWIn,kvarOut,DCkW,kWTotalLosses,kWInvLosses,kWIdlingLosses,kWChDchLosses,"kWh Chng",InvEff,InverterON,Vref,"Vavg (DRC)","VV Oper","VW Oper","DRC Oper","VV_DRC Oper","WP Oper","WV Oper",kWDesired,"kW VW Limit","Limit kWOut Function","kVA Exceeded","Grid voltage",di/dt,it,"it History","Rated VDC","Avg duty cycle","Target (Amps)","Series L","Max. Amps (phase)"
1, 0.00000, 5.83362, 1, 0.923089, 0, -1.54779, 0.923089, 0.0485836, 0, 0, 0.0485836, -3.50017, 1, 1, 9999, 9999, 9999, 9999, 9999, 9999, 9999, 9999, 0.923109, 9999, 2.3335, 0, 0, 0, 0, 0, 8000, 0, 0, 0, 0
2, 0.00000, 4.86195, 1, 0.159593, 0, -1.54781, 0.159593, 0.00839962, 0, 0, 0.00839962, -0.971672, 1, 1, 9999, 9999, 9999, 9999, 9999, 9999, 9999, 9999, 0.159588, 9999, 2.3335, 0, 0, 0, 0, 0, 8000, 0, 0, 0, 0
3, 0.00000, 4.69396, -1, 0, 0.000372241, -1.54791, -0.000372241, 0.0000186121, 0, 0, 0.0000186121, -0.167992, 1, 1, 9999, 9999, 9999, 9999, 9999, 9999, 9999, 9999, -2.42521E-19, 9999, 2.3335, 0, 0, 0, 0, 0, 8000, 0, 0, 0, 0
4, 0.00000, 4.69431, 1, 0.000212586, 0, -1.54787, 0.000212586, 0.0000111887, 0, 0, 0.0000111887, 0.000353629, 1, 1, 9999, 9999, 9999, 9999, 9999, 9999, 9999, 9999, 4.271E-19, 9999, 2.3335, 0, 0, 0, 0, 0, 8000, 0, 0, 0, 0
5, 0.00000, 4.69409, -1, 0, 0.000088904, -1.54775, -0.000088904, 4.4452E-6, 0, 0, 4.4452E-6, -0.000223774, 1, 1, 9999, 9999, 9999, 9999, 9999, 9999, 9999, 9999, -3.64096E-19, 9999, 2.3335, 0, 0, 0, 0, 0, 8000, 0, 0, 0, 0
