hour,t(sec),kWh,State,kWOut,kWIn,kvarOut,DCkW,kWTotalLosses,kWInvLosses,kWIdlingLosses,kWChDchLosses,"kWh Chng",InvEff,InverterON,Vref,"Vavg (DRC)","VV Oper","VW Oper","DRC Oper","VV_DRC Oper","WP Oper","WV Oper",kWDesired,"kW VW Limit","Limit kWOut Function","kVA Exceeded","Grid voltage",di/dt,it,"it History","Rated VDC","Avg duty cycle","Target (Amps)","Series L","Max. Amps (phase)"
1, 0.00000, 5.83362, 1, 1.35254, 0, 0.890786, 1.35254, 0.0711862, 0, 0, 0.0711862, -3.50017, 1, 1, 9999, 9999, 9999, 9999, 9999, 9999, 9999, 9999, 1.35254, 9999, 2.3335, 0, 0, 0, 0, 0, 8000, 0, 0, 0, 0
2, 0.00000, 4.4099, 1, 0.849907, 0, 1.1062, 0.849907, 0.044732, 0, 0, 0.044732, -1.42372, 1, 1, 9999, 9999, 9999, 9999, 9999, 9999, 9999, 9999, 0.849907, 9999, 2.3335, 0, 0, 0, 0, 0, 8000, 0, 0, 0, 0
3, 0.00000, 3.51526, 1, 0.665785, 0, 1.15937, 0.665785, 0.0350413, 0, 0, 0.0350413, -0.894639, 1, 1, 9999, 9999, 9999, 9999, 9999, 9999, 9999, 9999, 0.665934, 9999, 2.3335, 0, 0, 0, 0, 0, 8000, 0, 0, 0, 0
4, 0.00000, 2.81444, 1, 0.000120708, 0, 1.20225, 0.000120708, 6.35307E-6, 0, 0, 6.35307E-6, -0.700827, 1, 1, 9999, 9999, 9999, 9999, 9999, 9999, 9999, 9999, 7.29522E-19, 9999, 2.3335, 0, 0, 0, 0, 0, 8000, 0, 0, 0, 0
5, 0.00000, 2.81431, 0, 0, 0.0000460222, 1.10918, -0.0000460222, 0.0000460222, 0, 0.0000460222, 0, -0.000127061, 1, 1, 9999, 9999, 9999, 9999, 9999, 9999, 9999, 9999, 0, 9999, 2.3335, 0, 0, 0, 0, 0, 8000, 0, 0, 0, 0
