hour,t(sec),kWh,State,kWOut,kWIn,kvarOut,DCkW,kWTotalLosses,kWInvLosses,kWIdlingLosses,kWChDchLosses,"kWh Chng",InvEff,InverterON,Vref,"Vavg (DRC)","VV Oper","VW Oper","DRC Oper","VV_DRC Oper","WP Oper","WV Oper",kWDesired,"kW VW Limit","Limit kWOut Function","kVA Exceeded","Grid voltage",di/dt,it,"it History","Rated VDC","Avg duty cycle","Target (Amps)","Series L","Max. Amps (phase)"
1, 0.00000, 11.6637, 1, 2.67025, 0, 2.50767, 2.67025, 0.140539, 0, 0, 0.140539, -6.99825, 1, 1, 9999, 9999, 9999, 9999, 9999, 9999, 9999, 9999, 2.67025, 9999, 4.6655, 0, 0, 0, 0, 0, 8000, 0, 0, 0, 0
2, 0.00000, 8.85296, 1, 1.67762, 0, 2.58491, 1.67762, 0.0882957, 0, 0, 0.0882957, -2.81079, 1, 1, 9999, 9999, 9999, 9999, 9999, 9999, 9999, 9999, 1.67762, 9999, 4.6655, 0, 0, 0, 0, 0, 8000, 0, 0, 0, 0
3, 0.00000, 7.08705, 1, 1.41387, 0, 2.62517, 1.41387, 0.0744142, 0, 0, 0.0744142, -1.76591, 1, 1, 9999, 9999, 9999, 9999, 9999, 9999, 9999, 9999, 1.41407, 9999, 4.6655, 0, 0, 0, 0, 0, 8000, 0, 0, 0, 0
4, 0.00000, 5.59876, 1, 0.000242992, 0, 2.84373, 0.000242992, 0.0000127891, 0, 0, 0.0000127891, -1.48828, 1, 1, 9999, 9999, 9999, 9999, 9999, 9999, 9999, 9999, 4.15146E-18, 9999, 4.6655, 0, 0, 0, 0, 0, 8000, 0, 0, 0, 0
5, 0.00000, 5.5986, 0, 0, 0.0000843165, 2.57515, -0.0000843165, 0.0000843165, 0, 0.0000843165, 0, -0.000165134, 1, 1, 9999, 9999, 9999, 9999, 9999, 9999, 9999, 9999, 0, 9999, 4.6655, 0, 0, 0, 0, 0, 8000, 0, 0, 0, 0
