hour,t(sec),kWh,State,kWOut,kWIn,kvarOut,DCkW,kWTotalLosses,kWInvLosses,kWIdlingLosses,kWChDchLosses,"kWh Chng",InvEff,InverterON,Vref,"Vavg (DRC)","VV Oper","VW Oper","DRC Oper","VV_DRC Oper","WP Oper","WV Oper",kWDesired,"kW VW Limit","Limit kWOut Function","kVA Exceeded","Grid voltage",di/dt,it,"it History","Rated VDC","Avg duty cycle","Target (Amps)","Series L","Max. Amps (phase)"
1, 0.00000, 5.83362, 1, 1.47708, 0, -1.5478, 1.47708, 0.077741, 0, 0, 0.077741, -3.50017, 1, 1, 9999, 9999, 9999, 9999, 9999, 9999, 9999, 9999, 1.47711, 9999, 2.3335, 0, 0, 0, 0, 0, 8000, 0, 0, 0, 0
2, 0.00000, 4.2788, 1, 4.43489E-6, 0, -1.54781, 4.43489E-6, 2.33415E-7, 0, 0, 2.33415E-7, -1.55482, 1, 1, 9999, 9999, 9999, 9999, 9999, 9999, 9999, 9999, 8.20552E-19, 9999, 2.3335, 0, 0, 0, 0, 0, 8000, 0, 0, 0, 0
3, 0.00000, 4.2788, -1, 0, 0.000395851, -1.54785, -0.000395851, 0.0000197926, 0, 0, 0.0000197926, -4.66831E-6, 1, 1, 9999, 9999, 9999, 9999, 9999, 9999, 9999, 9999, -1.21361E-18, 9999, 2.3335, 0, 0, 0, 0, 0, 8000, 0, 0, 0, 0
4, 0.00000, 4.27918, 1, 0.000220168, 0, -1.54785, 0.000220168, 0.0000115878, 0, 0, 0.0000115878, 0.000376059, 1, 1, 9999, 9999, 9999, 9999, 9999, 9999, 9999, 9999, 4.39001E-19, 9999, 2.3335, 0, 0, 0, 0, 0, 8000, 0, 0, 0, 0
5, 0.00000, 4.27894, -1, 0, 0.0000937109, -1.54777, -0.0000937109, 4.68554E-6, 0, 0, 4.68554E-6, -0.000231756, 1, 1, 9999, 9999, 9999, 9999, 9999, 9999, 9999, 9999, -2.31644E-19, 9999, 2.3335, 0, 0, 0, 0, 0, 8000, 0, 0, 0, 0
