hour,t(sec),kWh,State,kWOut,kWIn,kvarOut,DCkW,kWTotalLosses,kWInvLosses,kWIdlingLosses,kWChDchLosses,"kWh Chng",InvEff,InverterON,Vref,"Vavg (DRC)","VV Oper","VW Oper","DRC Oper","VV_DRC Oper","WP Oper","WV Oper",kWDesired,"kW VW Limit","Limit kWOut Function","kVA Exceeded","Grid voltage",di/dt,it,"it History","Rated VDC","Avg duty cycle","Target (Amps)","Series L","Max. Amps (phase)"
1, 0.00000, 11.6637, 1, 1.41286, 0, -3.09468, 1.41286, 0.0743612, 0, 0, 0.0743612, -6.99825, 1, 1, 9999, 9999, 9999, 9999, 9999, 9999, 9999, 9999, 1.4129, 9999, 4.6655, 0, 0, 0, 0, 0, 8000, 0, 0, 0, 0
2, 0.00000, 10.1765, 1, 0.371314, 0, -3.09471, 0.371314, 0.0195429, 0, 0, 0.0195429, -1.48722, 1, 1, 9999, 9999, 9999, 9999, 9999, 9999, 9999, 9999, 0.371304, 9999, 4.6655, 0, 0, 0, 0, 0, 8000, 0, 0, 0, 0
3, 0.00000, 9.78567, 1, 0.000832194, 0, -3.09476, 0.000832194, 0.0000437997, 0, 0, 0.0000437997, -0.390857, 1, 1, 9999, 9999, 9999, 9999, 9999, 9999, 9999, 9999, 6.76498E-19, 9999, 4.6655, 0, 0, 0, 0, 0, 8000, 0, 0, 0, 0
4, 0.00000, 9.78479, -1, 0, 0.000461122, -3.09477, -0.000461122, 0.0000230561, 0, 0, 0.0000230561, -0.000875994, 1, 1, 9999, 9999, 9999, 9999, 9999, 9999, 9999, 9999, -3.21341E-19, 9999, 4.6655, 0, 0, 0, 0, 0, 8000, 0, 0, 0, 0
5, 0.00000, 9.78523, -1, 0, 0.000198703, -3.09465, -0.000198703, 9.93513E-6, 0, 0, 9.93513E-6, 0.000438066, 1, 1, 9999, 9999, 9999, 9999, 9999, 9999, 9999, 9999, -9.40378E-35, 9999, 4.6655, 0, 0, 0, 0, 0, 8000, 0, 0, 0, 0
