hour,t(sec),kWh,State,kWOut,kWIn,kvarOut,DCkW,kWTotalLosses,kWInvLosses,kWIdlingLosses,kWChDchLosses,"kWh Chng",InvEff,InverterON,Vref,"Vavg (DRC)","VV Oper","VW Oper","DRC Oper","VV_DRC Oper","WP Oper","WV Oper",kWDesired,"kW VW Limit","Limit kWOut Function","kVA Exceeded","Grid voltage",di/dt,it,"it History","Rated VDC","Avg duty cycle","Target (Amps)","Series L","Max. Amps (phase)"
1, 0.00000, 11.6637, 1, 1.51969, 0, 2.49839, 1.51969, 0.0799839, 0, 0, 0.0799839, -6.99825, 1, 1, 9999, 9999, 9999, 9999, 9999, 9999, 9999, 9999, 1.51969, 9999, 4.6655, 0, 0, 0, 0, 0, 8000, 0, 0, 0, 0
2, 0.00000, 10.0641, 1, 0.472941, 0, 2.5885, 0.472941, 0.0248916, 0, 0, 0.0248916, -1.59968, 1, 1, 9999, 9999, 9999, 9999, 9999, 9999, 9999, 9999, 0.472942, 9999, 4.6655, 0, 0, 0, 0, 0, 8000, 0, 0, 0, 0
3, 0.00000, 9.56624, 1, 0.143923, 0, 2.62224, 0.143923, 0.00757488, 0, 0, 0.00757488, -0.497832, 1, 1, 9999, 9999, 9999, 9999, 9999, 9999, 9999, 9999, 0.144001, 9999, 4.6655, 0, 0, 0, 0, 0, 8000, 0, 0, 0, 0
4, 0.00000, 9.41474, -1, 0, 0.0000623897, 2.65203, -0.0000623897, 3.11949E-6, 0, 0, 3.11949E-6, -0.151498, 1, 1, 9999, 9999, 9999, 9999, 9999, 9999, 9999, 9999, -1.8808E-34, 9999, 4.6655, 0, 0, 0, 0, 0, 8000, 0, 0, 0, 0
5, 0.00000, 9.4148, 0, 0, 0.0000232471, 2.60469, -0.0000232471, 0.0000232471, 0, 0.0000232471, 0, 0.0000592702, 1, 1, 9999, 9999, 9999, 9999, 9999, 9999, 9999, 9999, 0, 9999, 4.6655, 0, 0, 0, 0, 0, 8000, 0, 0, 0, 0
