hour,t(sec),kWh,State,kWOut,kWIn,kvarOut,DCkW,kWTotalLosses,kWInvLosses,kWIdlingLosses,kWChDchLosses,"kWh Chng",InvEff,InverterON,Vref,"Vavg (DRC)","VV Oper","VW Oper","DRC Oper","VV_DRC Oper","WP Oper","WV Oper",kWDesired,"kW VW Limit","Limit kWOut Function","kVA Exceeded","Grid voltage",di/dt,it,"it History","Rated VDC","Avg duty cycle","Target (Amps)","Series L","Max. Amps (phase)"
1, 0.00000, 5.83362, 1, 1.36157, 0, 1.25169, 1.36157, 0.0716617, 0, 0, 0.0716617, -3.50017, 1, 1, 9999, 9999, 9999, 9999, 9999, 9999, 9999, 9999, 1.36157, 9999, 2.3335, 0, 0, 0, 0, 0, 8000, 0, 0, 0, 0
2, 0.00000, 4.40039, 1, 0.843373, 0, 1.4119, 0.843373, 0.0443881, 0, 0, 0.0443881, -1.43323, 1, 1, 9999, 9999, 9999, 9999, 9999, 9999, 9999, 9999, 0.843374, 9999, 2.3335, 0, 0, 0, 0, 0, 8000, 0, 0, 0, 0
3, 0.00000, 3.51263, 1, 0.676817, 0, 1.47372, 0.676817, 0.0356219, 0, 0, 0.0356219, -0.887761, 1, 1, 9999, 9999, 9999, 9999, 9999, 9999, 9999, 9999, 0.676925, 9999, 2.3335, 0, 0, 0, 0, 0, 8000, 0, 0, 0, 0
4, 0.00000, 2.80019, -1, 0, 0.000103576, 1.54775, -0.000103576, 5.17879E-6, 0, 0, 5.17879E-6, -0.712438, 1, 1, 9999, 9999, 9999, 9999, 9999, 9999, 9999, 9999, -1.88082E-34, 9999, 2.3335, 0, 0, 0, 0, 0, 8000, 0, 0, 0, 0
5, 0.00000, 2.80029, 0, 0, 0.0000374972, 1.43018, -0.0000374972, 0.0000374972, 0, 0.0000374972, 0, 0.000098397, 1, 1, 9999, 9999, 9999, 9999, 9999, 9999, 9999, 9999, 0, 9999, 2.3335, 0, 0, 0, 0, 0, 8000, 0, 0, 0, 0
