hour,t(sec),kWh,State,kWOut,kWIn,kvarOut,DCkW,kWTotalLosses,kWInvLosses,kWIdlingLosses,kWChDchLosses,"kWh Chng",InvEff,InverterON,Vref,"Vavg (DRC)","VV Oper","VW Oper","DRC Oper","VV_DRC Oper","WP Oper","WV Oper",kWDesired,"kW VW Limit","Limit kWOut Function","kVA Exceeded","Grid voltage",di/dt,it,"it History","Rated VDC","Avg duty cycle","Target (Amps)","Series L","Max. Amps (phase)"
1, 0.00000, 5.83362, 1, 1.2594, 0, -1.434, 1.2594, 0.0662841, 0, 0, 0.0662841, -3.50017, 1, 1, 9999, 9999, 9999, 9999, 9999, 9999, 9999, 9999, 1.25941, 9999, 2.3335, 0, 0, 0, 0, 0, 8000, 0, 0, 0, 0
2, 0.00000, 4.50794, 1, 0.661131, 0, -1.1655, 0.661131, 0.0347964, 0, 0, 0.0347964, -1.32568, 1, 1, 9999, 9999, 9999, 9999, 9999, 9999, 9999, 9999, 0.661127, 9999, 2.3335, 0, 0, 0, 0, 0, 8000, 0, 0, 0, 0
3, 0.00000, 3.81202, -1, 0, 0.000149684, -1.08325, -0.000149684, 7.48422E-6, 0, 0, 7.48422E-6, -0.695927, 1, 1, 9999, 9999, 9999, 9999, 9999, 9999, 9999, 9999, -1.08932E-18, 9999, 2.3335, 0, 0, 0, 0, 0, 8000, 0, 0, 0, 0
4, 0.00000, 3.81216, -1, 0, 0.0000932115, -1.03894, -0.0000932115, 4.66058E-6, 0, 0, 4.66058E-6, 0.0001422, 1, 1, 9999, 9999, 9999, 9999, 9999, 9999, 9999, 9999, -5.69211E-19, 9999, 2.3335, 0, 0, 0, 0, 0, 8000, 0, 0, 0, 0
5, 0.00000, 3.81225, -1, 0, 0.0000433566, -1.19068, -0.0000433566, 2.16783E-6, 0, 0, 2.16783E-6, 0.0000885509, 1, 1, 9999, 9999, 9999, 9999, 9999, 9999, 9999, 9999, -7.48984E-19, 9999, 2.3335, 0, 0, 0, 0, 0, 8000, 0, 0, 0, 0
