hour,t(sec),kWh,State,kWOut,kWIn,kvarOut,DCkW,kWTotalLosses,kWInvLosses,kWIdlingLosses,kWChDchLosses,"kWh Chng",InvEff,InverterON,Vref,"Vavg (DRC)","VV Oper","VW Oper","DRC Oper","VV_DRC Oper","WP Oper","WV Oper",kWDesired,"kW VW Limit","Limit kWOut Function","kVA Exceeded","Grid voltage",di/dt,it,"it History","Rated VDC","Avg duty cycle","Target (Amps)","Series L","Max. Amps (phase)"
1, 0.00000, 5.83362, 1, 0.535822, 0, 1.46589, 0.535822, 0.0282011, 0, 0, 0.0282011, -3.50017, 1, 1, 9999, 9999, 9999, 9999, 9999, 9999, 9999, 9999, 0.535818, 9999, 2.3335, 0, 0, 0, 0, 0, 8000, 0, 0, 0, 0
2, 0.00000, 5.2696, 1, 3.43376E-6, 0, 1.5478, 3.43376E-6, 1.80724E-7, 0, 0, 1.80724E-7, -0.564023, 1, 1, 9999, 9999, 9999, 9999, 9999, 9999, 9999, 9999, 1.75349E-19, 9999, 2.3335, 0, 0, 0, 0, 0, 8000, 0, 0, 0, 0
3, 0.00000, 5.2696, -1, 0, 0.000161801, 1.54788, -0.000161801, 8.09003E-6, 0, 0, 8.09003E-6, -3.61449E-6, 1, 1, 9999, 9999, 9999, 9999, 9999, 9999, 9999, 9999, -6.99793E-20, 9999, 2.3335, 0, 0, 0, 0, 0, 8000, 0, 0, 0, 0
4, 0.00000, 5.26975, 0, 0, 0.000138143, 1.54787, -0.000138143, 0.000138143, 0, 0.000138143, 0, 0.000153711, 1, 1, 9999, 9999, 9999, 9999, 9999, 9999, 9999, 9999, 0, 9999, 2.3335, 0, 0, 0, 0, 0, 8000, 0, 0, 0, 0
5, 0.00000, 5.26975, -1, 0, 0.0000514883, 1.54777, -0.0000514883, 2.57441E-6, 0, 0, 2.57441E-6, 0, 1, 1, 9999, 9999, 9999, 9999, 9999, 9999, 9999, 9999, -1.83688E-19, 9999, 2.3335, 0, 0, 0, 0, 0, 8000, 0, 0, 0, 0
