hour,t(sec),kWh,State,kWOut,kWIn,kvarOut,DCkW,kWTotalLosses,kWInvLosses,kWIdlingLosses,kWChDchLosses,"kWh Chng",InvEff,InverterON,Vref,"Vavg (DRC)","VV Oper","VW Oper","DRC Oper","VV_DRC Oper","WP Oper","WV Oper",kWDesired,"kW VW Limit","Limit kWOut Function","kVA Exceeded","Grid voltage",di/dt,it,"it History","Rated VDC","Avg duty cycle","Target (Amps)","Series L","Max. Amps (phase)"
1, 0.00000, 11.6637, 1, 1.17674, 0, 2.50057, 1.17674, 0.0619336, 0, 0, 0.0619336, -6.99825, 1, 1, 9999, 9999, 9999, 9999, 9999, 9999, 9999, 9999, 1.17673, 9999, 4.6655, 0, 0, 0, 0, 0, 8000, 0, 0, 0, 0
2, 0.00000, 10.4251, 1, 0.106735, 0, 2.59061, 0.106735, 0.00561764, 0, 0, 0.00561764, -1.23867, 1, 1, 9999, 9999, 9999, 9999, 9999, 9999, 9999, 9999, 0.106742, 9999, 4.6655, 0, 0, 0, 0, 0, 8000, 0, 0, 0, 0
3, 0.00000, 10.3127, -1, 0, 0.000651133, 2.62409, -0.000651133, 0.0000325567, 0, 0, 0.0000325567, -0.112353, 1, 1, 9999, 9999, 9999, 9999, 9999, 9999, 9999, 9999, -6.96373E-19, 9999, 4.6655, 0, 0, 0, 0, 0, 8000, 0, 0, 0, 0
4, 0.00000, 10.3133, 1, 0.000366567, 0, 2.65383, 0.000366567, 0.000019293, 0, 0, 0.000019293, 0.000618576, 1, 1, 9999, 9999, 9999, 9999, 9999, 9999, 9999, 9999, 1.53458E-18, 9999, 4.6655, 0, 0, 0, 0, 0, 8000, 0, 0, 0, 0
5, 0.00000, 10.313, 1, 0.00015229, 0, 2.60712, 0.00015229, 8.01528E-6, 0, 0, 8.01528E-6, -0.00038586, 1, 1, 9999, 9999, 9999, 9999, 9999, 9999, 9999, 9999, 5.89206E-19, 9999, 4.6655, 0, 0, 0, 0, 0, 8000, 0, 0, 0, 0
