hour,t(sec),kWh,State,kWOut,kWIn,kvarOut,DCkW,kWTotalLosses,kWInvLosses,kWIdlingLosses,kWChDchLosses,"kWh Chng",InvEff,InverterON,Vref,"Vavg (DRC)","VV Oper","VW Oper","DRC Oper","VV_DRC Oper","WP Oper","WV Oper",kWDesired,"kW VW Limit","Limit kWOut Function","kVA Exceeded","Grid voltage",di/dt,it,"it History","Rated VDC","Avg duty cycle","Target (Amps)","Series L","Max. Amps (phase)"
1, 0.00000, 11.6637, 1, 1.38842, 0, -3.09468, 1.38842, 0.0730745, 0, 0, 0.0730745, -6.99825, 1, 1, 9999, 9999, 9999, 9999, 9999, 9999, 9999, 9999, 1.38845, 9999, 4.6655, 0, 0, 0, 0, 0, 8000, 0, 0, 0, 0
2, 0.00000, 10.2023, 1, 0.343125, 0, -3.09471, 0.343125, 0.0180592, 0, 0, 0.0180592, -1.46149, 1, 1, 9999, 9999, 9999, 9999, 9999, 9999, 9999, 9999, 0.343115, 9999, 4.6655, 0, 0, 0, 0, 0, 8000, 0, 0, 0, 0
3, 0.00000, 9.84107, 1, 0.000825407, 0, -3.09476, 0.000825407, 0.0000434425, 0, 0, 0.0000434425, -0.361185, 1, 1, 9999, 9999, 9999, 9999, 9999, 9999, 9999, 9999, 3.33761E-18, 9999, 4.6655, 0, 0, 0, 0, 0, 8000, 0, 0, 0, 0
4, 0.00000, 9.84021, 1, 0.000455104, 0, -3.09478, 0.000455104, 0.0000239528, 0, 0, 0.0000239528, -0.000868849, 1, 1, 9999, 9999, 9999, 9999, 9999, 9999, 9999, 9999, 1.92102E-19, 9999, 4.6655, 0, 0, 0, 0, 0, 8000, 0, 0, 0, 0
5, 0.00000, 9.83973, -1, 0, 0.000196611, -3.09464, -0.000196611, 9.83054E-6, 0, 0, 9.83054E-6, -0.000479057, 1, 1, 9999, 9999, 9999, 9999, 9999, 9999, 9999, 9999, -5.10826E-20, 9999, 4.6655, 0, 0, 0, 0, 0, 8000, 0, 0, 0, 0
