hour,t(sec),kWh,State,kWOut,kWIn,kvarOut,DCkW,kWTotalLosses,kWInvLosses,kWIdlingLosses,kWChDchLosses,"kWh Chng",InvEff,InverterON,Vref,"Vavg (DRC)","VV Oper","VW Oper","DRC Oper","VV_DRC Oper","WP Oper","WV Oper",kWDesired,"kW VW Limit","Limit kWOut Function","kVA Exceeded","Grid voltage",di/dt,it,"it History","Rated VDC","Avg duty cycle","Target (Amps)","Series L","Max. Amps (phase)"
1, 0.00000, 11.6637, 1, 1.40885, 0, -3.09468, 1.40885, 0.0741501, 0, 0, 0.0741501, -6.99825, 1, 1, 9999, 9999, 9999, 9999, 9999, 9999, 9999, 9999, 1.40889, 9999, 4.6655, 0, 0, 0, 0, 0, 8000, 0, 0, 0, 0
2, 0.00000, 10.1807, 0, 0, 8.84853E-6, -3.09471, -8.84853E-6, 8.84853E-6, 0, 8.84853E-6, 0, -1.483, 1, 1, 9999, 9999, 9999, 9999, 9999, 9999, 9999, 9999, 0, 9999, 4.6655, 0, 0, 0, 0, 0, 8000, 0, 0, 0, 0
3, 0.00000, 10.1807, -1, 0, 0.000800803, -3.09479, -0.000800803, 0.0000400402, 0, 0, 0.0000400402, 0, 1, 1, 9999, 9999, 9999, 9999, 9999, 9999, 9999, 9999, -3.05483E-19, 9999, 4.6655, 0, 0, 0, 0, 0, 8000, 0, 0, 0, 0
4, 0.00000, 10.1815, 1, 0.00044049, 0, -3.09479, 0.00044049, 0.0000231837, 0, 0, 0.0000231837, 0.000760763, 1, 1, 9999, 9999, 9999, 9999, 9999, 9999, 9999, 9999, 3.8796E-19, 9999, 4.6655, 0, 0, 0, 0, 0, 8000, 0, 0, 0, 0
5, 0.00000, 10.181, 1, 0.000187307, 0, -3.09464, 0.000187307, 9.85829E-6, 0, 0, 9.85829E-6, -0.000463674, 1, 1, 9999, 9999, 9999, 9999, 9999, 9999, 9999, 9999, 1.08445E-18, 9999, 4.6655, 0, 0, 0, 0, 0, 8000, 0, 0, 0, 0
