hour,t(sec),kWh,State,kWOut,kWIn,kvarOut,DCkW,kWTotalLosses,kWInvLosses,kWIdlingLosses,kWChDchLosses,"kWh Chng",InvEff,InverterON,Vref,"Vavg (DRC)","VV Oper","VW Oper","DRC Oper","VV_DRC Oper","WP Oper","WV Oper",kWDesired,"kW VW Limit","Limit kWOut Function","kVA Exceeded","Grid voltage",di/dt,it,"it History","Rated VDC","Avg duty cycle","Target (Amps)","Series L","Max. Amps (phase)"
1, 0.00000, 11.6637, 1, 3.14333, 0, 2.65507, 3.14333, 0.165438, 0, 0, 0.165438, -6.99825, 1, 1, 9999, 9999, 9999, 9999, 9999, 9999, 9999, 9999, 3.14333, 9999, 4.6655, 0, 0, 0, 0, 0, 8000, 0, 0, 0, 0
2, 0.00000, 8.35499, 1, 1.77391, 0, 2.94621, 1.77391, 0.0933639, 0, 0, 0.0933639, -3.30876, 1, 1, 9999, 9999, 9999, 9999, 9999, 9999, 9999, 9999, 1.77392, 9999, 4.6655, 0, 0, 0, 0, 0, 8000, 0, 0, 0, 0
3, 0.00000, 6.48771, 1, 0.844374, 0, 3.07023, 0.844374, 0.0444407, 0, 0, 0.0444407, -1.86728, 1, 1, 9999, 9999, 9999, 9999, 9999, 9999, 9999, 9999, 0.844642, 9999, 4.6655, 0, 0, 0, 0, 0, 8000, 0, 0, 0, 0
4, 0.00000, 5.59889, 1, 0.000258114, 0, 3.09483, 0.000258114, 0.0000135849, 0, 0, 0.0000135849, -0.888815, 1, 1, 9999, 9999, 9999, 9999, 9999, 9999, 9999, 9999, 1.26323E-18, 9999, 4.6655, 0, 0, 0, 0, 0, 8000, 0, 0, 0, 0
5, 0.00000, 5.59862, -1, 0, 0.0000962723, 3.00254, -0.0000962723, 4.81361E-6, 0, 0, 4.81361E-6, -0.000271699, 1, 1, 9999, 9999, 9999, 9999, 9999, 9999, 9999, 9999, -6.14306E-19, 9999, 4.6655, 0, 0, 0, 0, 0, 8000, 0, 0, 0, 0
