hour,t(sec),kWh,State,kWOut,kWIn,kvarOut,DCkW,kWTotalLosses,kWInvLosses,kWIdlingLosses,kWChDchLosses,"kWh Chng",InvEff,InverterON,Vref,"Vavg (DRC)","VV Oper","VW Oper","DRC Oper","VV_DRC Oper","WP Oper","WV Oper",kWDesired,"kW VW Limit","Limit kWOut Function","kVA Exceeded","Grid voltage",di/dt,it,"it History","Rated VDC","Avg duty cycle","Target (Amps)","Series L","Max. Amps (phase)"
1, 0.00000, 5.83362, 1, 0.576003, 0, 1.25249, 0.576003, 0.030316, 0, 0, 0.030316, -3.50017, 1, 1, 9999, 9999, 9999, 9999, 9999, 9999, 9999, 9999, 0.576001, 9999, 2.3335, 0, 0, 0, 0, 0, 8000, 0, 0, 0, 0
2, 0.00000, 5.22731, 1, 3.1368E-6, 0, 1.412, 3.1368E-6, 1.65095E-7, 0, 0, 1.65095E-7, -0.606319, 1, 1, 9999, 9999, 9999, 9999, 9999, 9999, 9999, 9999, 5.1575E-20, 9999, 2.3335, 0, 0, 0, 0, 0, 8000, 0, 0, 0, 0
3, 0.00000, 5.2273, -1, 0, 0.000157017, 1.49668, -0.000157017, 7.85085E-6, 0, 0, 7.85085E-6, -3.3019E-6, 1, 1, 9999, 9999, 9999, 9999, 9999, 9999, 9999, 9999, -1.48929E-19, 9999, 2.3335, 0, 0, 0, 0, 0, 8000, 0, 0, 0, 0
4, 0.00000, 5.22745, 0, 0, 0.000138506, 1.54787, -0.000138506, 0.000138506, 0, 0.000138506, 0, 0.000149166, 1, 1, 9999, 9999, 9999, 9999, 9999, 9999, 9999, 9999, 0, 9999, 2.3335, 0, 0, 0, 0, 0, 8000, 0, 0, 0, 0
5, 0.00000, 5.22745, 1, 0.0000480236, 0, 1.44307, 0.0000480236, 2.52756E-6, 0, 0, 2.52756E-6, 0, 1, 1, 9999, 9999, 9999, 9999, 9999, 9999, 9999, 9999, 2.41261E-19, 9999, 2.3335, 0, 0, 0, 0, 0, 8000, 0, 0, 0, 0
