hour,t(sec),kWh,State,kWOut,kWIn,kvarOut,DCkW,kWTotalLosses,kWInvLosses,kWIdlingLosses,kWChDchLosses,"kWh Chng",InvEff,InverterON,Vref,"Vavg (DRC)","VV Oper","VW Oper","DRC Oper","VV_DRC Oper","WP Oper","WV Oper",kWDesired,"kW VW Limit","Limit kWOut Function","kVA Exceeded","Grid voltage",di/dt,it,"it History","Rated VDC","Avg duty cycle","Target (Amps)","Series L","Max. Amps (phase)"
1, 0.00000, 30.625, 1, 1.22136, 0, 8.12563, 1.22136, 0.0642821, 0, 0, 0.0642821, -18.375, 1, 1, 9999, 9999, 9999, 9999, 9999, 9999, 9999, 9999, 1.22133, 9999, 12.25, 0, 0, 0, 0, 0, 8000, 0, 0, 0, 0
2, 0.00000, 29.3394, -1, 0, 0.0000214368, 8.12572, -0.0000214368, 1.07184E-6, 0, 0, 1.07184E-6, -1.28564, 1, 1, 9999, 9999, 9999, 9999, 9999, 9999, 9999, 9999, -7.19075E-20, 9999, 12.25, 0, 0, 0, 0, 0, 8000, 0, 0, 0, 0
3, 0.00000, 29.3394, -1, 0, 0.000884275, 8.12614, -0.000884275, 0.0000442137, 0, 0, 0.0000442137, 0.000020365, 1, 1, 9999, 9999, 9999, 9999, 9999, 9999, 9999, 9999, -1.80871E-19, 9999, 12.25, 0, 0, 0, 0, 0, 8000, 0, 0, 0, 0
4, 0.00000, 29.3402, -1, 0, 0.000805479, 8.12612, -0.000805479, 0.0000402739, 0, 0, 0.0000402739, 0.000840061, 1, 1, 9999, 9999, 9999, 9999, 9999, 9999, 9999, 9999, -1.95681E-20, 9999, 12.25, 0, 0, 0, 0, 0, 8000, 0, 0, 0, 0
5, 0.00000, 29.341, 1, 0.000293419, 0, 8.12552, 0.000293419, 0.0000154431, 0, 0, 0.0000154431, 0.000765205, 1, 1, 9999, 9999, 9999, 9999, 9999, 9999, 9999, 9999, 1.59863E-19, 9999, 12.25, 0, 0, 0, 0, 0, 8000, 0, 0, 0, 0
