hour,t(sec),kWh,State,kWOut,kWIn,kvarOut,DCkW,kWTotalLosses,kWInvLosses,kWIdlingLosses,kWChDchLosses,"kWh Chng",InvEff,InverterON,Vref,"Vavg (DRC)","VV Oper","VW Oper","DRC Oper","VV_DRC Oper","WP Oper","WV Oper",kWDesired,"kW VW Limit","Limit kWOut Function","kVA Exceeded","Grid voltage",di/dt,it,"it History","Rated VDC","Avg duty cycle","Target (Amps)","Series L","Max. Amps (phase)"
1, 0.00000, 11.6637, 1, 1.22527, 0, -3.09468, 1.22527, 0.0644877, 0, 0, 0.0644877, -6.99825, 1, 1, 9999, 9999, 9999, 9999, 9999, 9999, 9999, 9999, 1.2253, 9999, 4.6655, 0, 0, 0, 0, 0, 8000, 0, 0, 0, 0
2, 0.00000, 10.374, 1, 8.26037E-6, 0, -3.09471, 8.26037E-6, 4.34756E-7, 0, 0, 4.34756E-7, -1.28975, 1, 1, 9999, 9999, 9999, 9999, 9999, 9999, 9999, 9999, 1.78567E-19, 9999, 4.6655, 0, 0, 0, 0, 0, 8000, 0, 0, 0, 0
3, 0.00000, 10.374, 1, 0.000744008, 0, -3.09488, 0.000744008, 0.0000391583, 0, 0, 0.0000391583, -8.69512E-6, 1, 1, 9999, 9999, 9999, 9999, 9999, 9999, 9999, 9999, 3.13578E-18, 9999, 4.6655, 0, 0, 0, 0, 0, 8000, 0, 0, 0, 0
4, 0.00000, 10.3732, 1, 0.000420936, 0, -3.09483, 0.000420936, 0.0000221545, 0, 0, 0.0000221545, -0.000783166, 1, 1, 9999, 9999, 9999, 9999, 9999, 9999, 9999, 9999, 2.79337E-19, 9999, 4.6655, 0, 0, 0, 0, 0, 8000, 0, 0, 0, 0
5, 0.00000, 10.3728, 0, 0, 0.000177226, -3.09462, -0.000177226, 0.000177226, 0, 0.000177226, 0, -0.000443091, 1, 1, 9999, 9999, 9999, 9999, 9999, 9999, 9999, 9999, 0, 9999, 4.6655, 0, 0, 0, 0, 0, 8000, 0, 0, 0, 0
