hour,t(sec),kWh,State,kWOut,kWIn,kvarOut,DCkW,kWTotalLosses,kWInvLosses,kWIdlingLosses,kWChDchLosses,"kWh Chng",InvEff,InverterON,Vref,"Vavg (DRC)","VV Oper","VW Oper","DRC Oper","VV_DRC Oper","WP Oper","WV Oper",kWDesired,"kW VW Limit","Limit kWOut Function","kVA Exceeded","Grid voltage",di/dt,it,"it History","Rated VDC","Avg duty cycle","Target (Amps)","Series L","Max. Amps (phase)"
1, 0.00000, 11.6637, 1, 3.28115, 0, 3.09467, 3.28115, 0.172692, 0, 0, 0.172692, -6.99825, 1, 1, 9999, 9999, 9999, 9999, 9999, 9999, 9999, 9999, 3.28115, 9999, 4.6655, 0, 0, 0, 0, 0, 8000, 0, 0, 0, 0
2, 0.00000, 8.20991, 1, 1.77233, 0, 3.09471, 1.77233, 0.0932805, 0, 0, 0.0932805, -3.45384, 1, 1, 9999, 9999, 9999, 9999, 9999, 9999, 9999, 9999, 1.77233, 9999, 4.6655, 0, 0, 0, 0, 0, 8000, 0, 0, 0, 0
3, 0.00000, 6.3443, 1, 0.35423, 0, 3.09485, 0.35423, 0.0186437, 0, 0, 0.0186437, -1.86561, 1, 1, 9999, 9999, 9999, 9999, 9999, 9999, 9999, 9999, 0.354499, 9999, 4.6655, 0, 0, 0, 0, 0, 8000, 0, 0, 0, 0
4, 0.00000, 5.97143, -1, 0, 0.000205507, 3.09479, -0.000205507, 0.0000102754, 0, 0, 0.0000102754, -0.372873, 1, 1, 9999, 9999, 9999, 9999, 9999, 9999, 9999, 9999, -3.19204E-18, 9999, 4.6655, 0, 0, 0, 0, 0, 8000, 0, 0, 0, 0
5, 0.00000, 5.97162, 0, 0, 0.0000806664, 3.09465, -0.0000806664, 0.0000806664, 0, 0.0000806664, 0, 0.000195232, 1, 1, 9999, 9999, 9999, 9999, 9999, 9999, 9999, 9999, 0, 9999, 4.6655, 0, 0, 0, 0, 0, 8000, 0, 0, 0, 0
