hour,t(sec),kWh,State,kWOut,kWIn,kvarOut,DCkW,kWTotalLosses,kWInvLosses,kWIdlingLosses,kWChDchLosses,"kWh Chng",InvEff,InverterON,Vref,"Vavg (DRC)","VV Oper","VW Oper","DRC Oper","VV_DRC Oper","WP Oper","WV Oper",kWDesired,"kW VW Limit","Limit kWOut Function","kVA Exceeded","Grid voltage",di/dt,it,"it History","Rated VDC","Avg duty cycle","Target (Amps)","Series L","Max. Amps (phase)"
1, 0.00000, 11.6637, 1, 1.44669, 0, -3.09468, 1.44669, 0.0761415, 0, 0, 0.0761415, -6.99825, 1, 1, 9999, 9999, 9999, 9999, 9999, 9999, 9999, 9999, 1.44672, 9999, 4.6655, 0, 0, 0, 0, 0, 8000, 0, 0, 0, 0
2, 0.00000, 10.1409, 1, 0.416541, 0, -3.09471, 0.416541, 0.0219232, 0, 0, 0.0219232, -1.52283, 1, 1, 9999, 9999, 9999, 9999, 9999, 9999, 9999, 9999, 0.416531, 9999, 4.6655, 0, 0, 0, 0, 0, 8000, 0, 0, 0, 0
3, 0.00000, 9.70246, -1, 0, 0.00084022, -3.09474, -0.00084022, 0.000042011, 0, 0, 0.000042011, -0.438465, 1, 1, 9999, 9999, 9999, 9999, 9999, 9999, 9999, 9999, -4.70189E-35, 9999, 4.6655, 0, 0, 0, 0, 0, 8000, 0, 0, 0, 0
4, 0.00000, 9.70325, 0, 0, 0.000449816, -3.09477, -0.000449816, 0.000449816, 0, 0.000449816, 0, 0.000798209, 1, 1, 9999, 9999, 9999, 9999, 9999, 9999, 9999, 9999, 0, 9999, 4.6655, 0, 0, 0, 0, 0, 8000, 0, 0, 0, 0
5, 0.00000, 9.70325, 1, 0.00019029, 0, -3.09465, 0.00019029, 0.0000100153, 0, 0, 0.0000100153, 0, 1, 1, 9999, 9999, 9999, 9999, 9999, 9999, 9999, 9999, 6.9222E-19, 9999, 4.6655, 0, 0, 0, 0, 0, 8000, 0, 0, 0, 0
