hour,t(sec),kWh,State,kWOut,kWIn,kvarOut,DCkW,kWTotalLosses,kWInvLosses,kWIdlingLosses,kWChDchLosses,"kWh Chng",InvEff,InverterON,Vref,"Vavg (DRC)","VV Oper","VW Oper","DRC Oper","VV_DRC Oper","WP Oper","WV Oper",kWDesired,"kW VW Limit","Limit kWOut Function","kVA Exceeded","Grid voltage",di/dt,it,"it History","Rated VDC","Avg duty cycle","Target (Amps)","Series L","Max. Amps (phase)"
1, 0.00000, 11.6637, 1, 1.14375, 0, 2.16517, 1.14375, 0.0601974, 0, 0, 0.0601974, -6.99825, 1, 1, 9999, 9999, 9999, 9999, 9999, 9999, 9999, 9999, 1.14375, 9999, 4.6655, 0, 0, 0, 0, 0, 8000, 0, 0, 0, 0
2, 0.00000, 10.4598, 1, 0.100503, 0, 2.35691, 0.100503, 0.00528962, 0, 0, 0.00528962, -1.20395, 1, 1, 9999, 9999, 9999, 9999, 9999, 9999, 9999, 9999, 0.100509, 9999, 4.6655, 0, 0, 0, 0, 0, 8000, 0, 0, 0, 0
3, 0.00000, 10.354, 0, 0, 0.000589293, 2.42637, -0.000589293, 0.000589293, 0, 0.000589293, 0, -0.105792, 1, 1, 9999, 9999, 9999, 9999, 9999, 9999, 9999, 9999, 0, 9999, 4.6655, 0, 0, 0, 0, 0, 8000, 0, 0, 0, 0
4, 0.00000, 10.354, -1, 0, 0.000346152, 2.48582, -0.000346152, 0.0000173076, 0, 0, 0.0000173076, 0, 1, 1, 9999, 9999, 9999, 9999, 9999, 9999, 9999, 9999, -7.93508E-20, 9999, 4.6655, 0, 0, 0, 0, 0, 8000, 0, 0, 0, 0
5, 0.00000, 10.3543, 1, 0.000137275, 0, 2.38803, 0.000137275, 7.22502E-6, 0, 0, 7.22502E-6, 0.000328845, 1, 1, 9999, 9999, 9999, 9999, 9999, 9999, 9999, 9999, 4.97809E-19, 9999, 4.6655, 0, 0, 0, 0, 0, 8000, 0, 0, 0, 0
