hour,t(sec),kWh,State,kWOut,kWIn,kvarOut,DCkW,kWTotalLosses,kWInvLosses,kWIdlingLosses,kWChDchLosses,"kWh Chng",InvEff,InverterON,Vref,"Vavg (DRC)","VV Oper","VW Oper","DRC Oper","VV_DRC Oper","WP Oper","WV Oper",kWDesired,"kW VW Limit","Limit kWOut Function","kVA Exceeded","Grid voltage",di/dt,it,"it History","Rated VDC","Avg duty cycle","Target (Amps)","Series L","Max. Amps (phase)"
1, 0.00000, 11.6637, 1, 0.986342, 0, 3.09467, 0.986342, 0.0519127, 0, 0, 0.0519127, -6.99825, 1, 1, 9999, 9999, 9999, 9999, 9999, 9999, 9999, 9999, 0.986333, 9999, 4.6655, 0, 0, 0, 0, 0, 8000, 0, 0, 0, 0
2, 0.00000, 10.6255, 0, 0, 7.64393E-6, 3.09471, -7.64393E-6, 7.64393E-6, 0, 7.64393E-6, 0, -1.03825, 1, 1, 9999, 9999, 9999, 9999, 9999, 9999, 9999, 9999, 0, 9999, 4.6655, 0, 0, 0, 0, 0, 8000, 0, 0, 0, 0
3, 0.00000, 10.6255, -1, 0, 0.000332386, 3.09486, -0.000332386, 0.0000166193, 0, 0, 0.0000166193, 0, 1, 1, 9999, 9999, 9999, 9999, 9999, 9999, 9999, 9999, -1.75838E-19, 9999, 4.6655, 0, 0, 0, 0, 0, 8000, 0, 0, 0, 0
4, 0.00000, 10.6258, 1, 0.000291377, 0, 3.09485, 0.000291377, 0.0000153356, 0, 0, 0.0000153356, 0.000315767, 1, 1, 9999, 9999, 9999, 9999, 9999, 9999, 9999, 9999, 4.30248E-20, 9999, 4.6655, 0, 0, 0, 0, 0, 8000, 0, 0, 0, 0
5, 0.00000, 10.6255, 1, 0.000107198, 0, 3.09463, 0.000107198, 5.642E-6, 0, 0, 5.642E-6, -0.000306712, 1, 1, 9999, 9999, 9999, 9999, 9999, 9999, 9999, 9999, 6.71179E-20, 9999, 4.6655, 0, 0, 0, 0, 0, 8000, 0, 0, 0, 0
