hour,t(sec),kWh,State,kWOut,kWIn,kvarOut,DCkW,kWTotalLosses,kWInvLosses,kWIdlingLosses,kWChDchLosses,"kWh Chng",InvEff,InverterON,Vref,"Vavg (DRC)","VV Oper","VW Oper","DRC Oper","VV_DRC Oper","WP Oper","WV Oper",kWDesired,"kW VW Limit","Limit kWOut Function","kVA Exceeded","Grid voltage",di/dt,it,"it History","Rated VDC","Avg duty cycle","Target (Amps)","Series L","Max. Amps (phase)"
1, 0.00000, 11.6637, 1, 2.6375, 0, 2.50118, 2.6375, 0.138816, 0, 0, 0.138816, -6.99825, 1, 1, 9999, 9999, 9999, 9999, 9999, 9999, 9999, 9999, 2.6375, 9999, 4.6655, 0, 0, 0, 0, 0, 8000, 0, 0, 0, 0
2, 0.00000, 8.88744, 1, 1.60153, 0, 2.69901, 1.60153, 0.0842908, 0, 0, 0.0842908, -2.77631, 1, 1, 9999, 9999, 9999, 9999, 9999, 9999, 9999, 9999, 1.60153, 9999, 4.6655, 0, 0, 0, 0, 0, 8000, 0, 0, 0, 0
3, 0.00000, 7.20162, 1, 1.27002, 0, 2.77492, 1.27002, 0.0668434, 0, 0, 0.0668434, -1.68582, 1, 1, 9999, 9999, 9999, 9999, 9999, 9999, 9999, 9999, 1.27023, 9999, 4.6655, 0, 0, 0, 0, 0, 8000, 0, 0, 0, 0
4, 0.00000, 5.86475, 1, 0.000190162, 0, 2.85559, 0.000190162, 0.0000100085, 0, 0, 0.0000100085, -1.33687, 1, 1, 9999, 9999, 9999, 9999, 9999, 9999, 9999, 9999, 2.44878E-18, 9999, 4.6655, 0, 0, 0, 0, 0, 8000, 0, 0, 0, 0
5, 0.00000, 5.86455, -1, 0, 0.0000718357, 2.72476, -0.0000718357, 3.59179E-6, 0, 0, 3.59179E-6, -0.000200171, 1, 1, 9999, 9999, 9999, 9999, 9999, 9999, 9999, 9999, -1.83849E-20, 9999, 4.6655, 0, 0, 0, 0, 0, 8000, 0, 0, 0, 0
