hour,t(sec),kWh,State,kWOut,kWIn,kvarOut,DCkW,kWTotalLosses,kWInvLosses,kWIdlingLosses,kWChDchLosses,"kWh Chng",InvEff,InverterON,Vref,"Vavg (DRC)","VV Oper","VW Oper","DRC Oper","VV_DRC Oper","WP Oper","WV Oper",kWDesired,"kW VW Limit","Limit kWOut Function","kVA Exceeded","Grid voltage",di/dt,it,"it History","Rated VDC","Avg duty cycle","Target (Amps)","Series L","Max. Amps (phase)"
1, 0.00000, 40.8363, 1, 2.14003, 0, 10.835, 2.14003, 0.112633, 0, 0, 0.112633, -24.5018, 1, 1, 9999, 9999, 9999, 9999, 9999, 9999, 9999, 9999, 2.13998, 9999, 16.3345, 0, 0, 0, 0, 0, 8000, 0, 0, 0, 0
2, 0.00000, 38.5836, 1, 0.0000288839, 0, 10.8351, 0.0000288839, 1.52021E-6, 0, 0, 1.52021E-6, -2.25266, 1, 1, 9999, 9999, 9999, 9999, 9999, 9999, 9999, 9999, 1.01115E-19, 9999, 16.3345, 0, 0, 0, 0, 0, 8000, 0, 0, 0, 0
3, 0.00000, 38.5836, 1, 0.00118288, 0, 10.8357, 0.00118288, 0.0000622569, 0, 0, 0.0000622569, -0.0000304041, 1, 1, 9999, 9999, 9999, 9999, 9999, 9999, 9999, 9999, 1.42842E-19, 9999, 16.3345, 0, 0, 0, 0, 0, 8000, 0, 0, 0, 0
4, 0.00000, 38.5823, 1, 0.00108061, 0, 10.8357, 0.00108061, 0.0000568745, 0, 0, 0.0000568745, -0.00124514, 1, 1, 9999, 9999, 9999, 9999, 9999, 9999, 9999, 9999, 1.20323E-20, 9999, 16.3345, 0, 0, 0, 0, 0, 8000, 0, 0, 0, 0
5, 0.00000, 38.5812, -1, 0, 0.936319, 10.8349, -0.936319, 0.046816, 0, 0, 0.046816, -0.00113749, 1, 1, 9999, 9999, 9999, 9999, 9999, 9999, 9999, 9999, -0.936735, 9999, 16.3345, 0, 0, 0, 0, 0, 8000, 0, 0, 0, 0
