hour,t(sec),kWh,State,kWOut,kWIn,kvarOut,DCkW,kWTotalLosses,kWInvLosses,kWIdlingLosses,kWChDchLosses,"kWh Chng",InvEff,InverterON,Vref,"Vavg (DRC)","VV Oper","VW Oper","DRC Oper","VV_DRC Oper","WP Oper","WV Oper",kWDesired,"kW VW Limit","Limit kWOut Function","kVA Exceeded","Grid voltage",di/dt,it,"it History","Rated VDC","Avg duty cycle","Target (Amps)","Series L","Max. Amps (phase)"
1, 0.00000, 11.6637, 1, 1.44411, 0, 2.50596, 1.44411, 0.076006, 0, 0, 0.076006, -6.99825, 1, 1, 9999, 9999, 9999, 9999, 9999, 9999, 9999, 9999, 1.44411, 9999, 4.6655, 0, 0, 0, 0, 0, 8000, 0, 0, 0, 0
2, 0.00000, 10.1436, 1, 0.401176, 0, 2.59441, 0.401176, 0.0211145, 0, 0, 0.0211145, -1.52012, 1, 1, 9999, 9999, 9999, 9999, 9999, 9999, 9999, 9999, 0.401182, 9999, 4.6655, 0, 0, 0, 0, 0, 8000, 0, 0, 0, 0
3, 0.00000, 9.72134, 1, 0.00746045, 0, 2.62833, 0.00746045, 0.000392655, 0, 0, 0.000392655, -0.42229, 1, 1, 9999, 9999, 9999, 9999, 9999, 9999, 9999, 9999, 0.00811284, 9999, 4.6655, 0, 0, 0, 0, 0, 8000, 0, 0, 0, 0
4, 0.00000, 9.71349, -1, 0, 0.000393358, 2.65714, -0.000393358, 0.0000196679, 0, 0, 0.0000196679, -0.0078531, 1, 1, 9999, 9999, 9999, 9999, 9999, 9999, 9999, 9999, -1.06154E-18, 9999, 4.6655, 0, 0, 0, 0, 0, 8000, 0, 0, 0, 0
5, 0.00000, 9.71386, -1, 0, 0.000165272, 2.61151, -0.000165272, 8.26359E-6, 0, 0, 8.26359E-6, 0.00037369, 1, 1, 9999, 9999, 9999, 9999, 9999, 9999, 9999, 9999, -7.65049E-20, 9999, 4.6655, 0, 0, 0, 0, 0, 8000, 0, 0, 0, 0
