hour,t(sec),kWh,State,kWOut,kWIn,kvarOut,DCkW,kWTotalLosses,kWInvLosses,kWIdlingLosses,kWChDchLosses,"kWh Chng",InvEff,InverterON,Vref,"Vavg (DRC)","VV Oper","VW Oper","DRC Oper","VV_DRC Oper","WP Oper","WV Oper",kWDesired,"kW VW Limit","Limit kWOut Function","kVA Exceeded","Grid voltage",di/dt,it,"it History","Rated VDC","Avg duty cycle","Target (Amps)","Series L","Max. Amps (phase)"
1, 0.00000, 11.6637, 1, 1.2644, 0, 2.16607, 1.2644, 0.0665473, 0, 0, 0.0665473, -6.99825, 1, 1, 9999, 9999, 9999, 9999, 9999, 9999, 9999, 9999, 1.2644, 9999, 4.6655, 0, 0, 0, 0, 0, 8000, 0, 0, 0, 0
2, 0.00000, 10.3328, 1, 0.227857, 0, 2.53501, 0.227857, 0.0119925, 0, 0, 0.0119925, -1.33095, 1, 1, 9999, 9999, 9999, 9999, 9999, 9999, 9999, 9999, 0.227863, 9999, 4.6655, 0, 0, 0, 0, 0, 8000, 0, 0, 0, 0
3, 0.00000, 10.093, -1, 0, 0.000641655, 2.61966, -0.000641655, 0.0000320828, 0, 0, 0.0000320828, -0.23985, 1, 1, 9999, 9999, 9999, 9999, 9999, 9999, 9999, 9999, -6.23591E-20, 9999, 4.6655, 0, 0, 0, 0, 0, 8000, 0, 0, 0, 0
4, 0.00000, 10.0936, 0, 0, 0.00036353, 2.65141, -0.00036353, 0.00036353, 0, 0.00036353, 0, 0.000609572, 1, 1, 9999, 9999, 9999, 9999, 9999, 9999, 9999, 9999, 0, 9999, 4.6655, 0, 0, 0, 0, 0, 8000, 0, 0, 0, 0
5, 0.00000, 10.0936, 0, 0, 0.00015044, 2.59653, -0.00015044, 0.00015044, 0, 0.00015044, 0, 0, 1, 1, 9999, 9999, 9999, 9999, 9999, 9999, 9999, 9999, 0, 9999, 4.6655, 0, 0, 0, 0, 0, 8000, 0, 0, 0, 0
