hour,t(sec),kWh,State,kWOut,kWIn,kvarOut,DCkW,kWTotalLosses,kWInvLosses,kWIdlingLosses,kWChDchLosses,"kWh Chng",InvEff,InverterON,Vref,"Vavg (DRC)","VV Oper","VW Oper","DRC Oper","VV_DRC Oper","WP Oper","WV Oper",kWDesired,"kW VW Limit","Limit kWOut Function","kVA Exceeded","Grid voltage",di/dt,it,"it History","Rated VDC","Avg duty cycle","Target (Amps)","Series L","Max. Amps (phase)"
1, 0.00000, 40.8363, 1, 4.88877, 0, 10.835, 4.88877, 0.257304, 0, 0, 0.257304, -24.5018, 1, 1, 9999, 9999, 9999, 9999, 9999, 9999, 9999, 9999, 4.88875, 9999, 16.3345, 0, 0, 0, 0, 0, 8000, 0, 0, 0, 0
2, 0.00000, 35.6902, 1, 1.25579, 0, 10.8351, 1.25579, 0.0660943, 0, 0, 0.0660943, -5.14607, 1, 1, 9999, 9999, 9999, 9999, 9999, 9999, 9999, 9999, 1.25581, 9999, 16.3345, 0, 0, 0, 0, 0, 8000, 0, 0, 0, 0
3, 0.00000, 34.3683, 1, 0.0343983, 0, 10.8361, 0.0343983, 0.00181044, 0, 0, 0.00181044, -1.32189, 1, 1, 9999, 9999, 9999, 9999, 9999, 9999, 9999, 9999, 0.0365729, 9999, 16.3345, 0, 0, 0, 0, 0, 8000, 0, 0, 0, 0
4, 0.00000, 34.3321, 0, 0, 0.00142544, 10.8358, -0.00142544, 0.00142544, 0, 0.00142544, 0, -0.0362088, 1, 1, 9999, 9999, 9999, 9999, 9999, 9999, 9999, 9999, 0, 9999, 16.3345, 0, 0, 0, 0, 0, 8000, 0, 0, 0, 0
5, 0.00000, 34.3321, 1, 0.000571781, 0, 10.8347, 0.000571781, 0.0000300937, 0, 0, 0.0000300937, 0, 1, 1, 9999, 9999, 9999, 9999, 9999, 9999, 9999, 9999, 9.28747E-19, 9999, 16.3345, 0, 0, 0, 0, 0, 8000, 0, 0, 0, 0
