hour,t(sec),kWh,State,kWOut,kWIn,kvarOut,DCkW,kWTotalLosses,kWInvLosses,kWIdlingLosses,kWChDchLosses,"kWh Chng",InvEff,InverterON,Vref,"Vavg (DRC)","VV Oper","VW Oper","DRC Oper","VV_DRC Oper","WP Oper","WV Oper",kWDesired,"kW VW Limit","Limit kWOut Function","kVA Exceeded","Grid voltage",di/dt,it,"it History","Rated VDC","Avg duty cycle","Target (Amps)","Series L","Max. Amps (phase)"
1, 0.00000, 11.6637, 1, 1.42112, 0, -3.09468, 1.42112, 0.0747959, 0, 0, 0.0747959, -6.99825, 1, 1, 9999, 9999, 9999, 9999, 9999, 9999, 9999, 9999, 1.42116, 9999, 4.6655, 0, 0, 0, 0, 0, 8000, 0, 0, 0, 0
2, 0.00000, 10.1678, 1, 0.123072, 0, -3.09471, 0.123072, 0.00647745, 0, 0, 0.00647745, -1.49592, 1, 1, 9999, 9999, 9999, 9999, 9999, 9999, 9999, 9999, 0.123062, 9999, 4.6655, 0, 0, 0, 0, 0, 8000, 0, 0, 0, 0
3, 0.00000, 10.0383, 0, 0, 0.000857938, -3.09468, -0.000857938, 0.000857938, 0, 0.000857938, 0, -0.129549, 1, 1, 9999, 9999, 9999, 9999, 9999, 9999, 9999, 9999, 0, 9999, 4.6655, 0, 0, 0, 0, 0, 8000, 0, 0, 0, 0
4, 0.00000, 10.0383, 0, 0, 0.00046214, -3.09475, -0.00046214, 0.00046214, 0, 0.00046214, 0, 0, 1, 1, 9999, 9999, 9999, 9999, 9999, 9999, 9999, 9999, 0, 9999, 4.6655, 0, 0, 0, 0, 0, 8000, 0, 0, 0, 0
5, 0.00000, 10.0383, -1, 0, 0.000201306, -3.09466, -0.000201306, 0.0000100653, 0, 0, 0.0000100653, 0, 1, 1, 9999, 9999, 9999, 9999, 9999, 9999, 9999, 9999, -1.31875E-34, 9999, 4.6655, 0, 0, 0, 0, 0, 8000, 0, 0, 0, 0
