hour,t(sec),kWh,State,kWOut,kWIn,kvarOut,DCkW,kWTotalLosses,kWInvLosses,kWIdlingLosses,kWChDchLosses,"kWh Chng",InvEff,InverterON,Vref,"Vavg (DRC)","VV Oper","VW Oper","DRC Oper","VV_DRC Oper","WP Oper","WV Oper",kWDesired,"kW VW Limit","Limit kWOut Function","kVA Exceeded","Grid voltage",di/dt,it,"it History","Rated VDC","Avg duty cycle","Target (Amps)","Series L","Max. Amps (phase)"
1, 0.00000, 11.6637, 1, 1.00041, 0, -0.925517, 1.00041, 0.052653, 0, 0, 0.052653, -6.99825, 1, 1, 9999, 9999, 9999, 9999, 9999, 9999, 9999, 9999, 1.00042, 9999, 4.6655, 0, 0, 0, 0, 0, 8000, 0, 0, 0, 0
2, 0.00000, 10.6107, 1, 1.64569E-6, 0, -0.625282, 1.64569E-6, 8.66155E-8, 0, 0, 8.66155E-8, -1.05306, 1, 1, 9999, 9999, 9999, 9999, 9999, 9999, 9999, 9999, 2.8823E-18, 9999, 4.6655, 0, 0, 0, 0, 0, 8000, 0, 0, 0, 0
3, 0.00000, 10.6107, -1, 0, 0.000122132, -0.517524, -0.000122132, 6.10661E-6, 0, 0, 6.10661E-6, -1.73231E-6, 1, 1, 9999, 9999, 9999, 9999, 9999, 9999, 9999, 9999, -1.34693E-18, 9999, 4.6655, 0, 0, 0, 0, 0, 8000, 0, 0, 0, 0
4, 0.00000, 10.6108, 0, 0, 0.0000566084, -0.425099, -0.0000566084, 0.0000566084, 0, 0.0000566084, 0, 0.000116026, 1, 1, 9999, 9999, 9999, 9999, 9999, 9999, 9999, 9999, 0, 9999, 4.6655, 0, 0, 0, 0, 0, 8000, 0, 0, 0, 0
5, 0.00000, 10.6108, -1, 0, 0.0000325724, -0.579314, -0.0000325724, 1.62862E-6, 0, 0, 1.62862E-6, 0, 1, 1, 9999, 9999, 9999, 9999, 9999, 9999, 9999, 9999, -6.47478E-20, 9999, 4.6655, 0, 0, 0, 0, 0, 8000, 0, 0, 0, 0
