hour,t(sec),kWh,State,kWOut,kWIn,kvarOut,DCkW,kWTotalLosses,kWInvLosses,kWIdlingLosses,kWChDchLosses,"kWh Chng",InvEff,InverterON,Vref,"Vavg (DRC)","VV Oper","VW Oper","DRC Oper","VV_DRC Oper","WP Oper","WV Oper",kWDesired,"kW VW Limit","Limit kWOut Function","kVA Exceeded","Grid voltage",di/dt,it,"it History","Rated VDC","Avg duty cycle","Target (Amps)","Series L","Max. Amps (phase)"
1, 0.00000, 11.6637, 1, 0.396626, 0, 3.09468, 0.396626, 0.0208751, 0, 0, 0.0208751, -6.99825, 1, 1, 9999, 9999, 9999, 9999, 9999, 9999, 9999, 9999, 0.396614, 9999, 4.6655, 0, 0, 0, 0, 0, 8000, 0, 0, 0, 0
2, 0.00000, 11.2462, 1, 6.78219E-6, 0, 3.09471, 6.78219E-6, 3.56957E-7, 0, 0, 3.56957E-7, -0.417501, 1, 1, 9999, 9999, 9999, 9999, 9999, 9999, 9999, 9999, 1.91883E-19, 9999, 4.6655, 0, 0, 0, 0, 0, 8000, 0, 0, 0, 0
3, 0.00000, 11.2462, 1, 0.000318955, 0, 3.09485, 0.000318955, 0.0000167871, 0, 0, 0.0000167871, -7.13914E-6, 1, 1, 9999, 9999, 9999, 9999, 9999, 9999, 9999, 9999, 1.21247E-19, 9999, 4.6655, 0, 0, 0, 0, 0, 8000, 0, 0, 0, 0
4, 0.00000, 11.2459, -1, 0, 0.000271946, 3.09484, -0.000271946, 0.0000135973, 0, 0, 0.0000135973, -0.000335742, 1, 1, 9999, 9999, 9999, 9999, 9999, 9999, 9999, 9999, -1.30279E-19, 9999, 4.6655, 0, 0, 0, 0, 0, 8000, 0, 0, 0, 0
5, 0.00000, 11.2462, 1, 0.000101406, 0, 3.09464, 0.000101406, 5.33718E-6, 0, 0, 5.33718E-6, 0.000258348, 1, 1, 9999, 9999, 9999, 9999, 9999, 9999, 9999, 9999, 1.38313E-20, 9999, 4.6655, 0, 0, 0, 0, 0, 8000, 0, 0, 0, 0
