hour,t(sec),kWh,State,kWOut,kWIn,kvarOut,DCkW,kWTotalLosses,kWInvLosses,kWIdlingLosses,kWChDchLosses,"kWh Chng",InvEff,InverterON,Vref,"Vavg (DRC)","VV Oper","VW Oper","DRC Oper","VV_DRC Oper","WP Oper","WV Oper",kWDesired,"kW VW Limit","Limit kWOut Function","kVA Exceeded","Grid voltage",di/dt,it,"it History","Rated VDC","Avg duty cycle","Target (Amps)","Series L","Max. Amps (phase)"
1, 0.00000, 5.83362, 1, 0.849417, 0, 1.24308, 0.849417, 0.0447062, 0, 0, 0.0447062, -3.50017, 1, 1, 9999, 9999, 9999, 9999, 9999, 9999, 9999, 9999, 0.849417, 9999, 2.3335, 0, 0, 0, 0, 0, 8000, 0, 0, 0, 0
2, 0.00000, 4.9395, 1, 0.268747, 0, 1.28891, 0.268747, 0.0141446, 0, 0, 0.0141446, -0.894123, 1, 1, 9999, 9999, 9999, 9999, 9999, 9999, 9999, 9999, 0.268749, 9999, 2.3335, 0, 0, 0, 0, 0, 8000, 0, 0, 0, 0
3, 0.00000, 4.65661, 0, 0, 0.00031164, 1.30419, -0.00031164, 0.00031164, 0, 0.00031164, 0, -0.282891, 1, 1, 9999, 9999, 9999, 9999, 9999, 9999, 9999, 9999, 0, 9999, 2.3335, 0, 0, 0, 0, 0, 8000, 0, 0, 0, 0
4, 0.00000, 4.65661, 1, 0.000176161, 0, 1.31876, 0.000176161, 9.27161E-6, 0, 0, 9.27161E-6, 0, 1, 1, 9999, 9999, 9999, 9999, 9999, 9999, 9999, 9999, 1.88621E-19, 9999, 2.3335, 0, 0, 0, 0, 0, 8000, 0, 0, 0, 0
5, 0.00000, 4.65642, -1, 0, 0.0000732527, 1.29636, -0.0000732527, 3.66263E-6, 0, 0, 3.66263E-6, -0.000185432, 1, 1, 9999, 9999, 9999, 9999, 9999, 9999, 9999, 9999, -1.48882E-18, 9999, 2.3335, 0, 0, 0, 0, 0, 8000, 0, 0, 0, 0
