hour,t(sec),kWh,State,kWOut,kWIn,kvarOut,DCkW,kWTotalLosses,kWInvLosses,kWIdlingLosses,kWChDchLosses,"kWh Chng",InvEff,InverterON,Vref,"Vavg (DRC)","VV Oper","VW Oper","DRC Oper","VV_DRC Oper","WP Oper","WV Oper",kWDesired,"kW VW Limit","Limit kWOut Function","kVA Exceeded","Grid voltage",di/dt,it,"it History","Rated VDC","Avg duty cycle","Target (Amps)","Series L","Max. Amps (phase)"
1, 0.00000, 11.6637, 1, 1.48284, 0, 2.69769, 1.48284, 0.078044, 0, 0, 0.078044, -6.99825, 1, 1, 9999, 9999, 9999, 9999, 9999, 9999, 9999, 9999, 1.48284, 9999, 4.6655, 0, 0, 0, 0, 0, 8000, 0, 0, 0, 0
2, 0.00000, 10.1029, 1, 0.43976, 0, 2.8385, 0.43976, 0.0231452, 0, 0, 0.0231452, -1.56088, 1, 1, 9999, 9999, 9999, 9999, 9999, 9999, 9999, 9999, 0.439761, 9999, 4.6655, 0, 0, 0, 0, 0, 8000, 0, 0, 0, 0
3, 0.00000, 9.63997, 1, 0.0944363, 0, 2.89064, 0.0944363, 0.00497033, 0, 0, 0.00497033, -0.462905, 1, 1, 9999, 9999, 9999, 9999, 9999, 9999, 9999, 9999, 0.094523, 9999, 4.6655, 0, 0, 0, 0, 0, 8000, 0, 0, 0, 0
4, 0.00000, 9.54056, 1, 0.0000665917, 0, 2.93273, 0.0000665917, 3.50483E-6, 0, 0, 3.50483E-6, -0.0994066, 1, 1, 9999, 9999, 9999, 9999, 9999, 9999, 9999, 9999, 3.09915E-19, 9999, 4.6655, 0, 0, 0, 0, 0, 8000, 0, 0, 0, 0
5, 0.00000, 9.54049, -1, 0, 0.0000249904, 2.83579, -0.0000249904, 1.24952E-6, 0, 0, 1.24952E-6, -0.0000700966, 1, 1, 9999, 9999, 9999, 9999, 9999, 9999, 9999, 9999, -8.57752E-19, 9999, 4.6655, 0, 0, 0, 0, 0, 8000, 0, 0, 0, 0
