hour,t(sec),kWh,State,kWOut,kWIn,kvarOut,DCkW,kWTotalLosses,kWInvLosses,kWIdlingLosses,kWChDchLosses,"kWh Chng",InvEff,InverterON,Vref,"Vavg (DRC)","VV Oper","VW Oper","DRC Oper","VV_DRC Oper","WP Oper","WV Oper",kWDesired,"kW VW Limit","Limit kWOut Function","kVA Exceeded","Grid voltage",di/dt,it,"it History","Rated VDC","Avg duty cycle","Target (Amps)","Series L","Max. Amps (phase)"
1, 0.00000, 5.83362, 1, 1.15448, 0, -1.54779, 1.15448, 0.0607619, 0, 0, 0.0607619, -3.50017, 1, 1, 9999, 9999, 9999, 9999, 9999, 9999, 9999, 9999, 1.1545, 9999, 2.3335, 0, 0, 0, 0, 0, 8000, 0, 0, 0, 0
2, 0.00000, 4.61839, 1, 0.596356, 0, -1.5478, 0.596356, 0.0313871, 0, 0, 0.0313871, -1.21524, 1, 1, 9999, 9999, 9999, 9999, 9999, 9999, 9999, 9999, 0.596349, 9999, 2.3335, 0, 0, 0, 0, 0, 8000, 0, 0, 0, 0
3, 0.00000, 3.99064, 0, 0, 0.000419903, -1.54782, -0.000419903, 0.000419903, 0, 0.000419903, 0, -0.627743, 1, 1, 9999, 9999, 9999, 9999, 9999, 9999, 9999, 9999, 0, 9999, 2.3335, 0, 0, 0, 0, 0, 8000, 0, 0, 0, 0
4, 0.00000, 3.99064, 1, 0.000225732, 0, -1.54784, 0.000225732, 0.0000118806, 0, 0, 0.0000118806, 0, 1, 1, 9999, 9999, 9999, 9999, 9999, 9999, 9999, 9999, 3.18733E-18, 9999, 2.3335, 0, 0, 0, 0, 0, 8000, 0, 0, 0, 0
5, 0.00000, 3.99041, 0, 0, 0.0000964405, -1.54777, -0.0000964405, 0.0000964405, 0, 0.0000964405, 0, -0.000237613, 1, 1, 9999, 9999, 9999, 9999, 9999, 9999, 9999, 9999, 0, 9999, 2.3335, 0, 0, 0, 0, 0, 8000, 0, 0, 0, 0
