hour,t(sec),kWh,State,kWOut,kWIn,kvarOut,DCkW,kWTotalLosses,kWInvLosses,kWIdlingLosses,kWChDchLosses,"kWh Chng",InvEff,InverterON,Vref,"Vavg (DRC)","VV Oper","VW Oper","DRC Oper","VV_DRC Oper","WP Oper","WV Oper",kWDesired,"kW VW Limit","Limit kWOut Function","kVA Exceeded","Grid voltage",di/dt,it,"it History","Rated VDC","Avg duty cycle","Target (Amps)","Series L","Max. Amps (phase)"
1, 0.00000, 5.83362, 1, 1.09871, 0, 1.54778, 1.09871, 0.0578266, 0, 0, 0.0578266, -3.50017, 1, 1, 9999, 9999, 9999, 9999, 9999, 9999, 9999, 9999, 1.09871, 9999, 2.3335, 0, 0, 0, 0, 0, 8000, 0, 0, 0, 0
2, 0.00000, 4.67709, 1, 3.93544E-6, 0, 1.5478, 3.93544E-6, 2.07128E-7, 0, 0, 2.07128E-7, -1.15653, 1, 1, 9999, 9999, 9999, 9999, 9999, 9999, 9999, 9999, 8.39057E-20, 9999, 2.3335, 0, 0, 0, 0, 0, 8000, 0, 0, 0, 0
3, 0.00000, 4.67709, 1, 0.00016668, 0, 1.54788, 0.00016668, 8.77263E-6, 0, 0, 8.77263E-6, -4.14257E-6, 1, 1, 9999, 9999, 9999, 9999, 9999, 9999, 9999, 9999, 9.40027E-20, 9999, 2.3335, 0, 0, 0, 0, 0, 8000, 0, 0, 0, 0
4, 0.00000, 4.67691, 1, 0.000149268, 0, 1.54788, 0.000149268, 7.85619E-6, 0, 0, 7.85619E-6, -0.000175453, 1, 1, 9999, 9999, 9999, 9999, 9999, 9999, 9999, 9999, 1.32718E-20, 9999, 2.3335, 0, 0, 0, 0, 0, 8000, 0, 0, 0, 0
5, 0.00000, 4.67676, 1, 0.000054657, 0, 1.54777, 0.000054657, 2.87668E-6, 0, 0, 2.87668E-6, -0.000157124, 1, 1, 9999, 9999, 9999, 9999, 9999, 9999, 9999, 9999, 8.05291E-20, 9999, 2.3335, 0, 0, 0, 0, 0, 8000, 0, 0, 0, 0
