hour,t(sec),kWh,State,kWOut,kWIn,kvarOut,DCkW,kWTotalLosses,kWInvLosses,kWIdlingLosses,kWChDchLosses,"kWh Chng",InvEff,InverterON,Vref,"Vavg (DRC)","VV Oper","VW Oper","DRC Oper","VV_DRC Oper","WP Oper","WV Oper",kWDesired,"kW VW Limit","Limit kWOut Function","kVA Exceeded","Grid voltage",di/dt,it,"it History","Rated VDC","Avg duty cycle","Target (Amps)","Series L","Max. Amps (phase)"
1, 0.00000, 11.6637, 1, 2.96403, 0, 2.59787, 2.96403, 0.156002, 0, 0, 0.156002, -6.99825, 1, 1, 9999, 9999, 9999, 9999, 9999, 9999, 9999, 9999, 2.96404, 9999, 4.6655, 0, 0, 0, 0, 0, 8000, 0, 0, 0, 0
2, 0.00000, 8.54372, 1, 1.7358, 0, 2.81421, 1.7358, 0.0913578, 0, 0, 0.0913578, -3.12003, 1, 1, 9999, 9999, 9999, 9999, 9999, 9999, 9999, 9999, 1.7358, 9999, 4.6655, 0, 0, 0, 0, 0, 8000, 0, 0, 0, 0
3, 0.00000, 6.71656, 1, 1.06181, 0, 2.89825, 1.06181, 0.0558849, 0, 0, 0.0558849, -1.82716, 1, 1, 9999, 9999, 9999, 9999, 9999, 9999, 9999, 9999, 1.06205, 9999, 4.6655, 0, 0, 0, 0, 0, 8000, 0, 0, 0, 0
4, 0.00000, 5.59886, 1, 0.000254192, 0, 3.02003, 0.000254192, 0.0000133785, 0, 0, 0.0000133785, -1.1177, 1, 1, 9999, 9999, 9999, 9999, 9999, 9999, 9999, 9999, 1.85953E-17, 9999, 4.6655, 0, 0, 0, 0, 0, 8000, 0, 0, 0, 0
5, 0.00000, 5.5986, 0, 0, 0.0000919143, 2.84394, -0.0000919143, 0.0000919143, 0, 0.0000919143, 0, -0.000262628, 1, 1, 9999, 9999, 9999, 9999, 9999, 9999, 9999, 9999, 6.69313E-19, 9999, 4.6655, 0, 0, 0, 0, 0, 8000, 0, 0, 0, 0
