hour,t(sec),kWh,State,kWOut,kWIn,kvarOut,DCkW,kWTotalLosses,kWInvLosses,kWIdlingLosses,kWChDchLosses,"kWh Chng",InvEff,InverterON,Vref,"Vavg (DRC)","VV Oper","VW Oper","DRC Oper","VV_DRC Oper","WP Oper","WV Oper",kWDesired,"kW VW Limit","Limit kWOut Function","kVA Exceeded","Grid voltage",di/dt,it,"it History","Rated VDC","Avg duty cycle","Target (Amps)","Series L","Max. Amps (phase)"
1, 0.00000, 5.83362, 1, 1.06769, 0, 1.54778, 1.06769, 0.0561944, 0, 0, 0.0561944, -3.50017, 1, 1, 9999, 9999, 9999, 9999, 9999, 9999, 9999, 9999, 1.06769, 9999, 2.3335, 0, 0, 0, 0, 0, 8000, 0, 0, 0, 0
2, 0.00000, 4.70974, 0, 0, 3.92981E-6, 1.5478, -3.92981E-6, 3.92981E-6, 0, 3.92981E-6, 0, -1.12389, 1, 1, 9999, 9999, 9999, 9999, 9999, 9999, 9999, 9999, 0, 9999, 2.3335, 0, 0, 0, 0, 0, 8000, 0, 0, 0, 0
3, 0.00000, 4.70974, 0, 0, 0.000166616, 1.54788, -0.000166616, 0.000166616, 0, 0.000166616, 0, 0, 1, 1, 9999, 9999, 9999, 9999, 9999, 9999, 9999, 9999, 0, 9999, 2.3335, 0, 0, 0, 0, 0, 8000, 0, 0, 0, 0
4, 0.00000, 4.70974, 1, 0.000149197, 0, 1.54788, 0.000149197, 7.85247E-6, 0, 0, 7.85247E-6, 0, 1, 1, 9999, 9999, 9999, 9999, 9999, 9999, 9999, 9999, 4.70947E-20, 9999, 2.3335, 0, 0, 0, 0, 0, 8000, 0, 0, 0, 0
5, 0.00000, 4.70958, 1, 0.0000546339, 0, 1.54777, 0.0000546339, 2.87547E-6, 0, 0, 2.87547E-6, -0.000157049, 1, 1, 9999, 9999, 9999, 9999, 9999, 9999, 9999, 9999, 1.60036E-19, 9999, 2.3335, 0, 0, 0, 0, 0, 8000, 0, 0, 0, 0
