hour,t(sec),kWh,State,kWOut,kWIn,kvarOut,DCkW,kWTotalLosses,kWInvLosses,kWIdlingLosses,kWChDchLosses,"kWh Chng",InvEff,InverterON,Vref,"Vavg (DRC)","VV Oper","VW Oper","DRC Oper","VV_DRC Oper","WP Oper","WV Oper",kWDesired,"kW VW Limit","Limit kWOut Function","kVA Exceeded","Grid voltage",di/dt,it,"it History","Rated VDC","Avg duty cycle","Target (Amps)","Series L","Max. Amps (phase)"
1, 0.00000, 11.6637, 1, 2.82561, 0, 2.49037, 2.82561, 0.148716, 0, 0, 0.148716, -6.99825, 1, 1, 9999, 9999, 9999, 9999, 9999, 9999, 9999, 9999, 2.82561, 9999, 4.6655, 0, 0, 0, 0, 0, 8000, 0, 0, 0, 0
2, 0.00000, 8.68943, 1, 1.69227, 0, 2.87321, 1.69227, 0.0890667, 0, 0, 0.0890667, -2.97432, 1, 1, 9999, 9999, 9999, 9999, 9999, 9999, 9999, 9999, 1.69227, 9999, 4.6655, 0, 0, 0, 0, 0, 8000, 0, 0, 0, 0
3, 0.00000, 6.90809, 1, 1.24376, 0, 3.05118, 1.24376, 0.0654611, 0, 0, 0.0654611, -1.78133, 1, 1, 9999, 9999, 9999, 9999, 9999, 9999, 9999, 9999, 1.24401, 9999, 4.6655, 0, 0, 0, 0, 0, 8000, 0, 0, 0, 0
4, 0.00000, 5.59887, 1, 0.000264114, 0, 3.09484, 0.000264114, 0.0000139008, 0, 0, 0.0000139008, -1.30922, 1, 1, 9999, 9999, 9999, 9999, 9999, 9999, 9999, 9999, 3.00281E-18, 9999, 4.6655, 0, 0, 0, 0, 0, 8000, 0, 0, 0, 0
5, 0.00000, 5.5986, 0, 0, 0.0000975538, 2.98754, -0.0000975538, 0.0000975538, 0, 0.0000975538, 0, -0.000270435, 1, 1, 9999, 9999, 9999, 9999, 9999, 9999, 9999, 9999, 8.27613E-19, 9999, 4.6655, 0, 0, 0, 0, 0, 8000, 0, 0, 0, 0
