hour,t(sec),kWh,State,kWOut,kWIn,kvarOut,DCkW,kWTotalLosses,kWInvLosses,kWIdlingLosses,kWChDchLosses,"kWh Chng",InvEff,InverterON,Vref,"Vavg (DRC)","VV Oper","VW Oper","DRC Oper","VV_DRC Oper","WP Oper","WV Oper",kWDesired,"kW VW Limit","Limit kWOut Function","kVA Exceeded","Grid voltage",di/dt,it,"it History","Rated VDC","Avg duty cycle","Target (Amps)","Series L","Max. Amps (phase)"
1, 0.00000, 11.6637, 1, 0.968425, 0, 2.47917, 0.968425, 0.0509697, 0, 0, 0.0509697, -6.99825, 1, 1, 9999, 9999, 9999, 9999, 9999, 9999, 9999, 9999, 0.968418, 9999, 4.6655, 0, 0, 0, 0, 0, 8000, 0, 0, 0, 0
2, 0.00000, 10.6444, -1, 0, 7.01543E-6, 2.57001, -7.01543E-6, 3.50772E-7, 0, 0, 3.50772E-7, -1.01939, 1, 1, 9999, 9999, 9999, 9999, 9999, 9999, 9999, 9999, -1.05118E-18, 9999, 4.6655, 0, 0, 0, 0, 0, 8000, 0, 0, 0, 0
3, 0.00000, 10.6444, -1, 0, 0.000623835, 2.60117, -0.000623835, 0.0000311917, 0, 0, 0.0000311917, 6.66466E-6, 1, 1, 9999, 9999, 9999, 9999, 9999, 9999, 9999, 9999, -6.81023E-21, 9999, 4.6655, 0, 0, 0, 0, 0, 8000, 0, 0, 0, 0
4, 0.00000, 10.645, -1, 0, 0.000356971, 2.63502, -0.000356971, 0.0000178485, 0, 0, 0.0000178485, 0.000592643, 1, 1, 9999, 9999, 9999, 9999, 9999, 9999, 9999, 9999, -4.20646E-19, 9999, 4.6655, 0, 0, 0, 0, 0, 8000, 0, 0, 0, 0
5, 0.00000, 10.6453, -1, 0, 0.000148182, 2.58813, -0.000148182, 7.40908E-6, 0, 0, 7.40908E-6, 0.000339122, 1, 1, 9999, 9999, 9999, 9999, 9999, 9999, 9999, 9999, -2.7128E-20, 9999, 4.6655, 0, 0, 0, 0, 0, 8000, 0, 0, 0, 0
