hour,t(sec),kWh,State,kWOut,kWIn,kvarOut,DCkW,kWTotalLosses,kWInvLosses,kWIdlingLosses,kWChDchLosses,"kWh Chng",InvEff,InverterON,Vref,"Vavg (DRC)","VV Oper","VW Oper","DRC Oper","VV_DRC Oper","WP Oper","WV Oper",kWDesired,"kW VW Limit","Limit kWOut Function","kVA Exceeded","Grid voltage",di/dt,it,"it History","Rated VDC","Avg duty cycle","Target (Amps)","Series L","Max. Amps (phase)"
1, 0.00000, 11.6637, 1, 2.20076, 0, 2.51228, 2.20076, 0.11583, 0, 0, 0.11583, -6.99825, 1, 1, 9999, 9999, 9999, 9999, 9999, 9999, 9999, 9999, 2.20076, 9999, 4.6655, 0, 0, 0, 0, 0, 8000, 0, 0, 0, 0
2, 0.00000, 9.34716, 1, 1.16791, 0, 2.7094, 1.16791, 0.0614691, 0, 0, 0.0614691, -2.31659, 1, 1, 9999, 9999, 9999, 9999, 9999, 9999, 9999, 9999, 1.16791, 9999, 4.6655, 0, 0, 0, 0, 0, 8000, 0, 0, 0, 0
3, 0.00000, 8.11778, 1, 0.843823, 0, 2.78734, 0.843823, 0.0444117, 0, 0, 0.0444117, -1.22938, 1, 1, 9999, 9999, 9999, 9999, 9999, 9999, 9999, 9999, 0.843989, 9999, 4.6655, 0, 0, 0, 0, 0, 8000, 0, 0, 0, 0
4, 0.00000, 7.22954, 0, 0, 0.000144035, 2.86047, -0.000144035, 0.000144035, 0, 0.000144035, 0, -0.888234, 1, 1, 9999, 9999, 9999, 9999, 9999, 9999, 9999, 9999, 0, 9999, 4.6655, 0, 0, 0, 0, 0, 8000, 0, 0, 0, 0
5, 0.00000, 7.22954, 1, 0.0000533019, 0, 2.72087, 0.0000533019, 2.80536E-6, 0, 0, 2.80536E-6, 0, 1, 1, 9999, 9999, 9999, 9999, 9999, 9999, 9999, 9999, 3.99665E-19, 9999, 4.6655, 0, 0, 0, 0, 0, 8000, 0, 0, 0, 0
