hour,t(sec),kWh,State,kWOut,kWIn,kvarOut,DCkW,kWTotalLosses,kWInvLosses,kWIdlingLosses,kWChDchLosses,"kWh Chng",InvEff,InverterON,Vref,"Vavg (DRC)","VV Oper","VW Oper","DRC Oper","VV_DRC Oper","WP Oper","WV Oper",kWDesired,"kW VW Limit","Limit kWOut Function","kVA Exceeded","Grid voltage",di/dt,it,"it History","Rated VDC","Avg duty cycle","Target (Amps)","Series L","Max. Amps (phase)"
1, 0.00000, 11.6637, 1, 1.41799, 0, -3.09468, 1.41799, 0.0746313, 0, 0, 0.0746313, -6.99825, 1, 1, 9999, 9999, 9999, 9999, 9999, 9999, 9999, 9999, 1.41803, 9999, 4.6655, 0, 0, 0, 0, 0, 8000, 0, 0, 0, 0
2, 0.00000, 10.1711, 1, 0.38232, 0, -3.09471, 0.38232, 0.0201221, 0, 0, 0.0201221, -1.49263, 1, 1, 9999, 9999, 9999, 9999, 9999, 9999, 9999, 9999, 0.38231, 9999, 4.6655, 0, 0, 0, 0, 0, 8000, 0, 0, 0, 0
3, 0.00000, 9.76868, 0, 0, 0.000812439, -3.09478, -0.000812439, 0.000812439, 0, 0.000812439, 0, -0.402442, 1, 1, 9999, 9999, 9999, 9999, 9999, 9999, 9999, 9999, 0, 9999, 4.6655, 0, 0, 0, 0, 0, 8000, 0, 0, 0, 0
4, 0.00000, 9.76868, 1, 0.000448904, 0, -3.09479, 0.000448904, 0.0000236265, 0, 0, 0.0000236265, 0, 1, 1, 9999, 9999, 9999, 9999, 9999, 9999, 9999, 9999, 1.45974E-19, 9999, 4.6655, 0, 0, 0, 0, 0, 8000, 0, 0, 0, 0
5, 0.00000, 9.76821, -1, 0, 0.000194552, -3.09464, -0.000194552, 9.7276E-6, 0, 0, 9.7276E-6, -0.00047253, 1, 1, 9999, 9999, 9999, 9999, 9999, 9999, 9999, 9999, -5.84774E-19, 9999, 4.6655, 0, 0, 0, 0, 0, 8000, 0, 0, 0, 0
