hour,t(sec),kWh,State,kWOut,kWIn,kvarOut,DCkW,kWTotalLosses,kWInvLosses,kWIdlingLosses,kWChDchLosses,"kWh Chng",InvEff,InverterON,Vref,"Vavg (DRC)","VV Oper","VW Oper","DRC Oper","VV_DRC Oper","WP Oper","WV Oper",kWDesired,"kW VW Limit","Limit kWOut Function","kVA Exceeded","Grid voltage",di/dt,it,"it History","Rated VDC","Avg duty cycle","Target (Amps)","Series L","Max. Amps (phase)"
1, 0.00000, 5.83362, 1, 1.07311, 0, -1.5478, 1.07311, 0.0564794, 0, 0, 0.0564794, -3.50017, 1, 1, 9999, 9999, 9999, 9999, 9999, 9999, 9999, 9999, 1.07313, 9999, 2.3335, 0, 0, 0, 0, 0, 8000, 0, 0, 0, 0
2, 0.00000, 4.70404, 1, 0.477417, 0, -1.5478, 0.477417, 0.0251272, 0, 0, 0.0251272, -1.12959, 1, 1, 9999, 9999, 9999, 9999, 9999, 9999, 9999, 9999, 0.477411, 9999, 2.3335, 0, 0, 0, 0, 0, 8000, 0, 0, 0, 0
3, 0.00000, 4.20149, 1, 0.000437194, 0, -1.54777, 0.000437194, 0.0000230102, 0, 0, 0.0000230102, -0.502544, 1, 1, 9999, 9999, 9999, 9999, 9999, 9999, 9999, 9999, 3.2179E-18, 9999, 2.3335, 0, 0, 0, 0, 0, 8000, 0, 0, 0, 0
4, 0.00000, 4.20103, -1, 0, 0.000234319, -1.54782, -0.000234319, 0.000011716, 0, 0, 0.000011716, -0.000460204, 1, 1, 9999, 9999, 9999, 9999, 9999, 9999, 9999, 9999, -5.48349E-19, 9999, 2.3335, 0, 0, 0, 0, 0, 8000, 0, 0, 0, 0
5, 0.00000, 4.20126, -1, 0, 0.000102639, -1.54779, -0.000102639, 5.13196E-6, 0, 0, 5.13196E-6, 0.000222603, 1, 1, 9999, 9999, 9999, 9999, 9999, 9999, 9999, 9999, -8.46617E-19, 9999, 2.3335, 0, 0, 0, 0, 0, 8000, 0, 0, 0, 0
