hour,t(sec),kWh,State,kWOut,kWIn,kvarOut,DCkW,kWTotalLosses,kWInvLosses,kWIdlingLosses,kWChDchLosses,"kWh Chng",InvEff,InverterON,Vref,"Vavg (DRC)","VV Oper","VW Oper","DRC Oper","VV_DRC Oper","WP Oper","WV Oper",kWDesired,"kW VW Limit","Limit kWOut Function","kVA Exceeded","Grid voltage",di/dt,it,"it History","Rated VDC","Avg duty cycle","Target (Amps)","Series L","Max. Amps (phase)"
1, 0.00000, 11.6637, 1, 1.14089, 0, -0.0765873, 1.14089, 0.0600468, 0, 0, 0.0600468, -6.99825, 1, 1, 9999, 9999, 9999, 9999, 9999, 9999, 9999, 9999, 1.1409, 9999, 4.6655, 0, 0, 0, 0, 0, 8000, 0, 0, 0, 0
2, 0.00000, 10.4628, -1, 0, 4.3709E-7, 0.158481, -4.3709E-7, 2.18545E-8, 0, 0, 2.18545E-8, -1.20094, 1, 1, 9999, 9999, 9999, 9999, 9999, 9999, 9999, 9999, -4.34307E-19, 9999, 4.6655, 0, 0, 0, 0, 0, 8000, 0, 0, 0, 0
3, 0.00000, 10.4628, -1, 0, 0.0000592026, 0.242627, -0.0000592026, 2.96013E-6, 0, 0, 2.96013E-6, 4.15236E-7, 1, 1, 9999, 9999, 9999, 9999, 9999, 9999, 9999, 9999, -1.63213E-18, 9999, 4.6655, 0, 0, 0, 0, 0, 8000, 0, 0, 0, 0
4, 0.00000, 10.4629, -1, 0, 0.0000432165, 0.312984, -0.0000432165, 2.16082E-6, 0, 0, 2.16082E-6, 0.0000562425, 1, 1, 9999, 9999, 9999, 9999, 9999, 9999, 9999, 9999, -7.27491E-19, 9999, 4.6655, 0, 0, 0, 0, 0, 8000, 0, 0, 0, 0
5, 0.00000, 10.4629, -1, 0, 0.0000113587, 0.194554, -0.0000113587, 5.67935E-7, 0, 0, 5.67935E-7, 0.0000410557, 1, 1, 9999, 9999, 9999, 9999, 9999, 9999, 9999, 9999, -8.38717E-19, 9999, 4.6655, 0, 0, 0, 0, 0, 8000, 0, 0, 0, 0
