hour,t(sec),kWh,State,kWOut,kWIn,kvarOut,DCkW,kWTotalLosses,kWInvLosses,kWIdlingLosses,kWChDchLosses,"kWh Chng",InvEff,InverterON,Vref,"Vavg (DRC)","VV Oper","VW Oper","DRC Oper","VV_DRC Oper","WP Oper","WV Oper",kWDesired,"kW VW Limit","Limit kWOut Function","kVA Exceeded","Grid voltage",di/dt,it,"it History","Rated VDC","Avg duty cycle","Target (Amps)","Series L","Max. Amps (phase)"
1, 0.00000, 5.83362, 1, 2.32434, 0, -1.5478, 2.32434, 0.122334, 0, 0, 0.122334, -3.50017, 1, 1, 9999, 9999, 9999, 9999, 9999, 9999, 9999, 9999, 2.32438, 9999, 2.3335, 0, 0, 0, 0, 0, 8000, 0, 0, 0, 0
2, 0.00000, 3.38695, 1, 0.557502, 0, -1.5478, 0.557502, 0.0293422, 0, 0, 0.0293422, -2.44668, 1, 1, 9999, 9999, 9999, 9999, 9999, 9999, 9999, 9999, 0.557496, 9999, 2.3335, 0, 0, 0, 0, 0, 8000, 0, 0, 0, 0
3, 0.00000, 2.80014, 0, 0, 0.000324086, -1.5479, -0.000324086, 0.000324086, 0, 0.000324086, 0, -0.586807, 1, 1, 9999, 9999, 9999, 9999, 9999, 9999, 9999, 9999, 1.37205E-18, 9999, 2.3335, 0, 0, 0, 0, 0, 8000, 0, 0, 0, 0
4, 0.00000, 2.80014, 0, 0, 0.000192924, -1.54787, -0.000192924, 0.000192924, 0, 0.000192924, 0, 0, 1, 1, 9999, 9999, 9999, 9999, 9999, 9999, 9999, 9999, 0, 9999, 2.3335, 0, 0, 0, 0, 0, 8000, 0, 0, 0, 0
5, 0.00000, 2.80014, 0, 0, 0.0000804057, -1.54776, -0.0000804057, 0.0000804057, 0, 0.0000804057, 0, 0, 1, 1, 9999, 9999, 9999, 9999, 9999, 9999, 9999, 9999, 1.21426E-18, 9999, 2.3335, 0, 0, 0, 0, 0, 8000, 0, 0, 0, 0
