hour,t(sec),kWh,State,kWOut,kWIn,kvarOut,DCkW,kWTotalLosses,kWInvLosses,kWIdlingLosses,kWChDchLosses,"kWh Chng",InvEff,InverterON,Vref,"Vavg (DRC)","VV Oper","VW Oper","DRC Oper","VV_DRC Oper","WP Oper","WV Oper",kWDesired,"kW VW Limit","Limit kWOut Function","kVA Exceeded","Grid voltage",di/dt,it,"it History","Rated VDC","Avg duty cycle","Target (Amps)","Series L","Max. Amps (phase)"
1, 0.00000, 5.83362, 1, 1.50655, 0, 1.32198, 1.50655, 0.0792921, 0, 0, 0.0792921, -3.50017, 1, 1, 9999, 9999, 9999, 9999, 9999, 9999, 9999, 9999, 1.50655, 9999, 2.3335, 0, 0, 0, 0, 0, 8000, 0, 0, 0, 0
2, 0.00000, 4.24778, 1, 0.873078, 0, 1.45991, 0.873078, 0.0459515, 0, 0, 0.0459515, -1.58584, 1, 1, 9999, 9999, 9999, 9999, 9999, 9999, 9999, 9999, 0.873079, 9999, 2.3335, 0, 0, 0, 0, 0, 8000, 0, 0, 0, 0
3, 0.00000, 3.32875, 1, 0.50211, 0, 1.51613, 0.50211, 0.0264268, 0, 0, 0.0264268, -0.919029, 1, 1, 9999, 9999, 9999, 9999, 9999, 9999, 9999, 9999, 0.502239, 9999, 2.3335, 0, 0, 0, 0, 0, 8000, 0, 0, 0, 0
4, 0.00000, 2.80022, 1, 0.000132388, 0, 1.54787, 0.000132388, 6.9678E-6, 0, 0, 6.9678E-6, -0.528537, 1, 1, 9999, 9999, 9999, 9999, 9999, 9999, 9999, 9999, 2.89401E-17, 9999, 2.3335, 0, 0, 0, 0, 0, 8000, 0, 0, 0, 0
5, 0.00000, 2.80014, -1, 0, 0.0000485389, 1.48487, -0.0000485389, 2.42694E-6, 0, 0, 2.42694E-6, -0.0000755808, 1, 1, 9999, 9999, 9999, 9999, 9999, 9999, 9999, 9999, -7.44877E-19, 9999, 2.3335, 0, 0, 0, 0, 0, 8000, 0, 0, 0, 0
