hour,t(sec),kWh,State,kWOut,kWIn,kvarOut,DCkW,kWTotalLosses,kWInvLosses,kWIdlingLosses,kWChDchLosses,"kWh Chng",InvEff,InverterON,Vref,"Vavg (DRC)","VV Oper","VW Oper","DRC Oper","VV_DRC Oper","WP Oper","WV Oper",kWDesired,"kW VW Limit","Limit kWOut Function","kVA Exceeded","Grid voltage",di/dt,it,"it History","Rated VDC","Avg duty cycle","Target (Amps)","Series L","Max. Amps (phase)"
1, 0.00000, 11.6637, 1, 0.885435, 0, -3.09467, 0.885435, 0.0466018, 0, 0, 0.0466018, -6.99825, 1, 1, 9999, 9999, 9999, 9999, 9999, 9999, 9999, 9999, 0.885465, 9999, 4.6655, 0, 0, 0, 0, 0, 8000, 0, 0, 0, 0
2, 0.00000, 10.7317, -1, 0, 8.33975E-6, -3.09471, -8.33975E-6, 4.16987E-7, 0, 0, 4.16987E-7, -0.932037, 1, 1, 9999, 9999, 9999, 9999, 9999, 9999, 9999, 9999, -2.93614E-19, 9999, 4.6655, 0, 0, 0, 0, 0, 8000, 0, 0, 0, 0
3, 0.00000, 10.7317, -1, 0, 0.000732556, -3.0949, -0.000732556, 0.0000366278, 0, 0, 0.0000366278, 7.92276E-6, 1, 1, 9999, 9999, 9999, 9999, 9999, 9999, 9999, 9999, -1.69031E-18, 9999, 4.6655, 0, 0, 0, 0, 0, 8000, 0, 0, 0, 0
4, 0.00000, 10.7324, 0, 0, 0.000416887, -3.09484, -0.000416887, 0.000416887, 0, 0.000416887, 0, 0.000695928, 1, 1, 9999, 9999, 9999, 9999, 9999, 9999, 9999, 9999, 0, 9999, 4.6655, 0, 0, 0, 0, 0, 8000, 0, 0, 0, 0
5, 0.00000, 10.7324, -1, 0, 0.000175699, -3.09461, -0.000175699, 8.78496E-6, 0, 0, 8.78496E-6, 0, 1, 1, 9999, 9999, 9999, 9999, 9999, 9999, 9999, 9999, -1.93623E-19, 9999, 4.6655, 0, 0, 0, 0, 0, 8000, 0, 0, 0, 0
