hour,t(sec),kWh,State,kWOut,kWIn,kvarOut,DCkW,kWTotalLosses,kWInvLosses,kWIdlingLosses,kWChDchLosses,"kWh Chng",InvEff,InverterON,Vref,"Vavg (DRC)","VV Oper","VW Oper","DRC Oper","VV_DRC Oper","WP Oper","WV Oper",kWDesired,"kW VW Limit","Limit kWOut Function","kVA Exceeded","Grid voltage",di/dt,it,"it History","Rated VDC","Avg duty cycle","Target (Amps)","Series L","Max. Amps (phase)"
1, 0.00000, 5.83362, 1, 1.02692, 0, 1.25008, 1.02692, 0.0540486, 0, 0, 0.0540486, -3.50017, 1, 1, 9999, 9999, 9999, 9999, 9999, 9999, 9999, 9999, 1.02693, 9999, 2.3335, 0, 0, 0, 0, 0, 8000, 0, 0, 0, 0
2, 0.00000, 4.75265, 1, 0.511875, 0, 1.29551, 0.511875, 0.0269408, 0, 0, 0.0269408, -1.08097, 1, 1, 9999, 9999, 9999, 9999, 9999, 9999, 9999, 9999, 0.511877, 9999, 2.3335, 0, 0, 0, 0, 0, 8000, 0, 0, 0, 0
3, 0.00000, 4.21384, 1, 0.348516, 0, 1.312, 0.348516, 0.018343, 0, 0, 0.018343, -0.538816, 1, 1, 9999, 9999, 9999, 9999, 9999, 9999, 9999, 9999, 0.348812, 9999, 2.3335, 0, 0, 0, 0, 0, 8000, 0, 0, 0, 0
4, 0.00000, 3.84698, 0, 0, 0.000196766, 1.32637, -0.000196766, 0.000196766, 0, 0.000196766, 0, -0.366859, 1, 1, 9999, 9999, 9999, 9999, 9999, 9999, 9999, 9999, 0, 9999, 2.3335, 0, 0, 0, 0, 0, 8000, 0, 0, 0, 0
5, 0.00000, 3.84698, 0, 0, 0.0000826741, 1.30336, -0.0000826741, 0.0000826741, 0, 0.0000826741, 0, 0, 1, 1, 9999, 9999, 9999, 9999, 9999, 9999, 9999, 9999, 0, 9999, 2.3335, 0, 0, 0, 0, 0, 8000, 0, 0, 0, 0
