hour,t(sec),kWh,State,kWOut,kWIn,kvarOut,DCkW,kWTotalLosses,kWInvLosses,kWIdlingLosses,kWChDchLosses,"kWh Chng",InvEff,InverterON,Vref,"Vavg (DRC)","VV Oper","VW Oper","DRC Oper","VV_DRC Oper","WP Oper","WV Oper",kWDesired,"kW VW Limit","Limit kWOut Function","kVA Exceeded","Grid voltage",di/dt,it,"it History","Rated VDC","Avg duty cycle","Target (Amps)","Series L","Max. Amps (phase)"
1, 0.00000, 11.6637, 1, 1.49656, 0, -3.09468, 1.49656, 0.0787664, 0, 0, 0.0787664, -6.99825, 1, 1, 9999, 9999, 9999, 9999, 9999, 9999, 9999, 9999, 1.4966, 9999, 4.6655, 0, 0, 0, 0, 0, 8000, 0, 0, 0, 0
2, 0.00000, 10.0884, -1, 0, 9.12501E-6, -3.09471, -9.12501E-6, 4.56251E-7, 0, 0, 4.56251E-7, -1.57533, 1, 1, 9999, 9999, 9999, 9999, 9999, 9999, 9999, 9999, -5.54261E-19, 9999, 4.6655, 0, 0, 0, 0, 0, 8000, 0, 0, 0, 0
3, 0.00000, 10.0884, 1, 0.000830194, 0, -3.09474, 0.000830194, 0.0000436944, 0, 0, 0.0000436944, 8.66876E-6, 1, 1, 9999, 9999, 9999, 9999, 9999, 9999, 9999, 9999, 9.76536E-22, 9999, 4.6655, 0, 0, 0, 0, 0, 8000, 0, 0, 0, 0
4, 0.00000, 10.0876, 1, 0.000451621, 0, -3.09477, 0.000451621, 0.0000237695, 0, 0, 0.0000237695, -0.000873889, 1, 1, 9999, 9999, 9999, 9999, 9999, 9999, 9999, 9999, 7.05564E-19, 9999, 4.6655, 0, 0, 0, 0, 0, 8000, 0, 0, 0, 0
5, 0.00000, 10.0871, 0, 0, 0.000194612, -3.09465, -0.000194612, 0.000194612, 0, 0.000194612, 0, -0.000475391, 1, 1, 9999, 9999, 9999, 9999, 9999, 9999, 9999, 9999, 0, 9999, 4.6655, 0, 0, 0, 0, 0, 8000, 0, 0, 0, 0
