hour,t(sec),kWh,State,kWOut,kWIn,kvarOut,DCkW,kWTotalLosses,kWInvLosses,kWIdlingLosses,kWChDchLosses,"kWh Chng",InvEff,InverterON,Vref,"Vavg (DRC)","VV Oper","VW Oper","DRC Oper","VV_DRC Oper","WP Oper","WV Oper",kWDesired,"kW VW Limit","Limit kWOut Function","kVA Exceeded","Grid voltage",di/dt,it,"it History","Rated VDC","Avg duty cycle","Target (Amps)","Series L","Max. Amps (phase)"
1, 0.00000, 21.875, 1, 3.41258, 0, 4.73613, 3.41258, 0.17961, 0, 0, 0.17961, -13.125, 1, 1, 9999, 9999, 9999, 9999, 9999, 9999, 9999, 9999, 3.41259, 9999, 8.75, 0, 0, 0, 0, 0, 8000, 0, 0, 0, 0
2, 0.00000, 18.2828, 1, 1.49327, 0, 5.45142, 1.49327, 0.078593, 0, 0, 0.078593, -3.59219, 1, 1, 9999, 9999, 9999, 9999, 9999, 9999, 9999, 9999, 1.49328, 9999, 8.75, 0, 0, 0, 0, 0, 8000, 0, 0, 0, 0
3, 0.00000, 16.7109, 1, 0.865359, 0, 5.68213, 0.865359, 0.0455452, 0, 0, 0.0455452, -1.57186, 1, 1, 9999, 9999, 9999, 9999, 9999, 9999, 9999, 9999, 0.866443, 9999, 8.75, 0, 0, 0, 0, 0, 8000, 0, 0, 0, 0
4, 0.00000, 15.8, -1, 0, 0.000751771, 5.80443, -0.000751771, 0.0000375886, 0, 0, 0.0000375886, -0.910904, 1, 1, 9999, 9999, 9999, 9999, 9999, 9999, 9999, 9999, -1.10705E-18, 9999, 8.75, 0, 0, 0, 0, 0, 8000, 0, 0, 0, 0
5, 0.00000, 15.8008, 0, 0, 0.00029011, 5.51972, -0.00029011, 0.00029011, 0, 0.00029011, 0, 0.000714183, 1, 1, 9999, 9999, 9999, 9999, 9999, 9999, 9999, 9999, 0, 9999, 8.75, 0, 0, 0, 0, 0, 8000, 0, 0, 0, 0
