hour,t(sec),kWh,State,kWOut,kWIn,kvarOut,DCkW,kWTotalLosses,kWInvLosses,kWIdlingLosses,kWChDchLosses,"kWh Chng",InvEff,InverterON,Vref,"Vavg (DRC)","VV Oper","VW Oper","DRC Oper","VV_DRC Oper","WP Oper","WV Oper",kWDesired,"kW VW Limit","Limit kWOut Function","kVA Exceeded","Grid voltage",di/dt,it,"it History","Rated VDC","Avg duty cycle","Target (Amps)","Series L","Max. Amps (phase)"
1, 0.00000, 11.6637, 1, 1.28119, 0, 3.09469, 1.28119, 0.0674313, 0, 0, 0.0674313, -6.99825, 1, 1, 9999, 9999, 9999, 9999, 9999, 9999, 9999, 9999, 1.28119, 9999, 4.6655, 0, 0, 0, 0, 0, 8000, 0, 0, 0, 0
2, 0.00000, 10.3151, 1, 0.497621, 0, 3.0947, 0.497621, 0.0261906, 0, 0, 0.0261906, -1.34863, 1, 1, 9999, 9999, 9999, 9999, 9999, 9999, 9999, 9999, 0.497622, 9999, 4.6655, 0, 0, 0, 0, 0, 8000, 0, 0, 0, 0
3, 0.00000, 9.79131, 1, 0.0510499, 0, 3.09474, 0.0510499, 0.00268684, 0, 0, 0.00268684, -0.523812, 1, 1, 9999, 9999, 9999, 9999, 9999, 9999, 9999, 9999, 0.0511432, 9999, 4.6655, 0, 0, 0, 0, 0, 8000, 0, 0, 0, 0
4, 0.00000, 9.73758, 0, 0, 0.0000688296, 3.09473, -0.0000688296, 0.0000688296, 0, 0.0000688296, 0, -0.0537367, 1, 1, 9999, 9999, 9999, 9999, 9999, 9999, 9999, 9999, 0, 9999, 4.6655, 0, 0, 0, 0, 0, 8000, 0, 0, 0, 0
5, 0.00000, 9.73758, 1, 0.0000268542, 0, 3.09468, 0.0000268542, 1.41338E-6, 0, 0, 1.41338E-6, 0, 1, 1, 9999, 9999, 9999, 9999, 9999, 9999, 9999, 9999, 3.01517E-18, 9999, 4.6655, 0, 0, 0, 0, 0, 8000, 0, 0, 0, 0
