hour,t(sec),kWh,State,kWOut,kWIn,kvarOut,DCkW,kWTotalLosses,kWInvLosses,kWIdlingLosses,kWChDchLosses,"kWh Chng",InvEff,InverterON,Vref,"Vavg (DRC)","VV Oper","VW Oper","DRC Oper","VV_DRC Oper","WP Oper","WV Oper",kWDesired,"kW VW Limit","Limit kWOut Function","kVA Exceeded","Grid voltage",di/dt,it,"it History","Rated VDC","Avg duty cycle","Target (Amps)","Series L","Max. Amps (phase)"
1, 0.00000, 11.6637, 1, 3.05245, 0, -3.09469, 3.05245, 0.160655, 0, 0, 0.160655, -6.99825, 1, 1, 9999, 9999, 9999, 9999, 9999, 9999, 9999, 9999, 3.0525, 9999, 4.6655, 0, 0, 0, 0, 0, 8000, 0, 0, 0, 0
2, 0.00000, 8.45065, 1, 2.02256, 0, -3.09471, 2.02256, 0.10645, 0, 0, 0.10645, -3.2131, 1, 1, 9999, 9999, 9999, 9999, 9999, 9999, 9999, 9999, 2.02254, 9999, 4.6655, 0, 0, 0, 0, 0, 8000, 0, 0, 0, 0
3, 0.00000, 6.32164, 0, 0, 0.000638986, -3.09491, -0.000638986, 0.000638986, 0, 0.000638986, 0, -2.12901, 1, 1, 9999, 9999, 9999, 9999, 9999, 9999, 9999, 9999, 0, 9999, 4.6655, 0, 0, 0, 0, 0, 8000, 0, 0, 0, 0
4, 0.00000, 6.32164, 1, 0.000388634, 0, -3.09485, 0.000388634, 0.0000204544, 0, 0, 0.0000204544, 0, 1, 1, 9999, 9999, 9999, 9999, 9999, 9999, 9999, 9999, 4.09295E-19, 9999, 4.6655, 0, 0, 0, 0, 0, 8000, 0, 0, 0, 0
5, 0.00000, 6.32123, -1, 0, 0.000160992, -3.09461, -0.000160992, 8.04962E-6, 0, 0, 8.04962E-6, -0.000409089, 1, 1, 9999, 9999, 9999, 9999, 9999, 9999, 9999, 9999, -1.39312E-18, 9999, 4.6655, 0, 0, 0, 0, 0, 8000, 0, 0, 0, 0
