hour,t(sec),kWh,State,kWOut,kWIn,kvarOut,DCkW,kWTotalLosses,kWInvLosses,kWIdlingLosses,kWChDchLosses,"kWh Chng",InvEff,InverterON,Vref,"Vavg (DRC)","VV Oper","VW Oper","DRC Oper","VV_DRC Oper","WP Oper","WV Oper",kWDesired,"kW VW Limit","Limit kWOut Function","kVA Exceeded","Grid voltage",di/dt,it,"it History","Rated VDC","Avg duty cycle","Target (Amps)","Series L","Max. Amps (phase)"
1, 0.00000, 5.83362, 1, 1.51232, 0, 1.54779, 1.51232, 0.0795956, 0, 0, 0.0795956, -3.50017, 1, 1, 9999, 9999, 9999, 9999, 9999, 9999, 9999, 9999, 1.51232, 9999, 2.3335, 0, 0, 0, 0, 0, 8000, 0, 0, 0, 0
2, 0.00000, 4.24171, 1, 0.906004, 0, 1.5478, 0.906004, 0.0476844, 0, 0, 0.0476844, -1.59191, 1, 1, 9999, 9999, 9999, 9999, 9999, 9999, 9999, 9999, 0.906005, 9999, 2.3335, 0, 0, 0, 0, 0, 8000, 0, 0, 0, 0
3, 0.00000, 3.28802, 1, 0.463481, 0, 1.54788, 0.463481, 0.0243937, 0, 0, 0.0243937, -0.953689, 1, 1, 9999, 9999, 9999, 9999, 9999, 9999, 9999, 9999, 0.463573, 9999, 2.3335, 0, 0, 0, 0, 0, 8000, 0, 0, 0, 0
4, 0.00000, 2.80015, 1, 0.0000769387, 0, 1.54784, 0.0000769387, 4.0494E-6, 0, 0, 4.0494E-6, -0.487874, 1, 1, 9999, 9999, 9999, 9999, 9999, 9999, 9999, 9999, 3.2333E-18, 9999, 2.3335, 0, 0, 0, 0, 0, 8000, 0, 0, 0, 0
5, 0.00000, 2.80014, 0, 0, 0.0000302112, 1.54778, -0.0000302112, 0.0000302112, 0, 0.0000302112, 0, -0.0000101921, 1, 1, 9999, 9999, 9999, 9999, 9999, 9999, 9999, 9999, 9.08782E-19, 9999, 2.3335, 0, 0, 0, 0, 0, 8000, 0, 0, 0, 0
