hour,t(sec),kWh,State,kWOut,kWIn,kvarOut,DCkW,kWTotalLosses,kWInvLosses,kWIdlingLosses,kWChDchLosses,"kWh Chng",InvEff,InverterON,Vref,"Vavg (DRC)","VV Oper","VW Oper","DRC Oper","VV_DRC Oper","WP Oper","WV Oper",kWDesired,"kW VW Limit","Limit kWOut Function","kVA Exceeded","Grid voltage",di/dt,it,"it History","Rated VDC","Avg duty cycle","Target (Amps)","Series L","Max. Amps (phase)"
1, 0.00000, 11.6637, 1, 1.588, 0, -3.09468, 1.588, 0.0835792, 0, 0, 0.0835792, -6.99825, 1, 1, 9999, 9999, 9999, 9999, 9999, 9999, 9999, 9999, 1.58804, 9999, 4.6655, 0, 0, 0, 0, 0, 8000, 0, 0, 0, 0
2, 0.00000, 9.99217, 1, 0.0324965, 0, -3.09471, 0.0324965, 0.00171034, 0, 0, 0.00171034, -1.67158, 1, 1, 9999, 9999, 9999, 9999, 9999, 9999, 9999, 9999, 0.0324873, 9999, 4.6655, 0, 0, 0, 0, 0, 8000, 0, 0, 0, 0
3, 0.00000, 9.95796, 1, 0.000806244, 0, -3.09478, 0.000806244, 0.0000424339, 0, 0, 0.0000424339, -0.0342068, 1, 1, 9999, 9999, 9999, 9999, 9999, 9999, 9999, 9999, 2.02119E-18, 9999, 4.6655, 0, 0, 0, 0, 0, 8000, 0, 0, 0, 0
4, 0.00000, 9.95711, 1, 0.000447209, 0, -3.09479, 0.000447209, 0.0000235373, 0, 0, 0.0000235373, -0.000848677, 1, 1, 9999, 9999, 9999, 9999, 9999, 9999, 9999, 9999, 1.85748E-18, 9999, 4.6655, 0, 0, 0, 0, 0, 8000, 0, 0, 0, 0
5, 0.00000, 9.95664, 1, 0.000191735, 0, -3.09464, 0.000191735, 0.0000100913, 0, 0, 0.0000100913, -0.000470746, 1, 1, 9999, 9999, 9999, 9999, 9999, 9999, 9999, 9999, 3.02749E-19, 9999, 4.6655, 0, 0, 0, 0, 0, 8000, 0, 0, 0, 0
