hour,t(sec),kWh,State,kWOut,kWIn,kvarOut,DCkW,kWTotalLosses,kWInvLosses,kWIdlingLosses,kWChDchLosses,"kWh Chng",InvEff,InverterON,Vref,"Vavg (DRC)","VV Oper","VW Oper","DRC Oper","VV_DRC Oper","WP Oper","WV Oper",kWDesired,"kW VW Limit","Limit kWOut Function","kVA Exceeded","Grid voltage",di/dt,it,"it History","Rated VDC","Avg duty cycle","Target (Amps)","Series L","Max. Amps (phase)"
1, 0.00000, 11.6637, 1, 1.36798, 0, -3.09468, 1.36798, 0.0719991, 0, 0, 0.0719991, -6.99825, 1, 1, 9999, 9999, 9999, 9999, 9999, 9999, 9999, 9999, 1.36802, 9999, 4.6655, 0, 0, 0, 0, 0, 8000, 0, 0, 0, 0
2, 0.00000, 10.2238, -1, 0, 8.78865E-6, -3.09471, -8.78865E-6, 4.39432E-7, 0, 0, 4.39432E-7, -1.43998, 1, 1, 9999, 9999, 9999, 9999, 9999, 9999, 9999, 9999, -7.09389E-19, 9999, 4.6655, 0, 0, 0, 0, 0, 8000, 0, 0, 0, 0
3, 0.00000, 10.2238, 0, 0, 0.000793645, -3.0948, -0.000793645, 0.000793645, 0, 0.000793645, 0, 8.34921E-6, 1, 1, 9999, 9999, 9999, 9999, 9999, 9999, 9999, 9999, 0, 9999, 4.6655, 0, 0, 0, 0, 0, 8000, 0, 0, 0, 0
4, 0.00000, 10.2238, -1, 0, 0.000438722, -3.0948, -0.000438722, 0.0000219361, 0, 0, 0.0000219361, 0, 1, 1, 9999, 9999, 9999, 9999, 9999, 9999, 9999, 9999, -3.70245E-19, 9999, 4.6655, 0, 0, 0, 0, 0, 8000, 0, 0, 0, 0
5, 0.00000, 10.2242, -1, 0, 0.000186163, -3.09463, -0.000186163, 9.30813E-6, 0, 0, 9.30813E-6, 0.000416786, 1, 1, 9999, 9999, 9999, 9999, 9999, 9999, 9999, 9999, -1.17547E-35, 9999, 4.6655, 0, 0, 0, 0, 0, 8000, 0, 0, 0, 0
