hour,t(sec),kWh,State,kWOut,kWIn,kvarOut,DCkW,kWTotalLosses,kWInvLosses,kWIdlingLosses,kWChDchLosses,"kWh Chng",InvEff,InverterON,Vref,"Vavg (DRC)","VV Oper","VW Oper","DRC Oper","VV_DRC Oper","WP Oper","WV Oper",kWDesired,"kW VW Limit","Limit kWOut Function","kVA Exceeded","Grid voltage",di/dt,it,"it History","Rated VDC","Avg duty cycle","Target (Amps)","Series L","Max. Amps (phase)"
1, 0.00000, 5.83362, 1, 1.36768, 0, 1.24359, 1.36768, 0.0719834, 0, 0, 0.0719834, -3.50017, 1, 1, 9999, 9999, 9999, 9999, 9999, 9999, 9999, 9999, 1.36769, 9999, 2.3335, 0, 0, 0, 0, 0, 8000, 0, 0, 0, 0
2, 0.00000, 4.39396, 1, 0.843233, 0, 1.2901, 0.843233, 0.0443807, 0, 0, 0.0443807, -1.43967, 1, 1, 9999, 9999, 9999, 9999, 9999, 9999, 9999, 9999, 0.843234, 9999, 2.3335, 0, 0, 0, 0, 0, 8000, 0, 0, 0, 0
3, 0.00000, 3.50634, 1, 0.670874, 0, 1.31603, 0.670874, 0.0353092, 0, 0, 0.0353092, -0.887613, 1, 1, 9999, 9999, 9999, 9999, 9999, 9999, 9999, 9999, 0.670975, 9999, 2.3335, 0, 0, 0, 0, 0, 8000, 0, 0, 0, 0
4, 0.00000, 2.80016, -1, 0, 0.000117663, 1.36926, -0.000117663, 5.88315E-6, 0, 0, 5.88315E-6, -0.706184, 1, 1, 9999, 9999, 9999, 9999, 9999, 9999, 9999, 9999, -7.24015E-19, 9999, 2.3335, 0, 0, 0, 0, 0, 8000, 0, 0, 0, 0
5, 0.00000, 2.80027, 1, 0.0000424762, 0, 1.29917, 0.0000424762, 2.23559E-6, 0, 0, 2.23559E-6, 0.00011178, 1, 1, 9999, 9999, 9999, 9999, 9999, 9999, 9999, 9999, 2.52601E-17, 9999, 2.3335, 0, 0, 0, 0, 0, 8000, 0, 0, 0, 0
