hour,t(sec),kWh,State,kWOut,kWIn,kvarOut,DCkW,kWTotalLosses,kWInvLosses,kWIdlingLosses,kWChDchLosses,"kWh Chng",InvEff,InverterON,Vref,"Vavg (DRC)","VV Oper","VW Oper","DRC Oper","VV_DRC Oper","WP Oper","WV Oper",kWDesired,"kW VW Limit","Limit kWOut Function","kVA Exceeded","Grid voltage",di/dt,it,"it History","Rated VDC","Avg duty cycle","Target (Amps)","Series L","Max. Amps (phase)"
1, 0.00000, 11.6637, 1, 1.11436, 0, 2.50497, 1.11436, 0.0586505, 0, 0, 0.0586505, -6.99825, 1, 1, 9999, 9999, 9999, 9999, 9999, 9999, 9999, 9999, 1.11435, 9999, 4.6655, 0, 0, 0, 0, 0, 8000, 0, 0, 0, 0
2, 0.00000, 10.4907, 1, 0.0721733, 0, 2.59561, 0.0721733, 0.0037986, 0, 0, 0.0037986, -1.17301, 1, 1, 9999, 9999, 9999, 9999, 9999, 9999, 9999, 9999, 0.07218, 9999, 4.6655, 0, 0, 0, 0, 0, 8000, 0, 0, 0, 0
3, 0.00000, 10.4148, -1, 0, 0.000633522, 2.62938, -0.000633522, 0.0000316761, 0, 0, 0.0000316761, -0.0759719, 1, 1, 9999, 9999, 9999, 9999, 9999, 9999, 9999, 9999, -1.75143E-19, 9999, 4.6655, 0, 0, 0, 0, 0, 8000, 0, 0, 0, 0
4, 0.00000, 10.4154, 0, 0, 0.000356153, 2.65942, -0.000356153, 0.000356153, 0, 0.000356153, 0, 0.000601846, 1, 1, 9999, 9999, 9999, 9999, 9999, 9999, 9999, 9999, 0, 9999, 4.6655, 0, 0, 0, 0, 0, 8000, 0, 0, 0, 0
5, 0.00000, 10.4154, 1, 0.000147674, 0, 2.61272, 0.000147674, 7.7723E-6, 0, 0, 7.7723E-6, 0, 1, 1, 9999, 9999, 9999, 9999, 9999, 9999, 9999, 9999, 7.21053E-20, 9999, 4.6655, 0, 0, 0, 0, 0, 8000, 0, 0, 0, 0
