hour,t(sec),kWh,State,kWOut,kWIn,kvarOut,DCkW,kWTotalLosses,kWInvLosses,kWIdlingLosses,kWChDchLosses,"kWh Chng",InvEff,InverterON,Vref,"Vavg (DRC)","VV Oper","VW Oper","DRC Oper","VV_DRC Oper","WP Oper","WV Oper",kWDesired,"kW VW Limit","Limit kWOut Function","kVA Exceeded","Grid voltage",di/dt,it,"it History","Rated VDC","Avg duty cycle","Target (Amps)","Series L","Max. Amps (phase)"
1, 0.00000, 11.6637, 1, 1.31976, 0, -2.95059, 1.31976, 0.0694608, 0, 0, 0.0694608, -6.99825, 1, 1, 9999, 9999, 9999, 9999, 9999, 9999, 9999, 9999, 1.31978, 9999, 4.6655, 0, 0, 0, 0, 0, 8000, 0, 0, 0, 0
2, 0.00000, 10.2745, 1, 0.266582, 0, -2.3663, 0.266582, 0.0140306, 0, 0, 0.0140306, -1.38922, 1, 1, 9999, 9999, 9999, 9999, 9999, 9999, 9999, 9999, 0.266577, 9999, 4.6655, 0, 0, 0, 0, 0, 8000, 0, 0, 0, 0
3, 0.00000, 9.99392, 1, 0.0002854, 0, -2.1964, 0.0002854, 0.000015021, 0, 0, 0.000015021, -0.280613, 1, 1, 9999, 9999, 9999, 9999, 9999, 9999, 9999, 9999, 7.15874E-19, 9999, 4.6655, 0, 0, 0, 0, 0, 8000, 0, 0, 0, 0
4, 0.00000, 9.99362, -1, 0, 0.000183421, -2.14327, -0.000183421, 9.17104E-6, 0, 0, 9.17104E-6, -0.000300421, 1, 1, 9999, 9999, 9999, 9999, 9999, 9999, 9999, 9999, -3.46698E-19, 9999, 4.6655, 0, 0, 0, 0, 0, 8000, 0, 0, 0, 0
5, 0.00000, 9.9938, -1, 0, 0.0000850803, -2.45975, -0.0000850803, 4.25402E-6, 0, 0, 4.25402E-6, 0.00017425, 1, 1, 9999, 9999, 9999, 9999, 9999, 9999, 9999, 9999, -1.08907E-18, 9999, 4.6655, 0, 0, 0, 0, 0, 8000, 0, 0, 0, 0
